latitude,longitude,elevation,utc_offset_seconds,timezone,timezone_abbreviation
28.576448,77.18678,214.0,19800,Asia/Kolkata,GMT+5:30

time,temperature_2m (°C),relative_humidity_2m (%),apparent_temperature (°C)
2023-04-01T00:00,16.6,97,17.6
2023-04-01T01:00,16.0,98,17.0
2023-04-01T02:00,15.5,99,16.4
2023-04-01T03:00,15.2,99,15.9
2023-04-01T04:00,15.1,98,15.8
2023-04-01T05:00,16.5,96,18.3
2023-04-01T06:00,16.7,95,18.3
2023-04-01T07:00,17.4,94,18.9
2023-04-01T08:00,19.3,86,20.9
2023-04-01T09:00,21.2,77,22.7
2023-04-01T10:00,22.6,70,25.2
2023-04-01T11:00,23.9,65,27.5
2023-04-01T12:00,24.7,61,28.4
2023-04-01T13:00,25.3,57,28.9
2023-04-01T14:00,25.7,52,27.6
2023-04-01T15:00,25.7,50,25.8
2023-04-01T16:00,23.9,56,23.7
2023-04-01T17:00,24.1,58,25.1
2023-04-01T18:00,23.2,62,24.6
2023-04-01T19:00,20.3,80,20.8
2023-04-01T20:00,18.7,88,20.3
2023-04-01T21:00,18.6,90,20.3
2023-04-01T22:00,19.1,85,20.8
2023-04-01T23:00,17.6,92,18.6
2023-04-02T00:00,17.7,90,18.8
2023-04-02T01:00,18.7,87,20.4
2023-04-02T02:00,18.6,86,20.3
2023-04-02T03:00,18.3,89,19.9
2023-04-02T04:00,17.8,93,19.5
2023-04-02T05:00,15.9,98,16.7
2023-04-02T06:00,16.6,98,18.0
2023-04-02T07:00,18.7,90,20.6
2023-04-02T08:00,21.5,76,23.3
2023-04-02T09:00,23.9,66,25.0
2023-04-02T10:00,25.4,60,27.3
2023-04-02T11:00,26.7,55,29.1
2023-04-02T12:00,27.6,50,29.2
2023-04-02T13:00,28.2,45,29.1
2023-04-02T14:00,28.3,43,28.3
2023-04-02T15:00,28.3,42,27.7
2023-04-02T16:00,27.9,42,26.8
2023-04-02T17:00,26.7,49,27.4
2023-04-02T18:00,24.1,61,25.2
2023-04-02T19:00,22.8,62,23.3
2023-04-02T20:00,21.7,62,21.9
2023-04-02T21:00,20.7,66,20.9
2023-04-02T22:00,19.1,75,19.1
2023-04-02T23:00,18.4,78,18.4
2023-04-03T00:00,17.9,80,17.9
2023-04-03T01:00,19.9,69,20.6
2023-04-03T02:00,18.2,76,19.0
2023-04-03T03:00,16.6,84,16.9
2023-04-03T04:00,16.4,85,16.9
2023-04-03T05:00,17.4,86,18.0
2023-04-03T06:00,18.6,80,19.4
2023-04-03T07:00,20.3,74,21.2
2023-04-03T08:00,22.9,66,24.1
2023-04-03T09:00,25.7,54,26.6
2023-04-03T10:00,27.7,47,29.2
2023-04-03T11:00,29.0,44,31.7
2023-04-03T12:00,29.9,42,33.2
2023-04-03T13:00,30.8,36,33.4
2023-04-03T14:00,31.3,30,31.0
2023-04-03T15:00,30.5,30,28.8
2023-04-03T16:00,30.0,31,28.6
2023-04-03T17:00,26.9,51,26.7
2023-04-03T18:00,23.8,60,23.7
2023-04-03T19:00,22.7,61,22.6
2023-04-03T20:00,22.0,63,21.6
2023-04-03T21:00,21.2,67,21.5
2023-04-03T22:00,20.2,69,20.7
2023-04-03T23:00,19.4,71,19.4
2023-04-04T00:00,18.8,73,19.0
2023-04-04T01:00,18.4,74,18.6
2023-04-04T02:00,17.8,76,17.8
2023-04-04T03:00,17.2,78,17.8
2023-04-04T04:00,17.7,75,17.1
2023-04-04T05:00,17.9,79,17.2
2023-04-04T06:00,17.9,79,17.1
2023-04-04T07:00,18.7,75,18.0
2023-04-04T08:00,19.6,73,19.6
2023-04-04T09:00,21.9,67,22.7
2023-04-04T10:00,24.1,58,25.7
2023-04-04T11:00,25.6,53,27.9
2023-04-04T12:00,26.7,49,29.0
2023-04-04T13:00,27.4,47,29.4
2023-04-04T14:00,27.9,47,29.0
2023-04-04T15:00,28.0,45,28.1
2023-04-04T16:00,28.0,41,26.8
2023-04-04T17:00,27.6,42,27.2
2023-04-04T18:00,25.1,49,25.1
2023-04-04T19:00,23.5,52,23.0
2023-04-04T20:00,22.4,54,21.5
2023-04-04T21:00,21.9,53,21.0
2023-04-04T22:00,20.3,60,19.9
2023-04-04T23:00,19.8,63,19.3
2023-04-05T00:00,18.4,68,18.1
2023-04-05T01:00,17.6,72,17.2
2023-04-05T02:00,16.8,76,16.3
2023-04-05T03:00,16.4,78,15.9
2023-04-05T04:00,16.3,77,16.0
2023-04-05T05:00,16.8,85,17.0
2023-04-05T06:00,17.2,83,17.4
2023-04-05T07:00,19.1,77,19.4
2023-04-05T08:00,21.9,68,22.5
2023-04-05T09:00,24.5,57,24.7
2023-04-05T10:00,26.4,48,26.9
2023-04-05T11:00,27.9,40,28.3
2023-04-05T12:00,29.1,31,29.2
2023-04-05T13:00,29.8,27,29.3
2023-04-05T14:00,30.2,23,28.5
2023-04-05T15:00,30.1,22,27.5
2023-04-05T16:00,29.6,22,26.6
2023-04-05T17:00,28.5,29,26.7
2023-04-05T18:00,24.8,38,23.5
2023-04-05T19:00,23.8,34,21.5
2023-04-05T20:00,22.6,35,20.3
2023-04-05T21:00,21.7,38,19.5
2023-04-05T22:00,21.3,38,19.0
2023-04-05T23:00,20.5,42,18.1
2023-04-06T00:00,19.5,45,17.2
2023-04-06T01:00,19.2,46,17.0
2023-04-06T02:00,18.3,49,16.4
2023-04-06T03:00,17.3,54,15.3
2023-04-06T04:00,16.7,57,15.2
2023-04-06T05:00,18.4,60,16.8
2023-04-06T06:00,18.6,65,17.2
2023-04-06T07:00,20.0,67,18.9
2023-04-06T08:00,22.6,55,21.7
2023-04-06T09:00,24.3,47,23.0
2023-04-06T10:00,27.4,36,26.3
2023-04-06T11:00,29.2,30,28.9
2023-04-06T12:00,30.3,28,30.2
2023-04-06T13:00,31.0,26,30.6
2023-04-06T14:00,31.3,24,29.6
2023-04-06T15:00,31.1,22,28.2
2023-04-06T16:00,30.7,22,27.5
2023-04-06T17:00,29.6,25,27.6
2023-04-06T18:00,25.8,36,24.5
2023-04-06T19:00,23.7,41,22.2
2023-04-06T20:00,23.6,32,20.9
2023-04-06T21:00,21.8,35,19.3
2023-04-06T22:00,21.9,35,18.7
2023-04-06T23:00,21.5,36,18.8
2023-04-07T00:00,20.4,42,18.1
2023-04-07T01:00,18.9,49,17.2
2023-04-07T02:00,18.0,54,16.3
2023-04-07T03:00,18.1,55,16.4
2023-04-07T04:00,17.6,59,16.0
2023-04-07T05:00,17.4,65,16.5
2023-04-07T06:00,17.8,65,16.9
2023-04-07T07:00,19.9,59,18.9
2023-04-07T08:00,22.7,51,22.2
2023-04-07T09:00,25.4,45,24.7
2023-04-07T10:00,27.6,35,26.9
2023-04-07T11:00,29.3,25,28.1
2023-04-07T12:00,30.4,21,29.1
2023-04-07T13:00,31.1,19,29.6
2023-04-07T14:00,31.3,18,29.2
2023-04-07T15:00,31.1,18,28.2
2023-04-07T16:00,30.6,19,26.8
2023-04-07T17:00,29.7,22,26.5
2023-04-07T18:00,27.0,26,24.2
2023-04-07T19:00,25.5,27,22.3
2023-04-07T20:00,24.6,27,21.3
2023-04-07T21:00,23.7,28,20.4
2023-04-07T22:00,22.9,29,19.6
2023-04-07T23:00,22.2,31,18.9
2023-04-08T00:00,21.3,34,17.9
2023-04-08T01:00,19.8,41,17.6
2023-04-08T02:00,18.9,45,16.8
2023-04-08T03:00,18.5,45,16.4
2023-04-08T04:00,17.1,50,15.1
2023-04-08T05:00,17.1,54,15.5
2023-04-08T06:00,17.6,54,15.8
2023-04-08T07:00,20.0,50,18.1
2023-04-08T08:00,23.5,43,22.4
2023-04-08T09:00,26.7,34,25.1
2023-04-08T10:00,29.0,24,27.5
2023-04-08T11:00,30.2,21,29.4
2023-04-08T12:00,31.0,20,29.9
2023-04-08T13:00,31.4,19,29.9
2023-04-08T14:00,31.8,17,29.5
2023-04-08T15:00,31.7,16,28.5
2023-04-08T16:00,31.3,16,27.4
2023-04-08T17:00,30.4,20,27.4
2023-04-08T18:00,26.6,30,24.6
2023-04-08T19:00,24.2,32,21.6
2023-04-08T20:00,23.2,32,20.5
2023-04-08T21:00,22.0,35,19.5
2023-04-08T22:00,20.9,38,18.5
2023-04-08T23:00,21.4,35,18.9
2023-04-09T00:00,21.6,33,18.7
2023-04-09T01:00,20.3,38,18.0
2023-04-09T02:00,19.0,46,16.4
2023-04-09T03:00,20.4,42,18.6
2023-04-09T04:00,21.5,38,19.7
2023-04-09T05:00,19.7,48,18.3
2023-04-09T06:00,18.0,56,17.0
2023-04-09T07:00,20.5,52,19.9
2023-04-09T08:00,25.0,44,25.3
2023-04-09T09:00,28.5,33,28.3
2023-04-09T10:00,30.9,22,30.6
2023-04-09T11:00,32.4,16,30.8
2023-04-09T12:00,32.8,14,30.8
2023-04-09T13:00,33.1,15,31.2
2023-04-09T14:00,33.1,15,30.5
2023-04-09T15:00,32.9,15,29.6
2023-04-09T16:00,32.7,16,29.3
2023-04-09T17:00,31.6,17,28.7
2023-04-09T18:00,28.6,23,26.4
2023-04-09T19:00,28.3,19,25.3
2023-04-09T20:00,26.1,22,22.9
2023-04-09T21:00,25.6,26,22.6
2023-04-09T22:00,22.6,32,19.9
2023-04-09T23:00,23.3,29,20.1
2023-04-10T00:00,23.1,29,19.9
2023-04-10T01:00,20.8,35,18.3
2023-04-10T02:00,20.6,37,18.1
2023-04-10T03:00,22.5,31,20.8
2023-04-10T04:00,20.1,38,18.4
2023-04-10T05:00,20.2,39,19.0
2023-04-10T06:00,19.7,46,18.7
2023-04-10T07:00,21.9,42,20.8
2023-04-10T08:00,25.3,36,24.4
2023-04-10T09:00,28.5,30,27.5
2023-04-10T10:00,31.0,24,30.8
2023-04-10T11:00,32.5,19,31.5
2023-04-10T12:00,33.0,18,31.7
2023-04-10T13:00,33.3,18,31.7
2023-04-10T14:00,33.1,18,30.5
2023-04-10T15:00,33.3,17,30.5
2023-04-10T16:00,33.1,17,29.7
2023-04-10T17:00,32.1,20,29.9
2023-04-10T18:00,28.0,29,26.2
2023-04-10T19:00,27.3,25,24.8
2023-04-10T20:00,24.3,30,21.7
2023-04-10T21:00,24.3,29,21.9
2023-04-10T22:00,23.7,30,21.3
2023-04-10T23:00,23.3,32,20.8
2023-04-11T00:00,21.3,37,19.0
2023-04-11T01:00,20.7,38,18.3
2023-04-11T02:00,20.6,38,18.3
2023-04-11T03:00,20.7,37,18.3
2023-04-11T04:00,20.5,36,17.9
2023-04-11T05:00,19.4,45,17.6
2023-04-11T06:00,19.7,46,17.8
2023-04-11T07:00,22.0,43,19.9
2023-04-11T08:00,25.4,37,23.8
2023-04-11T09:00,29.0,29,26.9
2023-04-11T10:00,31.8,24,30.1
2023-04-11T11:00,33.4,19,31.4
2023-04-11T12:00,34.3,17,32.1
2023-04-11T13:00,34.9,18,32.9
2023-04-11T14:00,35.9,14,32.5
2023-04-11T15:00,35.7,13,31.0
2023-04-11T16:00,35.1,14,30.1
2023-04-11T17:00,33.9,17,30.2
2023-04-11T18:00,31.5,21,28.7
2023-04-11T19:00,29.6,22,26.9
2023-04-11T20:00,29.1,22,26.0
2023-04-11T21:00,28.4,22,25.4
2023-04-11T22:00,26.8,25,24.4
2023-04-11T23:00,24.7,29,22.4
2023-04-12T00:00,24.0,31,21.6
2023-04-12T01:00,23.7,32,20.5
2023-04-12T02:00,25.0,29,21.2
2023-04-12T03:00,25.6,28,21.7
2023-04-12T04:00,25.4,29,22.6
2023-04-12T05:00,23.1,40,20.9
2023-04-12T06:00,24.5,38,21.8
2023-04-12T07:00,26.0,37,23.9
2023-04-12T08:00,29.1,31,27.7
2023-04-12T09:00,31.7,26,28.5
2023-04-12T10:00,34.5,19,31.1
2023-04-12T11:00,35.5,18,32.4
2023-04-12T12:00,36.2,17,33.8
2023-04-12T13:00,36.3,16,33.9
2023-04-12T14:00,36.4,16,33.5
2023-04-12T15:00,35.7,16,31.8
2023-04-12T16:00,34.7,18,30.7
2023-04-12T17:00,33.6,20,31.0
2023-04-12T18:00,30.9,27,29.1
2023-04-12T19:00,29.1,28,26.8
2023-04-12T20:00,28.3,29,26.0
2023-04-12T21:00,27.4,29,25.5
2023-04-12T22:00,24.9,35,23.1
2023-04-12T23:00,25.2,34,23.3
2023-04-13T00:00,24.4,35,22.5
2023-04-13T01:00,23.3,38,21.6
2023-04-13T02:00,22.4,43,20.7
2023-04-13T03:00,22.4,42,20.6
2023-04-13T04:00,22.2,40,20.3
2023-04-13T05:00,22.2,46,21.0
2023-04-13T06:00,22.4,47,21.2
2023-04-13T07:00,24.8,43,23.9
2023-04-13T08:00,28.3,37,27.9
2023-04-13T09:00,31.4,31,30.8
2023-04-13T10:00,34.1,24,33.5
2023-04-13T11:00,35.5,19,34.0
2023-04-13T12:00,36.4,16,34.9
2023-04-13T13:00,37.2,13,34.8
2023-04-13T14:00,37.2,13,34.2
2023-04-13T15:00,37.0,12,33.4
2023-04-13T16:00,36.4,12,32.3
2023-04-13T17:00,35.4,16,31.9
2023-04-13T18:00,32.9,19,29.9
2023-04-13T19:00,30.9,20,27.9
2023-04-13T20:00,28.8,22,26.4
2023-04-13T21:00,27.7,25,25.3
2023-04-13T22:00,27.6,24,24.9
2023-04-13T23:00,27.1,25,24.1
2023-04-14T00:00,25.3,30,23.2
2023-04-14T01:00,23.0,37,21.0
2023-04-14T02:00,23.9,34,21.8
2023-04-14T03:00,23.2,35,21.0
2023-04-14T04:00,21.9,39,20.1
2023-04-14T05:00,21.8,44,20.4
2023-04-14T06:00,23.0,43,22.1
2023-04-14T07:00,25.7,41,25.2
2023-04-14T08:00,29.6,34,29.6
2023-04-14T09:00,32.6,28,32.1
2023-04-14T10:00,34.8,22,34.2
2023-04-14T11:00,36.2,17,35.4
2023-04-14T12:00,37.0,15,36.0
2023-04-14T13:00,37.3,14,35.6
2023-04-14T14:00,37.3,13,34.7
2023-04-14T15:00,37.0,13,33.6
2023-04-14T16:00,36.5,13,32.7
2023-04-14T17:00,35.7,16,33.3
2023-04-14T18:00,32.3,22,30.6
2023-04-14T19:00,30.2,24,27.8
2023-04-14T20:00,28.1,27,25.9
2023-04-14T21:00,26.6,29,24.7
2023-04-14T22:00,26.0,29,23.9
2023-04-14T23:00,24.5,31,22.1
2023-04-15T00:00,25.4,28,23.1
2023-04-15T01:00,24.7,30,22.4
2023-04-15T02:00,24.8,32,22.7
2023-04-15T03:00,23.4,33,21.5
2023-04-15T04:00,23.7,31,21.1
2023-04-15T05:00,22.0,41,20.5
2023-04-15T06:00,22.4,43,21.0
2023-04-15T07:00,25.4,39,24.2
2023-04-15T08:00,30.1,32,29.6
2023-04-15T09:00,34.6,22,33.7
2023-04-15T10:00,37.4,15,36.4
2023-04-15T11:00,38.7,11,37.3
2023-04-15T12:00,39.1,10,37.4
2023-04-15T13:00,39.1,9,36.8
2023-04-15T14:00,39.0,10,36.6
2023-04-15T15:00,38.9,10,36.6
2023-04-15T16:00,38.3,11,35.4
2023-04-15T17:00,36.9,17,35.7
2023-04-15T18:00,32.1,23,30.3
2023-04-15T19:00,29.5,24,27.2
2023-04-15T20:00,29.1,23,26.8
2023-04-15T21:00,28.7,21,26.4
2023-04-15T22:00,34.1,13,31.9
2023-04-15T23:00,26.0,26,23.7
2023-04-16T00:00,25.5,28,23.2
2023-04-16T01:00,25.6,27,23.3
2023-04-16T02:00,25.1,27,22.3
2023-04-16T03:00,27.5,22,25.7
2023-04-16T04:00,22.7,31,20.3
2023-04-16T05:00,23.2,42,22.4
2023-04-16T06:00,24.9,45,25.1
2023-04-16T07:00,27.3,39,26.9
2023-04-16T08:00,30.5,32,30.2
2023-04-16T09:00,32.8,29,31.4
2023-04-16T10:00,35.3,23,34.0
2023-04-16T11:00,37.4,20,36.3
2023-04-16T12:00,38.6,16,37.5
2023-04-16T13:00,38.8,14,37.1
2023-04-16T14:00,39.2,13,37.3
2023-04-16T15:00,38.9,14,36.4
2023-04-16T16:00,38.3,14,35.3
2023-04-16T17:00,37.2,16,34.4
2023-04-16T18:00,34.2,20,32.0
2023-04-16T19:00,32.1,20,30.0
2023-04-16T20:00,29.9,25,28.1
2023-04-16T21:00,29.2,26,27.4
2023-04-16T22:00,28.9,26,26.9
2023-04-16T23:00,27.9,29,26.3
2023-04-17T00:00,27.0,33,25.4
2023-04-17T01:00,26.0,37,24.9
2023-04-17T02:00,24.4,43,23.2
2023-04-17T03:00,28.4,31,27.4
2023-04-17T04:00,29.3,28,28.1
2023-04-17T05:00,25.4,41,24.5
2023-04-17T06:00,25.1,42,24.4
2023-04-17T07:00,27.3,39,26.5
2023-04-17T08:00,30.2,35,29.9
2023-04-17T09:00,33.6,28,33.2
2023-04-17T10:00,36.4,23,36.1
2023-04-17T11:00,38.2,18,37.7
2023-04-17T12:00,38.7,15,37.6
2023-04-17T13:00,39.1,14,37.6
2023-04-17T14:00,38.9,14,36.6
2023-04-17T15:00,38.6,14,36.2
2023-04-17T16:00,38.2,14,35.5
2023-04-17T17:00,37.2,15,34.6
2023-04-17T18:00,35.1,17,32.7
2023-04-17T19:00,31.7,21,29.4
2023-04-17T20:00,35.0,16,33.2
2023-04-17T21:00,35.1,15,32.8
2023-04-17T22:00,34.3,16,32.3
2023-04-17T23:00,28.0,24,25.8
2023-04-18T00:00,27.9,25,25.0
2023-04-18T01:00,26.2,30,24.2
2023-04-18T02:00,25.5,33,23.6
2023-04-18T03:00,26.0,32,23.7
2023-04-18T04:00,26.1,32,23.7
2023-04-18T05:00,25.9,35,24.5
2023-04-18T06:00,25.7,37,24.7
2023-04-18T07:00,28.4,33,27.9
2023-04-18T08:00,31.3,29,29.2
2023-04-18T09:00,34.8,23,33.3
2023-04-18T10:00,36.9,20,36.1
2023-04-18T11:00,38.4,17,38.3
2023-04-18T12:00,39.1,16,38.9
2023-04-18T13:00,39.0,16,37.4
2023-04-18T14:00,38.7,16,36.7
2023-04-18T15:00,38.8,16,36.3
2023-04-18T16:00,37.5,17,34.1
2023-04-18T17:00,38.1,14,35.2
2023-04-18T18:00,35.8,17,33.4
2023-04-18T19:00,34.6,17,31.7
2023-04-18T20:00,32.8,19,30.6
2023-04-18T21:00,32.5,20,29.0
2023-04-18T22:00,31.7,23,27.8
2023-04-18T23:00,30.9,24,27.6
2023-04-19T00:00,29.8,26,27.2
2023-04-19T01:00,27.4,30,25.9
2023-04-19T02:00,28.4,29,27.0
2023-04-19T03:00,26.5,34,25.2
2023-04-19T04:00,25.3,36,23.9
2023-04-19T05:00,25.7,47,24.2
2023-04-19T06:00,25.1,49,24.4
2023-04-19T07:00,26.8,45,26.3
2023-04-19T08:00,29.1,39,28.3
2023-04-19T09:00,31.8,32,30.6
2023-04-19T10:00,33.8,27,33.3
2023-04-19T11:00,35.1,25,35.8
2023-04-19T12:00,36.2,22,37.7
2023-04-19T13:00,37.3,19,36.8
2023-04-19T14:00,36.1,20,34.1
2023-04-19T15:00,35.9,19,32.9
2023-04-19T16:00,34.3,24,32.3
2023-04-19T17:00,27.8,43,25.7
2023-04-19T18:00,28.7,41,29.0
2023-04-19T19:00,28.3,44,28.6
2023-04-19T20:00,27.4,46,27.9
2023-04-19T21:00,26.3,51,27.1
2023-04-19T22:00,26.7,50,27.7
2023-04-19T23:00,25.1,55,26.1
2023-04-20T00:00,24.4,57,25.1
2023-04-20T01:00,24.3,56,25.1
2023-04-20T02:00,24.2,55,24.9
2023-04-20T03:00,23.4,56,23.8
2023-04-20T04:00,23.3,55,23.5
2023-04-20T05:00,24.4,65,26.0
2023-04-20T06:00,24.6,64,26.4
2023-04-20T07:00,25.7,58,27.5
2023-04-20T08:00,28.1,50,30.1
2023-04-20T09:00,30.9,36,30.8
2023-04-20T10:00,32.1,32,32.6
2023-04-20T11:00,33.2,29,34.0
2023-04-20T12:00,33.9,27,34.7
2023-04-20T13:00,34.1,26,33.8
2023-04-20T14:00,34.4,26,34.1
2023-04-20T15:00,34.7,24,33.4
2023-04-20T16:00,33.6,23,31.3
2023-04-20T17:00,24.9,59,26.0
2023-04-20T18:00,28.0,43,27.8
2023-04-20T19:00,27.6,43,26.8
2023-04-20T20:00,27.3,38,26.8
2023-04-20T21:00,25.9,45,25.9
2023-04-20T22:00,25.2,49,25.7
2023-04-20T23:00,26.2,45,27.0
2023-04-21T00:00,24.8,48,24.7
2023-04-21T01:00,23.0,56,22.8
2023-04-21T02:00,23.1,55,23.2
2023-04-21T03:00,22.4,56,22.3
2023-04-21T04:00,22.7,55,22.1
2023-04-21T05:00,22.8,61,23.0
2023-04-21T06:00,23.1,60,22.7
2023-04-21T07:00,24.9,53,24.6
2023-04-21T08:00,27.7,45,27.4
2023-04-21T09:00,29.9,39,29.0
2023-04-21T10:00,31.9,33,31.9
2023-04-21T11:00,33.6,24,34.2
2023-04-21T12:00,34.8,19,35.7
2023-04-21T13:00,35.2,17,34.7
2023-04-21T14:00,35.1,17,33.6
2023-04-21T15:00,34.8,18,32.4
2023-04-21T16:00,34.2,18,31.3
2023-04-21T17:00,34.0,15,30.6
2023-04-21T18:00,32.1,16,29.2
2023-04-21T19:00,30.2,18,27.4
2023-04-21T20:00,32.0,14,29.0
2023-04-21T21:00,27.2,26,24.7
2023-04-21T22:00,26.2,32,24.5
2023-04-21T23:00,26.4,27,23.4
2023-04-22T00:00,25.9,28,23.4
2023-04-22T01:00,25.4,30,23.4
2023-04-22T02:00,22.7,37,20.5
2023-04-22T03:00,22.0,39,20.0
2023-04-22T04:00,21.1,45,19.1
2023-04-22T05:00,20.8,59,20.5
2023-04-22T06:00,22.9,52,22.4
2023-04-22T07:00,25.6,45,25.3
2023-04-22T08:00,28.3,36,27.8
2023-04-22T09:00,30.8,28,29.4
2023-04-22T10:00,32.6,23,32.0
2023-04-22T11:00,33.7,16,32.7
2023-04-22T12:00,35.0,14,33.7
2023-04-22T13:00,35.1,13,32.7
2023-04-22T14:00,35.1,13,32.2
2023-04-22T15:00,34.7,13,31.6
2023-04-22T16:00,34.4,14,31.7
2023-04-22T17:00,34.0,12,30.3
2023-04-22T18:00,31.5,14,28.4
2023-04-22T19:00,28.3,16,25.1
2023-04-22T20:00,27.4,17,24.1
2023-04-22T21:00,27.6,17,23.7
2023-04-22T22:00,26.8,19,22.7
2023-04-22T23:00,25.2,22,22.0
2023-04-23T00:00,23.8,26,20.9
2023-04-23T01:00,23.2,28,20.3
2023-04-23T02:00,22.6,31,19.8
2023-04-23T03:00,21.8,34,19.5
2023-04-23T04:00,20.9,37,18.6
2023-04-23T05:00,22.1,38,20.1
2023-04-23T06:00,22.7,40,19.5
2023-04-23T07:00,25.2,35,22.7
2023-04-23T08:00,27.4,29,24.9
2023-04-23T09:00,28.7,24,25.1
2023-04-23T10:00,31.3,18,28.9
2023-04-23T11:00,32.5,16,29.7
2023-04-23T12:00,33.5,14,31.5
2023-04-23T13:00,33.9,14,31.2
2023-04-23T14:00,33.7,14,29.6
2023-04-23T15:00,33.1,15,28.7
2023-04-23T16:00,32.5,15,29.2
2023-04-23T17:00,29.9,20,27.8
2023-04-23T18:00,28.3,24,26.5
2023-04-23T19:00,26.6,28,23.2
2023-04-23T20:00,24.7,34,22.4
2023-04-23T21:00,23.7,35,21.9
2023-04-23T22:00,23.1,37,21.4
2023-04-23T23:00,21.6,42,19.9
2023-04-24T00:00,21.6,43,20.0
2023-04-24T01:00,21.1,44,19.6
2023-04-24T02:00,21.3,41,19.5
2023-04-24T03:00,20.7,43,19.0
2023-04-24T04:00,20.0,47,18.8
2023-04-24T05:00,20.0,49,18.7
2023-04-24T06:00,20.9,58,20.7
2023-04-24T07:00,23.7,41,23.3
2023-04-24T08:00,25.9,35,25.4
2023-04-24T09:00,27.7,32,27.0
2023-04-24T10:00,30.1,27,29.5
2023-04-24T11:00,31.6,22,30.7
2023-04-24T12:00,31.3,22,29.4
2023-04-24T13:00,31.6,21,29.6
2023-04-24T14:00,31.9,21,29.6
2023-04-24T15:00,30.7,23,27.7
2023-04-24T16:00,30.0,26,27.2
2023-04-24T17:00,29.9,25,27.6
2023-04-24T18:00,29.1,26,27.2
2023-04-24T19:00,27.4,31,24.8
2023-04-24T20:00,26.0,35,23.6
2023-04-24T21:00,25.2,38,23.0
2023-04-24T22:00,24.6,40,22.0
2023-04-24T23:00,23.8,43,21.6
2023-04-25T00:00,23.0,46,21.1
2023-04-25T01:00,22.3,49,20.6
2023-04-25T02:00,21.7,51,20.2
2023-04-25T03:00,21.1,54,19.5
2023-04-25T04:00,20.6,56,19.2
2023-04-25T05:00,20.6,54,19.0
2023-04-25T06:00,21.0,54,19.7
2023-04-25T07:00,22.7,50,21.8
2023-04-25T08:00,25.3,43,23.9
2023-04-25T09:00,27.9,35,25.7
2023-04-25T10:00,29.7,30,28.4
2023-04-25T11:00,31.2,26,31.1
2023-04-25T12:00,32.4,23,33.0
2023-04-25T13:00,32.9,22,33.0
2023-04-25T14:00,33.2,22,32.4
2023-04-25T15:00,33.2,22,31.6
2023-04-25T16:00,32.7,22,30.5
2023-04-25T17:00,33.0,21,30.8
2023-04-25T18:00,31.6,23,29.8
2023-04-25T19:00,28.8,30,27.5
2023-04-25T20:00,27.4,33,26.5
2023-04-25T21:00,27.6,32,26.8
2023-04-25T22:00,25.5,38,24.5
2023-04-25T23:00,24.7,42,23.7
2023-04-26T00:00,23.5,46,22.8
2023-04-26T01:00,22.7,49,22.2
2023-04-26T02:00,22.7,49,22.0
2023-04-26T03:00,22.2,50,21.6
2023-04-26T04:00,22.2,49,21.3
2023-04-26T05:00,22.1,53,21.5
2023-04-26T06:00,23.5,48,22.4
2023-04-26T07:00,26.4,41,25.2
2023-04-26T08:00,29.1,35,28.1
2023-04-26T09:00,31.6,29,30.3
2023-04-26T10:00,33.3,22,33.3
2023-04-26T11:00,34.1,20,34.2
2023-04-26T12:00,34.9,18,34.7
2023-04-26T13:00,35.4,17,34.8
2023-04-26T14:00,35.6,17,34.3
2023-04-26T15:00,35.1,17,32.9
2023-04-26T16:00,34.7,17,32.6
2023-04-26T17:00,34.4,18,32.0
2023-04-26T18:00,31.6,25,30.3
2023-04-26T19:00,29.4,26,27.8
2023-04-26T20:00,29.4,28,27.5
2023-04-26T21:00,28.0,31,26.6
2023-04-26T22:00,26.6,34,25.4
2023-04-26T23:00,26.4,36,25.0
2023-04-27T00:00,25.1,39,23.8
2023-04-27T01:00,24.4,39,23.1
2023-04-27T02:00,25.1,34,23.1
2023-04-27T03:00,24.5,34,22.4
2023-04-27T04:00,24.2,35,22.2
2023-04-27T05:00,23.6,44,22.7
2023-04-27T06:00,24.5,43,24.0
2023-04-27T07:00,27.0,39,26.5
2023-04-27T08:00,29.0,37,28.5
2023-04-27T09:00,29.6,32,27.4
2023-04-27T10:00,32.3,27,31.3
2023-04-27T11:00,34.6,21,34.2
2023-04-27T12:00,35.8,17,34.8
2023-04-27T13:00,35.4,18,33.3
2023-04-27T14:00,35.0,19,32.6
2023-04-27T15:00,32.5,26,30.1
2023-04-27T16:00,29.1,36,27.2
2023-04-27T17:00,35.8,14,32.8
2023-04-27T18:00,33.0,18,30.3
2023-04-27T19:00,29.3,28,28.2
2023-04-27T20:00,28.3,33,27.8
2023-04-27T21:00,27.2,33,26.1
2023-04-27T22:00,27.2,31,25.8
2023-04-27T23:00,25.9,34,24.2
2023-04-28T00:00,24.7,39,23.2
2023-04-28T01:00,24.6,38,23.4
2023-04-28T02:00,24.8,37,23.4
2023-04-28T03:00,24.1,39,23.0
2023-04-28T04:00,23.2,45,22.4
2023-04-28T05:00,22.4,56,22.8
2023-04-28T06:00,23.6,51,23.8
2023-04-28T07:00,25.3,46,25.9
2023-04-28T08:00,27.4,41,27.8
2023-04-28T09:00,28.3,39,27.9
2023-04-28T10:00,30.2,34,30.1
2023-04-28T11:00,32.2,28,31.7
2023-04-28T12:00,32.0,28,31.2
2023-04-28T13:00,33.3,24,32.6
2023-04-28T14:00,33.0,24,32.6
2023-04-28T15:00,33.4,23,32.9
2023-04-28T16:00,33.5,23,32.5
2023-04-28T17:00,32.2,25,30.9
2023-04-28T18:00,30.9,28,29.9
2023-04-28T19:00,29.4,29,28.1
2023-04-28T20:00,27.0,37,26.3
2023-04-28T21:00,25.6,42,25.4
2023-04-28T22:00,25.5,43,25.3
2023-04-28T23:00,24.4,46,24.2
2023-04-29T00:00,23.9,48,23.7
2023-04-29T01:00,23.0,53,23.1
2023-04-29T02:00,22.5,57,22.8
2023-04-29T03:00,21.8,60,22.2
2023-04-29T04:00,22.0,60,22.5
2023-04-29T05:00,24.2,54,24.3
2023-04-29T06:00,25.0,52,24.8
2023-04-29T07:00,24.8,52,23.4
2023-04-29T08:00,27.0,46,26.3
2023-04-29T09:00,28.6,41,27.9
2023-04-29T10:00,30.3,36,29.8
2023-04-29T11:00,31.8,32,32.3
2023-04-29T12:00,33.3,29,34.8
2023-04-29T13:00,29.5,39,30.0
2023-04-29T14:00,31.5,34,31.9
2023-04-29T15:00,30.5,35,30.5
2023-04-29T16:00,30.1,36,29.8
2023-04-29T17:00,27.0,51,28.2
2023-04-29T18:00,27.1,51,27.8
2023-04-29T19:00,25.7,55,26.9
2023-04-29T20:00,24.9,59,26.3
2023-04-29T21:00,24.0,63,25.6
2023-04-29T22:00,23.7,62,25.0
2023-04-29T23:00,23.3,61,24.3
2023-04-30T00:00,22.7,63,23.7
2023-04-30T01:00,22.5,64,23.5
2023-04-30T02:00,23.4,59,24.9
2023-04-30T03:00,22.0,68,23.1
2023-04-30T04:00,21.5,72,22.7
2023-04-30T05:00,22.4,74,24.8
2023-04-30T06:00,22.9,73,24.0
2023-04-30T07:00,23.6,67,25.3
2023-04-30T08:00,24.3,62,25.6
2023-04-30T09:00,26.6,51,26.8
2023-04-30T10:00,28.4,43,28.8
2023-04-30T11:00,28.3,42,28.9
2023-04-30T12:00,29.4,38,30.3
2023-04-30T13:00,30.0,37,31.2
2023-04-30T14:00,30.4,36,31.0
2023-04-30T15:00,30.0,36,29.4
2023-04-30T16:00,28.2,45,28.7
2023-04-30T17:00,24.4,60,23.6
2023-04-30T18:00,21.7,77,23.5
2023-04-30T19:00,22.3,77,23.8
2023-04-30T20:00,22.1,79,23.6
2023-04-30T21:00,21.5,80,22.4
2023-04-30T22:00,21.2,82,22.8
2023-04-30T23:00,21.2,85,22.8
2023-05-01T00:00,21.0,85,23.2
2023-05-01T01:00,20.7,86,22.8
2023-05-01T02:00,20.4,88,22.6
2023-05-01T03:00,20.2,89,22.0
2023-05-01T04:00,20.2,89,22.2
2023-05-01T05:00,19.8,92,21.3
2023-05-01T06:00,20.3,91,22.0
2023-05-01T07:00,20.3,92,22.3
2023-05-01T08:00,21.4,85,23.4
2023-05-01T09:00,22.7,78,24.3
2023-05-01T10:00,23.1,74,25.0
2023-05-01T11:00,23.8,69,25.5
2023-05-01T12:00,25.3,63,27.3
2023-05-01T13:00,26.6,57,29.6
2023-05-01T14:00,27.8,52,30.4
2023-05-01T15:00,27.6,50,29.0
2023-05-01T16:00,26.4,52,27.2
2023-05-01T17:00,20.1,88,21.1
2023-05-01T18:00,21.2,87,23.0
2023-05-01T19:00,20.7,89,22.4
2023-05-01T20:00,20.6,92,22.6
2023-05-01T21:00,20.4,93,22.6
2023-05-01T22:00,20.2,94,22.2
2023-05-01T23:00,20.2,93,22.1
2023-05-02T00:00,20.0,95,22.1
2023-05-02T01:00,19.9,95,22.1
2023-05-02T02:00,19.7,97,21.9
2023-05-02T03:00,19.5,98,21.8
2023-05-02T04:00,19.3,98,21.2
2023-05-02T05:00,20.0,97,21.8
2023-05-02T06:00,20.8,89,21.4
2023-05-02T07:00,21.5,86,22.7
2023-05-02T08:00,22.5,79,23.9
2023-05-02T09:00,23.5,74,25.3
2023-05-02T10:00,24.8,68,26.6
2023-05-02T11:00,26.3,62,28.8
2023-05-02T12:00,27.3,59,30.4
2023-05-02T13:00,28.0,55,30.8
2023-05-02T14:00,27.8,54,29.4
2023-05-02T15:00,24.2,71,24.7
2023-05-02T16:00,23.3,74,24.8
2023-05-02T17:00,23.5,75,24.6
2023-05-02T18:00,22.7,79,23.9
2023-05-02T19:00,21.8,85,23.5
2023-05-02T20:00,21.6,87,23.5
2023-05-02T21:00,21.3,88,23.4
2023-05-02T22:00,20.8,89,22.9
2023-05-02T23:00,20.9,88,23.3
2023-05-03T00:00,20.3,91,23.0
2023-05-03T01:00,20.1,92,22.8
2023-05-03T02:00,20.3,91,22.3
2023-05-03T03:00,19.9,94,22.3
2023-05-03T04:00,19.9,95,22.5
2023-05-03T05:00,20.5,95,23.9
2023-05-03T06:00,19.9,93,22.3
2023-05-03T07:00,20.4,90,22.6
2023-05-03T08:00,22.4,83,24.8
2023-05-03T09:00,23.1,76,24.1
2023-05-03T10:00,22.8,77,25.4
2023-05-03T11:00,25.1,67,27.3
2023-05-03T12:00,27.0,60,29.7
2023-05-03T13:00,28.2,54,30.8
2023-05-03T14:00,26.9,55,28.9
2023-05-03T15:00,27.2,55,28.5
2023-05-03T16:00,27.1,55,28.4
2023-05-03T17:00,21.5,85,23.2
2023-05-03T18:00,22.3,82,24.2
2023-05-03T19:00,21.7,86,24.0
2023-05-03T20:00,21.6,85,23.6
2023-05-03T21:00,20.9,88,23.5
2023-05-03T22:00,20.1,93,22.7
2023-05-03T23:00,20.0,94,22.7
2023-05-04T00:00,19.5,96,22.0
2023-05-04T01:00,19.3,97,21.8
2023-05-04T02:00,19.3,98,22.0
2023-05-04T03:00,18.9,99,21.2
2023-05-04T04:00,18.7,99,21.0
2023-05-04T05:00,18.8,98,21.3
2023-05-04T06:00,19.8,96,22.8
2023-05-04T07:00,21.3,88,24.3
2023-05-04T08:00,23.3,76,26.0
2023-05-04T09:00,24.9,70,27.6
2023-05-04T10:00,26.6,61,29.9
2023-05-04T11:00,28.0,55,31.6
2023-05-04T12:00,28.7,52,32.5
2023-05-04T13:00,29.3,49,33.0
2023-05-04T14:00,29.6,47,32.7
2023-05-04T15:00,29.7,45,31.6
2023-05-04T16:00,29.5,45,31.3
2023-05-04T17:00,28.8,52,31.3
2023-05-04T18:00,27.8,60,30.9
2023-05-04T19:00,25.8,65,28.1
2023-05-04T20:00,24.9,70,27.2
2023-05-04T21:00,23.8,76,26.1
2023-05-04T22:00,23.1,79,25.5
2023-05-04T23:00,22.5,82,25.1
2023-05-05T00:00,22.0,84,24.5
2023-05-05T01:00,21.5,86,23.8
2023-05-05T02:00,21.0,88,23.1
2023-05-05T03:00,20.6,89,22.8
2023-05-05T04:00,20.8,86,23.1
2023-05-05T05:00,22.4,74,23.7
2023-05-05T06:00,23.6,70,24.7
2023-05-05T07:00,25.7,65,27.4
2023-05-05T08:00,28.3,53,29.6
2023-05-05T09:00,30.1,44,30.4
2023-05-05T10:00,23.9,71,26.1
2023-05-05T11:00,26.1,62,28.5
2023-05-05T12:00,29.1,52,32.9
2023-05-05T13:00,29.3,49,32.8
2023-05-05T14:00,30.6,43,32.8
2023-05-05T15:00,30.8,38,30.6
2023-05-05T16:00,30.7,37,30.3
2023-05-05T17:00,29.9,37,29.3
2023-05-05T18:00,29.3,39,29.4
2023-05-05T19:00,27.0,43,26.9
2023-05-05T20:00,25.8,46,25.4
2023-05-05T21:00,24.7,54,25.0
2023-05-05T22:00,26.4,49,27.5
2023-05-05T23:00,23.2,57,23.9
2023-05-06T00:00,22.5,59,23.2
2023-05-06T01:00,22.0,60,22.6
2023-05-06T02:00,21.3,64,21.7
2023-05-06T03:00,20.9,64,21.4
2023-05-06T04:00,20.7,64,21.1
2023-05-06T05:00,21.9,65,22.4
2023-05-06T06:00,23.9,58,24.6
2023-05-06T07:00,25.9,54,26.9
2023-05-06T08:00,28.4,47,29.4
2023-05-06T09:00,30.7,37,31.2
2023-05-06T10:00,32.3,31,33.0
2023-05-06T11:00,33.4,30,35.2
2023-05-06T12:00,34.5,28,36.1
2023-05-06T13:00,35.4,25,35.7
2023-05-06T14:00,34.8,26,33.5
2023-05-06T15:00,34.3,26,31.7
2023-05-06T16:00,32.4,30,30.5
2023-05-06T17:00,28.0,50,29.2
2023-05-06T18:00,28.2,52,29.5
2023-05-06T19:00,26.1,55,27.7
2023-05-06T20:00,26.8,50,27.2
2023-05-06T21:00,24.9,58,25.7
2023-05-06T22:00,24.3,59,25.3
2023-05-06T23:00,24.2,57,24.8
2023-05-07T00:00,23.8,55,23.7
2023-05-07T01:00,23.5,53,23.1
2023-05-07T02:00,22.7,56,22.7
2023-05-07T03:00,22.4,56,22.4
2023-05-07T04:00,22.3,54,21.7
2023-05-07T05:00,22.0,54,21.4
2023-05-07T06:00,23.8,49,23.0
2023-05-07T07:00,26.8,44,26.5
2023-05-07T08:00,30.1,38,30.6
2023-05-07T09:00,32.8,31,32.9
2023-05-07T10:00,34.6,26,34.8
2023-05-07T11:00,35.8,23,36.2
2023-05-07T12:00,36.1,22,35.5
2023-05-07T13:00,34.8,26,34.3
2023-05-07T14:00,34.8,26,34.2
2023-05-07T15:00,35.1,25,34.6
2023-05-07T16:00,35.1,24,34.0
2023-05-07T17:00,29.8,38,29.6
2023-05-07T18:00,30.8,36,29.6
2023-05-07T19:00,29.8,35,29.1
2023-05-07T20:00,28.7,37,27.5
2023-05-07T21:00,27.4,40,26.0
2023-05-07T22:00,26.5,42,26.0
2023-05-07T23:00,25.7,45,25.1
2023-05-08T00:00,25.8,43,25.0
2023-05-08T01:00,24.5,47,24.2
2023-05-08T02:00,23.3,53,23.4
2023-05-08T03:00,21.9,62,22.4
2023-05-08T04:00,22.0,59,22.4
2023-05-08T05:00,24.2,60,23.0
2023-05-08T06:00,25.4,54,24.3
2023-05-08T07:00,26.1,53,26.1
2023-05-08T08:00,28.6,45,28.1
2023-05-08T09:00,31.5,35,29.7
2023-05-08T10:00,33.4,30,32.4
2023-05-08T11:00,34.6,27,33.9
2023-05-08T12:00,35.1,27,35.4
2023-05-08T13:00,35.4,27,35.5
2023-05-08T14:00,35.8,22,36.5
2023-05-08T15:00,36.5,17,35.9
2023-05-08T16:00,36.6,15,34.4
2023-05-08T17:00,32.6,30,30.8
2023-05-08T18:00,32.2,33,31.1
2023-05-08T19:00,29.3,41,28.4
2023-05-08T20:00,27.8,43,27.3
2023-05-08T21:00,26.9,46,26.6
2023-05-08T22:00,26.3,47,25.8
2023-05-08T23:00,25.5,49,25.3
2023-05-09T00:00,24.2,54,24.2
2023-05-09T01:00,23.8,55,23.7
2023-05-09T02:00,22.7,60,23.3
2023-05-09T03:00,21.4,67,22.2
2023-05-09T04:00,22.4,63,23.7
2023-05-09T05:00,21.5,72,22.8
2023-05-09T06:00,22.7,68,23.0
2023-05-09T07:00,24.6,59,25.3
2023-05-09T08:00,27.7,44,28.4
2023-05-09T09:00,31.5,30,30.9
2023-05-09T10:00,33.8,21,32.8
2023-05-09T11:00,35.3,18,34.5
2023-05-09T12:00,36.5,14,35.2
2023-05-09T13:00,37.1,13,34.7
2023-05-09T14:00,37.1,12,33.9
2023-05-09T15:00,36.8,13,32.7
2023-05-09T16:00,36.4,12,31.5
2023-05-09T17:00,36.2,13,33.0
2023-05-09T18:00,33.9,14,30.4
2023-05-09T19:00,30.8,19,27.9
2023-05-09T20:00,29.4,19,26.0
2023-05-09T21:00,29.0,19,24.5
2023-05-09T22:00,27.7,23,24.2
2023-05-09T23:00,26.3,27,23.6
2023-05-10T00:00,25.6,28,22.8
2023-05-10T01:00,24.0,32,22.0
2023-05-10T02:00,23.3,34,21.3
2023-05-10T03:00,22.6,35,20.3
2023-05-10T04:00,22.1,36,19.5
2023-05-10T05:00,21.9,40,19.7
2023-05-10T06:00,23.2,37,20.8
2023-05-10T07:00,25.6,34,23.5
2023-05-10T08:00,28.6,28,26.4
2023-05-10T09:00,31.6,22,29.0
2023-05-10T10:00,33.7,15,30.8
2023-05-10T11:00,34.8,12,31.5
2023-05-10T12:00,35.5,11,32.0
2023-05-10T13:00,36.1,10,32.4
2023-05-10T14:00,36.3,10,32.2
2023-05-10T15:00,36.5,10,31.6
2023-05-10T16:00,36.0,10,30.4
2023-05-10T17:00,36.4,11,31.3
2023-05-10T18:00,34.5,13,30.1
2023-05-10T19:00,32.4,15,28.7
2023-05-10T20:00,30.2,18,27.2
2023-05-10T21:00,27.3,23,24.8
2023-05-10T22:00,26.5,26,24.2
2023-05-10T23:00,28.5,24,26.9
2023-05-11T00:00,25.3,28,22.6
2023-05-11T01:00,24.8,27,22.2
2023-05-11T02:00,23.3,30,20.6
2023-05-11T03:00,22.6,31,19.7
2023-05-11T04:00,22.1,32,19.4
2023-05-11T05:00,22.6,37,20.7
2023-05-11T06:00,24.5,34,23.3
2023-05-11T07:00,27.6,30,25.8
2023-05-11T08:00,31.1,24,29.7
2023-05-11T09:00,33.6,20,32.5
2023-05-11T10:00,35.4,17,35.2
2023-05-11T11:00,37.0,13,36.3
2023-05-11T12:00,37.9,11,37.0
2023-05-11T13:00,38.6,9,37.2
2023-05-11T14:00,38.9,9,36.5
2023-05-11T15:00,38.7,9,35.1
2023-05-11T16:00,38.0,10,33.5
2023-05-11T17:00,37.5,13,34.8
2023-05-11T18:00,35.5,16,33.3
2023-05-11T19:00,31.9,20,29.8
2023-05-11T20:00,29.6,24,27.3
2023-05-11T21:00,32.4,19,30.8
2023-05-11T22:00,27.2,29,24.9
2023-05-11T23:00,28.6,26,27.5
2023-05-12T00:00,30.7,22,29.5
2023-05-12T01:00,28.8,26,27.3
2023-05-12T02:00,27.8,30,26.8
2023-05-12T03:00,24.0,35,22.4
2023-05-12T04:00,23.1,36,21.0
2023-05-12T05:00,24.9,34,23.1
2023-05-12T06:00,25.7,34,24.0
2023-05-12T07:00,28.5,30,27.1
2023-05-12T08:00,32.0,25,30.4
2023-05-12T09:00,35.6,18,33.7
2023-05-12T10:00,38.2,14,36.6
2023-05-12T11:00,39.8,12,38.0
2023-05-12T12:00,40.8,11,39.1
2023-05-12T13:00,41.5,10,39.6
2023-05-12T14:00,41.7,10,39.2
2023-05-12T15:00,41.7,10,38.6
2023-05-12T16:00,41.3,10,37.4
2023-05-12T17:00,40.8,10,38.2
2023-05-12T18:00,36.7,16,34.6
2023-05-12T19:00,34.4,23,32.1
2023-05-12T20:00,32.4,26,30.6
2023-05-12T21:00,31.0,28,29.4
2023-05-12T22:00,29.5,31,28.3
2023-05-12T23:00,28.3,33,27.3
2023-05-13T00:00,27.4,35,26.4
2023-05-13T01:00,27.4,35,26.1
2023-05-13T02:00,26.6,36,25.5
2023-05-13T03:00,25.6,39,24.6
2023-05-13T04:00,25.1,40,24.0
2023-05-13T05:00,26.2,37,24.8
2023-05-13T06:00,26.9,36,25.3
2023-05-13T07:00,29.1,33,27.7
2023-05-13T08:00,32.0,27,30.6
2023-05-13T09:00,34.8,23,33.3
2023-05-13T10:00,37.0,19,36.0
2023-05-13T11:00,39.0,17,38.7
2023-05-13T12:00,40.4,14,40.1
2023-05-13T13:00,41.1,13,40.2
2023-05-13T14:00,41.4,12,40.0
2023-05-13T15:00,41.5,12,39.6
2023-05-13T16:00,41.5,12,38.8
2023-05-13T17:00,40.6,12,37.5
2023-05-13T18:00,37.6,16,35.3
2023-05-13T19:00,34.7,20,32.9
2023-05-13T20:00,32.1,24,30.8
2023-05-13T21:00,31.1,27,29.6
2023-05-13T22:00,30.4,28,29.2
2023-05-13T23:00,29.5,31,28.5
2023-05-14T00:00,29.1,34,28.1
2023-05-14T01:00,28.8,35,27.9
2023-05-14T02:00,29.0,34,27.8
2023-05-14T03:00,28.4,33,26.9
2023-05-14T04:00,27.8,33,26.0
2023-05-14T05:00,26.5,47,26.5
2023-05-14T06:00,28.0,43,28.7
2023-05-14T07:00,29.9,39,29.9
2023-05-14T08:00,32.0,35,31.5
2023-05-14T09:00,35.2,28,34.6
2023-05-14T10:00,37.6,23,37.2
2023-05-14T11:00,39.2,20,38.9
2023-05-14T12:00,39.3,17,39.3
2023-05-14T13:00,40.5,14,40.2
2023-05-14T14:00,36.8,13,31.6
2023-05-14T15:00,37.3,20,35.3
2023-05-14T16:00,38.7,16,35.9
2023-05-14T17:00,34.4,25,31.7
2023-05-14T18:00,33.1,27,32.8
2023-05-14T19:00,31.1,30,30.6
2023-05-14T20:00,29.7,31,28.5
2023-05-14T21:00,30.6,26,28.9
2023-05-14T22:00,28.9,29,27.6
2023-05-14T23:00,28.4,32,27.0
2023-05-15T00:00,28.1,33,26.6
2023-05-15T01:00,27.6,33,26.4
2023-05-15T02:00,26.8,35,25.7
2023-05-15T03:00,26.2,36,25.0
2023-05-15T04:00,25.2,38,24.2
2023-05-15T05:00,25.8,42,25.3
2023-05-15T06:00,27.5,38,27.2
2023-05-15T07:00,30.1,33,30.0
2023-05-15T08:00,33.7,25,33.0
2023-05-15T09:00,36.6,19,35.1
2023-05-15T10:00,37.9,18,38.3
2023-05-15T11:00,39.3,16,39.9
2023-05-15T12:00,40.3,15,40.1
2023-05-15T13:00,40.0,14,39.0
2023-05-15T14:00,40.5,13,39.1
2023-05-15T15:00,39.6,14,36.9
2023-05-15T16:00,39.9,13,36.7
2023-05-15T17:00,39.3,14,37.7
2023-05-15T18:00,36.6,19,35.5
2023-05-15T19:00,34.8,21,33.3
2023-05-15T20:00,33.1,24,31.8
2023-05-15T21:00,32.0,25,29.8
2023-05-15T22:00,32.2,23,29.7
2023-05-15T23:00,29.5,28,28.0
2023-05-16T00:00,28.2,31,27.2
2023-05-16T01:00,27.1,34,26.2
2023-05-16T02:00,26.8,32,25.2
2023-05-16T03:00,27.1,27,24.4
2023-05-16T04:00,26.9,27,24.7
2023-05-16T05:00,28.3,37,26.1
2023-05-16T06:00,28.9,37,27.4
2023-05-16T07:00,30.5,34,29.7
2023-05-16T08:00,32.6,31,31.5
2023-05-16T09:00,34.8,27,33.2
2023-05-16T10:00,36.5,24,34.7
2023-05-16T11:00,37.7,23,36.5
2023-05-16T12:00,35.1,26,34.2
2023-05-16T13:00,34.6,27,31.6
2023-05-16T14:00,35.3,29,33.8
2023-05-16T15:00,36.7,26,35.8
2023-05-16T16:00,36.7,25,35.5
2023-05-16T17:00,38.6,17,37.2
2023-05-16T18:00,36.9,18,34.7
2023-05-16T19:00,34.1,24,32.5
2023-05-16T20:00,32.3,31,31.7
2023-05-16T21:00,32.1,29,30.5
2023-05-16T22:00,31.1,25,29.2
2023-05-16T23:00,29.4,24,27.5
2023-05-17T00:00,29.1,25,26.7
2023-05-17T01:00,27.0,27,24.5
2023-05-17T02:00,26.9,27,24.8
2023-05-17T03:00,26.9,27,24.6
2023-05-17T04:00,26.0,29,23.9
2023-05-17T05:00,26.9,36,25.5
2023-05-17T06:00,30.7,29,29.6
2023-05-17T07:00,31.4,29,29.6
2023-05-17T08:00,34.4,24,32.5
2023-05-17T09:00,36.5,21,34.0
2023-05-17T10:00,38.3,17,36.0
2023-05-17T11:00,39.8,15,38.7
2023-05-17T12:00,40.3,14,39.4
2023-05-17T13:00,40.8,14,39.0
2023-05-17T14:00,40.9,13,38.8
2023-05-17T15:00,40.2,14,37.3
2023-05-17T16:00,40.1,14,37.4
2023-05-17T17:00,32.7,34,31.2
2023-05-17T18:00,32.6,35,32.1
2023-05-17T19:00,32.4,29,30.1
2023-05-17T20:00,31.3,36,30.2
2023-05-17T21:00,31.3,33,30.2
2023-05-17T22:00,30.4,37,29.7
2023-05-17T23:00,29.5,39,29.4
2023-05-18T00:00,28.6,40,28.7
2023-05-18T01:00,28.1,41,28.0
2023-05-18T02:00,27.6,41,27.4
2023-05-18T03:00,27.5,41,27.2
2023-05-18T04:00,27.2,41,26.8
2023-05-18T05:00,23.9,62,23.6
2023-05-18T06:00,24.5,60,24.7
2023-05-18T07:00,25.1,59,25.6
2023-05-18T08:00,26.9,51,27.3
2023-05-18T09:00,29.5,43,29.9
2023-05-18T10:00,32.0,35,33.3
2023-05-18T11:00,34.6,28,36.6
2023-05-18T12:00,36.4,25,39.3
2023-05-18T13:00,37.5,23,39.2
2023-05-18T14:00,38.0,22,38.1
2023-05-18T15:00,37.8,21,36.5
2023-05-18T16:00,36.8,22,34.2
2023-05-18T17:00,35.4,29,34.1
2023-05-18T18:00,33.8,33,32.8
2023-05-18T19:00,32.6,35,31.7
2023-05-18T20:00,31.6,37,30.9
2023-05-18T21:00,30.6,38,29.7
2023-05-18T22:00,29.7,39,28.7
2023-05-18T23:00,29.0,41,28.2
2023-05-19T00:00,28.3,43,27.7
2023-05-19T01:00,27.8,44,27.2
2023-05-19T02:00,27.2,44,26.6
2023-05-19T03:00,26.5,46,26.3
2023-05-19T04:00,25.9,48,25.6
2023-05-19T05:00,26.1,55,26.9
2023-05-19T06:00,26.7,55,27.4
2023-05-19T07:00,28.3,51,29.1
2023-05-19T08:00,30.3,46,31.0
2023-05-19T09:00,32.3,41,32.8
2023-05-19T10:00,34.0,34,34.1
2023-05-19T11:00,35.4,27,35.0
2023-05-19T12:00,36.2,24,35.5
2023-05-19T13:00,37.0,23,36.2
2023-05-19T14:00,37.7,21,36.1
2023-05-19T15:00,37.9,19,35.2
2023-05-19T16:00,37.7,18,34.4
2023-05-19T17:00,37.3,19,34.2
2023-05-19T18:00,35.5,22,33.7
2023-05-19T19:00,32.3,28,31.7
2023-05-19T20:00,30.8,32,30.3
2023-05-19T21:00,30.0,33,29.2
2023-05-19T22:00,29.5,33,28.3
2023-05-19T23:00,29.1,33,27.8
2023-05-20T00:00,28.4,35,27.3
2023-05-20T01:00,27.4,37,26.7
2023-05-20T02:00,26.5,39,25.7
2023-05-20T03:00,25.8,41,24.8
2023-05-20T04:00,25.0,43,24.1
2023-05-20T05:00,24.8,50,24.8
2023-05-20T06:00,26.4,46,26.0
2023-05-20T07:00,28.8,43,28.9
2023-05-20T08:00,32.0,34,32.0
2023-05-20T09:00,34.5,30,34.2
2023-05-20T10:00,36.3,25,36.1
2023-05-20T11:00,37.4,22,36.9
2023-05-20T12:00,38.3,20,37.3
2023-05-20T13:00,39.1,18,37.5
2023-05-20T14:00,39.8,14,37.0
2023-05-20T15:00,40.0,13,36.0
2023-05-20T16:00,39.5,13,34.8
2023-05-20T17:00,39.1,15,35.8
2023-05-20T18:00,36.9,17,35.1
2023-05-20T19:00,32.4,24,30.7
2023-05-20T20:00,31.7,27,30.5
2023-05-20T21:00,30.9,29,29.9
2023-05-20T22:00,34.1,21,33.0
2023-05-20T23:00,33.1,22,32.2
2023-05-21T00:00,32.0,24,31.1
2023-05-21T01:00,30.7,26,29.9
2023-05-21T02:00,27.1,32,25.9
2023-05-21T03:00,26.8,32,25.5
2023-05-21T04:00,25.4,36,23.9
2023-05-21T05:00,26.7,38,26.0
2023-05-21T06:00,28.1,37,27.5
2023-05-21T07:00,30.8,33,31.3
2023-05-21T08:00,33.7,28,33.7
2023-05-21T09:00,36.2,24,36.4
2023-05-21T10:00,38.4,21,39.5
2023-05-21T11:00,40.2,17,41.0
2023-05-21T12:00,41.4,14,40.8
2023-05-21T13:00,42.0,13,40.3
2023-05-21T14:00,42.4,12,39.5
2023-05-21T15:00,42.2,11,38.0
2023-05-21T16:00,41.9,11,37.3
2023-05-21T17:00,41.8,9,37.8
2023-05-21T18:00,39.6,11,35.9
2023-05-21T19:00,37.1,13,34.0
2023-05-21T20:00,33.5,18,31.0
2023-05-21T21:00,31.6,22,29.5
2023-05-21T22:00,33.9,20,31.9
2023-05-21T23:00,31.4,22,29.3
2023-05-22T00:00,31.2,23,28.4
2023-05-22T01:00,30.5,23,28.0
2023-05-22T02:00,29.8,22,26.9
2023-05-22T03:00,31.4,20,27.6
2023-05-22T04:00,30.4,22,26.8
2023-05-22T05:00,33.5,24,30.3
2023-05-22T06:00,33.1,26,30.5
2023-05-22T07:00,34.3,27,32.6
2023-05-22T08:00,35.9,25,33.6
2023-05-22T09:00,37.6,23,35.0
2023-05-22T10:00,39.6,21,37.7
2023-05-22T11:00,41.1,19,39.9
2023-05-22T12:00,42.1,18,40.9
2023-05-22T13:00,41.2,16,38.6
2023-05-22T14:00,39.7,18,35.8
2023-05-22T15:00,40.2,17,36.4
2023-05-22T16:00,40.5,16,37.5
2023-05-22T17:00,41.6,13,39.1
2023-05-22T18:00,39.1,16,37.5
2023-05-22T19:00,36.5,18,34.5
2023-05-22T20:00,34.0,21,32.3
2023-05-22T21:00,33.8,22,31.7
2023-05-22T22:00,34.5,21,31.3
2023-05-22T23:00,34.3,21,31.6
2023-05-23T00:00,32.9,22,30.5
2023-05-23T01:00,31.7,24,29.1
2023-05-23T02:00,31.9,24,29.0
2023-05-23T03:00,32.4,23,29.0
2023-05-23T04:00,31.7,24,28.6
2023-05-23T05:00,32.4,25,29.1
2023-05-23T06:00,33.1,26,30.0
2023-05-23T07:00,34.4,27,32.2
2023-05-23T08:00,36.0,27,34.2
2023-05-23T09:00,37.8,27,36.9
2023-05-23T10:00,39.7,26,39.6
2023-05-23T11:00,41.4,23,41.6
2023-05-23T12:00,42.5,19,41.9
2023-05-23T13:00,43.6,15,42.2
2023-05-23T14:00,42.4,15,39.2
2023-05-23T15:00,41.8,14,37.2
2023-05-23T16:00,40.2,17,36.9
2023-05-23T17:00,31.6,41,32.2
2023-05-23T18:00,30.0,52,32.1
2023-05-23T19:00,31.8,43,31.6
2023-05-23T20:00,32.1,38,31.3
2023-05-23T21:00,32.1,36,31.4
2023-05-23T22:00,32.1,35,31.8
2023-05-23T23:00,31.5,37,31.7
2023-05-24T00:00,30.5,40,31.1
2023-05-24T01:00,29.1,45,30.2
2023-05-24T02:00,28.0,48,28.7
2023-05-24T03:00,27.9,48,28.7
2023-05-24T04:00,28.6,45,29.4
2023-05-24T05:00,27.6,54,28.4
2023-05-24T06:00,27.7,54,29.0
2023-05-24T07:00,29.2,50,30.6
2023-05-24T08:00,29.7,46,30.5
2023-05-24T09:00,31.2,41,31.6
2023-05-24T10:00,34.1,37,35.1
2023-05-24T11:00,36.4,32,38.2
2023-05-24T12:00,37.3,28,38.6
2023-05-24T13:00,37.7,26,37.9
2023-05-24T14:00,37.2,26,37.4
2023-05-24T15:00,36.3,27,36.8
2023-05-24T16:00,35.8,26,34.5
2023-05-24T17:00,30.1,55,33.2
2023-05-24T18:00,29.7,54,31.9
2023-05-24T19:00,28.7,57,30.6
2023-05-24T20:00,27.8,64,29.1
2023-05-24T21:00,27.2,67,28.9
2023-05-24T22:00,26.8,69,30.2
2023-05-24T23:00,26.3,77,30.8
2023-05-25T00:00,25.8,76,30.0
2023-05-25T01:00,25.6,77,29.4
2023-05-25T02:00,25.3,79,28.8
2023-05-25T03:00,24.9,79,28.9
2023-05-25T04:00,25.0,79,29.0
2023-05-25T05:00,23.4,75,25.4
2023-05-25T06:00,25.3,64,27.4
2023-05-25T07:00,26.8,58,28.4
2023-05-25T08:00,28.9,52,31.1
2023-05-25T09:00,29.8,48,29.7
2023-05-25T10:00,27.2,60,28.8
2023-05-25T11:00,30.6,46,32.6
2023-05-25T12:00,32.1,43,35.2
2023-05-25T13:00,33.1,41,36.5
2023-05-25T14:00,33.8,40,36.7
2023-05-25T15:00,33.9,39,35.0
2023-05-25T16:00,32.4,43,33.3
2023-05-25T17:00,29.1,48,30.5
2023-05-25T18:00,29.4,47,31.5
2023-05-25T19:00,27.9,57,29.4
2023-05-25T20:00,27.1,59,29.2
2023-05-25T21:00,26.5,61,28.5
2023-05-25T22:00,26.6,62,28.2
2023-05-25T23:00,25.8,67,28.9
2023-05-26T00:00,25.3,69,28.3
2023-05-26T01:00,24.9,72,28.0
2023-05-26T02:00,24.3,75,27.1
2023-05-26T03:00,23.4,79,26.1
2023-05-26T04:00,23.6,77,26.3
2023-05-26T05:00,22.7,82,25.7
2023-05-26T06:00,23.0,81,25.9
2023-05-26T07:00,24.2,76,26.9
2023-05-26T08:00,26.1,65,28.5
2023-05-26T09:00,28.2,55,30.4
2023-05-26T10:00,29.9,49,33.1
2023-05-26T11:00,31.4,43,35.5
2023-05-26T12:00,32.6,39,36.6
2023-05-26T13:00,33.6,36,36.7
2023-05-26T14:00,34.2,34,36.9
2023-05-26T15:00,34.5,33,36.3
2023-05-26T16:00,34.5,33,36.2
2023-05-26T17:00,32.9,35,33.7
2023-05-26T18:00,32.1,37,33.1
2023-05-26T19:00,30.3,42,31.3
2023-05-26T20:00,29.5,45,30.3
2023-05-26T21:00,28.4,48,29.9
2023-05-26T22:00,27.6,51,28.9
2023-05-26T23:00,27.1,55,28.5
2023-05-27T00:00,26.7,58,28.2
2023-05-27T01:00,26.4,61,28.5
2023-05-27T02:00,21.0,90,19.3
2023-05-27T03:00,22.2,83,23.2
2023-05-27T04:00,22.4,80,23.6
2023-05-27T05:00,21.4,90,20.5
2023-05-27T06:00,22.5,85,24.0
2023-05-27T07:00,22.1,84,23.2
2023-05-27T08:00,22.6,84,24.0
2023-05-27T09:00,22.4,91,24.5
2023-05-27T10:00,25.0,81,27.2
2023-05-27T11:00,30.3,49,32.2
2023-05-27T12:00,32.4,39,34.0
2023-05-27T13:00,33.2,37,35.1
2023-05-27T14:00,33.6,37,35.4
2023-05-27T15:00,33.8,36,35.2
2023-05-27T16:00,33.6,37,34.8
2023-05-27T17:00,31.7,47,33.7
2023-05-27T18:00,30.9,51,33.9
2023-05-27T19:00,29.3,58,32.4
2023-05-27T20:00,28.1,63,31.1
2023-05-27T21:00,27.2,61,29.1
2023-05-27T22:00,26.7,62,28.9
2023-05-27T23:00,26.4,64,28.6
2023-05-28T00:00,25.9,66,28.1
2023-05-28T01:00,25.4,69,27.9
2023-05-28T02:00,25.2,70,27.5
2023-05-28T03:00,25.0,71,27.2
2023-05-28T04:00,24.7,71,26.8
2023-05-28T05:00,24.3,79,27.5
2023-05-28T06:00,25.2,76,28.1
2023-05-28T07:00,27.1,68,28.6
2023-05-28T08:00,24.0,75,25.8
2023-05-28T09:00,27.2,65,30.5
2023-05-28T10:00,29.9,57,34.7
2023-05-28T11:00,31.5,53,37.1
2023-05-28T12:00,32.7,49,38.1
2023-05-28T13:00,33.6,46,38.5
2023-05-28T14:00,33.8,44,37.6
2023-05-28T15:00,33.6,44,36.3
2023-05-28T16:00,33.6,44,36.1
2023-05-28T17:00,26.2,70,29.3
2023-05-28T18:00,26.7,69,29.5
2023-05-28T19:00,25.8,70,28.2
2023-05-28T20:00,24.9,76,27.8
2023-05-28T21:00,24.1,82,27.3
2023-05-28T22:00,24.2,82,27.4
2023-05-28T23:00,24.5,80,27.9
2023-05-29T00:00,24.4,83,27.8
2023-05-29T01:00,24.4,84,28.2
2023-05-29T02:00,24.4,84,28.9
2023-05-29T03:00,23.5,90,27.7
2023-05-29T04:00,23.4,89,27.3
2023-05-29T05:00,22.5,88,25.2
2023-05-29T06:00,23.6,87,26.6
2023-05-29T07:00,25.5,80,28.8
2023-05-29T08:00,27.1,71,30.7
2023-05-29T09:00,29.3,63,33.1
2023-05-29T10:00,30.9,56,35.6
2023-05-29T11:00,32.7,49,37.1
2023-05-29T12:00,34.1,44,38.2
2023-05-29T13:00,28.4,65,30.2
2023-05-29T14:00,29.9,55,32.6
2023-05-29T15:00,31.1,53,34.0
2023-05-29T16:00,29.7,54,32.3
2023-05-29T17:00,29.0,60,31.6
2023-05-29T18:00,28.1,62,31.1
2023-05-29T19:00,26.6,70,29.9
2023-05-29T20:00,25.6,79,28.7
2023-05-29T21:00,25.1,79,28.3
2023-05-29T22:00,25.6,74,28.0
2023-05-29T23:00,25.4,73,27.6
2023-05-30T00:00,25.2,73,27.1
2023-05-30T01:00,24.5,75,26.6
2023-05-30T02:00,23.8,76,26.2
2023-05-30T03:00,23.2,79,26.0
2023-05-30T04:00,22.7,82,25.5
2023-05-30T05:00,23.2,84,25.7
2023-05-30T06:00,24.0,79,26.5
2023-05-30T07:00,25.2,71,26.9
2023-05-30T08:00,27.0,64,29.4
2023-05-30T09:00,29.1,57,32.1
2023-05-30T10:00,31.0,52,34.8
2023-05-30T11:00,32.4,46,37.4
2023-05-30T12:00,33.0,43,37.5
2023-05-30T13:00,33.7,42,38.1
2023-05-30T14:00,34.1,40,37.8
2023-05-30T15:00,34.0,39,36.3
2023-05-30T16:00,33.6,39,35.4
2023-05-30T17:00,27.2,66,29.0
2023-05-30T18:00,26.3,69,27.6
2023-05-30T19:00,25.3,72,27.7
2023-05-30T20:00,25.0,74,27.8
2023-05-30T21:00,24.6,78,27.4
2023-05-30T22:00,23.8,85,26.2
2023-05-30T23:00,23.3,84,26.9
2023-05-31T00:00,23.2,84,25.9
2023-05-31T01:00,23.1,85,26.2
2023-05-31T02:00,22.5,90,25.9
2023-05-31T03:00,22.3,91,25.9
2023-05-31T04:00,22.0,92,25.7
2023-05-31T05:00,21.6,91,24.8
2023-05-31T06:00,21.9,90,23.7
2023-05-31T07:00,23.0,84,24.0
2023-05-31T08:00,23.9,77,24.7
2023-05-31T09:00,25.4,70,27.3
2023-05-31T10:00,26.4,66,28.5
2023-05-31T11:00,27.9,60,30.2
2023-05-31T12:00,29.1,54,31.8
2023-05-31T13:00,29.9,51,32.5
2023-05-31T14:00,30.1,49,32.1
2023-05-31T15:00,30.9,44,31.5
2023-05-31T16:00,29.6,47,30.1
2023-05-31T17:00,26.2,72,26.7
2023-05-31T18:00,25.1,70,27.0
2023-05-31T19:00,24.3,72,26.7
2023-05-31T20:00,23.4,78,26.2
2023-05-31T21:00,22.8,82,25.7
2023-05-31T22:00,22.0,87,24.8
2023-05-31T23:00,21.8,85,24.4
2023-06-01T00:00,21.7,85,24.3
2023-06-01T01:00,21.1,90,23.8
2023-06-01T02:00,20.5,93,23.0
2023-06-01T03:00,20.3,94,23.0
2023-06-01T04:00,20.0,95,22.4
2023-06-01T05:00,19.9,94,22.4
2023-06-01T06:00,21.6,86,24.2
2023-06-01T07:00,23.4,78,26.2
2023-06-01T08:00,25.9,66,28.6
2023-06-01T09:00,28.1,52,30.3
2023-06-01T10:00,29.8,45,32.3
2023-06-01T11:00,31.2,41,34.1
2023-06-01T12:00,32.3,39,35.1
2023-06-01T13:00,33.2,38,35.8
2023-06-01T14:00,33.6,37,35.6
2023-06-01T15:00,31.4,42,32.2
2023-06-01T16:00,32.0,39,32.5
2023-06-01T17:00,29.7,50,30.4
2023-06-01T18:00,28.0,61,29.3
2023-06-01T19:00,26.7,68,29.1
2023-06-01T20:00,26.2,70,29.4
2023-06-01T21:00,26.2,69,28.4
2023-06-01T22:00,25.9,68,28.6
2023-06-01T23:00,25.0,71,27.3
2023-06-02T00:00,24.3,72,26.2
2023-06-02T01:00,24.1,71,24.7
2023-06-02T02:00,22.9,76,24.8
2023-06-02T03:00,22.5,83,24.9
2023-06-02T04:00,22.0,86,23.4
2023-06-02T05:00,23.2,75,24.2
2023-06-02T06:00,23.8,74,25.0
2023-06-02T07:00,24.7,62,25.2
2023-06-02T08:00,26.1,55,26.7
2023-06-02T09:00,27.9,47,28.4
2023-06-02T10:00,29.7,41,31.0
2023-06-02T11:00,31.1,38,33.4
2023-06-02T12:00,32.0,38,34.7
2023-06-02T13:00,32.6,37,35.1
2023-06-02T14:00,33.0,37,34.9
2023-06-02T15:00,32.9,37,33.9
2023-06-02T16:00,32.4,39,32.8
2023-06-02T17:00,30.6,46,32.0
2023-06-02T18:00,30.3,47,32.2
2023-06-02T19:00,28.5,55,30.9
2023-06-02T20:00,27.7,58,29.9
2023-06-02T21:00,27.0,58,28.9
2023-06-02T22:00,25.8,62,27.8
2023-06-02T23:00,24.5,69,26.5
2023-06-03T00:00,24.7,67,26.7
2023-06-03T01:00,23.7,70,25.6
2023-06-03T02:00,23.3,71,25.1
2023-06-03T03:00,23.0,72,24.9
2023-06-03T04:00,22.7,72,24.5
2023-06-03T05:00,23.7,70,25.8
2023-06-03T06:00,25.0,66,27.0
2023-06-03T07:00,26.5,61,29.0
2023-06-03T08:00,28.8,53,31.0
2023-06-03T09:00,30.7,46,32.5
2023-06-03T10:00,31.9,44,34.5
2023-06-03T11:00,33.0,41,35.6
2023-06-03T12:00,33.9,37,36.4
2023-06-03T13:00,34.5,35,37.0
2023-06-03T14:00,34.9,33,36.7
2023-06-03T15:00,34.8,33,35.8
2023-06-03T16:00,34.4,34,35.0
2023-06-03T17:00,34.7,34,35.7
2023-06-03T18:00,33.3,39,34.7
2023-06-03T19:00,31.2,45,32.8
2023-06-03T20:00,30.1,48,31.8
2023-06-03T21:00,28.8,51,30.6
2023-06-03T22:00,27.4,55,29.3
2023-06-03T23:00,26.9,61,28.9
2023-06-04T00:00,26.0,67,28.5
2023-06-04T01:00,24.6,74,27.5
2023-06-04T02:00,24.5,75,26.9
2023-06-04T03:00,24.3,75,26.4
2023-06-04T04:00,23.9,77,26.2
2023-06-04T05:00,25.1,72,27.0
2023-06-04T06:00,25.8,70,28.1
2023-06-04T07:00,27.2,64,29.5
2023-06-04T08:00,29.5,54,31.7
2023-06-04T09:00,31.6,46,33.3
2023-06-04T10:00,33.5,38,34.8
2023-06-04T11:00,34.8,34,36.6
2023-06-04T12:00,35.8,33,37.8
2023-06-04T13:00,36.2,32,38.2
2023-06-04T14:00,31.6,49,33.9
2023-06-04T15:00,33.5,41,35.2
2023-06-04T16:00,33.8,39,35.5
2023-06-04T17:00,30.7,59,33.9
2023-06-04T18:00,30.7,59,34.0
2023-06-04T19:00,29.8,63,32.7
2023-06-04T20:00,28.9,65,32.0
2023-06-04T21:00,27.8,65,30.3
2023-06-04T22:00,26.9,65,28.8
2023-06-04T23:00,26.4,67,28.3
2023-06-05T00:00,26.2,69,28.2
2023-06-05T01:00,25.8,71,28.0
2023-06-05T02:00,25.5,73,27.6
2023-06-05T03:00,25.3,75,27.6
2023-06-05T04:00,25.1,76,27.3
2023-06-05T05:00,25.9,73,28.0
2023-06-05T06:00,27.0,70,29.3
2023-06-05T07:00,28.6,62,30.7
2023-06-05T08:00,30.6,54,32.3
2023-06-05T09:00,32.9,44,33.9
2023-06-05T10:00,34.7,35,35.6
2023-06-05T11:00,35.9,31,36.8
2023-06-05T12:00,36.6,28,37.6
2023-06-05T13:00,36.9,28,37.8
2023-06-05T14:00,37.1,26,37.5
2023-06-05T15:00,36.9,27,36.4
2023-06-05T16:00,36.5,27,36.1
2023-06-05T17:00,36.6,27,35.2
2023-06-05T18:00,27.8,57,27.0
2023-06-05T19:00,28.0,57,30.0
2023-06-05T20:00,28.2,57,30.7
2023-06-05T21:00,27.5,59,29.9
2023-06-05T22:00,27.2,59,29.5
2023-06-05T23:00,27.3,55,28.7
2023-06-06T00:00,26.8,55,27.7
2023-06-06T01:00,26.4,55,27.0
2023-06-06T02:00,26.0,57,26.9
2023-06-06T03:00,25.7,58,26.7
2023-06-06T04:00,25.2,61,26.4
2023-06-06T05:00,24.1,70,26.6
2023-06-06T06:00,26.3,61,28.7
2023-06-06T07:00,28.3,55,31.0
2023-06-06T08:00,31.2,46,33.5
2023-06-06T09:00,34.2,36,35.8
2023-06-06T10:00,36.2,30,37.8
2023-06-06T11:00,37.5,25,38.9
2023-06-06T12:00,38.2,22,38.2
2023-06-06T13:00,38.8,20,38.2
2023-06-06T14:00,37.8,20,35.6
2023-06-06T15:00,37.4,21,35.1
2023-06-06T16:00,37.3,20,35.1
2023-06-06T17:00,35.2,32,35.8
2023-06-06T18:00,33.0,38,34.2
2023-06-06T19:00,32.5,39,34.6
2023-06-06T20:00,30.5,45,32.2
2023-06-06T21:00,29.1,52,31.1
2023-06-06T22:00,28.5,53,30.5
2023-06-06T23:00,27.7,55,29.7
2023-06-07T00:00,27.2,57,29.1
2023-06-07T01:00,26.7,54,27.8
2023-06-07T02:00,25.9,56,26.8
2023-06-07T03:00,25.4,57,26.6
2023-06-07T04:00,25.0,59,26.2
2023-06-07T05:00,25.7,58,26.9
2023-06-07T06:00,27.1,52,27.9
2023-06-07T07:00,29.3,46,30.4
2023-06-07T08:00,32.0,39,33.1
2023-06-07T09:00,34.4,33,35.2
2023-06-07T10:00,36.1,28,37.1
2023-06-07T11:00,37.4,24,38.1
2023-06-07T12:00,38.1,21,38.2
2023-06-07T13:00,38.2,20,37.1
2023-06-07T14:00,38.4,20,36.9
2023-06-07T15:00,37.3,22,35.3
2023-06-07T16:00,36.6,23,34.6
2023-06-07T17:00,37.5,21,35.6
2023-06-07T18:00,36.1,24,34.7
2023-06-07T19:00,33.9,28,33.1
2023-06-07T20:00,32.4,32,31.9
2023-06-07T21:00,30.8,36,30.7
2023-06-07T22:00,29.7,39,29.8
2023-06-07T23:00,29.1,40,29.2
2023-06-08T00:00,28.2,42,28.3
2023-06-08T01:00,26.9,46,27.4
2023-06-08T02:00,26.3,49,27.0
2023-06-08T03:00,25.7,50,26.0
2023-06-08T04:00,25.1,52,25.6
2023-06-08T05:00,25.8,55,26.9
2023-06-08T06:00,27.7,51,28.9
2023-06-08T07:00,29.6,49,31.4
2023-06-08T08:00,32.3,43,34.2
2023-06-08T09:00,34.8,35,36.3
2023-06-08T10:00,36.5,29,37.8
2023-06-08T11:00,38.0,25,39.1
2023-06-08T12:00,38.8,23,39.3
2023-06-08T13:00,39.3,22,38.8
2023-06-08T14:00,39.3,22,38.2
2023-06-08T15:00,38.9,22,36.8
2023-06-08T16:00,38.2,23,36.3
2023-06-08T17:00,37.4,23,35.5
2023-06-08T18:00,37.4,21,35.9
2023-06-08T19:00,34.9,25,33.3
2023-06-08T20:00,33.6,28,32.2
2023-06-08T21:00,31.7,31,31.4
2023-06-08T22:00,29.9,36,29.6
2023-06-08T23:00,29.4,37,29.3
2023-06-09T00:00,28.9,37,28.9
2023-06-09T01:00,28.4,39,27.7
2023-06-09T02:00,27.8,41,27.4
2023-06-09T03:00,27.0,45,26.9
2023-06-09T04:00,26.4,47,26.4
2023-06-09T05:00,26.0,49,26.0
2023-06-09T06:00,29.1,51,30.2
2023-06-09T07:00,31.5,44,32.7
2023-06-09T08:00,33.7,38,34.2
2023-06-09T09:00,36.0,33,36.3
2023-06-09T10:00,37.8,29,38.1
2023-06-09T11:00,39.1,27,40.1
2023-06-09T12:00,40.1,24,40.9
2023-06-09T13:00,40.8,22,40.7
2023-06-09T14:00,40.4,22,39.4
2023-06-09T15:00,40.7,22,39.8
2023-06-09T16:00,40.7,21,39.2
2023-06-09T17:00,39.7,21,37.6
2023-06-09T18:00,38.4,27,38.0
2023-06-09T19:00,36.0,32,35.7
2023-06-09T20:00,34.5,35,34.1
2023-06-09T21:00,33.3,38,33.9
2023-06-09T22:00,32.5,41,33.1
2023-06-09T23:00,32.1,41,32.5
2023-06-10T00:00,31.3,42,32.0
2023-06-10T01:00,30.7,43,31.4
2023-06-10T02:00,30.0,46,30.9
2023-06-10T03:00,29.3,48,30.1
2023-06-10T04:00,28.8,50,29.7
2023-06-10T05:00,30.7,48,32.8
2023-06-10T06:00,26.5,65,27.1
2023-06-10T07:00,30.1,52,32.4
2023-06-10T08:00,34.7,37,35.8
2023-06-10T09:00,36.5,34,37.1
2023-06-10T10:00,37.7,34,38.9
2023-06-10T11:00,39.5,29,41.1
2023-06-10T12:00,40.4,26,41.6
2023-06-10T13:00,39.8,26,40.0
2023-06-10T14:00,39.1,29,39.2
2023-06-10T15:00,39.4,26,39.1
2023-06-10T16:00,38.9,27,38.1
2023-06-10T17:00,39.1,23,37.4
2023-06-10T18:00,37.6,28,37.2
2023-06-10T19:00,36.1,32,36.7
2023-06-10T20:00,34.6,36,35.7
2023-06-10T21:00,32.7,42,34.7
2023-06-10T22:00,31.6,49,34.3
2023-06-10T23:00,31.0,53,34.1
2023-06-11T00:00,30.2,56,33.2
2023-06-11T01:00,29.5,59,32.2
2023-06-11T02:00,29.1,60,31.6
2023-06-11T03:00,28.8,61,31.2
2023-06-11T04:00,28.9,56,30.6
2023-06-11T05:00,28.2,65,31.0
2023-06-11T06:00,28.9,63,31.3
2023-06-11T07:00,30.5,58,33.8
2023-06-11T08:00,33.1,51,36.2
2023-06-11T09:00,34.8,43,36.6
2023-06-11T10:00,36.5,36,38.0
2023-06-11T11:00,37.8,33,39.2
2023-06-11T12:00,38.6,32,40.2
2023-06-11T13:00,39.0,31,40.4
2023-06-11T14:00,39.2,31,40.1
2023-06-11T15:00,39.1,31,39.4
2023-06-11T16:00,38.9,31,38.9
2023-06-11T17:00,37.2,33,37.2
2023-06-11T18:00,36.4,34,36.8
2023-06-11T19:00,35.1,37,35.8
2023-06-11T20:00,34.2,41,35.4
2023-06-11T21:00,33.3,45,34.9
2023-06-11T22:00,32.6,48,34.4
2023-06-11T23:00,32.0,51,34.2
2023-06-12T00:00,31.3,54,33.9
2023-06-12T01:00,30.5,57,33.6
2023-06-12T02:00,29.9,59,33.0
2023-06-12T03:00,29.4,62,32.4
2023-06-12T04:00,29.0,63,32.1
2023-06-12T05:00,29.0,65,32.4
2023-06-12T06:00,29.8,63,33.1
2023-06-12T07:00,31.5,58,34.7
2023-06-12T08:00,33.8,51,36.5
2023-06-12T09:00,35.8,44,37.7
2023-06-12T10:00,37.3,39,39.0
2023-06-12T11:00,38.4,35,39.5
2023-06-12T12:00,39.3,33,40.3
2023-06-12T13:00,40.4,29,41.0
2023-06-12T14:00,41.0,27,41.0
2023-06-12T15:00,40.9,26,39.9
2023-06-12T16:00,40.5,25,39.0
2023-06-12T17:00,38.1,31,37.6
2023-06-12T18:00,37.8,31,37.6
2023-06-12T19:00,36.5,34,37.7
2023-06-12T20:00,35.4,40,37.4
2023-06-12T21:00,34.7,44,37.3
2023-06-12T22:00,34.0,46,36.6
2023-06-12T23:00,33.3,47,35.6
2023-06-13T00:00,32.6,48,34.6
2023-06-13T01:00,31.8,50,33.8
2023-06-13T02:00,31.2,51,33.1
2023-06-13T03:00,30.4,53,31.9
2023-06-13T04:00,30.2,50,31.3
2023-06-13T05:00,30.6,60,33.5
2023-06-13T06:00,31.8,54,34.0
2023-06-13T07:00,33.6,46,35.1
2023-06-13T08:00,36.0,37,36.1
2023-06-13T09:00,37.1,34,36.3
2023-06-13T10:00,38.3,32,37.9
2023-06-13T11:00,39.8,29,39.5
2023-06-13T12:00,41.1,25,40.5
2023-06-13T13:00,41.5,23,40.3
2023-06-13T14:00,41.9,20,39.7
2023-06-13T15:00,41.6,18,38.2
2023-06-13T16:00,41.0,18,37.6
2023-06-13T17:00,41.1,20,38.2
2023-06-13T18:00,39.9,22,38.1
2023-06-13T19:00,37.7,26,36.9
2023-06-13T20:00,36.2,29,35.7
2023-06-13T21:00,35.3,29,34.4
2023-06-13T22:00,35.0,30,33.3
2023-06-13T23:00,34.5,32,33.2
2023-06-14T00:00,33.7,36,33.1
2023-06-14T01:00,33.0,39,32.9
2023-06-14T02:00,32.0,41,31.9
2023-06-14T03:00,31.4,41,31.0
2023-06-14T04:00,31.4,41,30.9
2023-06-14T05:00,30.7,49,31.5
2023-06-14T06:00,31.5,46,32.1
2023-06-14T07:00,33.1,42,33.4
2023-06-14T08:00,34.8,41,34.8
2023-06-14T09:00,36.6,40,36.6
2023-06-14T10:00,38.2,35,38.1
2023-06-14T11:00,39.2,31,39.3
2023-06-14T12:00,40.2,27,40.3
2023-06-14T13:00,40.5,26,40.2
2023-06-14T14:00,40.4,26,39.4
2023-06-14T15:00,40.2,25,38.7
2023-06-14T16:00,39.2,27,37.9
2023-06-14T17:00,38.0,31,37.0
2023-06-14T18:00,37.5,32,37.3
2023-06-14T19:00,37.2,32,37.3
2023-06-14T20:00,35.8,35,36.3
2023-06-14T21:00,35.0,37,35.7
2023-06-14T22:00,33.7,42,35.3
2023-06-14T23:00,32.9,44,34.7
2023-06-15T00:00,32.2,46,34.1
2023-06-15T01:00,31.6,48,33.6
2023-06-15T02:00,31.3,48,32.7
2023-06-15T03:00,31.2,47,31.7
2023-06-15T04:00,31.7,45,31.5
2023-06-15T05:00,31.0,52,31.2
2023-06-15T06:00,32.0,48,31.9
2023-06-15T07:00,33.3,43,32.2
2023-06-15T08:00,32.3,48,31.6
2023-06-15T09:00,33.5,45,33.6
2023-06-15T10:00,35.2,41,35.3
2023-06-15T11:00,36.3,38,36.8
2023-06-15T12:00,36.3,38,37.1
2023-06-15T13:00,37.0,36,38.1
2023-06-15T14:00,37.2,36,38.4
2023-06-15T15:00,37.4,36,38.0
2023-06-15T16:00,37.0,35,37.3
2023-06-15T17:00,34.3,43,37.2
2023-06-15T18:00,33.4,51,37.3
2023-06-15T19:00,32.1,58,36.2
2023-06-15T20:00,31.1,62,35.9
2023-06-15T21:00,30.5,64,35.4
2023-06-15T22:00,30.3,63,34.7
2023-06-15T23:00,30.3,56,33.3
2023-06-16T00:00,29.8,55,32.4
2023-06-16T01:00,29.4,56,31.8
2023-06-16T02:00,29.0,58,31.7
2023-06-16T03:00,28.6,60,31.3
2023-06-16T04:00,28.8,60,31.3
2023-06-16T05:00,27.4,66,28.8
2023-06-16T06:00,27.4,70,29.4
2023-06-16T07:00,30.2,58,32.9
2023-06-16T08:00,32.4,50,34.3
2023-06-16T09:00,33.9,45,35.2
2023-06-16T10:00,35.6,39,36.6
2023-06-16T11:00,36.8,36,38.0
2023-06-16T12:00,37.7,34,39.5
2023-06-16T13:00,38.7,32,40.3
2023-06-16T14:00,33.4,47,34.3
2023-06-16T15:00,30.4,64,32.7
2023-06-16T16:00,32.5,55,34.9
2023-06-16T17:00,35.5,42,38.2
2023-06-16T18:00,34.7,44,37.3
2023-06-16T19:00,33.3,48,35.9
2023-06-16T20:00,32.6,51,35.8
2023-06-16T21:00,32.3,52,35.9
2023-06-16T22:00,32.2,54,35.9
2023-06-16T23:00,31.5,57,34.9
2023-06-17T00:00,30.7,60,34.2
2023-06-17T01:00,30.2,61,34.0
2023-06-17T02:00,29.6,63,33.4
2023-06-17T03:00,29.2,65,32.7
2023-06-17T04:00,29.1,67,31.9
2023-06-17T05:00,26.3,82,30.5
2023-06-17T06:00,28.0,78,31.7
2023-06-17T07:00,29.4,70,33.0
2023-06-17T08:00,32.2,56,35.8
2023-06-17T09:00,34.5,45,37.1
2023-06-17T10:00,36.1,40,38.9
2023-06-17T11:00,37.3,37,40.7
2023-06-17T12:00,38.2,35,41.8
2023-06-17T13:00,38.7,33,42.0
2023-06-17T14:00,39.1,32,42.2
2023-06-17T15:00,39.3,31,41.2
2023-06-17T16:00,38.4,33,40.2
2023-06-17T17:00,33.8,49,38.1
2023-06-17T18:00,34.3,46,37.1
2023-06-17T19:00,33.8,47,37.6
2023-06-17T20:00,32.7,53,35.6
2023-06-17T21:00,30.6,65,34.4
2023-06-17T22:00,30.1,66,33.8
2023-06-17T23:00,29.2,71,32.8
2023-06-18T00:00,28.8,72,32.7
2023-06-18T01:00,28.8,70,33.4
2023-06-18T02:00,28.8,70,33.8
2023-06-18T03:00,28.9,70,34.2
2023-06-18T04:00,28.6,72,32.9
2023-06-18T05:00,28.4,83,34.6
2023-06-18T06:00,29.6,76,35.3
2023-06-18T07:00,30.2,71,35.0
2023-06-18T08:00,30.5,71,36.0
2023-06-18T09:00,32.2,62,37.2
2023-06-18T10:00,33.8,55,38.5
2023-06-18T11:00,35.2,50,40.5
2023-06-18T12:00,36.5,45,41.7
2023-06-18T13:00,37.4,41,41.8
2023-06-18T14:00,37.9,38,41.7
2023-06-18T15:00,38.7,35,41.3
2023-06-18T16:00,34.4,48,36.7
2023-06-18T17:00,32.6,55,35.7
2023-06-18T18:00,32.6,55,36.0
2023-06-18T19:00,32.1,58,35.8
2023-06-18T20:00,31.6,60,35.4
2023-06-18T21:00,31.3,60,34.9
2023-06-18T22:00,30.7,59,34.2
2023-06-18T23:00,30.1,61,33.4
2023-06-19T00:00,29.5,64,32.9
2023-06-19T01:00,29.1,64,32.4
2023-06-19T02:00,28.8,65,32.3
2023-06-19T03:00,28.7,66,32.6
2023-06-19T04:00,28.7,66,32.3
2023-06-19T05:00,28.4,75,33.4
2023-06-19T06:00,28.9,73,33.6
2023-06-19T07:00,27.7,88,33.7
2023-06-19T08:00,27.6,88,33.4
2023-06-19T09:00,27.4,89,33.5
2023-06-19T10:00,27.6,89,33.4
2023-06-19T11:00,27.6,88,33.2
2023-06-19T12:00,28.6,78,33.5
2023-06-19T13:00,29.6,72,34.4
2023-06-19T14:00,30.5,67,35.1
2023-06-19T15:00,32.3,60,36.6
2023-06-19T16:00,32.2,58,35.7
2023-06-19T17:00,31.7,62,36.2
2023-06-19T18:00,32.1,61,37.1
2023-06-19T19:00,31.5,65,36.2
2023-06-19T20:00,31.1,67,35.4
2023-06-19T21:00,30.6,69,35.1
2023-06-19T22:00,30.4,68,34.8
2023-06-19T23:00,30.4,67,34.4
2023-06-20T00:00,30.0,67,34.1
2023-06-20T01:00,29.1,69,33.2
2023-06-20T02:00,26.2,87,31.8
2023-06-20T03:00,26.8,85,32.5
2023-06-20T04:00,27.2,83,32.7
2023-06-20T05:00,27.0,81,32.2
2023-06-20T06:00,27.2,83,32.5
2023-06-20T07:00,26.1,87,29.4
2023-06-20T08:00,26.4,83,29.1
2023-06-20T09:00,28.7,73,33.2
2023-06-20T10:00,31.7,61,36.5
2023-06-20T11:00,33.6,55,38.1
2023-06-20T12:00,34.3,53,39.0
2023-06-20T13:00,34.6,51,39.6
2023-06-20T14:00,35.7,47,40.4
2023-06-20T15:00,36.5,43,40.0
2023-06-20T16:00,36.4,42,39.3
2023-06-20T17:00,34.1,52,38.3
2023-06-20T18:00,33.4,57,38.7
2023-06-20T19:00,31.8,70,38.4
2023-06-20T20:00,30.8,66,34.8
2023-06-20T21:00,29.8,68,33.8
2023-06-20T22:00,29.0,72,33.4
2023-06-20T23:00,28.6,74,33.2
2023-06-21T00:00,28.0,76,32.6
2023-06-21T01:00,27.7,78,31.9
2023-06-21T02:00,26.8,84,31.4
2023-06-21T03:00,26.8,85,31.3
2023-06-21T04:00,26.3,86,30.8
2023-06-21T05:00,28.1,78,31.6
2023-06-21T06:00,27.6,79,32.0
2023-06-21T07:00,25.9,91,31.5
2023-06-21T08:00,26.1,89,31.2
2023-06-21T09:00,26.4,89,32.3
2023-06-21T10:00,25.7,93,30.7
2023-06-21T11:00,27.1,86,33.1
2023-06-21T12:00,30.2,75,36.9
2023-06-21T13:00,31.7,70,38.4
2023-06-21T14:00,32.9,67,39.7
2023-06-21T15:00,33.7,64,40.2
2023-06-21T16:00,34.0,62,40.8
2023-06-21T17:00,35.6,53,41.2
2023-06-21T18:00,33.2,61,37.7
2023-06-21T19:00,30.6,73,36.6
2023-06-21T20:00,30.1,77,36.1
2023-06-21T21:00,30.3,73,36.4
2023-06-21T22:00,30.0,76,36.2
2023-06-21T23:00,29.9,76,35.8
2023-06-22T00:00,29.7,77,35.5
2023-06-22T01:00,29.5,77,35.0
2023-06-22T02:00,29.3,76,34.6
2023-06-22T03:00,28.4,81,32.4
2023-06-22T04:00,28.2,85,33.6
2023-06-22T05:00,28.9,83,34.6
2023-06-22T06:00,27.3,88,32.1
2023-06-22T07:00,27.1,89,32.8
2023-06-22T08:00,30.1,79,36.8
2023-06-22T09:00,31.7,72,38.7
2023-06-22T10:00,32.4,68,39.3
2023-06-22T11:00,32.5,68,38.7
2023-06-22T12:00,32.6,68,38.6
2023-06-22T13:00,33.2,67,39.3
2023-06-22T14:00,34.0,64,41.9
2023-06-22T15:00,34.5,61,40.6
2023-06-22T16:00,33.9,62,39.5
2023-06-22T17:00,36.1,52,41.9
2023-06-22T18:00,34.9,60,41.6
2023-06-22T19:00,33.5,62,39.2
2023-06-22T20:00,32.3,67,38.2
2023-06-22T21:00,31.5,72,38.2
2023-06-22T22:00,31.3,71,36.6
2023-06-22T23:00,30.8,72,36.2
2023-06-23T00:00,30.2,74,35.4
2023-06-23T01:00,29.8,73,34.8
2023-06-23T02:00,29.7,73,35.1
2023-06-23T03:00,26.1,94,30.2
2023-06-23T04:00,27.2,87,32.6
2023-06-23T05:00,27.8,92,32.7
2023-06-23T06:00,27.5,91,33.0
2023-06-23T07:00,27.9,89,33.9
2023-06-23T08:00,29.0,84,35.0
2023-06-23T09:00,29.9,80,35.3
2023-06-23T10:00,30.9,74,36.7
2023-06-23T11:00,32.7,67,39.5
2023-06-23T12:00,33.9,63,40.3
2023-06-23T13:00,34.7,60,41.5
2023-06-23T14:00,34.9,60,42.1
2023-06-23T15:00,35.3,58,42.2
2023-06-23T16:00,35.4,57,41.9
2023-06-23T17:00,33.6,68,40.8
2023-06-23T18:00,32.6,78,41.2
2023-06-23T19:00,30.8,85,38.9
2023-06-23T20:00,30.7,83,38.0
2023-06-23T21:00,30.3,80,36.9
2023-06-23T22:00,29.9,80,36.6
2023-06-23T23:00,29.3,85,36.2
2023-06-24T00:00,29.1,84,36.2
2023-06-24T01:00,29.0,84,35.7
2023-06-24T02:00,28.4,88,35.4
2023-06-24T03:00,28.2,89,35.1
2023-06-24T04:00,27.7,90,32.4
2023-06-24T05:00,28.9,79,34.6
2023-06-24T06:00,27.9,83,32.8
2023-06-24T07:00,28.2,85,34.8
2023-06-24T08:00,29.0,81,34.5
2023-06-24T09:00,29.4,82,34.8
2023-06-24T10:00,30.8,75,36.5
2023-06-24T11:00,32.2,69,38.5
2023-06-24T12:00,32.7,67,39.3
2023-06-24T13:00,33.7,63,40.6
2023-06-24T14:00,34.3,62,41.2
2023-06-24T15:00,34.5,60,41.2
2023-06-24T16:00,34.5,61,41.2
2023-06-24T17:00,34.4,59,40.4
2023-06-24T18:00,33.5,63,39.1
2023-06-24T19:00,32.3,69,38.2
2023-06-24T20:00,31.5,73,37.5
2023-06-24T21:00,31.0,75,37.2
2023-06-24T22:00,30.5,77,36.4
2023-06-24T23:00,30.2,79,35.8
2023-06-25T00:00,29.6,83,36.2
2023-06-25T01:00,29.0,86,35.5
2023-06-25T02:00,28.6,89,34.1
2023-06-25T03:00,26.6,94,32.1
2023-06-25T04:00,26.7,96,32.3
2023-06-25T05:00,26.1,94,31.9
2023-06-25T06:00,26.2,95,32.2
2023-06-25T07:00,26.1,95,32.5
2023-06-25T08:00,26.5,93,33.1
2023-06-25T09:00,27.0,93,32.9
2023-06-25T10:00,27.7,88,34.0
2023-06-25T11:00,28.7,83,35.2
2023-06-25T12:00,29.8,77,35.9
2023-06-25T13:00,30.6,74,36.6
2023-06-25T14:00,31.3,69,37.5
2023-06-25T15:00,32.0,65,38.1
2023-06-25T16:00,32.3,63,38.0
2023-06-25T17:00,28.6,81,34.0
2023-06-25T18:00,27.9,85,33.2
2023-06-25T19:00,26.8,91,32.8
2023-06-25T20:00,26.3,94,32.5
2023-06-25T21:00,26.1,95,32.3
2023-06-25T22:00,26.0,96,32.2
2023-06-25T23:00,25.8,96,32.0
2023-06-26T00:00,25.6,97,31.8
2023-06-26T01:00,25.7,96,31.6
2023-06-26T02:00,25.5,97,31.3
2023-06-26T03:00,25.4,97,30.9
2023-06-26T04:00,25.1,97,30.6
2023-06-26T05:00,25.3,95,30.9
2023-06-26T06:00,25.7,93,31.1
2023-06-26T07:00,26.3,89,31.8
2023-06-26T08:00,26.8,86,32.3
2023-06-26T09:00,28.4,78,34.1
2023-06-26T10:00,30.2,70,36.0
2023-06-26T11:00,31.2,66,36.8
2023-06-26T12:00,32.2,63,39.0
2023-06-26T13:00,32.4,62,39.2
2023-06-26T14:00,32.7,61,38.9
2023-06-26T15:00,32.8,59,37.8
2023-06-26T16:00,32.8,60,37.9
2023-06-26T17:00,27.4,89,33.5
2023-06-26T18:00,27.6,88,33.7
2023-06-26T19:00,27.1,91,33.9
2023-06-26T20:00,27.0,92,33.9
2023-06-26T21:00,27.0,92,33.8
2023-06-26T22:00,26.5,94,33.0
2023-06-26T23:00,26.2,95,32.6
2023-06-27T00:00,26.0,94,32.2
2023-06-27T01:00,25.4,96,30.8
2023-06-27T02:00,25.3,96,31.2
2023-06-27T03:00,25.2,97,31.0
2023-06-27T04:00,25.4,96,31.3
2023-06-27T05:00,25.6,94,30.5
2023-06-27T06:00,25.7,94,31.1
2023-06-27T07:00,26.6,91,33.1
2023-06-27T08:00,27.7,88,34.5
2023-06-27T09:00,29.4,79,36.0
2023-06-27T10:00,30.8,75,38.1
2023-06-27T11:00,31.9,72,40.1
2023-06-27T12:00,32.7,68,40.6
2023-06-27T13:00,33.5,63,40.6
2023-06-27T14:00,33.6,62,40.2
2023-06-27T15:00,33.6,62,39.4
2023-06-27T16:00,32.7,66,38.6
2023-06-27T17:00,29.5,77,33.5
2023-06-27T18:00,29.2,77,34.2
2023-06-27T19:00,28.6,81,33.9
2023-06-27T20:00,28.0,83,33.1
2023-06-27T21:00,27.7,84,32.9
2023-06-27T22:00,27.4,86,32.5
2023-06-27T23:00,27.2,88,32.6
2023-06-28T00:00,26.9,90,32.5
2023-06-28T01:00,26.8,91,32.4
2023-06-28T02:00,26.7,91,32.5
2023-06-28T03:00,26.6,91,32.6
2023-06-28T04:00,26.5,92,32.5
2023-06-28T05:00,26.6,89,31.2
2023-06-28T06:00,26.1,90,30.4
2023-06-28T07:00,26.0,88,31.6
2023-06-28T08:00,27.1,86,32.8
2023-06-28T09:00,28.7,81,34.1
2023-06-28T10:00,31.0,71,36.4
2023-06-28T11:00,32.2,67,38.3
2023-06-28T12:00,33.0,66,39.5
2023-06-28T13:00,33.5,64,40.1
2023-06-28T14:00,34.0,61,40.2
2023-06-28T15:00,34.0,60,39.3
2023-06-28T16:00,32.3,67,37.5
2023-06-28T17:00,29.2,79,35.0
2023-06-28T18:00,29.5,81,35.6
2023-06-28T19:00,29.1,84,35.6
2023-06-28T20:00,28.7,87,35.8
2023-06-28T21:00,28.5,88,35.6
2023-06-28T22:00,28.3,88,35.0
2023-06-28T23:00,27.9,89,34.4
2023-06-29T00:00,27.5,89,33.7
2023-06-29T01:00,27.3,89,33.3
2023-06-29T02:00,27.2,89,33.1
2023-06-29T03:00,27.1,90,32.8
2023-06-29T04:00,27.0,91,32.9
2023-06-29T05:00,26.7,91,31.8
2023-06-29T06:00,25.8,93,30.4
2023-06-29T07:00,26.6,90,32.5
2023-06-29T08:00,26.2,90,30.3
2023-06-29T09:00,26.2,89,30.5
2023-06-29T10:00,28.8,79,33.1
2023-06-29T11:00,29.8,76,34.4
2023-06-29T12:00,30.8,70,34.8
2023-06-29T13:00,32.0,65,36.5
2023-06-29T14:00,32.4,64,37.6
2023-06-29T15:00,32.3,65,37.2
2023-06-29T16:00,32.1,64,36.5
2023-06-29T17:00,30.6,74,36.3
2023-06-29T18:00,29.6,79,36.3
2023-06-29T19:00,28.8,83,35.1
2023-06-29T20:00,28.2,88,34.6
2023-06-29T21:00,27.7,90,34.5
2023-06-29T22:00,27.4,92,33.9
2023-06-29T23:00,27.1,92,33.5
2023-06-30T00:00,26.2,93,30.9
2023-06-30T01:00,26.1,93,32.0
2023-06-30T02:00,25.8,95,31.3
2023-06-30T03:00,25.3,96,31.0
2023-06-30T04:00,25.4,95,31.2
2023-06-30T05:00,26.8,91,32.6
2023-06-30T06:00,27.3,89,32.9
2023-06-30T07:00,27.4,88,32.5
2023-06-30T08:00,28.5,82,33.5
2023-06-30T09:00,30.1,73,34.7
2023-06-30T10:00,31.8,66,36.6
2023-06-30T11:00,32.8,62,38.2
2023-06-30T12:00,33.5,60,39.9
2023-06-30T13:00,33.8,59,40.5
2023-06-30T14:00,33.9,60,41.1
2023-06-30T15:00,33.8,60,40.2
2023-06-30T16:00,31.5,70,36.9
2023-06-30T17:00,28.3,83,33.4
2023-06-30T18:00,28.2,84,33.6
2023-06-30T19:00,27.8,86,33.2
2023-06-30T20:00,27.5,87,33.1
2023-06-30T21:00,27.2,89,33.1
2023-06-30T22:00,27.0,90,32.8
2023-06-30T23:00,26.8,90,32.6
2023-07-01T00:00,26.6,90,32.3
2023-07-01T01:00,26.3,90,31.9
2023-07-01T02:00,26.0,91,31.6
2023-07-01T03:00,25.8,92,30.9
2023-07-01T04:00,25.5,92,30.2
2023-07-01T05:00,24.8,92,27.1
2023-07-01T06:00,24.6,92,28.4
2023-07-01T07:00,26.4,85,30.3
2023-07-01T08:00,28.8,76,33.4
2023-07-01T09:00,30.4,69,35.1
2023-07-01T10:00,31.7,65,37.2
2023-07-01T11:00,32.7,62,39.0
2023-07-01T12:00,33.5,59,40.1
2023-07-01T13:00,33.5,60,39.3
2023-07-01T14:00,33.7,59,39.0
2023-07-01T15:00,32.8,61,37.4
2023-07-01T16:00,32.9,60,37.7
2023-07-01T17:00,30.7,74,35.8
2023-07-01T18:00,30.0,76,35.1
2023-07-01T19:00,29.3,80,35.1
2023-07-01T20:00,28.6,83,34.3
2023-07-01T21:00,28.3,85,33.9
2023-07-01T22:00,27.9,87,33.6
2023-07-01T23:00,27.7,88,33.3
2023-07-02T00:00,27.4,89,32.9
2023-07-02T01:00,27.1,90,32.8
2023-07-02T02:00,26.8,91,32.4
2023-07-02T03:00,26.4,93,32.7
2023-07-02T04:00,25.9,93,32.1
2023-07-02T05:00,26.5,94,32.6
2023-07-02T06:00,26.9,90,32.5
2023-07-02T07:00,27.9,85,33.8
2023-07-02T08:00,29.3,79,35.5
2023-07-02T09:00,30.7,73,37.2
2023-07-02T10:00,32.1,66,38.6
2023-07-02T11:00,33.1,61,39.0
2023-07-02T12:00,33.9,57,39.8
2023-07-02T13:00,34.3,55,40.0
2023-07-02T14:00,35.0,53,40.8
2023-07-02T15:00,35.3,51,40.5
2023-07-02T16:00,35.2,51,39.8
2023-07-02T17:00,34.2,57,39.3
2023-07-02T18:00,33.5,62,39.6
2023-07-02T19:00,31.7,69,37.8
2023-07-02T20:00,30.9,72,36.6
2023-07-02T21:00,30.2,73,35.5
2023-07-02T22:00,29.6,75,34.8
2023-07-02T23:00,29.1,77,34.2
2023-07-03T00:00,28.7,79,33.5
2023-07-03T01:00,28.4,80,33.2
2023-07-03T02:00,28.1,80,32.9
2023-07-03T03:00,27.8,82,32.9
2023-07-03T04:00,27.6,83,32.8
2023-07-03T05:00,27.1,89,33.0
2023-07-03T06:00,27.9,86,34.0
2023-07-03T07:00,29.5,79,35.3
2023-07-03T08:00,30.2,76,35.8
2023-07-03T09:00,31.4,71,37.8
2023-07-03T10:00,32.5,68,40.0
2023-07-03T11:00,33.8,62,41.4
2023-07-03T12:00,34.7,58,41.9
2023-07-03T13:00,35.3,55,42.0
2023-07-03T14:00,35.8,53,42.2
2023-07-03T15:00,36.1,51,41.6
2023-07-03T16:00,36.2,49,41.0
2023-07-03T17:00,36.6,50,42.4
2023-07-03T18:00,35.0,60,42.3
2023-07-03T19:00,30.1,77,34.2
2023-07-03T20:00,28.6,84,34.0
2023-07-03T21:00,27.9,85,32.4
2023-07-03T22:00,28.5,81,33.4
2023-07-03T23:00,28.3,82,33.4
2023-07-04T00:00,27.8,83,34.0
2023-07-04T01:00,26.7,87,30.7
2023-07-04T02:00,26.8,86,30.9
2023-07-04T03:00,26.5,88,31.5
2023-07-04T04:00,26.1,93,30.5
2023-07-04T05:00,28.9,84,35.2
2023-07-04T06:00,27.6,88,32.8
2023-07-04T07:00,27.4,84,31.4
2023-07-04T08:00,29.6,75,34.6
2023-07-04T09:00,31.8,67,36.9
2023-07-04T10:00,33.4,63,39.5
2023-07-04T11:00,34.7,59,41.7
2023-07-04T12:00,35.6,56,43.2
2023-07-04T13:00,36.3,53,44.0
2023-07-04T14:00,36.7,51,43.4
2023-07-04T15:00,36.7,50,42.6
2023-07-04T16:00,36.1,51,41.7
2023-07-04T17:00,31.5,72,38.5
2023-07-04T18:00,31.8,70,37.9
2023-07-04T19:00,30.8,75,36.7
2023-07-04T20:00,29.8,81,35.7
2023-07-04T21:00,29.0,83,34.4
2023-07-04T22:00,28.4,84,33.6
2023-07-04T23:00,28.1,85,33.4
2023-07-05T00:00,27.9,86,33.2
2023-07-05T01:00,27.8,86,33.0
2023-07-05T02:00,27.7,88,32.8
2023-07-05T03:00,27.6,89,32.6
2023-07-05T04:00,27.3,90,32.5
2023-07-05T05:00,27.5,91,32.9
2023-07-05T06:00,25.7,96,30.1
2023-07-05T07:00,24.4,96,29.0
2023-07-05T08:00,25.4,94,31.1
2023-07-05T09:00,27.7,85,32.8
2023-07-05T10:00,29.7,77,34.7
2023-07-05T11:00,31.4,71,36.9
2023-07-05T12:00,31.7,70,37.1
2023-07-05T13:00,32.2,67,37.7
2023-07-05T14:00,32.9,63,38.9
2023-07-05T15:00,33.6,60,39.4
2023-07-05T16:00,33.3,61,38.3
2023-07-05T17:00,29.8,80,35.4
2023-07-05T18:00,30.3,76,36.0
2023-07-05T19:00,29.8,78,35.6
2023-07-05T20:00,29.2,81,34.9
2023-07-05T21:00,28.8,82,34.3
2023-07-05T22:00,28.4,82,33.4
2023-07-05T23:00,28.1,84,33.1
2023-07-06T00:00,27.8,85,32.8
2023-07-06T01:00,27.4,87,32.4
2023-07-06T02:00,27.0,89,32.2
2023-07-06T03:00,26.7,91,31.9
2023-07-06T04:00,26.4,92,31.3
2023-07-06T05:00,25.6,93,29.8
2023-07-06T06:00,25.3,90,29.4
2023-07-06T07:00,26.4,86,30.7
2023-07-06T08:00,27.2,80,31.4
2023-07-06T09:00,29.0,74,33.5
2023-07-06T10:00,29.7,73,34.6
2023-07-06T11:00,31.0,69,36.1
2023-07-06T12:00,32.3,62,37.9
2023-07-06T13:00,33.1,59,38.9
2023-07-06T14:00,33.0,59,38.0
2023-07-06T15:00,33.0,58,37.8
2023-07-06T16:00,33.1,59,37.9
2023-07-06T17:00,30.1,72,34.6
2023-07-06T18:00,29.7,73,34.2
2023-07-06T19:00,29.3,74,34.0
2023-07-06T20:00,29.0,76,34.0
2023-07-06T21:00,28.7,77,33.9
2023-07-06T22:00,28.4,79,33.7
2023-07-06T23:00,28.4,79,33.7
2023-07-07T00:00,28.1,81,33.5
2023-07-07T01:00,27.8,83,33.3
2023-07-07T02:00,27.6,84,33.0
2023-07-07T03:00,25.9,93,31.9
2023-07-07T04:00,26.0,91,31.4
2023-07-07T05:00,26.0,93,31.7
2023-07-07T06:00,25.2,95,29.1
2023-07-07T07:00,24.9,95,30.6
2023-07-07T08:00,27.1,85,32.2
2023-07-07T09:00,29.1,79,34.0
2023-07-07T10:00,29.6,78,34.9
2023-07-07T11:00,30.9,72,35.8
2023-07-07T12:00,31.5,70,36.5
2023-07-07T13:00,31.9,68,37.7
2023-07-07T14:00,32.8,65,38.8
2023-07-07T15:00,33.3,60,38.3
2023-07-07T16:00,32.8,62,37.3
2023-07-07T17:00,29.1,83,35.5
2023-07-07T18:00,27.5,89,33.3
2023-07-07T19:00,27.8,90,33.9
2023-07-07T20:00,27.7,91,34.7
2023-07-07T21:00,27.6,92,34.5
2023-07-07T22:00,27.6,93,34.4
2023-07-07T23:00,27.5,93,34.0
2023-07-08T00:00,27.4,95,33.9
2023-07-08T01:00,27.1,96,33.7
2023-07-08T02:00,26.9,96,33.3
2023-07-08T03:00,26.1,97,32.0
2023-07-08T04:00,26.1,96,32.2
2023-07-08T05:00,26.2,93,31.9
2023-07-08T06:00,26.7,94,32.7
2023-07-08T07:00,27.0,96,33.0
2023-07-08T08:00,27.9,90,33.3
2023-07-08T09:00,28.6,84,33.6
2023-07-08T10:00,29.6,80,34.7
2023-07-08T11:00,27.1,86,30.4
2023-07-08T12:00,26.6,93,31.8
2023-07-08T13:00,27.6,88,33.0
2023-07-08T14:00,27.9,87,33.0
2023-07-08T15:00,29.6,79,34.6
2023-07-08T16:00,29.1,79,33.7
2023-07-08T17:00,26.9,92,32.1
2023-07-08T18:00,27.0,93,32.5
2023-07-08T19:00,26.8,94,32.5
2023-07-08T20:00,26.6,94,32.0
2023-07-08T21:00,26.3,95,31.7
2023-07-08T22:00,26.3,95,32.1
2023-07-08T23:00,26.1,97,31.7
2023-07-09T00:00,25.9,96,30.5
2023-07-09T01:00,25.6,96,30.0
2023-07-09T02:00,25.6,96,30.1
2023-07-09T03:00,25.4,96,30.1
2023-07-09T04:00,25.1,98,30.5
2023-07-09T05:00,25.6,94,30.8
2023-07-09T06:00,25.5,97,31.0
2023-07-09T07:00,25.5,97,30.5
2023-07-09T08:00,26.1,93,30.7
2023-07-09T09:00,25.9,95,30.5
2023-07-09T10:00,26.1,94,30.7
2023-07-09T11:00,26.5,90,30.7
2023-07-09T12:00,27.8,85,32.2
2023-07-09T13:00,28.5,82,33.2
2023-07-09T14:00,30.8,74,36.4
2023-07-09T15:00,30.8,76,36.5
2023-07-09T16:00,29.8,78,35.4
2023-07-09T17:00,28.5,86,34.8
2023-07-09T18:00,28.1,92,34.7
2023-07-09T19:00,27.5,94,33.7
2023-07-09T20:00,27.2,95,33.9
2023-07-09T21:00,27.1,95,33.5
2023-07-09T22:00,27.0,96,33.4
2023-07-09T23:00,26.9,97,33.2
2023-07-10T00:00,26.8,97,33.1
2023-07-10T01:00,26.5,97,32.8
2023-07-10T02:00,26.3,98,32.5
2023-07-10T03:00,26.2,97,32.4
2023-07-10T04:00,25.8,96,31.7
2023-07-10T05:00,26.0,97,32.7
2023-07-10T06:00,26.0,97,32.5
2023-07-10T07:00,26.3,95,32.6
2023-07-10T08:00,27.1,92,33.4
2023-07-10T09:00,28.0,88,33.9
2023-07-10T10:00,29.1,83,35.6
2023-07-10T11:00,30.9,74,37.5
2023-07-10T12:00,29.5,77,34.6
2023-07-10T13:00,30.6,77,37.6
2023-07-10T14:00,29.6,80,35.6
2023-07-10T15:00,30.1,80,37.0
2023-07-10T16:00,31.0,77,38.0
2023-07-10T17:00,28.1,89,33.6
2023-07-10T18:00,27.4,93,33.4
2023-07-10T19:00,26.9,93,32.9
2023-07-10T20:00,26.5,95,32.5
2023-07-10T21:00,26.1,97,32.6
2023-07-10T22:00,26.1,97,32.6
2023-07-10T23:00,26.0,98,32.5
2023-07-11T00:00,25.6,99,31.9
2023-07-11T01:00,26.0,98,32.7
2023-07-11T02:00,25.9,96,32.5
2023-07-11T03:00,25.7,97,31.8
2023-07-11T04:00,25.2,99,30.7
2023-07-11T05:00,25.6,97,30.7
2023-07-11T06:00,25.9,95,31.1
2023-07-11T07:00,26.2,93,31.5
2023-07-11T08:00,27.1,88,32.6
2023-07-11T09:00,28.5,82,34.3
2023-07-11T10:00,30.0,75,35.8
2023-07-11T11:00,31.2,71,37.3
2023-07-11T12:00,32.0,67,39.2
2023-07-11T13:00,32.5,65,39.7
2023-07-11T14:00,32.9,62,39.8
2023-07-11T15:00,33.3,60,39.0
2023-07-11T16:00,33.1,60,38.7
2023-07-11T17:00,29.5,83,36.0
2023-07-11T18:00,29.3,83,35.5
2023-07-11T19:00,28.6,87,35.1
2023-07-11T20:00,28.1,90,35.0
2023-07-11T21:00,27.8,92,34.5
2023-07-11T22:00,27.5,93,33.9
2023-07-11T23:00,27.2,94,33.6
2023-07-12T00:00,27.0,95,33.7
2023-07-12T01:00,26.6,97,33.3
2023-07-12T02:00,26.4,98,33.1
2023-07-12T03:00,26.2,99,32.9
2023-07-12T04:00,26.1,99,32.4
2023-07-12T05:00,25.7,99,30.9
2023-07-12T06:00,25.7,99,31.7
2023-07-12T07:00,26.7,94,32.4
2023-07-12T08:00,28.0,85,34.1
2023-07-12T09:00,29.7,79,35.7
2023-07-12T10:00,30.8,75,37.1
2023-07-12T11:00,31.6,73,38.8
2023-07-12T12:00,32.4,70,39.7
2023-07-12T13:00,33.1,67,40.4
2023-07-12T14:00,33.5,65,40.6
2023-07-12T15:00,33.5,63,39.7
2023-07-12T16:00,29.0,85,34.3
2023-07-12T17:00,30.7,78,36.5
2023-07-12T18:00,27.6,90,33.4
2023-07-12T19:00,26.9,94,32.5
2023-07-12T20:00,26.9,92,33.2
2023-07-12T21:00,26.9,93,32.7
2023-07-12T22:00,26.9,95,32.7
2023-07-12T23:00,26.7,95,32.9
2023-07-13T00:00,26.5,95,32.9
2023-07-13T01:00,26.3,97,32.7
2023-07-13T02:00,26.1,98,32.8
2023-07-13T03:00,26.0,98,32.6
2023-07-13T04:00,26.0,95,31.6
2023-07-13T05:00,26.7,95,32.2
2023-07-13T06:00,26.9,91,32.2
2023-07-13T07:00,27.6,89,33.2
2023-07-13T08:00,28.8,84,34.0
2023-07-13T09:00,29.8,79,35.1
2023-07-13T10:00,30.9,74,36.4
2023-07-13T11:00,32.1,69,38.7
2023-07-13T12:00,32.9,65,40.2
2023-07-13T13:00,32.8,66,39.9
2023-07-13T14:00,33.0,67,40.6
2023-07-13T15:00,33.2,66,40.0
2023-07-13T16:00,32.2,70,38.5
2023-07-13T17:00,31.1,71,35.8
2023-07-13T18:00,30.5,74,36.0
2023-07-13T19:00,29.4,79,34.8
2023-07-13T20:00,28.6,84,34.6
2023-07-13T21:00,27.9,88,33.4
2023-07-13T22:00,27.4,91,33.0
2023-07-13T23:00,27.1,92,32.5
2023-07-14T00:00,26.8,92,32.3
2023-07-14T01:00,26.6,93,32.3
2023-07-14T02:00,26.4,95,32.3
2023-07-14T03:00,26.2,96,32.0
2023-07-14T04:00,25.9,97,31.4
2023-07-14T05:00,25.7,93,30.5
2023-07-14T06:00,26.1,93,31.5
2023-07-14T07:00,27.0,87,32.8
2023-07-14T08:00,28.1,80,34.2
2023-07-14T09:00,29.5,76,35.7
2023-07-14T10:00,31.0,71,37.3
2023-07-14T11:00,32.0,68,39.4
2023-07-14T12:00,32.6,65,39.9
2023-07-14T13:00,33.3,61,40.7
2023-07-14T14:00,33.8,59,40.5
2023-07-14T15:00,33.7,59,39.1
2023-07-14T16:00,33.7,60,39.3
2023-07-14T17:00,28.0,91,35.2
2023-07-14T18:00,26.2,95,31.1
2023-07-14T19:00,26.2,93,32.3
2023-07-14T20:00,26.5,92,32.4
2023-07-14T21:00,26.7,91,32.9
2023-07-14T22:00,26.5,92,32.5
2023-07-14T23:00,26.4,92,32.5
2023-07-15T00:00,26.2,95,32.6
2023-07-15T01:00,26.2,95,32.4
2023-07-15T02:00,26.0,95,32.2
2023-07-15T03:00,26.3,94,32.6
2023-07-15T04:00,26.1,95,32.3
2023-07-15T05:00,27.0,95,33.5
2023-07-15T06:00,27.5,93,34.9
2023-07-15T07:00,27.6,92,34.2
2023-07-15T08:00,28.6,86,35.3
2023-07-15T09:00,30.0,80,37.0
2023-07-15T10:00,31.2,74,38.3
2023-07-15T11:00,32.3,71,40.4
2023-07-15T12:00,32.9,69,40.7
2023-07-15T13:00,33.1,67,40.4
2023-07-15T14:00,33.3,66,40.3
2023-07-15T15:00,33.2,66,39.9
2023-07-15T16:00,28.5,85,32.6
2023-07-15T17:00,28.2,88,34.5
2023-07-15T18:00,28.1,90,35.0
2023-07-15T19:00,27.6,94,34.3
2023-07-15T20:00,26.8,96,32.7
2023-07-15T21:00,26.9,97,33.2
2023-07-15T22:00,26.2,96,31.8
2023-07-15T23:00,26.1,96,31.7
2023-07-16T00:00,26.0,96,32.0
2023-07-16T01:00,25.5,97,30.3
2023-07-16T02:00,25.4,96,31.3
2023-07-16T03:00,25.2,97,30.8
2023-07-16T04:00,25.2,98,30.5
2023-07-16T05:00,26.2,96,32.1
2023-07-16T06:00,26.1,97,31.5
2023-07-16T07:00,25.8,97,30.8
2023-07-16T08:00,26.6,94,32.8
2023-07-16T09:00,27.9,86,34.2
2023-07-16T10:00,29.7,76,36.2
2023-07-16T11:00,30.8,72,38.1
2023-07-16T12:00,32.1,66,39.8
2023-07-16T13:00,32.4,67,39.8
2023-07-16T14:00,32.7,67,40.2
2023-07-16T15:00,32.9,66,39.5
2023-07-16T16:00,32.9,66,39.5
2023-07-16T17:00,30.3,79,37.0
2023-07-16T18:00,30.6,78,37.7
2023-07-16T19:00,29.2,88,36.8
2023-07-16T20:00,28.9,90,36.4
2023-07-16T21:00,28.2,92,35.7
2023-07-16T22:00,27.8,95,35.2
2023-07-16T23:00,27.9,95,35.4
2023-07-17T00:00,28.3,91,35.9
2023-07-17T01:00,28.2,91,35.9
2023-07-17T02:00,27.3,96,34.4
2023-07-17T03:00,26.9,93,33.5
2023-07-17T04:00,26.3,96,33.1
2023-07-17T05:00,27.3,98,34.9
2023-07-17T06:00,28.3,91,35.7
2023-07-17T07:00,29.0,87,35.9
2023-07-17T08:00,29.7,83,37.2
2023-07-17T09:00,30.1,80,37.1
2023-07-17T10:00,29.9,80,36.1
2023-07-17T11:00,27.4,91,33.1
2023-07-17T12:00,30.7,74,38.2
2023-07-17T13:00,32.1,69,39.2
2023-07-17T14:00,32.8,66,40.3
2023-07-17T15:00,33.1,65,40.1
2023-07-17T16:00,33.3,63,39.9
2023-07-17T17:00,30.1,80,37.2
2023-07-17T18:00,28.8,85,34.9
2023-07-17T19:00,28.3,87,34.3
2023-07-17T20:00,27.7,92,34.3
2023-07-17T21:00,27.4,92,33.8
2023-07-17T22:00,27.2,92,33.5
2023-07-17T23:00,27.1,92,33.2
2023-07-18T00:00,27.1,92,33.0
2023-07-18T01:00,27.1,93,33.2
2023-07-18T02:00,27.0,95,33.1
2023-07-18T03:00,26.1,98,31.9
2023-07-18T04:00,26.2,99,32.4
2023-07-18T05:00,25.4,94,30.4
2023-07-18T06:00,26.3,92,32.0
2023-07-18T07:00,27.0,90,33.5
2023-07-18T08:00,28.4,84,34.0
2023-07-18T09:00,29.3,80,34.4
2023-07-18T10:00,29.9,78,35.2
2023-07-18T11:00,31.5,72,37.4
2023-07-18T12:00,30.9,71,36.4
2023-07-18T13:00,31.5,73,37.8
2023-07-18T14:00,31.7,70,37.3
2023-07-18T15:00,29.6,80,35.6
2023-07-18T16:00,30.7,77,36.8
2023-07-18T17:00,28.3,87,34.5
2023-07-18T18:00,27.6,88,32.3
2023-07-18T19:00,27.1,90,32.6
2023-07-18T20:00,27.0,91,32.9
2023-07-18T21:00,27.0,92,32.9
2023-07-18T22:00,26.8,93,32.3
2023-07-18T23:00,26.8,94,32.5
2023-07-19T00:00,26.8,95,32.7
2023-07-19T01:00,26.7,96,32.8
2023-07-19T02:00,26.6,97,32.7
2023-07-19T03:00,26.4,97,32.3
2023-07-19T04:00,26.3,97,32.0
2023-07-19T05:00,27.1,97,33.3
2023-07-19T06:00,27.6,95,34.5
2023-07-19T07:00,28.3,91,34.2
2023-07-19T08:00,27.4,89,32.5
2023-07-19T09:00,28.8,82,33.9
2023-07-19T10:00,29.7,79,35.2
2023-07-19T11:00,30.6,77,36.6
2023-07-19T12:00,31.7,72,38.4
2023-07-19T13:00,32.3,68,38.7
2023-07-19T14:00,33.0,64,39.1
2023-07-19T15:00,32.9,65,38.5
2023-07-19T16:00,32.6,65,37.8
2023-07-19T17:00,29.9,83,36.3
2023-07-19T18:00,29.5,83,36.2
2023-07-19T19:00,28.6,88,35.8
2023-07-19T20:00,27.9,93,35.3
2023-07-19T21:00,27.6,95,35.1
2023-07-19T22:00,27.5,95,34.8
2023-07-19T23:00,27.3,95,34.4
2023-07-20T00:00,27.2,94,34.0
2023-07-20T01:00,27.1,94,34.0
2023-07-20T02:00,26.9,95,33.7
2023-07-20T03:00,27.1,94,33.8
2023-07-20T04:00,27.2,92,33.5
2023-07-20T05:00,28.4,84,34.7
2023-07-20T06:00,28.4,85,34.5
2023-07-20T07:00,28.5,86,34.8
2023-07-20T08:00,27.7,86,32.9
2023-07-20T09:00,30.2,78,36.7
2023-07-20T10:00,32.0,73,39.1
2023-07-20T11:00,33.0,68,40.9
2023-07-20T12:00,34.0,62,42.3
2023-07-20T13:00,34.7,59,43.0
2023-07-20T14:00,35.1,56,42.7
2023-07-20T15:00,35.2,55,41.5
2023-07-20T16:00,34.9,56,40.5
2023-07-20T17:00,32.5,73,39.7
2023-07-20T18:00,28.5,92,34.3
2023-07-20T19:00,27.7,91,35.0
2023-07-20T20:00,27.9,91,34.6
2023-07-20T21:00,27.6,92,34.7
2023-07-20T22:00,27.2,91,33.3
2023-07-20T23:00,27.4,91,33.9
2023-07-21T00:00,27.5,90,34.0
2023-07-21T01:00,27.6,90,33.7
2023-07-21T02:00,27.7,89,33.9
2023-07-21T03:00,27.8,88,34.0
2023-07-21T04:00,27.9,88,33.8
2023-07-21T05:00,26.5,91,32.2
2023-07-21T06:00,27.9,86,34.1
2023-07-21T07:00,28.9,85,35.9
2023-07-21T08:00,30.6,79,38.3
2023-07-21T09:00,32.3,73,39.8
2023-07-21T10:00,33.7,68,41.1
2023-07-21T11:00,34.6,62,41.8
2023-07-21T12:00,34.9,59,41.0
2023-07-21T13:00,35.0,59,41.1
2023-07-21T14:00,35.3,56,40.8
2023-07-21T15:00,35.6,54,40.8
2023-07-21T16:00,35.1,55,40.0
2023-07-21T17:00,33.9,61,39.3
2023-07-21T18:00,32.8,70,39.7
2023-07-21T19:00,29.2,86,34.7
2023-07-21T20:00,28.9,84,34.4
2023-07-21T21:00,29.3,83,35.1
2023-07-21T22:00,29.6,85,35.8
2023-07-21T23:00,29.5,84,35.9
2023-07-22T00:00,28.7,87,35.4
2023-07-22T01:00,28.4,87,34.7
2023-07-22T02:00,28.5,83,33.9
2023-07-22T03:00,28.5,83,33.8
2023-07-22T04:00,28.3,86,34.0
2023-07-22T05:00,27.5,87,33.3
2023-07-22T06:00,27.2,92,32.6
2023-07-22T07:00,28.4,90,34.8
2023-07-22T08:00,30.7,82,36.9
2023-07-22T09:00,31.9,75,37.5
2023-07-22T10:00,29.9,80,34.9
2023-07-22T11:00,29.9,80,35.4
2023-07-22T12:00,32.3,74,38.5
2023-07-22T13:00,33.8,65,39.1
2023-07-22T14:00,34.2,61,39.1
2023-07-22T15:00,33.9,61,38.2
2023-07-22T16:00,33.8,62,38.1
2023-07-22T17:00,34.3,60,39.1
2023-07-22T18:00,33.1,64,37.8
2023-07-22T19:00,31.8,71,37.2
2023-07-22T20:00,31.1,73,36.4
2023-07-22T21:00,30.7,73,35.6
2023-07-22T22:00,30.3,74,35.0
2023-07-22T23:00,29.9,74,34.5
2023-07-23T00:00,29.5,75,33.9
2023-07-23T01:00,29.1,76,33.4
2023-07-23T02:00,28.8,77,33.1
2023-07-23T03:00,28.5,79,33.1
2023-07-23T04:00,28.3,81,32.8
2023-07-23T05:00,29.1,78,33.6
2023-07-23T06:00,29.4,78,34.0
2023-07-23T07:00,30.0,77,35.0
2023-07-23T08:00,30.8,74,35.2
2023-07-23T09:00,31.1,73,35.0
2023-07-23T10:00,31.8,71,36.6
2023-07-23T11:00,33.1,68,38.7
2023-07-23T12:00,33.5,65,39.4
2023-07-23T13:00,34.1,63,40.1
2023-07-23T14:00,34.2,62,39.7
2023-07-23T15:00,34.1,62,38.8
2023-07-23T16:00,33.5,64,38.2
2023-07-23T17:00,32.3,70,37.8
2023-07-23T18:00,31.6,72,37.3
2023-07-23T19:00,30.8,74,36.5
2023-07-23T20:00,30.1,78,36.3
2023-07-23T21:00,30.0,79,35.9
2023-07-23T22:00,29.9,77,35.1
2023-07-23T23:00,29.5,79,34.7
2023-07-24T00:00,29.1,81,34.6
2023-07-24T01:00,28.7,83,34.2
2023-07-24T02:00,28.4,85,34.0
2023-07-24T03:00,28.2,86,33.7
2023-07-24T04:00,27.9,87,33.8
2023-07-24T05:00,27.9,87,33.3
2023-07-24T06:00,28.3,88,34.2
2023-07-24T07:00,28.9,84,34.3
2023-07-24T08:00,30.2,78,35.5
2023-07-24T09:00,31.2,75,36.6
2023-07-24T10:00,32.0,72,37.8
2023-07-24T11:00,33.1,68,39.5
2023-07-24T12:00,33.7,65,40.0
2023-07-24T13:00,33.9,64,40.3
2023-07-24T14:00,34.1,63,40.3
2023-07-24T15:00,34.0,63,40.2
2023-07-24T16:00,33.8,63,40.0
2023-07-24T17:00,30.2,81,36.5
2023-07-24T18:00,28.0,90,33.6
2023-07-24T19:00,27.7,90,34.1
2023-07-24T20:00,27.7,93,33.8
2023-07-24T21:00,27.7,90,33.4
2023-07-24T22:00,27.5,91,33.5
2023-07-24T23:00,27.4,93,33.4
2023-07-25T00:00,27.2,94,32.6
2023-07-25T01:00,26.7,95,32.5
2023-07-25T02:00,25.6,94,30.6
2023-07-25T03:00,25.6,94,31.3
2023-07-25T04:00,25.6,94,30.3
2023-07-25T05:00,26.4,93,31.3
2023-07-25T06:00,26.6,91,32.9
2023-07-25T07:00,27.1,90,33.0
2023-07-25T08:00,27.7,88,33.4
2023-07-25T09:00,29.2,83,35.1
2023-07-25T10:00,30.8,77,36.7
2023-07-25T11:00,31.5,73,37.6
2023-07-25T12:00,32.8,70,40.0
2023-07-25T13:00,33.2,68,40.6
2023-07-25T14:00,33.8,65,40.6
2023-07-25T15:00,34.1,63,40.6
2023-07-25T16:00,34.1,63,40.3
2023-07-25T17:00,31.4,72,37.2
2023-07-25T18:00,30.2,78,35.4
2023-07-25T19:00,29.5,81,35.8
2023-07-25T20:00,29.2,83,35.8
2023-07-25T21:00,29.1,84,35.7
2023-07-25T22:00,28.6,86,34.7
2023-07-25T23:00,27.3,90,32.7
2023-07-26T00:00,26.3,94,31.6
2023-07-26T01:00,25.7,97,30.9
2023-07-26T02:00,26.1,95,31.0
2023-07-26T03:00,26.3,95,32.3
2023-07-26T04:00,26.0,97,31.9
2023-07-26T05:00,26.5,97,32.4
2023-07-26T06:00,26.2,95,31.7
2023-07-26T07:00,25.6,99,30.6
2023-07-26T08:00,25.6,95,30.3
2023-07-26T09:00,25.8,94,30.8
2023-07-26T10:00,26.4,90,30.8
2023-07-26T11:00,27.4,84,32.3
2023-07-26T12:00,28.5,80,33.8
2023-07-26T13:00,29.3,77,34.7
2023-07-26T14:00,29.3,77,34.7
2023-07-26T15:00,29.5,76,35.1
2023-07-26T16:00,29.7,76,35.4
2023-07-26T17:00,27.4,89,33.6
2023-07-26T18:00,27.3,91,34.4
2023-07-26T19:00,27.2,92,34.1
2023-07-26T20:00,26.8,95,33.8
2023-07-26T21:00,26.6,96,33.5
2023-07-26T22:00,26.6,96,33.3
2023-07-26T23:00,26.3,98,33.0
2023-07-27T00:00,26.5,97,33.4
2023-07-27T01:00,26.4,98,33.3
2023-07-27T02:00,26.4,98,33.1
2023-07-27T03:00,26.4,98,33.0
2023-07-27T04:00,26.3,98,32.9
2023-07-27T05:00,26.8,96,33.2
2023-07-27T06:00,27.3,95,33.8
2023-07-27T07:00,28.2,91,34.9
2023-07-27T08:00,28.8,85,35.6
2023-07-27T09:00,28.1,87,33.9
2023-07-27T10:00,28.8,83,34.9
2023-07-27T11:00,29.9,80,36.6
2023-07-27T12:00,30.6,78,37.7
2023-07-27T13:00,31.4,74,38.4
2023-07-27T14:00,31.6,74,38.5
2023-07-27T15:00,31.7,72,38.7
2023-07-27T16:00,31.7,71,38.2
2023-07-27T17:00,30.4,74,36.3
2023-07-27T18:00,28.8,89,35.6
2023-07-27T19:00,28.4,89,35.5
2023-07-27T20:00,28.0,92,35.5
2023-07-27T21:00,27.9,93,35.3
2023-07-27T22:00,27.8,94,35.1
2023-07-27T23:00,27.5,95,34.9
2023-07-28T00:00,27.1,97,34.3
2023-07-28T01:00,27.1,96,34.4
2023-07-28T02:00,27.0,97,34.2
2023-07-28T03:00,27.0,97,34.4
2023-07-28T04:00,26.8,97,33.9
2023-07-28T05:00,26.9,95,34.0
2023-07-28T06:00,26.6,94,32.4
2023-07-28T07:00,26.9,93,32.8
2023-07-28T08:00,27.3,91,33.7
2023-07-28T09:00,28.7,84,35.6
2023-07-28T10:00,29.8,78,36.3
2023-07-28T11:00,31.1,73,38.9
2023-07-28T12:00,32.2,69,40.0
2023-07-28T13:00,32.9,65,40.1
2023-07-28T14:00,32.7,65,38.5
2023-07-28T15:00,30.7,74,36.7
2023-07-28T16:00,29.6,79,35.9
2023-07-28T17:00,27.0,89,32.8
2023-07-28T18:00,26.7,92,32.5
2023-07-28T19:00,26.7,92,32.2
2023-07-28T20:00,26.7,94,32.7
2023-07-28T21:00,26.6,95,32.6
2023-07-28T22:00,26.3,94,31.9
2023-07-28T23:00,26.3,94,32.2
2023-07-29T00:00,26.4,95,32.9
2023-07-29T01:00,25.7,95,31.4
2023-07-29T02:00,25.9,95,32.0
2023-07-29T03:00,25.6,93,31.5
2023-07-29T04:00,25.6,95,31.1
2023-07-29T05:00,24.7,94,29.4
2023-07-29T06:00,25.2,94,30.5
2023-07-29T07:00,26.2,89,30.7
2023-07-29T08:00,27.3,84,32.0
2023-07-29T09:00,29.0,77,33.8
2023-07-29T10:00,29.8,74,34.7
2023-07-29T11:00,30.9,71,36.7
2023-07-29T12:00,31.1,69,36.2
2023-07-29T13:00,31.4,68,36.7
2023-07-29T14:00,28.5,78,32.8
2023-07-29T15:00,29.3,77,34.9
2023-07-29T16:00,30.4,74,36.1
2023-07-29T17:00,29.1,78,35.6
2023-07-29T18:00,29.2,78,35.6
2023-07-29T19:00,28.1,88,34.9
2023-07-29T20:00,27.8,88,34.2
2023-07-29T21:00,27.3,90,33.5
2023-07-29T22:00,27.1,90,33.2
2023-07-29T23:00,26.8,92,32.9
2023-07-30T00:00,26.5,93,32.7
2023-07-30T01:00,26.3,94,31.9
2023-07-30T02:00,26.1,94,31.4
2023-07-30T03:00,25.7,94,30.4
2023-07-30T04:00,25.0,93,28.9
2023-07-30T05:00,25.3,96,30.0
2023-07-30T06:00,25.8,94,30.9
2023-07-30T07:00,26.5,90,31.4
2023-07-30T08:00,27.9,83,32.8
2023-07-30T09:00,28.8,79,33.8
2023-07-30T10:00,30.1,73,35.5
2023-07-30T11:00,31.3,68,36.9
2023-07-30T12:00,32.3,64,38.6
2023-07-30T13:00,32.8,62,38.9
2023-07-30T14:00,33.0,60,38.4
2023-07-30T15:00,33.1,60,38.1
2023-07-30T16:00,32.9,61,37.5
2023-07-30T17:00,32.0,66,36.7
2023-07-30T18:00,30.7,75,36.8
2023-07-30T19:00,29.6,83,36.6
2023-07-30T20:00,28.8,85,35.9
2023-07-30T21:00,28.4,87,35.1
2023-07-30T22:00,28.3,86,34.3
2023-07-30T23:00,28.2,86,33.8
2023-07-31T00:00,27.8,86,33.1
2023-07-31T01:00,27.5,86,32.0
2023-07-31T02:00,26.5,88,30.1
2023-07-31T03:00,26.1,90,30.3
2023-07-31T04:00,26.0,93,30.7
2023-07-31T05:00,25.1,95,29.9
2023-07-31T06:00,25.5,95,30.9
2023-07-31T07:00,26.3,91,31.4
2023-07-31T08:00,27.6,88,33.3
2023-07-31T09:00,29.6,81,35.5
2023-07-31T10:00,31.3,73,37.5
2023-07-31T11:00,32.3,70,39.1
2023-07-31T12:00,33.1,66,40.5
2023-07-31T13:00,33.6,64,40.8
2023-07-31T14:00,33.5,63,39.6
2023-07-31T15:00,33.6,62,38.9
2023-07-31T16:00,33.3,61,37.7
2023-07-31T17:00,33.3,61,38.2
2023-07-31T18:00,32.0,66,36.9
2023-07-31T19:00,30.8,71,35.3
2023-07-31T20:00,29.6,76,34.3
2023-07-31T21:00,29.0,78,33.8
2023-07-31T22:00,28.7,81,33.7
2023-07-31T23:00,28.3,83,33.3
2023-08-01T00:00,28.1,84,33.0
2023-08-01T01:00,27.7,85,32.5
2023-08-01T02:00,27.3,87,32.1
2023-08-01T03:00,27.1,87,31.6
2023-08-01T04:00,26.9,87,31.3
2023-08-01T05:00,27.3,84,31.7
2023-08-01T06:00,27.7,83,31.8
2023-08-01T07:00,28.3,82,32.7
2023-08-01T08:00,29.6,78,34.1
2023-08-01T09:00,30.7,75,35.3
2023-08-01T10:00,32.0,72,37.7
2023-08-01T11:00,33.1,67,39.5
2023-08-01T12:00,33.9,62,40.5
2023-08-01T13:00,34.1,60,40.0
2023-08-01T14:00,34.6,56,39.7
2023-08-01T15:00,34.4,57,38.5
2023-08-01T16:00,33.9,59,37.9
2023-08-01T17:00,33.0,66,37.9
2023-08-01T18:00,31.2,75,36.0
2023-08-01T19:00,30.0,76,34.8
2023-08-01T20:00,29.7,77,34.8
2023-08-01T21:00,29.4,79,34.8
2023-08-01T22:00,29.4,80,34.8
2023-08-01T23:00,29.5,80,34.6
2023-08-02T00:00,29.3,78,33.6
2023-08-02T01:00,29.0,77,33.1
2023-08-02T02:00,28.5,82,33.2
2023-08-02T03:00,28.4,83,33.0
2023-08-02T04:00,28.3,82,32.6
2023-08-02T05:00,27.8,87,32.8
2023-08-02T06:00,28.5,84,33.5
2023-08-02T07:00,29.3,81,34.7
2023-08-02T08:00,30.4,76,35.1
2023-08-02T09:00,31.4,73,36.3
2023-08-02T10:00,32.6,70,38.3
2023-08-02T11:00,33.7,66,39.8
2023-08-02T12:00,34.7,62,41.4
2023-08-02T13:00,34.9,60,41.6
2023-08-02T14:00,35.1,59,41.3
2023-08-02T15:00,34.3,62,39.5
2023-08-02T16:00,31.9,72,38.1
2023-08-02T17:00,28.5,86,35.7
2023-08-02T18:00,28.6,86,35.7
2023-08-02T19:00,28.3,87,34.4
2023-08-02T20:00,28.2,90,35.1
2023-08-02T21:00,27.8,92,34.3
2023-08-02T22:00,27.5,92,33.8
2023-08-02T23:00,27.3,93,33.3
2023-08-03T00:00,27.1,92,32.9
2023-08-03T01:00,26.8,93,32.8
2023-08-03T02:00,26.8,94,32.7
2023-08-03T03:00,26.8,96,32.8
2023-08-03T04:00,26.8,93,32.2
2023-08-03T05:00,26.5,90,30.9
2023-08-03T06:00,27.2,86,31.3
2023-08-03T07:00,28.2,84,32.8
2023-08-03T08:00,29.3,79,33.5
2023-08-03T09:00,30.3,75,34.5
2023-08-03T10:00,31.4,71,36.4
2023-08-03T11:00,32.3,68,38.2
2023-08-03T12:00,33.1,66,39.7
2023-08-03T13:00,33.8,64,40.3
2023-08-03T14:00,34.1,62,40.0
2023-08-03T15:00,33.9,62,38.5
2023-08-03T16:00,33.7,64,38.9
2023-08-03T17:00,32.1,72,38.8
2023-08-03T18:00,28.0,90,34.4
2023-08-03T19:00,27.5,92,33.5
2023-08-03T20:00,27.7,92,34.2
2023-08-03T21:00,27.8,92,34.2
2023-08-03T22:00,27.8,90,34.0
2023-08-03T23:00,27.5,91,33.6
2023-08-04T00:00,27.1,92,33.1
2023-08-04T01:00,27.0,93,33.6
2023-08-04T02:00,26.8,93,33.5
2023-08-04T03:00,26.5,95,32.3
2023-08-04T04:00,26.0,97,32.1
2023-08-04T05:00,28.0,89,34.1
2023-08-04T06:00,28.0,90,35.1
2023-08-04T07:00,27.7,92,34.9
2023-08-04T08:00,27.8,90,34.4
2023-08-04T09:00,28.7,88,36.1
2023-08-04T10:00,29.3,84,36.5
2023-08-04T11:00,29.5,84,36.8
2023-08-04T12:00,29.9,83,37.4
2023-08-04T13:00,30.5,81,38.1
2023-08-04T14:00,31.0,78,38.3
2023-08-04T15:00,31.7,75,38.4
2023-08-04T16:00,31.7,74,38.1
2023-08-04T17:00,30.3,79,37.1
2023-08-04T18:00,30.3,79,37.6
2023-08-04T19:00,26.7,95,32.5
2023-08-04T20:00,27.2,92,34.3
2023-08-04T21:00,27.2,93,34.0
2023-08-04T22:00,27.0,94,33.7
2023-08-04T23:00,26.7,97,33.6
2023-08-05T00:00,26.5,98,33.6
2023-08-05T01:00,26.3,99,33.3
2023-08-05T02:00,26.4,98,33.3
2023-08-05T03:00,26.4,98,33.2
2023-08-05T04:00,26.4,97,33.0
2023-08-05T05:00,27.3,89,33.8
2023-08-05T06:00,27.3,92,33.9
2023-08-05T07:00,27.4,92,34.1
2023-08-05T08:00,28.0,90,34.6
2023-08-05T09:00,28.2,88,34.0
2023-08-05T10:00,29.3,82,35.7
2023-08-05T11:00,30.9,77,37.7
2023-08-05T12:00,32.0,74,39.3
2023-08-05T13:00,32.9,68,40.1
2023-08-05T14:00,33.6,63,40.1
2023-08-05T15:00,33.7,64,39.3
2023-08-05T16:00,33.5,64,38.8
2023-08-05T17:00,32.3,69,38.4
2023-08-05T18:00,31.5,77,38.9
2023-08-05T19:00,30.1,82,37.2
2023-08-05T20:00,29.8,82,36.6
2023-08-05T21:00,29.0,88,36.1
2023-08-05T22:00,29.0,86,36.0
2023-08-05T23:00,28.9,84,35.0
2023-08-06T00:00,28.7,83,34.6
2023-08-06T01:00,28.2,82,33.5
2023-08-06T02:00,27.9,80,32.8
2023-08-06T03:00,28.0,79,32.3
2023-08-06T04:00,27.9,79,32.0
2023-08-06T05:00,28.3,78,32.3
2023-08-06T06:00,28.2,76,31.8
2023-08-06T07:00,28.9,75,32.9
2023-08-06T08:00,29.8,72,33.5
2023-08-06T09:00,30.9,70,34.8
2023-08-06T10:00,32.2,66,36.8
2023-08-06T11:00,33.4,62,38.6
2023-08-06T12:00,34.0,59,39.1
2023-08-06T13:00,34.6,57,39.5
2023-08-06T14:00,34.8,57,39.8
2023-08-06T15:00,34.7,56,38.6
2023-08-06T16:00,33.1,63,37.2
2023-08-06T17:00,32.4,67,37.9
2023-08-06T18:00,30.7,75,36.9
2023-08-06T19:00,26.0,91,31.6
2023-08-06T20:00,26.7,91,33.4
2023-08-06T21:00,27.0,92,33.5
2023-08-06T22:00,27.2,89,32.7
2023-08-06T23:00,27.9,82,32.3
2023-08-07T00:00,27.9,77,31.6
2023-08-07T01:00,27.4,77,31.0
2023-08-07T02:00,27.2,77,30.6
2023-08-07T03:00,27.2,76,30.3
2023-08-07T04:00,27.2,76,29.9
2023-08-07T05:00,27.5,74,29.9
2023-08-07T06:00,27.6,75,30.1
2023-08-07T07:00,28.2,74,30.9
2023-08-07T08:00,29.1,72,31.7
2023-08-07T09:00,30.2,69,33.1
2023-08-07T10:00,31.4,66,35.2
2023-08-07T11:00,32.4,62,36.8
2023-08-07T12:00,32.8,60,37.5
2023-08-07T13:00,33.5,57,38.3
2023-08-07T14:00,34.0,55,38.4
2023-08-07T15:00,34.2,54,37.7
2023-08-07T16:00,34.0,55,37.5
2023-08-07T17:00,32.4,61,36.3
2023-08-07T18:00,31.1,66,35.6
2023-08-07T19:00,29.9,70,34.6
2023-08-07T20:00,29.3,71,33.4
2023-08-07T21:00,29.3,68,32.2
2023-08-07T22:00,28.8,71,32.2
2023-08-07T23:00,28.7,71,31.9
2023-08-08T00:00,28.6,70,31.3
2023-08-08T01:00,28.2,70,30.5
2023-08-08T02:00,27.6,71,29.7
2023-08-08T03:00,27.2,73,29.2
2023-08-08T04:00,26.9,74,28.8
2023-08-08T05:00,27.5,74,29.4
2023-08-08T06:00,27.5,76,29.6
2023-08-08T07:00,28.1,76,30.6
2023-08-08T08:00,29.0,74,31.5
2023-08-08T09:00,30.0,72,32.6
2023-08-08T10:00,31.3,67,34.7
2023-08-08T11:00,32.5,64,36.8
2023-08-08T12:00,33.3,60,37.6
2023-08-08T13:00,33.8,57,38.0
2023-08-08T14:00,34.4,54,38.6
2023-08-08T15:00,34.0,56,37.4
2023-08-08T16:00,33.8,57,37.4
2023-08-08T17:00,32.6,62,37.2
2023-08-08T18:00,31.7,66,36.7
2023-08-08T19:00,30.8,68,35.6
2023-08-08T20:00,30.3,68,34.9
2023-08-08T21:00,30.4,66,34.1
2023-08-08T22:00,30.0,65,33.1
2023-08-08T23:00,29.4,65,32.0
2023-08-09T00:00,29.0,66,31.4
2023-08-09T01:00,28.5,68,31.2
2023-08-09T02:00,28.1,70,30.7
2023-08-09T03:00,27.7,71,30.1
2023-08-09T04:00,27.4,72,29.8
2023-08-09T05:00,27.7,73,30.2
2023-08-09T06:00,27.8,74,30.4
2023-08-09T07:00,28.4,75,31.6
2023-08-09T08:00,29.2,73,32.3
2023-08-09T09:00,30.3,70,33.6
2023-08-09T10:00,31.8,66,35.6
2023-08-09T11:00,33.1,60,37.6
2023-08-09T12:00,33.5,57,38.2
2023-08-09T13:00,34.0,55,39.0
2023-08-09T14:00,34.4,54,39.3
2023-08-09T15:00,34.5,53,39.0
2023-08-09T16:00,34.5,52,38.4
2023-08-09T17:00,33.2,59,37.6
2023-08-09T18:00,32.2,62,37.1
2023-08-09T19:00,31.4,63,36.1
2023-08-09T20:00,30.6,66,35.2
2023-08-09T21:00,30.3,67,34.8
2023-08-09T22:00,29.5,69,33.4
2023-08-09T23:00,29.2,65,32.1
2023-08-10T00:00,28.9,65,31.6
2023-08-10T01:00,28.4,69,31.2
2023-08-10T02:00,28.0,72,31.2
2023-08-10T03:00,27.6,74,31.4
2023-08-10T04:00,27.3,77,30.7
2023-08-10T05:00,28.0,75,31.5
2023-08-10T06:00,28.1,76,31.7
2023-08-10T07:00,28.9,74,32.6
2023-08-10T08:00,29.9,70,33.3
2023-08-10T09:00,31.0,67,34.5
2023-08-10T10:00,32.1,63,36.5
2023-08-10T11:00,33.2,58,38.4
2023-08-10T12:00,33.7,56,39.1
2023-08-10T13:00,34.0,54,39.4
2023-08-10T14:00,33.9,53,38.1
2023-08-10T15:00,33.9,53,38.1
2023-08-10T16:00,33.7,53,37.6
2023-08-10T17:00,31.5,66,36.5
2023-08-10T18:00,28.7,78,33.6
2023-08-10T19:00,27.8,86,32.9
2023-08-10T20:00,27.5,84,32.3
2023-08-10T21:00,27.6,83,32.8
2023-08-10T22:00,27.8,83,33.3
2023-08-10T23:00,27.8,83,33.4
2023-08-11T00:00,27.6,84,32.7
2023-08-11T01:00,27.4,85,32.5
2023-08-11T02:00,27.2,84,32.4
2023-08-11T03:00,27.3,82,32.1
2023-08-11T04:00,27.5,77,31.4
2023-08-11T05:00,27.9,73,31.4
2023-08-11T06:00,28.3,68,31.1
2023-08-11T07:00,29.1,68,32.6
2023-08-11T08:00,30.4,65,33.9
2023-08-11T09:00,31.6,62,35.1
2023-08-11T10:00,32.9,58,37.1
2023-08-11T11:00,33.9,53,38.6
2023-08-11T12:00,34.4,50,39.0
2023-08-11T13:00,34.6,49,38.8
2023-08-11T14:00,34.6,49,38.6
2023-08-11T15:00,34.4,50,37.7
2023-08-11T16:00,34.0,51,37.2
2023-08-11T17:00,33.5,58,39.0
2023-08-11T18:00,30.4,78,37.2
2023-08-11T19:00,29.8,81,36.4
2023-08-11T20:00,30.3,71,35.6
2023-08-11T21:00,30.1,69,34.9
2023-08-11T22:00,29.6,70,34.0
2023-08-11T23:00,29.4,69,33.3
2023-08-12T00:00,29.2,68,32.5
2023-08-12T01:00,28.9,66,31.6
2023-08-12T02:00,28.7,63,30.8
2023-08-12T03:00,28.5,62,30.1
2023-08-12T04:00,28.2,62,29.8
2023-08-12T05:00,28.3,60,29.7
2023-08-12T06:00,28.2,62,29.8
2023-08-12T07:00,28.9,64,31.2
2023-08-12T08:00,30.1,62,32.2
2023-08-12T09:00,31.5,59,33.8
2023-08-12T10:00,32.9,55,35.7
2023-08-12T11:00,33.9,51,37.5
2023-08-12T12:00,34.8,48,39.0
2023-08-12T13:00,35.3,45,38.8
2023-08-12T14:00,35.3,44,37.5
2023-08-12T15:00,35.3,43,37.0
2023-08-12T16:00,34.8,46,36.9
2023-08-12T17:00,33.5,52,36.5
2023-08-12T18:00,32.4,54,35.2
2023-08-12T19:00,31.8,53,33.8
2023-08-12T20:00,31.3,54,33.5
2023-08-12T21:00,30.7,56,32.9
2023-08-12T22:00,30.3,57,32.3
2023-08-12T23:00,29.9,60,32.0
2023-08-13T00:00,29.5,63,31.9
2023-08-13T01:00,29.2,63,31.4
2023-08-13T02:00,28.8,64,30.7
2023-08-13T03:00,28.3,66,30.3
2023-08-13T04:00,27.9,68,29.9
2023-08-13T05:00,27.7,70,29.9
2023-08-13T06:00,27.6,72,30.1
2023-08-13T07:00,28.4,72,31.4
2023-08-13T08:00,29.7,68,32.5
2023-08-13T09:00,31.2,64,34.2
2023-08-13T10:00,32.6,59,36.6
2023-08-13T11:00,33.9,55,38.9
2023-08-13T12:00,34.5,51,39.3
2023-08-13T13:00,35.2,48,40.2
2023-08-13T14:00,35.6,47,40.0
2023-08-13T15:00,35.2,47,38.6
2023-08-13T16:00,34.8,49,38.1
2023-08-13T17:00,32.6,59,36.8
2023-08-13T18:00,31.8,62,36.2
2023-08-13T19:00,31.0,64,35.1
2023-08-13T20:00,30.4,65,34.0
2023-08-13T21:00,30.0,64,33.1
2023-08-13T22:00,29.7,63,32.4
2023-08-13T23:00,29.6,63,32.3
2023-08-14T00:00,29.4,63,32.2
2023-08-14T01:00,28.9,65,31.9
2023-08-14T02:00,28.3,68,31.8
2023-08-14T03:00,27.7,71,31.5
2023-08-14T04:00,27.3,73,31.0
2023-08-14T05:00,26.8,75,30.7
2023-08-14T06:00,27.3,75,31.2
2023-08-14T07:00,28.1,74,32.5
2023-08-14T08:00,29.2,69,33.5
2023-08-14T09:00,30.0,65,34.4
2023-08-14T10:00,30.7,62,35.2
2023-08-14T11:00,32.0,58,36.1
2023-08-14T12:00,32.8,54,37.2
2023-08-14T13:00,33.1,53,37.1
2023-08-14T14:00,33.3,52,36.6
2023-08-14T15:00,33.5,51,36.6
2023-08-14T16:00,33.0,53,36.2
2023-08-14T17:00,31.5,60,35.6
2023-08-14T18:00,30.2,67,34.5
2023-08-14T19:00,28.7,76,32.9
2023-08-14T20:00,28.2,80,33.0
2023-08-14T21:00,27.9,82,32.7
2023-08-14T22:00,27.6,83,32.3
2023-08-14T23:00,27.2,85,32.2
2023-08-15T00:00,26.8,87,32.1
2023-08-15T01:00,26.5,89,31.9
2023-08-15T02:00,26.3,89,31.6
2023-08-15T03:00,26.0,90,31.4
2023-08-15T04:00,25.8,91,31.3
2023-08-15T05:00,26.2,94,31.9
2023-08-15T06:00,26.9,91,33.0
2023-08-15T07:00,27.4,87,33.5
2023-08-15T08:00,28.8,76,34.3
2023-08-15T09:00,30.9,67,36.3
2023-08-15T10:00,32.2,61,37.8
2023-08-15T11:00,33.2,58,39.3
2023-08-15T12:00,34.0,55,40.4
2023-08-15T13:00,34.3,54,40.8
2023-08-15T14:00,34.6,52,40.6
2023-08-15T15:00,34.7,52,40.0
2023-08-15T16:00,34.7,52,39.2
2023-08-15T17:00,32.2,59,36.9
2023-08-15T18:00,31.3,67,36.2
2023-08-15T19:00,30.0,73,35.8
2023-08-15T20:00,29.6,78,36.3
2023-08-15T21:00,28.7,82,35.3
2023-08-15T22:00,28.1,87,34.7
2023-08-15T23:00,27.6,87,34.1
2023-08-16T00:00,27.3,87,33.4
2023-08-16T01:00,27.0,87,32.9
2023-08-16T02:00,26.9,85,32.4
2023-08-16T03:00,26.8,84,32.0
2023-08-16T04:00,26.8,83,31.7
2023-08-16T05:00,25.6,89,30.0
2023-08-16T06:00,26.5,89,31.6
2023-08-16T07:00,28.0,83,33.3
2023-08-16T08:00,30.0,72,34.6
2023-08-16T09:00,32.0,63,36.3
2023-08-16T10:00,33.7,55,38.3
2023-08-16T11:00,34.4,52,39.3
2023-08-16T12:00,35.2,51,40.6
2023-08-16T13:00,35.7,49,40.9
2023-08-16T14:00,36.0,48,40.2
2023-08-16T15:00,35.9,47,39.4
2023-08-16T16:00,35.4,47,38.0
2023-08-16T17:00,34.4,50,37.3
2023-08-16T18:00,33.2,55,37.0
2023-08-16T19:00,31.8,60,36.3
2023-08-16T20:00,30.3,72,35.7
2023-08-16T21:00,30.0,69,35.2
2023-08-16T22:00,29.8,68,34.7
2023-08-16T23:00,29.2,70,34.0
2023-08-17T00:00,29.0,71,33.6
2023-08-17T01:00,28.6,72,33.1
2023-08-17T02:00,28.1,73,32.6
2023-08-17T03:00,27.8,73,32.0
2023-08-17T04:00,27.8,71,31.0
2023-08-17T05:00,28.6,68,31.5
2023-08-17T06:00,29.0,67,31.7
2023-08-17T07:00,29.9,64,32.6
2023-08-17T08:00,31.3,58,33.2
2023-08-17T09:00,33.0,54,35.1
2023-08-17T10:00,34.3,49,36.9
2023-08-17T11:00,35.1,46,38.1
2023-08-17T12:00,35.7,44,39.1
2023-08-17T13:00,36.0,42,39.0
2023-08-17T14:00,36.0,42,38.6
2023-08-17T15:00,36.0,42,38.2
2023-08-17T16:00,35.6,43,37.2
2023-08-17T17:00,34.6,50,38.0
2023-08-17T18:00,33.6,54,37.9
2023-08-17T19:00,32.3,58,36.9
2023-08-17T20:00,31.6,60,36.2
2023-08-17T21:00,30.8,65,35.5
2023-08-17T22:00,30.3,66,35.1
2023-08-17T23:00,30.1,66,34.7
2023-08-18T00:00,29.8,67,34.0
2023-08-18T01:00,29.3,68,33.6
2023-08-18T02:00,29.1,67,32.8
2023-08-18T03:00,29.2,63,31.9
2023-08-18T04:00,28.6,65,31.8
2023-08-18T05:00,28.3,65,31.2
2023-08-18T06:00,28.4,66,31.3
2023-08-18T07:00,29.3,64,32.3
2023-08-18T08:00,30.9,60,33.6
2023-08-18T09:00,32.6,55,35.5
2023-08-18T10:00,34.0,51,37.9
2023-08-18T11:00,35.1,48,39.9
2023-08-18T12:00,35.9,45,40.9
2023-08-18T13:00,35.8,44,40.5
2023-08-18T14:00,36.0,44,40.3
2023-08-18T15:00,36.1,44,39.9
2023-08-18T16:00,35.8,45,39.4
2023-08-18T17:00,34.7,50,38.2
2023-08-18T18:00,33.3,61,38.6
2023-08-18T19:00,31.5,70,36.3
2023-08-18T20:00,30.1,75,35.4
2023-08-18T21:00,29.6,77,35.3
2023-08-18T22:00,29.2,79,35.3
2023-08-18T23:00,28.9,80,34.9
2023-08-19T00:00,28.5,83,34.8
2023-08-19T01:00,28.2,84,34.5
2023-08-19T02:00,28.0,86,34.3
2023-08-19T03:00,27.8,87,34.0
2023-08-19T04:00,27.6,89,33.7
2023-08-19T05:00,27.9,87,34.3
2023-08-19T06:00,27.2,87,31.0
2023-08-19T07:00,26.2,91,30.9
2023-08-19T08:00,26.9,89,32.6
2023-08-19T09:00,28.7,84,35.1
2023-08-19T10:00,31.1,75,37.7
2023-08-19T11:00,32.0,73,38.4
2023-08-19T12:00,33.0,65,38.7
2023-08-19T13:00,32.7,66,38.8
2023-08-19T14:00,33.8,61,40.5
2023-08-19T15:00,34.1,59,40.2
2023-08-19T16:00,33.7,60,39.2
2023-08-19T17:00,33.9,55,38.5
2023-08-19T18:00,32.9,61,38.1
2023-08-19T19:00,31.8,67,37.6
2023-08-19T20:00,31.1,70,36.9
2023-08-19T21:00,30.6,73,36.1
2023-08-19T22:00,30.3,74,35.8
2023-08-19T23:00,30.0,76,35.7
2023-08-20T00:00,29.6,78,35.2
2023-08-20T01:00,29.2,80,34.8
2023-08-20T02:00,28.7,81,34.5
2023-08-20T03:00,28.4,82,34.0
2023-08-20T04:00,28.2,83,33.8
2023-08-20T05:00,27.8,91,34.2
2023-08-20T06:00,28.3,91,35.1
2023-08-20T07:00,29.6,85,36.2
2023-08-20T08:00,31.1,76,36.8
2023-08-20T09:00,32.8,66,37.3
2023-08-20T10:00,33.9,58,38.0
2023-08-20T11:00,34.9,53,39.6
2023-08-20T12:00,35.3,51,40.0
2023-08-20T13:00,35.5,51,40.5
2023-08-20T14:00,35.8,50,40.8
2023-08-20T15:00,35.8,50,40.3
2023-08-20T16:00,35.5,50,39.7
2023-08-20T17:00,34.4,54,39.4
2023-08-20T18:00,33.5,59,39.1
2023-08-20T19:00,32.4,64,38.1
2023-08-20T20:00,31.8,67,37.4
2023-08-20T21:00,31.2,71,37.1
2023-08-20T22:00,30.5,75,36.4
2023-08-20T23:00,29.9,78,35.4
2023-08-21T00:00,29.3,81,35.0
2023-08-21T01:00,28.9,83,34.7
2023-08-21T02:00,28.6,85,34.6
2023-08-21T03:00,28.3,87,34.5
2023-08-21T04:00,28.0,88,34.6
2023-08-21T05:00,28.6,86,35.4
2023-08-21T06:00,29.0,85,35.7
2023-08-21T07:00,30.3,79,37.1
2023-08-21T08:00,32.0,71,38.6
2023-08-21T09:00,33.4,65,39.4
2023-08-21T10:00,34.3,59,40.8
2023-08-21T11:00,34.7,57,42.2
2023-08-21T12:00,34.5,58,41.3
2023-08-21T13:00,35.1,57,42.1
2023-08-21T14:00,35.8,56,43.5
2023-08-21T15:00,36.3,53,43.0
2023-08-21T16:00,36.1,52,42.2
2023-08-21T17:00,36.2,49,41.8
2023-08-21T18:00,34.3,57,39.7
2023-08-21T19:00,31.7,71,36.8
2023-08-21T20:00,31.0,73,36.4
2023-08-21T21:00,30.9,73,36.4
2023-08-21T22:00,30.3,74,35.1
2023-08-21T23:00,30.2,74,35.0
2023-08-22T00:00,29.9,75,34.8
2023-08-22T01:00,29.5,77,34.7
2023-08-22T02:00,29.4,77,35.0
2023-08-22T03:00,27.5,92,33.4
2023-08-22T04:00,27.4,91,33.0
2023-08-22T05:00,29.1,86,35.7
2023-08-22T06:00,28.8,90,36.7
2023-08-22T07:00,29.3,89,37.2
2023-08-22T08:00,30.2,83,37.6
2023-08-22T09:00,31.6,77,38.9
2023-08-22T10:00,32.9,72,40.4
2023-08-22T11:00,34.0,68,41.7
2023-08-22T12:00,34.7,65,42.1
2023-08-22T13:00,35.4,62,42.9
2023-08-22T14:00,35.1,62,42.0
2023-08-22T15:00,34.8,65,41.8
2023-08-22T16:00,32.0,75,37.6
2023-08-22T17:00,29.1,83,35.7
2023-08-22T18:00,29.7,82,35.4
2023-08-22T19:00,28.5,85,33.5
2023-08-22T20:00,28.1,84,32.9
2023-08-22T21:00,28.3,84,34.0
2023-08-22T22:00,27.9,89,34.5
2023-08-22T23:00,27.6,89,33.7
2023-08-23T00:00,26.6,95,32.2
2023-08-23T01:00,26.8,95,32.7
2023-08-23T02:00,26.7,95,33.0
2023-08-23T03:00,26.7,95,32.7
2023-08-23T04:00,26.8,93,32.5
2023-08-23T05:00,28.0,86,32.0
2023-08-23T06:00,28.0,84,31.9
2023-08-23T07:00,28.0,83,32.0
2023-08-23T08:00,28.0,87,34.1
2023-08-23T09:00,28.0,88,34.2
2023-08-23T10:00,28.6,87,36.0
2023-08-23T11:00,29.1,87,36.6
2023-08-23T12:00,29.9,81,37.1
2023-08-23T13:00,29.6,82,36.4
2023-08-23T14:00,29.2,84,35.8
2023-08-23T15:00,28.3,90,34.8
2023-08-23T16:00,28.1,92,34.8
2023-08-23T17:00,28.0,86,34.8
2023-08-23T18:00,27.9,87,34.6
2023-08-23T19:00,27.4,92,33.9
2023-08-23T20:00,26.8,96,33.8
2023-08-23T21:00,26.7,98,33.1
2023-08-23T22:00,26.1,97,31.3
2023-08-23T23:00,25.6,97,30.9
2023-08-24T00:00,25.2,97,30.6
2023-08-24T01:00,24.9,97,30.0
2023-08-24T02:00,24.8,97,30.3
2023-08-24T03:00,24.9,98,30.6
2023-08-24T04:00,25.0,98,31.0
2023-08-24T05:00,26.7,78,29.8
2023-08-24T06:00,26.8,77,30.1
2023-08-24T07:00,27.6,76,31.6
2023-08-24T08:00,28.8,71,32.0
2023-08-24T09:00,30.1,67,33.2
2023-08-24T10:00,31.1,64,35.4
2023-08-24T11:00,32.2,59,36.8
2023-08-24T12:00,32.6,58,36.5
2023-08-24T13:00,32.9,57,37.0
2023-08-24T14:00,33.1,55,36.9
2023-08-24T15:00,33.3,55,36.4
2023-08-24T16:00,32.7,56,35.7
2023-08-24T17:00,31.4,62,35.3
2023-08-24T18:00,30.3,67,34.9
2023-08-24T19:00,29.2,72,34.1
2023-08-24T20:00,28.4,75,33.2
2023-08-24T21:00,28.2,73,32.0
2023-08-24T22:00,28.1,69,30.9
2023-08-24T23:00,27.6,69,30.0
2023-08-25T00:00,27.3,69,29.6
2023-08-25T01:00,26.7,71,29.2
2023-08-25T02:00,26.2,73,28.8
2023-08-25T03:00,25.9,74,28.6
2023-08-25T04:00,25.7,76,28.4
2023-08-25T05:00,26.8,74,29.1
2023-08-25T06:00,27.2,73,29.7
2023-08-25T07:00,28.2,71,31.4
2023-08-25T08:00,29.5,65,32.1
2023-08-25T09:00,30.5,62,33.3
2023-08-25T10:00,31.5,60,35.1
2023-08-25T11:00,32.8,55,36.7
2023-08-25T12:00,33.4,54,37.7
2023-08-25T13:00,33.4,54,37.0
2023-08-25T14:00,33.6,53,36.9
2023-08-25T15:00,33.9,51,37.0
2023-08-25T16:00,33.6,53,36.7
2023-08-25T17:00,32.9,57,36.9
2023-08-25T18:00,31.6,61,35.7
2023-08-25T19:00,30.6,62,34.5
2023-08-25T20:00,30.5,62,34.1
2023-08-25T21:00,30.2,63,33.6
2023-08-25T22:00,29.6,63,32.7
2023-08-25T23:00,28.9,62,30.9
2023-08-26T00:00,28.5,62,30.1
2023-08-26T01:00,28.0,64,29.7
2023-08-26T02:00,28.0,64,30.0
2023-08-26T03:00,27.9,65,30.0
2023-08-26T04:00,27.3,68,29.8
2023-08-26T05:00,27.4,69,29.9
2023-08-26T06:00,27.8,68,30.0
2023-08-26T07:00,28.6,67,31.5
2023-08-26T08:00,29.8,64,32.3
2023-08-26T09:00,31.2,60,33.6
2023-08-26T10:00,32.4,55,35.5
2023-08-26T11:00,33.1,52,36.7
2023-08-26T12:00,33.7,49,37.7
2023-08-26T13:00,34.0,48,37.7
2023-08-26T14:00,34.3,47,37.6
2023-08-26T15:00,34.3,47,37.1
2023-08-26T16:00,33.8,47,36.0
2023-08-26T17:00,32.6,54,35.8
2023-08-26T18:00,31.3,60,35.2
2023-08-26T19:00,30.2,64,34.5
2023-08-26T20:00,29.4,67,33.7
2023-08-26T21:00,29.0,68,33.1
2023-08-26T22:00,28.8,66,32.3
2023-08-26T23:00,28.7,64,31.5
2023-08-27T00:00,28.6,62,30.5
2023-08-27T01:00,28.3,60,29.7
2023-08-27T02:00,27.9,61,29.2
2023-08-27T03:00,27.4,62,28.8
2023-08-27T04:00,27.1,63,28.3
2023-08-27T05:00,27.3,62,28.4
2023-08-27T06:00,27.6,62,28.5
2023-08-27T07:00,28.3,62,29.8
2023-08-27T08:00,29.6,59,30.7
2023-08-27T09:00,31.0,56,32.0
2023-08-27T10:00,32.3,52,34.0
2023-08-27T11:00,33.5,48,36.0
2023-08-27T12:00,34.1,46,36.8
2023-08-27T13:00,34.5,45,37.3
2023-08-27T14:00,34.7,45,37.2
2023-08-27T15:00,34.8,43,36.1
2023-08-27T16:00,32.7,49,34.6
2023-08-27T17:00,32.2,53,34.8
2023-08-27T18:00,31.1,58,34.5
2023-08-27T19:00,30.2,57,32.9
2023-08-27T20:00,30.1,56,32.1
2023-08-27T21:00,29.5,57,31.2
2023-08-27T22:00,28.9,59,30.4
2023-08-27T23:00,28.1,63,30.0
2023-08-28T00:00,28.0,64,30.2
2023-08-28T01:00,27.7,65,29.9
2023-08-28T02:00,27.5,63,29.4
2023-08-28T03:00,27.2,62,28.8
2023-08-28T04:00,26.9,62,28.2
2023-08-28T05:00,27.6,62,28.4
2023-08-28T06:00,27.5,64,28.7
2023-08-28T07:00,28.2,65,29.9
2023-08-28T08:00,29.4,61,30.5
2023-08-28T09:00,30.7,57,32.0
2023-08-28T10:00,32.3,53,34.3
2023-08-28T11:00,33.5,50,36.3
2023-08-28T12:00,34.3,49,37.5
2023-08-28T13:00,34.8,49,38.8
2023-08-28T14:00,30.6,62,33.8
2023-08-28T15:00,31.0,62,35.4
2023-08-28T16:00,32.3,58,35.9
2023-08-28T17:00,31.3,59,35.1
2023-08-28T18:00,29.6,69,33.7
2023-08-28T19:00,28.5,73,32.8
2023-08-28T20:00,27.7,77,32.0
2023-08-28T21:00,27.0,78,31.0
2023-08-28T22:00,26.5,77,30.2
2023-08-28T23:00,26.3,77,29.7
2023-08-29T00:00,26.0,77,29.5
2023-08-29T01:00,25.8,76,29.1
2023-08-29T02:00,25.9,75,29.1
2023-08-29T03:00,26.0,74,28.7
2023-08-29T04:00,26.0,72,28.4
2023-08-29T05:00,26.8,69,29.3
2023-08-29T06:00,27.1,69,29.5
2023-08-29T07:00,28.2,67,30.9
2023-08-29T08:00,29.8,62,32.0
2023-08-29T09:00,31.2,59,33.4
2023-08-29T10:00,32.6,56,35.6
2023-08-29T11:00,33.8,51,37.4
2023-08-29T12:00,34.6,47,38.3
2023-08-29T13:00,34.9,45,38.6
2023-08-29T14:00,35.0,45,38.3
2023-08-29T15:00,34.9,45,37.4
2023-08-29T16:00,34.8,45,37.1
2023-08-29T17:00,33.9,47,36.7
2023-08-29T18:00,32.5,50,35.8
2023-08-29T19:00,31.8,49,34.1
2023-08-29T20:00,31.0,49,33.0
2023-08-29T21:00,29.8,56,32.6
2023-08-29T22:00,28.7,63,32.2
2023-08-29T23:00,28.3,62,31.0
2023-08-30T00:00,28.1,62,30.5
2023-08-30T01:00,27.4,65,30.1
2023-08-30T02:00,26.9,68,29.3
2023-08-30T03:00,26.7,68,29.0
2023-08-30T04:00,26.6,68,28.9
2023-08-30T05:00,27.2,69,29.9
2023-08-30T06:00,27.6,69,30.5
2023-08-30T07:00,28.8,67,32.2
2023-08-30T08:00,30.3,62,33.4
2023-08-30T09:00,31.8,58,35.0
2023-08-30T10:00,33.3,54,37.1
2023-08-30T11:00,34.5,48,38.3
2023-08-30T12:00,35.5,43,39.4
2023-08-30T13:00,36.1,40,39.6
2023-08-30T14:00,36.4,39,39.0
2023-08-30T15:00,36.3,37,38.0
2023-08-30T16:00,35.9,37,37.2
2023-08-30T17:00,34.0,44,35.9
2023-08-30T18:00,32.4,49,35.0
2023-08-30T19:00,31.0,54,34.0
2023-08-30T20:00,30.2,58,33.2
2023-08-30T21:00,29.3,62,32.7
2023-08-30T22:00,27.9,70,31.6
2023-08-30T23:00,27.7,72,31.7
2023-08-31T00:00,27.3,73,31.5
2023-08-31T01:00,26.6,75,30.8
2023-08-31T02:00,26.4,75,30.1
2023-08-31T03:00,26.0,76,29.7
2023-08-31T04:00,25.7,78,29.5
2023-08-31T05:00,26.4,79,30.6
2023-08-31T06:00,27.3,76,31.4
2023-08-31T07:00,29.0,72,33.6
2023-08-31T08:00,31.1,64,35.8
2023-08-31T09:00,33.0,55,37.1
2023-08-31T10:00,34.6,45,37.7
2023-08-31T11:00,35.1,43,38.1
2023-08-31T12:00,35.7,42,39.0
2023-08-31T13:00,36.3,40,39.8
2023-08-31T14:00,36.4,41,39.6
2023-08-31T15:00,36.4,39,38.7
2023-08-31T16:00,36.1,40,38.2
2023-08-31T17:00,34.7,44,37.1
2023-08-31T18:00,33.3,48,36.4
2023-08-31T19:00,31.5,55,35.2
2023-08-31T20:00,30.6,59,34.4
2023-08-31T21:00,30.0,61,33.8
2023-08-31T22:00,29.0,69,33.2
2023-08-31T23:00,29.6,68,34.1
2023-09-01T00:00,28.4,73,33.1
2023-09-01T01:00,27.6,77,32.3
2023-09-01T02:00,27.5,73,31.8
2023-09-01T03:00,26.9,75,31.1
2023-09-01T04:00,26.7,75,30.6
2023-09-01T05:00,27.5,74,31.6
2023-09-01T06:00,28.2,72,32.0
2023-09-01T07:00,29.4,70,33.8
2023-09-01T08:00,31.7,61,35.9
2023-09-01T09:00,33.7,53,37.5
2023-09-01T10:00,35.3,45,38.5
2023-09-01T11:00,36.2,40,39.1
2023-09-01T12:00,36.9,37,39.8
2023-09-01T13:00,37.3,36,40.0
2023-09-01T14:00,37.1,37,39.1
2023-09-01T15:00,36.9,37,38.1
2023-09-01T16:00,36.4,37,37.4
2023-09-01T17:00,35.3,39,36.7
2023-09-01T18:00,34.0,42,35.9
2023-09-01T19:00,32.9,44,34.9
2023-09-01T20:00,31.6,47,33.7
2023-09-01T21:00,30.7,49,32.7
2023-09-01T22:00,29.9,51,32.0
2023-09-01T23:00,29.0,55,31.2
2023-09-02T00:00,28.1,58,30.5
2023-09-02T01:00,27.7,59,29.9
2023-09-02T02:00,27.4,59,29.2
2023-09-02T03:00,27.3,58,28.3
2023-09-02T04:00,27.3,58,28.5
2023-09-02T05:00,27.7,60,29.6
2023-09-02T06:00,27.9,61,29.8
2023-09-02T07:00,29.2,61,31.7
2023-09-02T08:00,31.4,54,33.9
2023-09-02T09:00,33.5,50,35.9
2023-09-02T10:00,34.9,42,36.5
2023-09-02T11:00,36.0,38,37.4
2023-09-02T12:00,36.7,36,38.1
2023-09-02T13:00,37.1,35,38.6
2023-09-02T14:00,37.2,34,38.3
2023-09-02T15:00,37.1,34,37.4
2023-09-02T16:00,36.8,34,36.9
2023-09-02T17:00,35.2,42,36.6
2023-09-02T18:00,33.9,46,36.0
2023-09-02T19:00,32.5,51,35.6
2023-09-02T20:00,30.8,60,34.8
2023-09-02T21:00,29.9,64,33.9
2023-09-02T22:00,29.3,67,33.5
2023-09-02T23:00,29.1,65,33.2
2023-09-03T00:00,28.3,68,32.3
2023-09-03T01:00,28.0,68,31.8
2023-09-03T02:00,27.6,69,31.2
2023-09-03T03:00,27.0,71,30.5
2023-09-03T04:00,26.4,73,29.6
2023-09-03T05:00,26.3,74,29.3
2023-09-03T06:00,26.6,74,29.4
2023-09-03T07:00,28.0,71,31.1
2023-09-03T08:00,30.2,61,32.8
2023-09-03T09:00,32.1,46,32.8
2023-09-03T10:00,33.5,38,34.0
2023-09-03T11:00,34.9,36,35.8
2023-09-03T12:00,35.7,37,37.3
2023-09-03T13:00,36.3,36,37.7
2023-09-03T14:00,36.6,34,37.5
2023-09-03T15:00,36.7,33,37.0
2023-09-03T16:00,36.5,34,36.4
2023-09-03T17:00,35.3,37,35.8
2023-09-03T18:00,33.8,40,34.8
2023-09-03T19:00,32.4,45,34.1
2023-09-03T20:00,31.2,49,33.5
2023-09-03T21:00,29.6,56,32.4
2023-09-03T22:00,29.4,56,32.2
2023-09-03T23:00,28.6,59,31.5
2023-09-04T00:00,27.7,62,30.7
2023-09-04T01:00,27.1,65,30.0
2023-09-04T02:00,26.6,67,29.5
2023-09-04T03:00,26.3,68,29.1
2023-09-04T04:00,26.0,69,28.8
2023-09-04T05:00,25.6,71,28.2
2023-09-04T06:00,26.0,70,28.5
2023-09-04T07:00,27.8,67,30.6
2023-09-04T08:00,30.1,57,32.7
2023-09-04T09:00,32.3,48,34.0
2023-09-04T10:00,34.1,42,36.1
2023-09-04T11:00,35.5,37,37.6
2023-09-04T12:00,36.5,34,38.5
2023-09-04T13:00,37.2,32,38.9
2023-09-04T14:00,37.3,32,38.6
2023-09-04T15:00,37.1,32,37.7
2023-09-04T16:00,36.7,33,36.9
2023-09-04T17:00,35.2,37,35.8
2023-09-04T18:00,33.8,41,35.1
2023-09-04T19:00,32.6,47,34.6
2023-09-04T20:00,31.5,51,33.9
2023-09-04T21:00,30.9,53,33.1
2023-09-04T22:00,29.9,57,32.7
2023-09-04T23:00,28.8,63,31.7
2023-09-05T00:00,28.0,73,31.9
2023-09-05T01:00,27.5,78,31.9
2023-09-05T02:00,27.2,81,31.6
2023-09-05T03:00,26.9,82,31.3
2023-09-05T04:00,26.5,84,31.6
2023-09-05T05:00,26.7,86,32.0
2023-09-05T06:00,27.7,81,33.2
2023-09-05T07:00,29.0,76,34.5
2023-09-05T08:00,30.7,70,36.3
2023-09-05T09:00,32.4,65,38.1
2023-09-05T10:00,33.7,62,40.1
2023-09-05T11:00,34.4,58,40.9
2023-09-05T12:00,35.5,50,41.1
2023-09-05T13:00,35.8,49,40.2
2023-09-05T14:00,36.2,47,40.2
2023-09-05T15:00,33.1,55,37.1
2023-09-05T16:00,29.3,73,34.7
2023-09-05T17:00,34.1,48,37.0
2023-09-05T18:00,32.7,54,36.1
2023-09-05T19:00,31.4,59,35.5
2023-09-05T20:00,30.5,64,35.0
2023-09-05T21:00,29.8,67,34.2
2023-09-05T22:00,29.4,69,33.8
2023-09-05T23:00,28.9,73,33.9
2023-09-06T00:00,28.1,81,33.7
2023-09-06T01:00,27.7,82,33.5
2023-09-06T02:00,27.2,83,32.7
2023-09-06T03:00,27.1,83,32.3
2023-09-06T04:00,26.7,86,32.1
2023-09-06T05:00,24.3,96,27.0
2023-09-06T06:00,25.7,91,30.8
2023-09-06T07:00,26.1,91,32.0
2023-09-06T08:00,28.1,81,34.0
2023-09-06T09:00,30.7,67,36.0
2023-09-06T10:00,33.0,55,38.1
2023-09-06T11:00,34.5,47,39.5
2023-09-06T12:00,35.5,43,40.6
2023-09-06T13:00,36.2,42,41.0
2023-09-06T14:00,36.2,43,40.4
2023-09-06T15:00,35.2,44,38.5
2023-09-06T16:00,34.9,44,38.7
2023-09-06T17:00,35.4,40,38.5
2023-09-06T18:00,34.9,42,38.1
2023-09-06T19:00,32.9,49,36.1
2023-09-06T20:00,32.0,54,35.2
2023-09-06T21:00,30.9,61,35.2
2023-09-06T22:00,30.1,65,34.6
2023-09-06T23:00,29.5,68,34.0
2023-09-07T00:00,29.0,69,33.4
2023-09-07T01:00,28.6,71,32.8
2023-09-07T02:00,28.2,73,32.5
2023-09-07T03:00,27.7,75,32.2
2023-09-07T04:00,27.2,79,32.0
2023-09-07T05:00,27.0,78,31.7
2023-09-07T06:00,28.2,72,32.8
2023-09-07T07:00,30.2,65,34.7
2023-09-07T08:00,32.6,54,36.5
2023-09-07T09:00,34.3,48,38.2
2023-09-07T10:00,35.4,44,39.7
2023-09-07T11:00,36.4,40,41.1
2023-09-07T12:00,37.4,36,42.1
2023-09-07T13:00,38.0,34,42.3
2023-09-07T14:00,38.4,32,41.4
2023-09-07T15:00,37.8,32,39.5
2023-09-07T16:00,37.1,34,39.6
2023-09-07T17:00,31.1,66,36.2
2023-09-07T18:00,31.6,62,36.6
2023-09-07T19:00,30.7,68,36.2
2023-09-07T20:00,30.0,75,36.4
2023-09-07T21:00,29.9,76,36.5
2023-09-07T22:00,29.7,74,35.3
2023-09-07T23:00,29.4,71,33.8
2023-09-08T00:00,29.0,70,33.5
2023-09-08T01:00,28.8,71,33.4
2023-09-08T02:00,28.3,75,33.3
2023-09-08T03:00,28.0,78,33.2
2023-09-08T04:00,28.1,78,33.5
2023-09-08T05:00,25.5,89,30.7
2023-09-08T06:00,26.4,86,31.9
2023-09-08T07:00,27.6,83,33.9
2023-09-08T08:00,29.6,71,34.9
2023-09-08T09:00,31.8,60,36.2
2023-09-08T10:00,33.6,51,37.7
2023-09-08T11:00,34.7,46,39.0
2023-09-08T12:00,35.4,44,40.0
2023-09-08T13:00,36.1,42,40.5
2023-09-08T14:00,36.6,41,40.4
2023-09-08T15:00,32.6,56,34.9
2023-09-08T16:00,33.2,54,36.6
2023-09-08T17:00,31.4,60,34.2
2023-09-08T18:00,29.9,69,33.7
2023-09-08T19:00,29.4,74,33.3
2023-09-08T20:00,28.4,76,32.0
2023-09-08T21:00,27.9,81,32.1
2023-09-08T22:00,27.5,84,32.0
2023-09-08T23:00,26.9,88,32.1
2023-09-09T00:00,26.8,89,32.4
2023-09-09T01:00,26.8,90,32.8
2023-09-09T02:00,26.6,91,32.1
2023-09-09T03:00,26.5,91,32.1
2023-09-09T04:00,26.4,91,31.6
2023-09-09T05:00,25.4,91,29.8
2023-09-09T06:00,25.9,92,31.1
2023-09-09T07:00,26.7,88,31.8
2023-09-09T08:00,27.4,85,31.9
2023-09-09T09:00,27.7,82,32.2
2023-09-09T10:00,28.8,76,32.3
2023-09-09T11:00,29.9,71,33.1
2023-09-09T12:00,32.0,60,34.7
2023-09-09T13:00,32.4,57,34.7
2023-09-09T14:00,32.1,57,33.9
2023-09-09T15:00,31.0,60,32.8
2023-09-09T16:00,30.9,62,33.4
2023-09-09T17:00,26.9,85,30.4
2023-09-09T18:00,26.6,84,30.4
2023-09-09T19:00,26.3,85,30.4
2023-09-09T20:00,26.5,81,30.4
2023-09-09T21:00,26.2,82,30.0
2023-09-09T22:00,25.9,82,29.4
2023-09-09T23:00,25.7,86,29.7
2023-09-10T00:00,25.4,90,29.6
2023-09-10T01:00,24.9,95,29.3
2023-09-10T02:00,24.7,94,28.8
2023-09-10T03:00,24.8,95,29.0
2023-09-10T04:00,25.0,94,29.4
2023-09-10T05:00,24.2,97,27.5
2023-09-10T06:00,24.2,96,27.5
2023-09-10T07:00,24.4,95,28.1
2023-09-10T08:00,24.9,93,29.2
2023-09-10T09:00,25.4,90,29.3
2023-09-10T10:00,27.2,82,31.2
2023-09-10T11:00,28.2,78,31.8
2023-09-10T12:00,28.8,78,33.1
2023-09-10T13:00,30.0,72,34.3
2023-09-10T14:00,26.4,88,30.3
2023-09-10T15:00,27.6,84,32.0
2023-09-10T16:00,28.4,79,32.3
2023-09-10T17:00,27.7,81,31.9
2023-09-10T18:00,26.9,85,31.5
2023-09-10T19:00,26.3,89,31.2
2023-09-10T20:00,25.8,91,30.9
2023-09-10T21:00,25.4,94,30.7
2023-09-10T22:00,25.0,96,30.3
2023-09-10T23:00,24.8,97,29.6
2023-09-11T00:00,24.6,97,29.4
2023-09-11T01:00,24.6,97,29.6
2023-09-11T02:00,24.6,96,29.6
2023-09-11T03:00,24.4,97,29.6
2023-09-11T04:00,24.3,98,29.8
2023-09-11T05:00,23.9,93,27.7
2023-09-11T06:00,24.2,92,28.7
2023-09-11T07:00,25.1,89,29.9
2023-09-11T08:00,26.5,83,31.3
2023-09-11T09:00,28.6,74,32.7
2023-09-11T10:00,29.6,72,34.4
2023-09-11T11:00,30.5,70,36.1
2023-09-11T12:00,31.6,63,36.6
2023-09-11T13:00,32.1,60,36.5
2023-09-11T14:00,30.7,68,34.7
2023-09-11T15:00,30.5,71,35.1
2023-09-11T16:00,30.7,68,34.6
2023-09-11T17:00,30.4,69,35.2
2023-09-11T18:00,29.5,70,34.1
2023-09-11T19:00,28.5,75,32.9
2023-09-11T20:00,27.8,77,31.7
2023-09-11T21:00,26.8,82,31.1
2023-09-11T22:00,26.2,87,30.8
2023-09-11T23:00,25.9,90,30.6
2023-09-12T00:00,25.6,91,30.4
2023-09-12T01:00,25.2,93,30.4
2023-09-12T02:00,24.9,95,30.3
2023-09-12T03:00,24.6,97,30.2
2023-09-12T04:00,24.4,98,30.0
2023-09-12T05:00,25.1,98,30.9
2023-09-12T06:00,25.8,94,31.5
2023-09-12T07:00,26.9,89,33.3
2023-09-12T08:00,28.5,81,34.9
2023-09-12T09:00,30.2,71,35.9
2023-09-12T10:00,31.6,62,37.0
2023-09-12T11:00,32.3,58,37.4
2023-09-12T12:00,32.7,56,37.7
2023-09-12T13:00,33.1,55,38.4
2023-09-12T14:00,33.4,55,38.8
2023-09-12T15:00,33.4,55,38.2
2023-09-12T16:00,33.2,55,38.0
2023-09-12T17:00,29.9,76,35.5
2023-09-12T18:00,29.1,79,35.1
2023-09-12T19:00,28.5,83,34.9
2023-09-12T20:00,28.0,86,34.5
2023-09-12T21:00,27.7,87,34.1
2023-09-12T22:00,27.6,87,33.5
2023-09-12T23:00,27.6,85,33.0
2023-09-13T00:00,27.3,85,32.7
2023-09-13T01:00,27.0,85,32.3
2023-09-13T02:00,26.6,87,32.1
2023-09-13T03:00,26.5,87,31.7
2023-09-13T04:00,26.4,88,31.6
2023-09-13T05:00,26.9,93,33.4
2023-09-13T06:00,27.6,90,33.9
2023-09-13T07:00,28.4,88,34.4
2023-09-13T08:00,29.5,83,36.4
2023-09-13T09:00,30.6,79,37.4
2023-09-13T10:00,31.8,72,39.1
2023-09-13T11:00,32.4,69,39.7
2023-09-13T12:00,32.9,66,40.5
2023-09-13T13:00,33.4,63,40.9
2023-09-13T14:00,33.7,61,40.5
2023-09-13T15:00,33.6,60,39.5
2023-09-13T16:00,33.4,60,39.2
2023-09-13T17:00,33.7,63,40.1
2023-09-13T18:00,32.1,72,39.1
2023-09-13T19:00,28.4,86,33.2
2023-09-13T20:00,27.7,89,34.2
2023-09-13T21:00,27.7,92,34.9
2023-09-13T22:00,27.6,92,34.6
2023-09-13T23:00,27.7,93,34.5
2023-09-14T00:00,27.5,92,34.2
2023-09-14T01:00,27.3,93,34.1
2023-09-14T02:00,27.0,94,33.9
2023-09-14T03:00,27.1,93,33.6
2023-09-14T04:00,27.1,92,33.2
2023-09-14T05:00,26.9,89,32.1
2023-09-14T06:00,27.1,89,32.7
2023-09-14T07:00,28.1,86,33.8
2023-09-14T08:00,29.1,81,33.9
2023-09-14T09:00,30.9,74,36.4
2023-09-14T10:00,32.3,69,38.6
2023-09-14T11:00,33.1,66,40.0
2023-09-14T12:00,33.7,63,40.4
2023-09-14T13:00,34.1,59,40.3
2023-09-14T14:00,33.2,61,38.5
2023-09-14T15:00,32.7,64,38.2
2023-09-14T16:00,30.4,78,36.3
2023-09-14T17:00,29.7,79,35.5
2023-09-14T18:00,27.4,90,32.5
2023-09-14T19:00,27.4,91,33.8
2023-09-14T20:00,27.5,91,33.7
2023-09-14T21:00,27.2,91,32.3
2023-09-14T22:00,27.0,86,31.5
2023-09-14T23:00,26.7,88,31.7
2023-09-15T00:00,26.5,90,32.3
2023-09-15T01:00,26.2,92,32.4
2023-09-15T02:00,26.0,94,32.1
2023-09-15T03:00,25.6,96,31.9
2023-09-15T04:00,25.5,97,31.9
2023-09-15T05:00,26.3,97,32.2
2023-09-15T06:00,26.6,96,32.2
2023-09-15T07:00,26.6,95,32.7
2023-09-15T08:00,26.5,96,32.6
2023-09-15T09:00,27.2,94,33.9
2023-09-15T10:00,27.4,91,32.5
2023-09-15T11:00,28.4,86,34.5
2023-09-15T12:00,29.7,81,35.8
2023-09-15T13:00,31.0,76,37.2
2023-09-15T14:00,31.6,73,38.0
2023-09-15T15:00,32.0,70,38.5
2023-09-15T16:00,31.9,70,38.2
2023-09-15T17:00,31.4,74,38.5
2023-09-15T18:00,29.8,81,36.2
2023-09-15T19:00,28.9,86,34.7
2023-09-15T20:00,28.2,90,34.0
2023-09-15T21:00,27.8,90,33.9
2023-09-15T22:00,27.5,91,33.7
2023-09-15T23:00,27.3,92,33.3
2023-09-16T00:00,27.2,92,33.1
2023-09-16T01:00,26.9,93,33.0
2023-09-16T02:00,26.7,94,32.9
2023-09-16T03:00,26.6,93,32.6
2023-09-16T04:00,26.4,93,32.4
2023-09-16T05:00,27.0,89,32.4
2023-09-16T06:00,27.4,87,32.6
2023-09-16T07:00,28.2,85,33.8
2023-09-16T08:00,29.5,80,34.9
2023-09-16T09:00,30.8,72,35.4
2023-09-16T10:00,31.5,70,35.4
2023-09-16T11:00,31.0,68,34.2
2023-09-16T12:00,30.9,71,34.6
2023-09-16T13:00,30.9,70,34.2
2023-09-16T14:00,31.1,68,34.7
2023-09-16T15:00,30.2,72,34.1
2023-09-16T16:00,29.7,74,33.8
2023-09-16T17:00,26.7,93,32.0
2023-09-16T18:00,27.3,92,32.9
2023-09-16T19:00,27.3,93,32.6
2023-09-16T20:00,27.1,93,32.3
2023-09-16T21:00,26.9,93,31.5
2023-09-16T22:00,26.9,92,31.5
2023-09-16T23:00,26.7,92,31.7
2023-09-17T00:00,26.5,93,31.4
2023-09-17T01:00,26.3,93,31.1
2023-09-17T02:00,26.1,94,30.9
2023-09-17T03:00,26.0,95,30.8
2023-09-17T04:00,25.9,95,30.6
2023-09-17T05:00,25.3,94,28.4
2023-09-17T06:00,25.2,94,28.8
2023-09-17T07:00,26.2,90,29.8
2023-09-17T08:00,27.6,86,31.3
2023-09-17T09:00,28.3,83,31.8
2023-09-17T10:00,29.4,77,33.0
2023-09-17T11:00,30.7,71,34.7
2023-09-17T12:00,31.7,69,36.2
2023-09-17T13:00,29.5,75,33.3
2023-09-17T14:00,27.5,82,31.5
2023-09-17T15:00,28.2,83,32.7
2023-09-17T16:00,28.1,80,31.6
2023-09-17T17:00,26.2,90,30.9
2023-09-17T18:00,26.7,90,31.5
2023-09-17T19:00,25.3,93,29.6
2023-09-17T20:00,26.1,91,30.2
2023-09-17T21:00,26.3,92,30.7
2023-09-17T22:00,26.2,93,30.7
2023-09-17T23:00,26.0,93,30.4
2023-09-18T00:00,25.8,92,30.0
2023-09-18T01:00,25.5,91,29.6
2023-09-18T02:00,25.2,91,29.1
2023-09-18T03:00,24.9,92,28.6
2023-09-18T04:00,24.7,90,28.1
2023-09-18T05:00,25.1,92,28.7
2023-09-18T06:00,25.3,89,29.0
2023-09-18T07:00,26.2,86,30.0
2023-09-18T08:00,27.8,77,30.8
2023-09-18T09:00,29.1,71,31.5
2023-09-18T10:00,30.4,65,32.9
2023-09-18T11:00,30.8,64,33.9
2023-09-18T12:00,31.5,63,35.3
2023-09-18T13:00,31.7,63,35.6
2023-09-18T14:00,31.6,63,34.7
2023-09-18T15:00,31.5,62,34.6
2023-09-18T16:00,31.5,61,34.9
2023-09-18T17:00,30.1,70,35.2
2023-09-18T18:00,29.0,74,33.9
2023-09-18T19:00,28.0,80,33.2
2023-09-18T20:00,27.3,85,32.4
2023-09-18T21:00,25.8,89,30.4
2023-09-18T22:00,25.6,92,29.8
2023-09-18T23:00,25.2,93,29.6
2023-09-19T00:00,25.1,94,29.4
2023-09-19T01:00,24.9,94,29.4
2023-09-19T02:00,24.7,94,29.3
2023-09-19T03:00,24.6,95,29.5
2023-09-19T04:00,24.6,95,29.4
2023-09-19T05:00,25.2,90,29.4
2023-09-19T06:00,25.8,88,30.2
2023-09-19T07:00,26.8,88,31.7
2023-09-19T08:00,28.3,82,33.6
2023-09-19T09:00,30.0,76,35.4
2023-09-19T10:00,31.3,66,36.5
2023-09-19T11:00,32.2,60,37.4
2023-09-19T12:00,32.8,57,38.1
2023-09-19T13:00,33.0,57,38.3
2023-09-19T14:00,33.1,56,38.1
2023-09-19T15:00,32.7,57,37.1
2023-09-19T16:00,32.4,58,36.9
2023-09-19T17:00,31.1,68,36.7
2023-09-19T18:00,29.5,74,34.9
2023-09-19T19:00,28.5,78,34.0
2023-09-19T20:00,28.1,78,33.1
2023-09-19T21:00,27.9,77,32.4
2023-09-19T22:00,27.5,81,32.4
2023-09-19T23:00,26.9,85,32.3
2023-09-20T00:00,26.3,89,31.9
2023-09-20T01:00,26.1,91,31.8
2023-09-20T02:00,26.0,91,31.7
2023-09-20T03:00,25.8,93,31.3
2023-09-20T04:00,25.5,94,31.2
2023-09-20T05:00,27.3,83,32.3
2023-09-20T06:00,27.7,82,33.2
2023-09-20T07:00,28.8,80,34.8
2023-09-20T08:00,30.2,72,35.7
2023-09-20T09:00,31.5,65,37.2
2023-09-20T10:00,32.5,62,38.9
2023-09-20T11:00,32.8,60,39.7
2023-09-20T12:00,32.9,61,40.2
2023-09-20T13:00,33.1,61,40.1
2023-09-20T14:00,31.8,65,36.9
2023-09-20T15:00,31.4,65,36.7
2023-09-20T16:00,31.2,67,36.9
2023-09-20T17:00,31.9,67,37.7
2023-09-20T18:00,29.9,77,36.0
2023-09-20T19:00,29.3,78,35.2
2023-09-20T20:00,28.9,80,34.6
2023-09-20T21:00,28.8,78,34.3
2023-09-20T22:00,28.3,79,33.7
2023-09-20T23:00,28.0,81,33.2
2023-09-21T00:00,27.5,83,32.7
2023-09-21T01:00,27.0,88,32.4
2023-09-21T02:00,26.7,89,32.3
2023-09-21T03:00,26.3,91,32.1
2023-09-21T04:00,26.0,92,31.8
2023-09-21T05:00,27.6,87,33.9
2023-09-21T06:00,27.8,89,34.7
2023-09-21T07:00,28.7,86,35.9
2023-09-21T08:00,30.4,79,37.1
2023-09-21T09:00,29.9,80,36.3
2023-09-21T10:00,30.8,76,37.6
2023-09-21T11:00,31.7,73,39.7
2023-09-21T12:00,32.6,67,41.0
2023-09-21T13:00,33.2,62,40.5
2023-09-21T14:00,33.5,59,39.2
2023-09-21T15:00,33.2,59,38.2
2023-09-21T16:00,32.2,60,36.0
2023-09-21T17:00,28.8,79,32.2
2023-09-21T18:00,26.9,90,32.6
2023-09-21T19:00,26.4,92,31.5
2023-09-21T20:00,26.8,90,31.6
2023-09-21T21:00,26.8,89,32.2
2023-09-21T22:00,26.6,91,32.5
2023-09-21T23:00,26.6,90,32.2
2023-09-22T00:00,26.6,89,31.8
2023-09-22T01:00,26.4,90,31.9
2023-09-22T02:00,25.7,95,31.2
2023-09-22T03:00,25.7,95,31.2
2023-09-22T04:00,25.3,96,30.7
2023-09-22T05:00,26.3,94,32.2
2023-09-22T06:00,27.1,90,33.6
2023-09-22T07:00,28.3,84,34.3
2023-09-22T08:00,29.3,81,35.6
2023-09-22T09:00,30.6,78,37.2
2023-09-22T10:00,31.5,74,38.7
2023-09-22T11:00,32.3,66,39.3
2023-09-22T12:00,33.1,61,39.6
2023-09-22T13:00,33.2,61,40.2
2023-09-22T14:00,33.3,61,39.5
2023-09-22T15:00,33.0,62,38.4
2023-09-22T16:00,31.8,65,36.6
2023-09-22T17:00,32.7,61,37.9
2023-09-22T18:00,31.1,66,36.3
2023-09-22T19:00,30.1,71,35.3
2023-09-22T20:00,29.1,78,34.8
2023-09-22T21:00,28.5,81,34.2
2023-09-22T22:00,28.2,81,33.5
2023-09-22T23:00,27.4,86,33.2
2023-09-23T00:00,27.0,89,33.0
2023-09-23T01:00,26.4,93,32.1
2023-09-23T02:00,26.1,95,31.7
2023-09-23T03:00,25.9,97,31.3
2023-09-23T04:00,25.6,97,31.1
2023-09-23T05:00,25.8,98,31.2
2023-09-23T06:00,26.2,95,32.0
2023-09-23T07:00,27.0,92,33.3
2023-09-23T08:00,28.1,86,35.0
2023-09-23T09:00,29.5,80,36.2
2023-09-23T10:00,30.9,72,37.1
2023-09-23T11:00,31.7,70,39.1
2023-09-23T12:00,32.3,68,40.2
2023-09-23T13:00,32.8,64,40.3
2023-09-23T14:00,32.5,63,38.7
2023-09-23T15:00,31.8,62,35.5
2023-09-23T16:00,30.9,70,35.9
2023-09-23T17:00,30.6,71,36.5
2023-09-23T18:00,29.2,79,35.3
2023-09-23T19:00,29.2,76,35.3
2023-09-23T20:00,27.5,87,33.6
2023-09-23T21:00,26.9,90,32.8
2023-09-23T22:00,26.5,91,32.3
2023-09-23T23:00,26.2,93,32.1
2023-09-24T00:00,25.9,94,31.9
2023-09-24T01:00,25.6,95,31.5
2023-09-24T02:00,25.5,96,31.4
2023-09-24T03:00,25.3,96,31.1
2023-09-24T04:00,25.3,96,30.9
2023-09-24T05:00,25.6,96,31.4
2023-09-24T06:00,25.6,96,31.7
2023-09-24T07:00,26.7,93,32.2
2023-09-24T08:00,26.8,85,31.8
2023-09-24T09:00,25.9,84,29.2
2023-09-24T10:00,28.9,74,34.1
2023-09-24T11:00,30.6,68,36.3
2023-09-24T12:00,31.9,61,37.4
2023-09-24T13:00,32.6,57,37.3
2023-09-24T14:00,32.8,54,36.8
2023-09-24T15:00,32.6,56,35.9
2023-09-24T16:00,32.2,57,35.7
2023-09-24T17:00,29.7,67,33.8
2023-09-24T18:00,28.4,74,33.1
2023-09-24T19:00,27.6,79,32.6
2023-09-24T20:00,26.7,85,31.9
2023-09-24T21:00,26.2,88,31.4
2023-09-24T22:00,25.9,88,31.1
2023-09-24T23:00,26.3,85,31.5
2023-09-25T00:00,26.4,84,31.7
2023-09-25T01:00,25.9,87,31.3
2023-09-25T02:00,25.2,91,30.3
2023-09-25T03:00,24.8,92,29.9
2023-09-25T04:00,24.6,93,29.6
2023-09-25T05:00,24.8,94,29.9
2023-09-25T06:00,25.3,91,29.9
2023-09-25T07:00,26.4,87,31.2
2023-09-25T08:00,28.0,81,33.2
2023-09-25T09:00,29.7,74,35.2
2023-09-25T10:00,31.2,66,37.1
2023-09-25T11:00,32.1,60,38.6
2023-09-25T12:00,32.6,56,38.3
2023-09-25T13:00,32.9,54,38.0
2023-09-25T14:00,32.9,52,36.9
2023-09-25T15:00,32.8,52,36.5
2023-09-25T16:00,32.4,54,36.2
2023-09-25T17:00,31.4,65,36.2
2023-09-25T18:00,29.6,74,35.5
2023-09-25T19:00,28.3,83,34.6
2023-09-25T20:00,27.9,83,33.8
2023-09-25T21:00,27.4,85,33.2
2023-09-25T22:00,27.3,83,32.7
2023-09-25T23:00,26.4,87,31.6
2023-09-26T00:00,26.2,86,31.3
2023-09-26T01:00,25.9,88,31.0
2023-09-26T02:00,25.7,90,30.9
2023-09-26T03:00,25.4,92,30.6
2023-09-26T04:00,24.9,94,30.3
2023-09-26T05:00,25.8,88,30.9
2023-09-26T06:00,26.0,89,31.4
2023-09-26T07:00,26.6,87,32.1
2023-09-26T08:00,28.5,79,34.3
2023-09-26T09:00,30.2,69,35.8
2023-09-26T10:00,31.2,63,36.9
2023-09-26T11:00,32.0,58,37.4
2023-09-26T12:00,32.6,55,37.8
2023-09-26T13:00,32.8,53,37.5
2023-09-26T14:00,32.9,51,37.0
2023-09-26T15:00,32.9,51,36.5
2023-09-26T16:00,32.4,52,35.7
2023-09-26T17:00,32.0,59,36.1
2023-09-26T18:00,29.7,70,34.5
2023-09-26T19:00,29.2,72,33.9
2023-09-26T20:00,28.4,72,32.5
2023-09-26T21:00,27.5,73,31.3
2023-09-26T22:00,26.6,74,30.3
2023-09-26T23:00,25.9,77,29.7
2023-09-27T00:00,25.4,79,29.2
2023-09-27T01:00,24.9,82,28.7
2023-09-27T02:00,24.3,85,28.1
2023-09-27T03:00,23.8,87,27.6
2023-09-27T04:00,23.3,89,27.0
2023-09-27T05:00,23.9,89,27.9
2023-09-27T06:00,24.5,87,28.5
2023-09-27T07:00,26.0,82,30.3
2023-09-27T08:00,28.1,74,32.6
2023-09-27T09:00,29.9,66,33.8
2023-09-27T10:00,31.1,58,34.7
2023-09-27T11:00,32.0,53,35.7
2023-09-27T12:00,32.7,48,36.1
2023-09-27T13:00,33.3,44,36.1
2023-09-27T14:00,33.3,42,35.3
2023-09-27T15:00,33.1,42,34.2
2023-09-27T16:00,32.4,43,33.6
2023-09-27T17:00,30.1,50,32.2
2023-09-27T18:00,27.3,57,29.1
2023-09-27T19:00,26.6,58,28.3
2023-09-27T20:00,26.1,59,27.6
2023-09-27T21:00,25.8,62,27.5
2023-09-27T22:00,25.4,65,27.2
2023-09-27T23:00,24.9,66,26.6
2023-09-28T00:00,24.1,69,25.9
2023-09-28T01:00,23.0,74,25.0
2023-09-28T02:00,22.5,77,24.5
2023-09-28T03:00,21.8,80,23.9
2023-09-28T04:00,21.6,81,23.6
2023-09-28T05:00,20.6,87,22.5
2023-09-28T06:00,21.4,84,23.7
2023-09-28T07:00,23.3,78,25.4
2023-09-28T08:00,26.0,70,29.1
2023-09-28T09:00,28.7,60,31.6
2023-09-28T10:00,30.6,52,33.6
2023-09-28T11:00,31.7,47,35.2
2023-09-28T12:00,32.5,43,35.7
2023-09-28T13:00,33.0,40,35.4
2023-09-28T14:00,33.1,39,34.6
2023-09-28T15:00,32.8,39,33.6
2023-09-28T16:00,32.2,41,33.0
2023-09-28T17:00,29.6,53,32.1
2023-09-28T18:00,26.6,60,28.0
2023-09-28T19:00,25.6,64,27.0
2023-09-28T20:00,25.5,65,27.5
2023-09-28T21:00,25.4,61,26.7
2023-09-28T22:00,24.6,59,25.5
2023-09-28T23:00,23.7,62,24.6
2023-09-29T00:00,22.7,66,23.8
2023-09-29T01:00,21.6,73,22.4
2023-09-29T02:00,22.0,70,22.9
2023-09-29T03:00,21.1,74,22.1
2023-09-29T04:00,20.4,77,21.6
2023-09-29T05:00,20.9,81,23.0
2023-09-29T06:00,21.5,80,23.6
2023-09-29T07:00,23.3,76,25.6
2023-09-29T08:00,26.0,68,28.9
2023-09-29T09:00,28.5,61,31.6
2023-09-29T10:00,30.5,53,34.1
2023-09-29T11:00,31.9,43,34.9
2023-09-29T12:00,32.6,39,35.3
2023-09-29T13:00,33.0,37,35.5
2023-09-29T14:00,33.2,36,35.2
2023-09-29T15:00,33.1,37,34.3
2023-09-29T16:00,32.5,39,33.8
2023-09-29T17:00,30.6,57,34.2
2023-09-29T18:00,28.0,64,30.8
2023-09-29T19:00,27.3,68,30.1
2023-09-29T20:00,26.5,71,29.8
2023-09-29T21:00,26.1,70,29.0
2023-09-29T22:00,25.5,67,27.7
2023-09-29T23:00,24.5,68,26.5
2023-09-30T00:00,23.9,71,25.9
2023-09-30T01:00,23.5,73,25.5
2023-09-30T02:00,23.0,75,24.9
2023-09-30T03:00,23.2,73,24.9
2023-09-30T04:00,22.8,75,24.5
2023-09-30T05:00,22.9,80,25.3
2023-09-30T06:00,23.5,78,26.2
2023-09-30T07:00,24.6,75,26.8
2023-09-30T08:00,26.7,70,29.7
2023-09-30T09:00,29.2,62,32.6
2023-09-30T10:00,31.2,56,34.9
2023-09-30T11:00,32.8,48,36.2
2023-09-30T12:00,33.8,43,36.6
2023-09-30T13:00,34.5,35,36.0
2023-09-30T14:00,34.8,31,34.8
2023-09-30T15:00,34.5,32,33.6
2023-09-30T16:00,33.5,36,33.2
2023-09-30T17:00,30.6,40,31.2
2023-09-30T18:00,28.1,48,28.9
2023-09-30T19:00,27.6,48,27.8
2023-09-30T20:00,27.2,49,27.0
2023-09-30T21:00,26.9,51,27.1
2023-09-30T22:00,26.5,54,26.9
2023-09-30T23:00,25.9,57,26.6
2023-10-01T00:00,25.1,60,26.1
2023-10-01T01:00,23.8,67,25.2
2023-10-01T02:00,22.6,73,24.1
2023-10-01T03:00,21.4,79,22.8
2023-10-01T04:00,21.3,79,23.0
2023-10-01T05:00,22.3,86,25.0
2023-10-01T06:00,22.6,85,25.3
2023-10-01T07:00,24.3,79,27.0
2023-10-01T08:00,26.5,72,29.6
2023-10-01T09:00,28.3,67,31.8
2023-10-01T10:00,30.2,61,34.5
2023-10-01T11:00,32.1,51,36.2
2023-10-01T12:00,33.5,40,36.1
2023-10-01T13:00,34.4,31,35.1
2023-10-01T14:00,34.6,27,33.7
2023-10-01T15:00,34.4,24,31.9
2023-10-01T16:00,33.3,28,31.2
2023-10-01T17:00,31.0,33,30.3
2023-10-01T18:00,28.6,39,28.1
2023-10-01T19:00,27.5,40,26.6
2023-10-01T20:00,26.4,40,25.2
2023-10-01T21:00,25.4,39,23.9
2023-10-01T22:00,24.5,40,23.0
2023-10-01T23:00,23.7,43,22.2
2023-10-02T00:00,23.6,42,22.1
2023-10-02T01:00,22.5,47,21.5
2023-10-02T02:00,21.5,52,20.8
2023-10-02T03:00,20.9,56,20.3
2023-10-02T04:00,20.3,59,19.7
2023-10-02T05:00,20.2,75,20.5
2023-10-02T06:00,21.0,72,22.0
2023-10-02T07:00,22.8,67,23.6
2023-10-02T08:00,25.7,60,27.0
2023-10-02T09:00,28.3,51,29.6
2023-10-02T10:00,30.8,43,32.1
2023-10-02T11:00,32.4,34,32.9
2023-10-02T12:00,33.2,32,33.5
2023-10-02T13:00,33.7,29,33.5
2023-10-02T14:00,33.8,26,32.2
2023-10-02T15:00,33.3,23,30.2
2023-10-02T16:00,32.4,24,29.5
2023-10-02T17:00,30.9,28,28.8
2023-10-02T18:00,28.3,33,26.6
2023-10-02T19:00,26.6,36,25.3
2023-10-02T20:00,25.7,36,23.9
2023-10-02T21:00,24.7,35,22.8
2023-10-02T22:00,24.5,33,21.9
2023-10-02T23:00,24.5,30,21.8
2023-10-03T00:00,23.4,34,21.1
2023-10-03T01:00,21.9,39,20.0
2023-10-03T02:00,21.4,43,19.7
2023-10-03T03:00,20.4,47,19.0
2023-10-03T04:00,20.0,49,18.8
2023-10-03T05:00,20.6,53,19.8
2023-10-03T06:00,20.6,54,19.5
2023-10-03T07:00,22.2,53,21.1
2023-10-03T08:00,25.1,50,24.7
2023-10-03T09:00,28.1,42,27.3
2023-10-03T10:00,30.5,36,29.7
2023-10-03T11:00,32.2,32,31.8
2023-10-03T12:00,33.2,29,32.6
2023-10-03T13:00,33.8,25,32.2
2023-10-03T14:00,33.9,22,30.9
2023-10-03T15:00,33.3,25,30.1
2023-10-03T16:00,32.4,29,30.2
2023-10-03T17:00,30.5,31,29.1
2023-10-03T18:00,27.7,37,26.7
2023-10-03T19:00,26.3,40,25.4
2023-10-03T20:00,25.2,43,24.4
2023-10-03T21:00,24.0,48,23.6
2023-10-03T22:00,23.3,52,23.1
2023-10-03T23:00,23.0,54,22.8
2023-10-04T00:00,21.7,61,21.7
2023-10-04T01:00,20.7,66,20.7
2023-10-04T02:00,20.1,69,20.1
2023-10-04T03:00,19.7,71,19.9
2023-10-04T04:00,18.9,76,19.1
2023-10-04T05:00,19.0,80,19.6
2023-10-04T06:00,19.9,77,20.8
2023-10-04T07:00,22.0,70,22.6
2023-10-04T08:00,25.0,62,26.1
2023-10-04T09:00,27.8,55,28.9
2023-10-04T10:00,30.4,46,31.5
2023-10-04T11:00,32.2,35,32.1
2023-10-04T12:00,33.4,30,32.7
2023-10-04T13:00,33.9,30,33.2
2023-10-04T14:00,33.9,32,33.1
2023-10-04T15:00,33.6,32,32.1
2023-10-04T16:00,33.0,32,31.6
2023-10-04T17:00,31.2,38,31.2
2023-10-04T18:00,28.7,45,29.0
2023-10-04T19:00,27.9,46,27.8
2023-10-04T20:00,26.9,48,26.9
2023-10-04T21:00,25.4,54,25.8
2023-10-04T22:00,23.9,60,24.8
2023-10-04T23:00,22.7,66,23.8
2023-10-05T00:00,22.1,69,23.2
2023-10-05T01:00,21.8,69,22.9
2023-10-05T02:00,20.7,73,21.3
2023-10-05T03:00,20.2,74,20.7
2023-10-05T04:00,21.3,68,21.9
2023-10-05T05:00,19.9,76,20.5
2023-10-05T06:00,20.7,72,21.1
2023-10-05T07:00,22.4,67,22.5
2023-10-05T08:00,25.3,59,26.1
2023-10-05T09:00,28.2,49,28.6
2023-10-05T10:00,30.5,42,30.9
2023-10-05T11:00,32.1,38,33.0
2023-10-05T12:00,33.2,34,33.9
2023-10-05T13:00,33.9,30,33.9
2023-10-05T14:00,34.3,27,33.4
2023-10-05T15:00,34.0,26,32.2
2023-10-05T16:00,33.2,27,31.6
2023-10-05T17:00,30.8,34,30.4
2023-10-05T18:00,28.2,40,27.9
2023-10-05T19:00,26.8,45,26.7
2023-10-05T20:00,25.5,49,25.5
2023-10-05T21:00,24.2,53,24.1
2023-10-05T22:00,22.9,59,22.8
2023-10-05T23:00,21.9,66,21.8
2023-10-06T00:00,24.7,55,25.6
2023-10-06T01:00,21.6,64,22.2
2023-10-06T02:00,19.9,69,20.1
2023-10-06T03:00,20.2,65,20.5
2023-10-06T04:00,20.0,63,19.7
2023-10-06T05:00,20.5,69,20.6
2023-10-06T06:00,21.2,63,20.7
2023-10-06T07:00,23.1,57,22.5
2023-10-06T08:00,25.9,52,26.4
2023-10-06T09:00,28.9,44,29.6
2023-10-06T10:00,31.2,39,32.4
2023-10-06T11:00,33.0,34,34.4
2023-10-06T12:00,34.2,31,35.4
2023-10-06T13:00,35.0,30,35.8
2023-10-06T14:00,35.3,28,35.2
2023-10-06T15:00,35.2,28,34.5
2023-10-06T16:00,34.5,30,34.3
2023-10-06T17:00,31.0,45,32.8
2023-10-06T18:00,28.3,52,29.9
2023-10-06T19:00,26.6,62,28.4
2023-10-06T20:00,25.4,66,27.0
2023-10-06T21:00,25.3,66,26.9
2023-10-06T22:00,27.5,56,29.9
2023-10-06T23:00,27.3,55,29.7
2023-10-07T00:00,26.7,56,28.6
2023-10-07T01:00,24.1,69,26.0
2023-10-07T02:00,22.1,76,24.0
2023-10-07T03:00,21.7,75,23.0
2023-10-07T04:00,22.1,73,23.7
2023-10-07T05:00,21.6,80,23.7
2023-10-07T06:00,22.6,74,24.4
2023-10-07T07:00,24.6,67,26.2
2023-10-07T08:00,27.3,58,29.0
2023-10-07T09:00,29.7,49,31.0
2023-10-07T10:00,31.7,46,33.5
2023-10-07T11:00,33.1,44,35.8
2023-10-07T12:00,34.0,44,37.3
2023-10-07T13:00,34.6,44,38.0
2023-10-07T14:00,35.0,44,37.8
2023-10-07T15:00,35.0,44,37.1
2023-10-07T16:00,34.7,44,36.8
2023-10-07T17:00,32.2,48,35.2
2023-10-07T18:00,29.6,58,32.4
2023-10-07T19:00,28.6,65,32.0
2023-10-07T20:00,27.5,71,31.1
2023-10-07T21:00,26.9,74,30.3
2023-10-07T22:00,26.8,73,30.3
2023-10-07T23:00,26.7,73,30.9
2023-10-08T00:00,28.7,63,32.8
2023-10-08T01:00,28.0,66,31.9
2023-10-08T02:00,24.8,81,28.5
2023-10-08T03:00,24.6,81,28.0
2023-10-08T04:00,24.1,82,27.1
2023-10-08T05:00,24.5,85,27.7
2023-10-08T06:00,24.9,70,26.5
2023-10-08T07:00,25.7,61,26.5
2023-10-08T08:00,27.8,54,28.8
2023-10-08T09:00,30.0,49,31.1
2023-10-08T10:00,32.1,44,33.6
2023-10-08T11:00,33.7,41,35.8
2023-10-08T12:00,34.7,38,36.8
2023-10-08T13:00,35.2,38,37.3
2023-10-08T14:00,35.3,39,37.1
2023-10-08T15:00,35.2,39,36.3
2023-10-08T16:00,34.7,40,36.0
2023-10-08T17:00,33.4,47,36.8
2023-10-08T18:00,31.6,51,34.7
2023-10-08T19:00,29.5,64,33.2
2023-10-08T20:00,28.8,68,32.9
2023-10-08T21:00,27.8,72,32.1
2023-10-08T22:00,28.7,66,33.0
2023-10-08T23:00,29.0,64,33.1
2023-10-09T00:00,28.4,65,32.5
2023-10-09T01:00,25.7,74,29.3
2023-10-09T02:00,25.6,68,27.9
2023-10-09T03:00,25.0,68,27.1
2023-10-09T04:00,24.6,69,26.6
2023-10-09T05:00,24.7,76,27.7
2023-10-09T06:00,24.7,74,26.9
2023-10-09T07:00,25.9,68,27.5
2023-10-09T08:00,28.2,58,29.8
2023-10-09T09:00,30.7,50,32.2
2023-10-09T10:00,32.8,44,34.3
2023-10-09T11:00,34.1,42,36.3
2023-10-09T12:00,35.1,35,36.4
2023-10-09T13:00,35.1,34,35.5
2023-10-09T14:00,35.2,33,35.4
2023-10-09T15:00,35.1,33,35.2
2023-10-09T16:00,34.8,33,35.2
2023-10-09T17:00,32.5,50,35.7
2023-10-09T18:00,29.8,52,31.9
2023-10-09T19:00,29.2,53,31.1
2023-10-09T20:00,27.7,54,29.3
2023-10-09T21:00,26.9,57,28.6
2023-10-09T22:00,26.5,56,28.1
2023-10-09T23:00,26.3,56,27.6
2023-10-10T00:00,25.0,59,26.3
2023-10-10T01:00,25.4,57,26.3
2023-10-10T02:00,25.1,59,26.1
2023-10-10T03:00,24.9,59,25.9
2023-10-10T04:00,24.6,57,25.3
2023-10-10T05:00,24.7,60,25.5
2023-10-10T06:00,24.4,59,24.8
2023-10-10T07:00,25.5,58,25.9
2023-10-10T08:00,27.4,54,28.2
2023-10-10T09:00,29.7,48,30.6
2023-10-10T10:00,31.3,45,32.5
2023-10-10T11:00,32.5,43,34.6
2023-10-10T12:00,33.5,42,36.2
2023-10-10T13:00,33.4,43,35.8
2023-10-10T14:00,32.3,46,34.0
2023-10-10T15:00,32.6,44,34.8
2023-10-10T16:00,32.7,43,34.5
2023-10-10T17:00,32.5,38,32.9
2023-10-10T18:00,30.6,48,31.9
2023-10-10T19:00,29.5,54,31.5
2023-10-10T20:00,27.6,63,30.5
2023-10-10T21:00,25.7,76,28.7
2023-10-10T22:00,25.5,76,28.9
2023-10-10T23:00,24.6,80,28.0
2023-10-11T00:00,24.0,77,26.6
2023-10-11T01:00,23.3,74,25.3
2023-10-11T02:00,22.6,76,24.4
2023-10-11T03:00,21.9,80,23.8
2023-10-11T04:00,21.2,84,23.2
2023-10-11T05:00,21.5,88,23.8
2023-10-11T06:00,21.7,87,23.7
2023-10-11T07:00,23.2,81,25.2
2023-10-11T08:00,25.6,72,28.0
2023-10-11T09:00,28.2,62,30.5
2023-10-11T10:00,30.3,51,32.2
2023-10-11T11:00,31.8,44,33.7
2023-10-11T12:00,32.9,36,34.2
2023-10-11T13:00,33.5,31,33.8
2023-10-11T14:00,33.7,29,33.0
2023-10-11T15:00,33.4,28,31.8
2023-10-11T16:00,32.6,29,31.2
2023-10-11T17:00,29.7,32,28.7
2023-10-11T18:00,27.4,40,26.9
2023-10-11T19:00,26.3,43,25.8
2023-10-11T20:00,24.8,48,24.6
2023-10-11T21:00,23.3,54,23.1
2023-10-11T22:00,22.1,61,21.9
2023-10-11T23:00,21.4,63,21.1
2023-10-12T00:00,20.7,64,20.4
2023-10-12T01:00,20.3,66,20.2
2023-10-12T02:00,20.0,66,20.4
2023-10-12T03:00,19.3,69,19.6
2023-10-12T04:00,18.9,71,19.2
2023-10-12T05:00,19.2,78,20.0
2023-10-12T06:00,19.3,78,20.0
2023-10-12T07:00,21.3,70,21.8
2023-10-12T08:00,24.7,60,25.9
2023-10-12T09:00,27.8,49,28.8
2023-10-12T10:00,29.9,41,30.8
2023-10-12T11:00,31.4,36,32.4
2023-10-12T12:00,32.4,33,33.2
2023-10-12T13:00,33.0,32,33.4
2023-10-12T14:00,33.2,32,32.9
2023-10-12T15:00,33.1,31,32.2
2023-10-12T16:00,32.4,33,31.7
2023-10-12T17:00,30.3,39,30.8
2023-10-12T18:00,28.2,47,29.0
2023-10-12T19:00,27.1,52,27.8
2023-10-12T20:00,26.1,55,27.1
2023-10-12T21:00,25.2,59,26.4
2023-10-12T22:00,23.9,65,25.1
2023-10-12T23:00,23.3,68,24.5
2023-10-13T00:00,22.9,69,24.1
2023-10-13T01:00,24.4,62,25.9
2023-10-13T02:00,22.4,70,24.0
2023-10-13T03:00,21.4,75,22.9
2023-10-13T04:00,20.3,81,21.9
2023-10-13T05:00,20.8,81,22.8
2023-10-13T06:00,20.9,81,22.9
2023-10-13T07:00,23.0,73,24.7
2023-10-13T08:00,26.3,62,28.6
2023-10-13T09:00,29.1,52,31.2
2023-10-13T10:00,31.6,41,33.3
2023-10-13T11:00,33.3,34,34.8
2023-10-13T12:00,34.2,32,35.5
2023-10-13T13:00,34.5,31,35.4
2023-10-13T14:00,34.7,31,34.9
2023-10-13T15:00,34.4,31,34.1
2023-10-13T16:00,33.9,32,33.7
2023-10-13T17:00,31.4,41,32.5
2023-10-13T18:00,29.8,44,30.5
2023-10-13T19:00,28.5,49,29.6
2023-10-13T20:00,26.8,57,28.5
2023-10-13T21:00,25.2,65,26.6
2023-10-13T22:00,25.1,64,26.5
2023-10-13T23:00,26.3,57,28.3
2023-10-14T00:00,26.1,57,28.0
2023-10-14T01:00,23.1,71,24.5
2023-10-14T02:00,22.4,74,24.0
2023-10-14T03:00,22.0,76,23.6
2023-10-14T04:00,21.6,78,23.2
2023-10-14T05:00,23.4,77,26.4
2023-10-14T06:00,22.5,83,25.7
2023-10-14T07:00,24.4,75,27.4
2023-10-14T08:00,27.5,64,31.0
2023-10-14T09:00,30.5,52,33.7
2023-10-14T10:00,32.8,42,35.2
2023-10-14T11:00,34.4,33,35.3
2023-10-14T12:00,34.7,28,34.2
2023-10-14T13:00,35.0,26,33.8
2023-10-14T14:00,34.9,25,33.4
2023-10-14T15:00,34.3,26,32.7
2023-10-14T16:00,33.6,28,32.4
2023-10-14T17:00,31.6,33,31.5
2023-10-14T18:00,28.6,42,28.7
2023-10-14T19:00,27.8,47,28.6
2023-10-14T20:00,25.9,59,26.9
2023-10-14T21:00,28.4,47,29.7
2023-10-14T22:00,27.0,51,28.1
2023-10-14T23:00,24.9,58,25.8
2023-10-15T00:00,25.1,58,26.2
2023-10-15T01:00,22.9,68,24.1
2023-10-15T02:00,22.3,68,23.2
2023-10-15T03:00,24.5,57,25.7
2023-10-15T04:00,24.4,58,26.0
2023-10-15T05:00,23.8,67,26.0
2023-10-15T06:00,22.4,74,24.3
2023-10-15T07:00,23.6,71,25.3
2023-10-15T08:00,26.4,63,29.1
2023-10-15T09:00,29.2,54,31.8
2023-10-15T10:00,31.1,49,33.3
2023-10-15T11:00,32.1,43,34.3
2023-10-15T12:00,33.1,36,35.4
2023-10-15T13:00,33.7,33,34.9
2023-10-15T14:00,32.6,35,33.2
2023-10-15T15:00,33.0,34,33.1
2023-10-15T16:00,32.1,37,32.5
2023-10-15T17:00,30.6,48,33.2
2023-10-15T18:00,27.8,51,29.1
2023-10-15T19:00,26.7,56,26.9
2023-10-15T20:00,25.2,59,26.2
2023-10-15T21:00,24.2,64,25.7
2023-10-15T22:00,25.0,61,26.6
2023-10-15T23:00,23.7,67,25.4
2023-10-16T00:00,22.7,70,24.3
2023-10-16T01:00,21.6,75,23.1
2023-10-16T02:00,21.6,74,23.1
2023-10-16T03:00,21.0,77,22.6
2023-10-16T04:00,20.8,78,22.3
2023-10-16T05:00,22.7,74,24.8
2023-10-16T06:00,22.2,72,21.9
2023-10-16T07:00,22.6,70,23.3
2023-10-16T08:00,25.2,63,26.8
2023-10-16T09:00,28.7,54,30.2
2023-10-16T10:00,24.0,65,22.3
2023-10-16T11:00,25.7,61,25.4
2023-10-16T12:00,27.0,56,27.8
2023-10-16T13:00,28.5,51,29.3
2023-10-16T14:00,28.9,51,29.3
2023-10-16T15:00,29.0,49,29.3
2023-10-16T16:00,27.8,54,29.8
2023-10-16T17:00,25.5,54,24.5
2023-10-16T18:00,24.6,59,24.3
2023-10-16T19:00,24.0,64,24.4
2023-10-16T20:00,23.6,67,24.2
2023-10-16T21:00,23.4,66,24.6
2023-10-16T22:00,23.0,71,25.6
2023-10-16T23:00,19.8,87,19.8
2023-10-17T00:00,20.3,89,21.3
2023-10-17T01:00,20.5,76,20.9
2023-10-17T02:00,20.2,75,20.5
2023-10-17T03:00,20.2,74,20.6
2023-10-17T04:00,19.6,80,20.5
2023-10-17T05:00,18.7,84,20.0
2023-10-17T06:00,19.2,83,20.0
2023-10-17T07:00,20.0,81,22.1
2023-10-17T08:00,21.8,74,23.7
2023-10-17T09:00,23.7,67,25.5
2023-10-17T10:00,25.1,59,26.2
2023-10-17T11:00,26.6,54,28.3
2023-10-17T12:00,28.0,48,30.2
2023-10-17T13:00,28.7,46,30.6
2023-10-17T14:00,28.3,47,29.5
2023-10-17T15:00,26.7,51,27.4
2023-10-17T16:00,25.4,64,27.2
2023-10-17T17:00,23.1,70,25.0
2023-10-17T18:00,22.5,72,24.1
2023-10-17T19:00,21.4,76,23.0
2023-10-17T20:00,20.4,83,22.1
2023-10-17T21:00,19.3,90,20.9
2023-10-17T22:00,18.7,92,20.2
2023-10-17T23:00,18.2,92,19.5
2023-10-18T00:00,17.8,93,19.0
2023-10-18T01:00,17.6,93,19.0
2023-10-18T02:00,17.6,93,18.8
2023-10-18T03:00,17.3,92,18.2
2023-10-18T04:00,17.1,89,17.7
2023-10-18T05:00,18.2,88,18.9
2023-10-18T06:00,18.4,87,19.2
2023-10-18T07:00,19.6,82,20.3
2023-10-18T08:00,21.8,73,22.6
2023-10-18T09:00,24.1,64,24.7
2023-10-18T10:00,26.1,53,26.1
2023-10-18T11:00,27.5,45,27.6
2023-10-18T12:00,28.4,42,28.6
2023-10-18T13:00,28.8,41,29.0
2023-10-18T14:00,29.0,41,28.6
2023-10-18T15:00,28.8,39,28.0
2023-10-18T16:00,28.1,39,27.0
2023-10-18T17:00,25.9,44,25.4
2023-10-18T18:00,24.0,51,23.6
2023-10-18T19:00,22.9,56,22.6
2023-10-18T20:00,22.0,59,21.7
2023-10-18T21:00,21.3,61,20.9
2023-10-18T22:00,20.6,63,20.3
2023-10-18T23:00,19.8,66,19.6
2023-10-19T00:00,19.1,69,19.0
2023-10-19T01:00,18.4,73,18.4
2023-10-19T02:00,17.9,75,17.8
2023-10-19T03:00,17.4,77,17.2
2023-10-19T04:00,17.0,79,16.7
2023-10-19T05:00,17.2,83,17.2
2023-10-19T06:00,17.4,82,17.5
2023-10-19T07:00,18.5,78,18.6
2023-10-19T08:00,20.8,70,21.3
2023-10-19T09:00,23.1,62,23.8
2023-10-19T10:00,25.0,54,25.4
2023-10-19T11:00,26.4,48,27.2
2023-10-19T12:00,27.6,43,28.3
2023-10-19T13:00,28.3,40,28.4
2023-10-19T14:00,28.6,39,28.0
2023-10-19T15:00,28.4,39,27.4
2023-10-19T16:00,27.7,40,26.7
2023-10-19T17:00,24.8,53,25.2
2023-10-19T18:00,22.9,58,23.0
2023-10-19T19:00,21.6,65,21.8
2023-10-19T20:00,20.5,70,20.7
2023-10-19T21:00,19.9,72,20.2
2023-10-19T22:00,19.3,74,19.5
2023-10-19T23:00,19.2,75,19.6
2023-10-20T00:00,18.6,77,19.1
2023-10-20T01:00,17.9,81,18.2
2023-10-20T02:00,17.4,84,17.6
2023-10-20T03:00,17.9,81,18.5
2023-10-20T04:00,17.1,85,17.8
2023-10-20T05:00,17.0,89,17.7
2023-10-20T06:00,17.3,89,18.3
2023-10-20T07:00,19.2,81,20.2
2023-10-20T08:00,21.9,69,23.2
2023-10-20T09:00,24.4,59,25.7
2023-10-20T10:00,26.2,51,27.2
2023-10-20T11:00,27.3,46,28.6
2023-10-20T12:00,28.2,42,29.5
2023-10-20T13:00,28.8,39,29.6
2023-10-20T14:00,29.1,37,29.0
2023-10-20T15:00,29.1,36,28.6
2023-10-20T16:00,28.3,38,27.8
2023-10-20T17:00,25.7,49,26.1
2023-10-20T18:00,23.7,57,24.1
2023-10-20T19:00,22.4,65,22.9
2023-10-20T20:00,21.3,70,21.9
2023-10-20T21:00,20.3,75,20.9
2023-10-20T22:00,19.6,78,20.0
2023-10-20T23:00,18.9,81,19.3
2023-10-21T00:00,18.4,83,18.8
2023-10-21T01:00,17.8,85,18.2
2023-10-21T02:00,17.5,87,18.2
2023-10-21T03:00,16.9,90,17.6
2023-10-21T04:00,16.7,90,17.6
2023-10-21T05:00,17.5,89,18.8
2023-10-21T06:00,17.6,90,18.7
2023-10-21T07:00,19.3,83,20.1
2023-10-21T08:00,22.3,72,23.8
2023-10-21T09:00,24.9,62,26.5
2023-10-21T10:00,26.9,53,28.5
2023-10-21T11:00,28.2,45,30.1
2023-10-21T12:00,29.0,40,30.6
2023-10-21T13:00,29.5,38,30.6
2023-10-21T14:00,29.7,36,30.0
2023-10-21T15:00,29.6,36,29.6
2023-10-21T16:00,29.0,38,29.0
2023-10-21T17:00,26.2,49,26.5
2023-10-21T18:00,24.5,47,24.2
2023-10-21T19:00,23.4,48,22.7
2023-10-21T20:00,21.7,55,21.0
2023-10-21T21:00,21.0,61,20.8
2023-10-21T22:00,19.9,69,19.7
2023-10-21T23:00,19.5,72,19.9
2023-10-22T00:00,18.4,77,18.3
2023-10-22T01:00,18.5,75,18.4
2023-10-22T02:00,19.2,71,19.3
2023-10-22T03:00,17.5,79,17.5
2023-10-22T04:00,17.3,79,17.2
2023-10-22T05:00,17.2,84,17.9
2023-10-22T06:00,17.1,86,18.0
2023-10-22T07:00,19.1,78,20.3
2023-10-22T08:00,22.3,68,24.0
2023-10-22T09:00,25.1,58,26.9
2023-10-22T10:00,27.3,48,28.7
2023-10-22T11:00,28.7,40,30.2
2023-10-22T12:00,29.6,37,30.9
2023-10-22T13:00,30.3,35,31.1
2023-10-22T14:00,30.4,36,30.3
2023-10-22T15:00,30.2,36,30.0
2023-10-22T16:00,29.4,38,29.0
2023-10-22T17:00,26.5,47,26.9
2023-10-22T18:00,25.4,50,25.5
2023-10-22T19:00,24.1,58,24.8
2023-10-22T20:00,22.9,64,23.9
2023-10-22T21:00,21.8,70,22.9
2023-10-22T22:00,21.3,74,22.6
2023-10-22T23:00,20.4,79,21.7
2023-10-23T00:00,19.7,83,20.9
2023-10-23T01:00,19.0,86,20.0
2023-10-23T02:00,18.5,88,19.6
2023-10-23T03:00,18.0,90,19.0
2023-10-23T04:00,17.6,91,18.5
2023-10-23T05:00,17.9,91,19.4
2023-10-23T06:00,18.2,90,19.7
2023-10-23T07:00,19.7,84,20.9
2023-10-23T08:00,22.3,73,23.8
2023-10-23T09:00,24.9,63,26.4
2023-10-23T10:00,27.1,50,27.4
2023-10-23T11:00,28.2,44,28.7
2023-10-23T12:00,29.0,41,29.7
2023-10-23T13:00,29.5,40,29.9
2023-10-23T14:00,29.7,38,29.4
2023-10-23T15:00,29.5,37,29.0
2023-10-23T16:00,28.9,37,28.4
2023-10-23T17:00,26.1,46,26.2
2023-10-23T18:00,24.0,54,24.1
2023-10-23T19:00,23.1,59,23.4
2023-10-23T20:00,22.4,63,22.8
2023-10-23T21:00,22.0,65,22.7
2023-10-23T22:00,21.8,66,22.3
2023-10-23T23:00,21.0,69,21.7
2023-10-24T00:00,19.9,76,20.7
2023-10-24T01:00,19.2,79,20.1
2023-10-24T02:00,18.2,84,18.9
2023-10-24T03:00,17.9,85,18.7
2023-10-24T04:00,17.7,86,18.5
2023-10-24T05:00,17.7,90,18.9
2023-10-24T06:00,17.9,89,19.1
2023-10-24T07:00,19.2,83,20.2
2023-10-24T08:00,22.0,72,23.4
2023-10-24T09:00,24.9,61,26.2
2023-10-24T10:00,27.3,51,28.3
2023-10-24T11:00,28.8,43,29.6
2023-10-24T12:00,29.7,40,30.4
2023-10-24T13:00,30.3,36,30.5
2023-10-24T14:00,30.5,34,29.9
2023-10-24T15:00,30.4,32,29.5
2023-10-24T16:00,29.7,33,28.9
2023-10-24T17:00,26.6,44,26.7
2023-10-24T18:00,24.7,44,24.0
2023-10-24T19:00,23.8,48,23.3
2023-10-24T20:00,22.7,52,22.3
2023-10-24T21:00,21.5,58,21.1
2023-10-24T22:00,20.8,61,20.6
2023-10-24T23:00,20.2,64,20.2
2023-10-25T00:00,19.4,69,19.6
2023-10-25T01:00,19.0,73,19.3
2023-10-25T02:00,18.6,77,18.9
2023-10-25T03:00,17.9,80,18.4
2023-10-25T04:00,17.5,82,18.0
2023-10-25T05:00,17.1,83,17.5
2023-10-25T06:00,18.1,85,19.0
2023-10-25T07:00,19.5,79,20.2
2023-10-25T08:00,22.1,70,23.4
2023-10-25T09:00,24.8,61,26.2
2023-10-25T10:00,27.1,54,28.3
2023-10-25T11:00,29.0,42,29.5
2023-10-25T12:00,29.9,37,30.0
2023-10-25T13:00,30.5,33,29.7
2023-10-25T14:00,30.6,29,28.7
2023-10-25T15:00,30.2,29,28.1
2023-10-25T16:00,29.3,31,27.7
2023-10-25T17:00,26.5,39,25.8
2023-10-25T18:00,24.4,50,24.4
2023-10-25T19:00,23.2,56,23.3
2023-10-25T20:00,21.7,62,21.8
2023-10-25T21:00,20.6,67,20.6
2023-10-25T22:00,20.1,68,20.0
2023-10-25T23:00,19.8,69,20.0
2023-10-26T00:00,19.2,72,19.5
2023-10-26T01:00,18.2,77,18.5
2023-10-26T02:00,17.9,79,18.3
2023-10-26T03:00,17.8,79,18.1
2023-10-26T04:00,17.3,81,17.4
2023-10-26T05:00,16.9,83,17.0
2023-10-26T06:00,17.5,83,17.7
2023-10-26T07:00,18.8,78,18.7
2023-10-26T08:00,21.5,68,22.0
2023-10-26T09:00,24.4,59,25.0
2023-10-26T10:00,26.8,51,27.3
2023-10-26T11:00,28.6,42,28.7
2023-10-26T12:00,29.6,36,29.6
2023-10-26T13:00,30.2,32,29.7
2023-10-26T14:00,30.5,29,29.1
2023-10-26T15:00,30.3,27,28.5
2023-10-26T16:00,29.4,30,27.9
2023-10-26T17:00,26.3,38,25.4
2023-10-26T18:00,24.1,46,23.5
2023-10-26T19:00,22.5,54,22.2
2023-10-26T20:00,21.3,59,21.1
2023-10-26T21:00,20.4,61,19.9
2023-10-26T22:00,20.3,59,19.8
2023-10-26T23:00,19.7,61,19.2
2023-10-27T00:00,19.2,61,18.5
2023-10-27T01:00,18.6,61,17.8
2023-10-27T02:00,17.8,63,17.0
2023-10-27T03:00,17.1,66,16.3
2023-10-27T04:00,16.9,67,16.2
2023-10-27T05:00,16.6,67,15.7
2023-10-27T06:00,16.8,76,16.2
2023-10-27T07:00,18.0,71,17.1
2023-10-27T08:00,21.3,62,21.1
2023-10-27T09:00,24.5,52,24.7
2023-10-27T10:00,27.2,44,27.4
2023-10-27T11:00,29.2,32,28.9
2023-10-27T12:00,29.9,29,29.4
2023-10-27T13:00,30.3,27,29.5
2023-10-27T14:00,30.4,27,29.0
2023-10-27T15:00,30.1,27,28.6
2023-10-27T16:00,29.2,31,28.4
2023-10-27T17:00,25.4,44,24.8
2023-10-27T18:00,23.5,51,22.8
2023-10-27T19:00,22.8,54,22.2
2023-10-27T20:00,21.9,57,21.5
2023-10-27T21:00,21.1,58,20.6
2023-10-27T22:00,20.7,57,20.1
2023-10-27T23:00,22.3,50,21.6
2023-10-28T00:00,23.3,45,22.8
2023-10-28T01:00,22.5,49,22.0
2023-10-28T02:00,21.5,52,21.1
2023-10-28T03:00,21.0,54,20.9
2023-10-28T04:00,20.7,54,20.8
2023-10-28T05:00,20.3,55,20.2
2023-10-28T06:00,18.6,67,18.8
2023-10-28T07:00,19.1,68,19.6
2023-10-28T08:00,21.8,62,22.4
2023-10-28T09:00,24.7,52,25.4
2023-10-28T10:00,27.0,45,27.6
2023-10-28T11:00,28.6,38,29.2
2023-10-28T12:00,29.6,34,30.0
2023-10-28T13:00,29.9,32,29.4
2023-10-28T14:00,30.0,30,29.3
2023-10-28T15:00,29.6,31,29.0
2023-10-28T16:00,28.6,39,29.2
2023-10-28T17:00,26.5,47,27.1
2023-10-28T18:00,23.8,51,23.3
2023-10-28T19:00,25.1,44,24.6
2023-10-28T20:00,26.0,41,25.3
2023-10-28T21:00,23.9,49,23.7
2023-10-28T22:00,22.6,54,22.6
2023-10-28T23:00,21.4,57,21.1
2023-10-29T00:00,21.6,57,21.3
2023-10-29T01:00,20.3,62,20.2
2023-10-29T02:00,18.8,66,18.6
2023-10-29T03:00,18.3,69,18.2
2023-10-29T04:00,17.8,73,17.7
2023-10-29T05:00,18.2,72,18.4
2023-10-29T06:00,20.1,63,20.6
2023-10-29T07:00,19.8,68,20.6
2023-10-29T08:00,22.4,62,23.3
2023-10-29T09:00,25.8,52,26.9
2023-10-29T10:00,28.2,43,29.1
2023-10-29T11:00,29.7,39,31.1
2023-10-29T12:00,30.6,36,32.1
2023-10-29T13:00,31.2,33,32.3
2023-10-29T14:00,31.4,32,31.6
2023-10-29T15:00,31.2,32,31.2
2023-10-29T16:00,30.0,41,31.1
2023-10-29T17:00,27.4,48,28.2
2023-10-29T18:00,25.0,55,25.4
2023-10-29T19:00,23.8,60,24.5
2023-10-29T20:00,22.5,67,23.3
2023-10-29T21:00,21.9,70,22.8
2023-10-29T22:00,20.6,77,21.5
2023-10-29T23:00,20.0,79,20.8
2023-10-30T00:00,19.4,81,20.2
2023-10-30T01:00,18.9,84,19.8
2023-10-30T02:00,18.5,87,19.7
2023-10-30T03:00,17.9,90,18.9
2023-10-30T04:00,17.7,90,18.6
2023-10-30T05:00,17.6,90,18.4
2023-10-30T06:00,18.4,93,19.9
2023-10-30T07:00,20.2,86,21.8
2023-10-30T08:00,23.1,74,25.5
2023-10-30T09:00,26.0,63,28.5
2023-10-30T10:00,28.4,53,30.6
2023-10-30T11:00,29.9,47,32.5
2023-10-30T12:00,30.9,43,33.8
2023-10-30T13:00,31.5,38,33.3
2023-10-30T14:00,31.7,35,32.2
2023-10-30T15:00,31.3,36,31.4
2023-10-30T16:00,30.3,41,31.0
2023-10-30T17:00,27.2,53,28.5
2023-10-30T18:00,24.6,59,25.4
2023-10-30T19:00,23.3,64,23.8
2023-10-30T20:00,22.6,64,23.1
2023-10-30T21:00,22.0,68,23.0
2023-10-30T22:00,20.9,78,21.8
2023-10-30T23:00,20.8,80,22.1
2023-10-31T00:00,19.8,86,21.2
2023-10-31T01:00,19.9,85,21.4
2023-10-31T02:00,19.0,90,20.4
2023-10-31T03:00,18.6,91,20.1
2023-10-31T04:00,18.5,90,20.0
2023-10-31T05:00,18.7,90,20.1
2023-10-31T06:00,19.2,90,21.0
2023-10-31T07:00,20.7,84,22.4
2023-10-31T08:00,23.5,74,26.0
2023-10-31T09:00,26.0,65,28.6
2023-10-31T10:00,28.1,56,30.4
2023-10-31T11:00,29.5,49,32.0
2023-10-31T12:00,30.3,45,32.9
2023-10-31T13:00,30.8,41,32.9
2023-10-31T14:00,31.1,37,31.9
2023-10-31T15:00,30.9,36,31.4
2023-10-31T16:00,30.0,40,31.0
2023-10-31T17:00,26.5,56,27.6
2023-10-31T18:00,25.2,62,26.9
2023-10-31T19:00,24.2,69,26.1
2023-10-31T20:00,23.3,73,25.1
2023-10-31T21:00,22.3,77,23.9
2023-10-31T22:00,21.4,80,22.9
2023-10-31T23:00,20.9,81,22.4
2023-11-01T00:00,20.5,83,22.1
2023-11-01T01:00,20.3,84,21.9
2023-11-01T02:00,20.1,83,21.5
2023-11-01T03:00,19.5,85,21.1
2023-11-01T04:00,18.8,89,20.1
2023-11-01T05:00,19.1,86,20.5
2023-11-01T06:00,20.2,81,21.8
2023-11-01T07:00,20.2,82,22.4
2023-11-01T08:00,22.6,74,25.1
2023-11-01T09:00,25.3,63,27.7
2023-11-01T10:00,27.4,54,29.6
2023-11-01T11:00,28.9,48,31.1
2023-11-01T12:00,29.8,44,31.7
2023-11-01T13:00,30.3,41,31.5
2023-11-01T14:00,30.5,39,30.8
2023-11-01T15:00,30.2,39,30.5
2023-11-01T16:00,29.4,42,29.9
2023-11-01T17:00,26.5,52,27.5
2023-11-01T18:00,25.8,55,26.8
2023-11-01T19:00,24.0,64,24.9
2023-11-01T20:00,23.0,69,23.8
2023-11-01T21:00,22.0,74,22.9
2023-11-01T22:00,21.1,78,22.2
2023-11-01T23:00,20.4,82,21.6
2023-11-02T00:00,20.0,84,21.2
2023-11-02T01:00,20.0,83,21.2
2023-11-02T02:00,21.7,74,23.2
2023-11-02T03:00,21.3,75,22.9
2023-11-02T04:00,21.7,72,23.5
2023-11-02T05:00,19.0,84,20.4
2023-11-02T06:00,19.1,85,20.5
2023-11-02T07:00,19.8,82,20.8
2023-11-02T08:00,22.6,73,24.4
2023-11-02T09:00,25.5,61,27.4
2023-11-02T10:00,27.7,53,29.4
2023-11-02T11:00,29.0,47,30.6
2023-11-02T12:00,29.7,44,31.1
2023-11-02T13:00,30.1,42,31.1
2023-11-02T14:00,30.3,40,30.6
2023-11-02T15:00,30.2,38,30.4
2023-11-02T16:00,29.6,39,29.9
2023-11-02T17:00,26.3,51,27.1
2023-11-02T18:00,24.6,64,26.0
2023-11-02T19:00,23.4,71,25.0
2023-11-02T20:00,22.6,75,24.5
2023-11-02T21:00,21.6,78,23.0
2023-11-02T22:00,21.3,78,22.3
2023-11-02T23:00,21.2,77,22.5
2023-11-03T00:00,19.8,84,21.0
2023-11-03T01:00,19.5,86,21.1
2023-11-03T02:00,18.6,90,20.1
2023-11-03T03:00,18.6,90,20.0
2023-11-03T04:00,18.2,92,19.3
2023-11-03T05:00,17.8,93,18.9
2023-11-03T06:00,17.9,97,19.6
2023-11-03T07:00,18.9,93,20.5
2023-11-03T08:00,21.6,80,23.6
2023-11-03T09:00,24.4,68,26.5
2023-11-03T10:00,26.8,57,28.5
2023-11-03T11:00,28.3,49,29.3
2023-11-03T12:00,27.1,52,27.3
2023-11-03T13:00,27.8,45,27.7
2023-11-03T14:00,28.5,44,28.9
2023-11-03T15:00,28.4,44,29.3
2023-11-03T16:00,27.7,48,28.7
2023-11-03T17:00,25.1,59,26.4
2023-11-03T18:00,22.7,66,23.5
2023-11-03T19:00,22.2,66,22.8
2023-11-03T20:00,21.3,70,21.7
2023-11-03T21:00,20.8,70,20.9
2023-11-03T22:00,20.2,70,20.5
2023-11-03T23:00,18.7,77,19.2
2023-11-04T00:00,17.6,81,17.6
2023-11-04T01:00,17.0,83,16.9
2023-11-04T02:00,16.7,83,16.5
2023-11-04T03:00,17.2,79,18.0
2023-11-04T04:00,16.6,82,17.0
2023-11-04T05:00,15.9,85,15.6
2023-11-04T06:00,17.6,91,19.1
2023-11-04T07:00,18.8,86,20.1
2023-11-04T08:00,21.4,75,22.9
2023-11-04T09:00,23.8,66,25.4
2023-11-04T10:00,25.9,59,27.6
2023-11-04T11:00,27.6,51,29.4
2023-11-04T12:00,28.7,46,30.1
2023-11-04T13:00,29.4,42,30.1
2023-11-04T14:00,29.6,41,29.5
2023-11-04T15:00,29.4,37,28.0
2023-11-04T16:00,28.5,37,27.5
2023-11-04T17:00,25.9,45,25.8
2023-11-04T18:00,23.6,65,24.8
2023-11-04T19:00,22.6,70,24.0
2023-11-04T20:00,21.8,75,23.1
2023-11-04T21:00,23.9,62,25.0
2023-11-04T22:00,21.1,72,21.7
2023-11-04T23:00,19.6,77,20.0
2023-11-05T00:00,19.2,78,19.6
2023-11-05T01:00,20.0,73,20.6
2023-11-05T02:00,17.5,84,17.9
2023-11-05T03:00,17.3,86,18.1
2023-11-05T04:00,16.9,88,17.2
2023-11-05T05:00,16.8,89,17.1
2023-11-05T06:00,17.8,96,19.2
2023-11-05T07:00,18.8,94,20.6
2023-11-05T08:00,21.3,84,23.8
2023-11-05T09:00,24.7,69,27.3
2023-11-05T10:00,27.4,45,28.2
2023-11-05T11:00,28.7,34,28.4
2023-11-05T12:00,29.3,32,28.9
2023-11-05T13:00,29.6,32,29.1
2023-11-05T14:00,29.6,32,28.7
2023-11-05T15:00,29.4,32,28.4
2023-11-05T16:00,28.0,39,28.2
2023-11-05T17:00,24.4,52,24.4
2023-11-05T18:00,22.0,62,22.0
2023-11-05T19:00,21.2,64,21.1
2023-11-05T20:00,21.3,59,20.8
2023-11-05T21:00,21.0,57,20.0
2023-11-05T22:00,22.1,51,22.1
2023-11-05T23:00,22.1,50,21.8
2023-11-06T00:00,18.3,64,18.1
2023-11-06T01:00,16.8,72,16.4
2023-11-06T02:00,19.6,59,19.7
2023-11-06T03:00,19.3,60,19.2
2023-11-06T04:00,19.1,61,18.7
2023-11-06T05:00,15.2,81,14.6
2023-11-06T06:00,15.8,90,15.7
2023-11-06T07:00,17.7,84,18.7
2023-11-06T08:00,21.2,72,22.4
2023-11-06T09:00,24.4,60,25.9
2023-11-06T10:00,26.8,48,27.6
2023-11-06T11:00,28.1,40,28.9
2023-11-06T12:00,28.8,37,29.9
2023-11-06T13:00,29.3,34,29.9
2023-11-06T14:00,29.5,32,29.1
2023-11-06T15:00,29.3,30,28.6
2023-11-06T16:00,27.7,43,28.3
2023-11-06T17:00,23.6,54,23.4
2023-11-06T18:00,23.3,60,23.8
2023-11-06T19:00,22.8,61,23.4
2023-11-06T20:00,20.3,70,20.5
2023-11-06T21:00,19.6,73,19.9
2023-11-06T22:00,18.2,79,18.0
2023-11-06T23:00,18.3,78,18.2
2023-11-07T00:00,17.4,82,17.4
2023-11-07T01:00,17.6,81,17.7
2023-11-07T02:00,17.4,81,17.4
2023-11-07T03:00,18.0,77,18.0
2023-11-07T04:00,16.4,84,16.3
2023-11-07T05:00,18.3,74,18.9
2023-11-07T06:00,16.3,89,16.9
2023-11-07T07:00,18.6,81,19.8
2023-11-07T08:00,21.9,72,23.5
2023-11-07T09:00,25.0,60,26.8
2023-11-07T10:00,27.2,50,28.3
2023-11-07T11:00,28.6,41,29.3
2023-11-07T12:00,29.5,35,29.9
2023-11-07T13:00,30.1,32,29.8
2023-11-07T14:00,30.1,32,29.4
2023-11-07T15:00,29.7,33,29.1
2023-11-07T16:00,28.1,45,29.0
2023-11-07T17:00,24.3,57,24.8
2023-11-07T18:00,22.8,66,23.6
2023-11-07T19:00,22.0,67,22.6
2023-11-07T20:00,20.9,69,21.0
2023-11-07T21:00,20.4,70,20.3
2023-11-07T22:00,19.9,73,20.0
2023-11-07T23:00,19.0,78,18.9
2023-11-08T00:00,20.5,70,21.2
2023-11-08T01:00,19.9,72,20.9
2023-11-08T02:00,19.1,76,19.7
2023-11-08T03:00,17.2,86,17.5
2023-11-08T04:00,16.8,89,17.3
2023-11-08T05:00,18.1,80,18.7
2023-11-08T06:00,18.4,82,19.4
2023-11-08T07:00,18.2,90,20.0
2023-11-08T08:00,20.9,76,22.7
2023-11-08T09:00,23.7,66,25.2
2023-11-08T10:00,25.8,58,27.3
2023-11-08T11:00,27.3,51,28.9
2023-11-08T12:00,28.5,45,29.9
2023-11-08T13:00,29.2,40,29.9
2023-11-08T14:00,29.5,38,29.3
2023-11-08T15:00,29.2,37,28.7
2023-11-08T16:00,27.6,48,28.7
2023-11-08T17:00,24.3,58,25.1
2023-11-08T18:00,24.2,59,24.6
2023-11-08T19:00,22.8,58,23.0
2023-11-08T20:00,22.6,60,22.5
2023-11-08T21:00,21.7,66,22.1
2023-11-08T22:00,20.3,73,21.0
2023-11-08T23:00,19.7,77,20.2
2023-11-09T00:00,22.6,61,23.4
2023-11-09T01:00,20.4,70,20.9
2023-11-09T02:00,17.6,85,18.1
2023-11-09T03:00,17.1,87,17.7
2023-11-09T04:00,17.4,86,18.0
2023-11-09T05:00,17.2,85,17.6
2023-11-09T06:00,16.9,90,17.8
2023-11-09T07:00,18.0,85,18.6
2023-11-09T08:00,20.8,74,22.0
2023-11-09T09:00,23.8,66,25.5
2023-11-09T10:00,26.2,55,27.6
2023-11-09T11:00,27.6,50,29.0
2023-11-09T12:00,28.6,47,29.9
2023-11-09T13:00,29.1,43,29.8
2023-11-09T14:00,29.2,40,29.1
2023-11-09T15:00,29.0,38,28.5
2023-11-09T16:00,27.5,47,28.3
2023-11-09T17:00,24.2,55,24.5
2023-11-09T18:00,24.0,59,24.8
2023-11-09T19:00,23.0,64,23.8
2023-11-09T20:00,24.7,52,25.6
2023-11-09T21:00,20.9,69,21.6
2023-11-09T22:00,20.0,73,20.4
2023-11-09T23:00,19.4,76,19.6
2023-11-10T00:00,18.6,79,19.0
2023-11-10T01:00,18.5,78,19.4
2023-11-10T02:00,19.0,76,19.8
2023-11-10T03:00,19.7,71,20.4
2023-11-10T04:00,17.7,80,17.7
2023-11-10T05:00,17.4,81,18.1
2023-11-10T06:00,18.3,88,18.7
2023-11-10T07:00,19.3,83,20.4
2023-11-10T08:00,20.6,79,21.9
2023-11-10T09:00,22.9,71,24.2
2023-11-10T10:00,24.2,62,24.5
2023-11-10T11:00,26.4,52,26.6
2023-11-10T12:00,24.2,60,23.4
2023-11-10T13:00,23.6,63,23.2
2023-11-10T14:00,24.8,61,25.6
2023-11-10T15:00,24.2,62,24.7
2023-11-10T16:00,23.6,64,24.3
2023-11-10T17:00,22.2,71,23.3
2023-11-10T18:00,19.4,88,19.6
2023-11-10T19:00,18.7,88,19.4
2023-11-10T20:00,17.8,90,19.5
2023-11-10T21:00,17.8,88,18.2
2023-11-10T22:00,16.8,93,18.0
2023-11-10T23:00,16.1,94,17.0
2023-11-11T00:00,15.7,96,16.5
2023-11-11T01:00,16.6,92,18.2
2023-11-11T02:00,15.3,97,16.0
2023-11-11T03:00,15.2,97,15.6
2023-11-11T04:00,14.9,97,15.2
2023-11-11T05:00,14.9,96,15.0
2023-11-11T06:00,15.8,94,16.2
2023-11-11T07:00,16.3,93,16.5
2023-11-11T08:00,17.8,88,18.5
2023-11-11T09:00,19.9,78,20.5
2023-11-11T10:00,22.0,67,22.4
2023-11-11T11:00,23.6,57,23.6
2023-11-11T12:00,24.6,52,24.5
2023-11-11T13:00,25.1,48,24.7
2023-11-11T14:00,25.3,47,24.6
2023-11-11T15:00,25.0,48,24.5
2023-11-11T16:00,24.2,52,24.3
2023-11-11T17:00,20.9,67,21.3
2023-11-11T18:00,20.3,71,20.9
2023-11-11T19:00,19.4,73,19.7
2023-11-11T20:00,18.5,74,18.7
2023-11-11T21:00,17.7,76,17.8
2023-11-11T22:00,17.0,79,17.0
2023-11-11T23:00,16.4,82,16.4
2023-11-12T00:00,15.9,85,15.9
2023-11-12T01:00,15.2,88,15.3
2023-11-12T02:00,14.7,90,14.8
2023-11-12T03:00,14.4,91,14.4
2023-11-12T04:00,14.2,92,14.1
2023-11-12T05:00,13.9,92,13.7
2023-11-12T06:00,14.2,93,14.0
2023-11-12T07:00,14.9,90,14.4
2023-11-12T08:00,17.1,81,17.1
2023-11-12T09:00,19.5,72,19.7
2023-11-12T10:00,21.7,64,21.9
2023-11-12T11:00,23.4,55,23.2
2023-11-12T12:00,24.4,50,24.2
2023-11-12T13:00,25.0,48,24.7
2023-11-12T14:00,25.1,48,24.6
2023-11-12T15:00,25.0,47,24.4
2023-11-12T16:00,24.0,53,24.1
2023-11-12T17:00,20.9,66,21.3
2023-11-12T18:00,20.5,67,20.6
2023-11-12T19:00,19.2,72,19.5
2023-11-12T20:00,17.9,78,18.2
2023-11-12T21:00,17.3,80,17.6
2023-11-12T22:00,16.9,81,17.1
2023-11-12T23:00,16.4,83,16.4
2023-11-13T00:00,15.9,84,15.9
2023-11-13T01:00,15.3,86,15.2
2023-11-13T02:00,14.5,89,14.5
2023-11-13T03:00,13.7,92,13.5
2023-11-13T04:00,13.4,92,13.2
2023-11-13T05:00,13.2,92,13.1
2023-11-13T06:00,13.5,94,13.6
2023-11-13T07:00,14.6,90,14.6
2023-11-13T08:00,17.2,81,17.7
2023-11-13T09:00,20.0,71,20.9
2023-11-13T10:00,22.5,62,23.2
2023-11-13T11:00,24.1,52,24.6
2023-11-13T12:00,25.0,48,25.6
2023-11-13T13:00,25.5,46,25.8
2023-11-13T14:00,25.6,45,25.5
2023-11-13T15:00,25.2,46,25.0
2023-11-13T16:00,24.2,52,24.7
2023-11-13T17:00,22.5,57,22.8
2023-11-13T18:00,20.4,72,21.0
2023-11-13T19:00,19.5,77,20.2
2023-11-13T20:00,18.5,80,19.0
2023-11-13T21:00,18.0,81,18.5
2023-11-13T22:00,16.9,85,16.9
2023-11-13T23:00,16.2,87,16.2
2023-11-14T00:00,15.9,87,15.7
2023-11-14T01:00,16.0,85,16.0
2023-11-14T02:00,15.6,86,15.4
2023-11-14T03:00,15.7,83,15.5
2023-11-14T04:00,15.3,84,14.9
2023-11-14T05:00,14.1,89,13.4
2023-11-14T06:00,14.3,91,13.9
2023-11-14T07:00,15.8,84,16.0
2023-11-14T08:00,18.0,76,18.3
2023-11-14T09:00,20.3,68,20.9
2023-11-14T10:00,22.5,62,23.3
2023-11-14T11:00,24.0,52,24.3
2023-11-14T12:00,24.8,45,24.5
2023-11-14T13:00,25.1,43,24.4
2023-11-14T14:00,25.2,43,24.5
2023-11-14T15:00,25.0,44,24.2
2023-11-14T16:00,23.9,50,23.9
2023-11-14T17:00,20.4,64,20.3
2023-11-14T18:00,19.0,71,18.9
2023-11-14T19:00,18.2,76,18.2
2023-11-14T20:00,17.5,76,17.2
2023-11-14T21:00,16.6,78,16.0
2023-11-14T22:00,16.0,79,15.4
2023-11-14T23:00,15.8,79,15.5
2023-11-15T00:00,15.1,82,14.8
2023-11-15T01:00,14.3,87,14.0
2023-11-15T02:00,14.0,87,13.8
2023-11-15T03:00,13.7,88,13.3
2023-11-15T04:00,13.5,89,12.9
2023-11-15T05:00,13.1,91,12.5
2023-11-15T06:00,13.4,91,12.9
2023-11-15T07:00,14.1,88,13.4
2023-11-15T08:00,16.7,79,16.4
2023-11-15T09:00,19.5,70,19.6
2023-11-15T10:00,22.0,62,22.2
2023-11-15T11:00,23.9,54,23.8
2023-11-15T12:00,24.9,48,24.8
2023-11-15T13:00,25.5,44,25.2
2023-11-15T14:00,25.7,42,25.1
2023-11-15T15:00,25.4,42,24.7
2023-11-15T16:00,24.2,49,24.3
2023-11-15T17:00,20.1,65,19.7
2023-11-15T18:00,19.7,71,20.0
2023-11-15T19:00,18.5,76,18.7
2023-11-15T20:00,17.6,77,17.7
2023-11-15T21:00,17.1,78,17.2
2023-11-15T22:00,16.1,82,15.9
2023-11-15T23:00,15.4,84,15.0
2023-11-16T00:00,15.2,84,14.7
2023-11-16T01:00,14.6,86,14.2
2023-11-16T02:00,14.2,88,13.7
2023-11-16T03:00,13.8,89,13.3
2023-11-16T04:00,13.2,92,12.5
2023-11-16T05:00,13.0,91,12.3
2023-11-16T06:00,13.1,91,12.5
2023-11-16T07:00,14.5,86,14.5
2023-11-16T08:00,17.1,76,17.4
2023-11-16T09:00,20.2,66,20.8
2023-11-16T10:00,22.7,57,23.3
2023-11-16T11:00,24.4,53,25.2
2023-11-16T12:00,25.4,48,26.4
2023-11-16T13:00,26.0,44,26.5
2023-11-16T14:00,26.2,42,26.2
2023-11-16T15:00,26.0,42,25.7
2023-11-16T16:00,24.9,49,25.3
2023-11-16T17:00,21.9,60,21.9
2023-11-16T18:00,23.1,58,24.0
2023-11-16T19:00,21.7,66,22.8
2023-11-16T20:00,21.6,67,22.4
2023-11-16T21:00,21.7,65,22.3
2023-11-16T22:00,21.1,66,22.0
2023-11-16T23:00,18.2,79,18.5
2023-11-17T00:00,16.0,89,16.0
2023-11-17T01:00,17.2,83,17.5
2023-11-17T02:00,17.4,82,18.0
2023-11-17T03:00,16.1,87,16.7
2023-11-17T04:00,15.0,91,15.5
2023-11-17T05:00,14.5,93,14.9
2023-11-17T06:00,14.3,94,14.4
2023-11-17T07:00,15.4,94,16.2
2023-11-17T08:00,18.4,82,19.8
2023-11-17T09:00,21.5,72,23.2
2023-11-17T10:00,24.0,63,25.6
2023-11-17T11:00,25.5,54,26.6
2023-11-17T12:00,26.3,47,27.0
2023-11-17T13:00,26.8,44,26.9
2023-11-17T14:00,26.8,44,26.8
2023-11-17T15:00,26.6,44,26.7
2023-11-17T16:00,25.5,50,26.2
2023-11-17T17:00,22.5,62,23.0
2023-11-17T18:00,24.0,55,24.6
2023-11-17T19:00,21.2,68,21.7
2023-11-17T20:00,19.7,72,19.8
2023-11-17T21:00,19.7,70,19.8
2023-11-17T22:00,18.3,78,18.6
2023-11-17T23:00,18.2,79,18.8
2023-11-18T00:00,16.8,85,17.3
2023-11-18T01:00,16.9,82,17.3
2023-11-18T02:00,16.3,85,16.5
2023-11-18T03:00,15.7,88,16.0
2023-11-18T04:00,15.5,89,15.7
2023-11-18T05:00,14.8,93,15.0
2023-11-18T06:00,14.6,94,14.8
2023-11-18T07:00,15.1,93,15.4
2023-11-18T08:00,17.7,83,18.6
2023-11-18T09:00,21.0,72,22.7
2023-11-18T10:00,23.6,60,25.2
2023-11-18T11:00,25.1,51,26.2
2023-11-18T12:00,25.9,47,26.3
2023-11-18T13:00,26.2,44,26.2
2023-11-18T14:00,26.2,44,25.9
2023-11-18T15:00,25.8,43,25.4
2023-11-18T16:00,24.8,48,24.8
2023-11-18T17:00,21.5,60,21.4
2023-11-18T18:00,20.6,67,20.7
2023-11-18T19:00,21.2,62,21.6
2023-11-18T20:00,19.3,70,19.9
2023-11-18T21:00,18.9,72,19.4
2023-11-18T22:00,18.2,75,18.3
2023-11-18T23:00,17.1,79,17.1
2023-11-19T00:00,16.5,80,16.5
2023-11-19T01:00,16.0,81,16.0
2023-11-19T02:00,15.8,82,15.7
2023-11-19T03:00,15.4,84,15.3
2023-11-19T04:00,14.6,88,14.5
2023-11-19T05:00,13.9,91,13.6
2023-11-19T06:00,14.1,92,14.2
2023-11-19T07:00,15.4,90,16.2
2023-11-19T08:00,18.6,78,20.0
2023-11-19T09:00,21.8,64,23.2
2023-11-19T10:00,23.8,55,24.7
2023-11-19T11:00,25.1,50,24.9
2023-11-19T12:00,25.5,47,25.1
2023-11-19T13:00,25.7,46,25.1
2023-11-19T14:00,25.6,45,25.2
2023-11-19T15:00,25.4,46,25.1
2023-11-19T16:00,24.6,50,24.9
2023-11-19T17:00,21.4,63,21.5
2023-11-19T18:00,20.9,58,20.6
2023-11-19T19:00,22.0,51,22.0
2023-11-19T20:00,20.7,57,20.9
2023-11-19T21:00,20.3,60,20.7
2023-11-19T22:00,19.8,61,20.1
2023-11-19T23:00,19.7,59,19.8
2023-11-20T00:00,19.9,56,19.7
2023-11-20T01:00,20.1,54,19.8
2023-11-20T02:00,19.7,55,19.5
2023-11-20T03:00,16.7,67,16.3
2023-11-20T04:00,14.5,80,14.0
2023-11-20T05:00,13.4,89,12.8
2023-11-20T06:00,13.6,92,13.5
2023-11-20T07:00,14.7,90,15.0
2023-11-20T08:00,17.4,78,17.8
2023-11-20T09:00,20.5,67,21.2
2023-11-20T10:00,22.9,56,23.4
2023-11-20T11:00,24.4,47,24.3
2023-11-20T12:00,25.2,43,24.7
2023-11-20T13:00,25.5,42,24.7
2023-11-20T14:00,25.5,42,24.6
2023-11-20T15:00,25.2,43,24.2
2023-11-20T16:00,24.2,47,23.9
2023-11-20T17:00,20.3,64,20.0
2023-11-20T18:00,19.3,71,19.2
2023-11-20T19:00,18.4,75,18.3
2023-11-20T20:00,18.3,75,18.3
2023-11-20T21:00,18.0,75,17.9
2023-11-20T22:00,17.0,78,16.7
2023-11-20T23:00,16.4,81,16.0
2023-11-21T00:00,15.6,85,15.2
2023-11-21T01:00,14.8,89,14.5
2023-11-21T02:00,13.9,91,13.5
2023-11-21T03:00,14.0,90,14.0
2023-11-21T04:00,13.8,91,13.7
2023-11-21T05:00,13.5,92,13.2
2023-11-21T06:00,13.6,92,13.5
2023-11-21T07:00,14.2,90,13.8
2023-11-21T08:00,16.7,80,16.4
2023-11-21T09:00,19.4,68,19.5
2023-11-21T10:00,21.9,60,22.1
2023-11-21T11:00,23.9,52,23.7
2023-11-21T12:00,24.9,45,23.8
2023-11-21T13:00,25.2,43,23.6
2023-11-21T14:00,25.2,42,23.3
2023-11-21T15:00,24.8,43,22.8
2023-11-21T16:00,23.8,48,22.5
2023-11-21T17:00,21.3,57,20.4
2023-11-21T18:00,20.4,66,19.9
2023-11-21T19:00,19.5,69,18.8
2023-11-21T20:00,18.8,68,17.8
2023-11-21T21:00,18.2,67,17.0
2023-11-21T22:00,17.4,69,16.1
2023-11-21T23:00,16.7,71,15.3
2023-11-22T00:00,16.2,71,14.6
2023-11-22T01:00,15.6,71,14.0
2023-11-22T02:00,15.0,72,13.3
2023-11-22T03:00,14.5,73,12.7
2023-11-22T04:00,14.0,74,12.3
2023-11-22T05:00,13.6,76,11.9
2023-11-22T06:00,13.1,80,11.3
2023-11-22T07:00,13.4,79,11.6
2023-11-22T08:00,15.7,71,14.0
2023-11-22T09:00,18.3,62,16.9
2023-11-22T10:00,20.8,55,19.4
2023-11-22T11:00,22.8,49,21.4
2023-11-22T12:00,24.0,44,22.6
2023-11-22T13:00,24.6,43,23.1
2023-11-22T14:00,24.8,42,23.2
2023-11-22T15:00,24.4,43,22.7
2023-11-22T16:00,23.2,48,22.2
2023-11-22T17:00,20.4,58,19.7
2023-11-22T18:00,19.3,63,18.9
2023-11-22T19:00,17.8,70,17.2
2023-11-22T20:00,16.4,77,15.7
2023-11-22T21:00,15.6,81,14.8
2023-11-22T22:00,15.7,78,14.9
2023-11-22T23:00,15.6,77,14.8
2023-11-23T00:00,15.5,76,14.8
2023-11-23T01:00,15.6,75,15.0
2023-11-23T02:00,14.9,77,14.3
2023-11-23T03:00,13.2,85,12.2
2023-11-23T04:00,12.8,86,11.9
2023-11-23T05:00,11.7,91,10.6
2023-11-23T06:00,11.3,95,10.7
2023-11-23T07:00,11.9,95,11.4
2023-11-23T08:00,15.0,83,15.1
2023-11-23T09:00,18.6,69,19.3
2023-11-23T10:00,21.3,58,21.9
2023-11-23T11:00,23.0,50,23.1
2023-11-23T12:00,24.0,46,24.4
2023-11-23T13:00,24.5,44,24.8
2023-11-23T14:00,24.8,43,25.0
2023-11-23T15:00,24.6,43,24.9
2023-11-23T16:00,23.9,45,24.2
2023-11-23T17:00,22.7,50,22.7
2023-11-23T18:00,19.1,68,18.9
2023-11-23T19:00,19.5,65,19.3
2023-11-23T20:00,17.8,71,17.4
2023-11-23T21:00,17.2,71,16.6
2023-11-23T22:00,15.5,78,14.6
2023-11-23T23:00,15.4,77,14.6
2023-11-24T00:00,14.8,80,13.8
2023-11-24T01:00,14.2,84,13.1
2023-11-24T02:00,13.4,87,12.5
2023-11-24T03:00,13.4,87,12.6
2023-11-24T04:00,15.1,78,14.7
2023-11-24T05:00,15.6,76,15.3
2023-11-24T06:00,15.2,77,15.0
2023-11-24T07:00,14.9,78,14.8
2023-11-24T08:00,16.3,75,16.7
2023-11-24T09:00,19.7,64,20.5
2023-11-24T10:00,22.3,55,23.2
2023-11-24T11:00,23.8,49,24.4
2023-11-24T12:00,24.6,46,24.9
2023-11-24T13:00,25.1,45,24.8
2023-11-24T14:00,25.1,44,24.5
2023-11-24T15:00,24.8,44,24.2
2023-11-24T16:00,23.5,53,24.0
2023-11-24T17:00,20.0,66,20.0
2023-11-24T18:00,20.0,67,20.1
2023-11-24T19:00,18.3,75,18.5
2023-11-24T20:00,17.0,82,17.1
2023-11-24T21:00,16.5,82,16.3
2023-11-24T22:00,15.9,81,15.5
2023-11-24T23:00,15.0,83,14.2
2023-11-25T00:00,14.0,86,13.1
2023-11-25T01:00,13.5,86,12.5
2023-11-25T02:00,13.4,87,12.8
2023-11-25T03:00,13.3,89,12.7
2023-11-25T04:00,12.9,91,12.3
2023-11-25T05:00,12.6,92,12.0
2023-11-25T06:00,12.4,94,11.9
2023-11-25T07:00,12.6,94,12.2
2023-11-25T08:00,15.2,83,14.9
2023-11-25T09:00,18.5,71,18.6
2023-11-25T10:00,21.5,60,21.6
2023-11-25T11:00,23.5,51,23.4
2023-11-25T12:00,24.7,44,24.3
2023-11-25T13:00,25.2,41,24.5
2023-11-25T14:00,25.3,40,24.4
2023-11-25T15:00,24.9,40,24.0
2023-11-25T16:00,23.4,52,23.7
2023-11-25T17:00,20.6,58,20.3
2023-11-25T18:00,21.2,59,21.3
2023-11-25T19:00,20.4,62,20.6
2023-11-25T20:00,20.5,60,20.8
2023-11-25T21:00,19.9,62,20.4
2023-11-25T22:00,19.4,64,19.6
2023-11-25T23:00,16.3,77,16.1
2023-11-26T00:00,15.4,82,15.0
2023-11-26T01:00,16.0,80,15.8
2023-11-26T02:00,16.3,78,16.1
2023-11-26T03:00,15.2,84,15.0
2023-11-26T04:00,14.3,90,13.9
2023-11-26T05:00,14.2,90,13.9
2023-11-26T06:00,14.3,89,14.1
2023-11-26T07:00,14.9,85,14.5
2023-11-26T08:00,17.3,74,16.7
2023-11-26T09:00,20.1,65,19.9
2023-11-26T10:00,22.2,58,22.0
2023-11-26T11:00,23.8,50,23.4
2023-11-26T12:00,24.8,45,24.3
2023-11-26T13:00,25.2,41,24.5
2023-11-26T14:00,25.5,40,24.5
2023-11-26T15:00,25.1,41,23.7
2023-11-26T16:00,23.8,47,23.2
2023-11-26T17:00,21.2,57,20.9
2023-11-26T18:00,20.3,66,20.4
2023-11-26T19:00,19.2,72,19.3
2023-11-26T20:00,18.7,73,18.8
2023-11-26T21:00,18.4,73,18.3
2023-11-26T22:00,18.1,74,18.0
2023-11-26T23:00,17.3,77,17.3
2023-11-27T00:00,17.1,77,17.0
2023-11-27T01:00,16.3,81,16.4
2023-11-27T02:00,16.2,82,16.3
2023-11-27T03:00,16.1,82,16.3
2023-11-27T04:00,15.9,85,16.1
2023-11-27T05:00,17.0,79,17.4
2023-11-27T06:00,16.5,83,16.7
2023-11-27T07:00,16.7,83,16.8
2023-11-27T08:00,17.7,79,17.5
2023-11-27T09:00,18.8,76,19.0
2023-11-27T10:00,19.7,72,19.9
2023-11-27T11:00,20.0,73,20.4
2023-11-27T12:00,22.4,64,22.7
2023-11-27T13:00,23.9,47,21.8
2023-11-27T14:00,24.0,43,20.7
2023-11-27T15:00,23.4,46,20.4
2023-11-27T16:00,22.0,54,20.3
2023-11-27T17:00,19.4,70,19.4
2023-11-27T18:00,18.1,82,17.3
2023-11-27T19:00,17.4,90,18.5
2023-11-27T20:00,17.1,92,18.2
2023-11-27T21:00,16.7,90,16.1
2023-11-27T22:00,17.0,86,16.1
2023-11-27T23:00,15.7,93,16.1
2023-11-28T00:00,15.8,93,16.5
2023-11-28T01:00,15.8,93,16.3
2023-11-28T02:00,15.4,95,16.1
2023-11-28T03:00,15.1,96,15.7
2023-11-28T04:00,15.1,96,15.8
2023-11-28T05:00,15.9,95,16.8
2023-11-28T06:00,15.6,94,16.5
2023-11-28T07:00,15.3,97,16.5
2023-11-28T08:00,17.1,88,18.1
2023-11-28T09:00,18.6,80,19.3
2023-11-28T10:00,20.2,67,19.9
2023-11-28T11:00,19.6,72,19.8
2023-11-28T12:00,18.4,86,19.6
2023-11-28T13:00,18.8,83,20.3
2023-11-28T14:00,19.7,78,20.8
2023-11-28T15:00,20.6,72,21.7
2023-11-28T16:00,20.2,74,21.2
2023-11-28T17:00,17.9,88,19.1
2023-11-28T18:00,18.1,90,19.3
2023-11-28T19:00,17.8,92,19.2
2023-11-28T20:00,17.7,94,18.9
2023-11-28T21:00,17.2,96,18.3
2023-11-28T22:00,16.7,96,17.8
2023-11-28T23:00,15.9,97,16.9
2023-11-29T00:00,15.2,98,15.7
2023-11-29T01:00,14.7,98,15.1
2023-11-29T02:00,14.3,98,14.5
2023-11-29T03:00,13.9,98,13.8
2023-11-29T04:00,13.7,98,13.7
2023-11-29T05:00,13.4,98,13.1
2023-11-29T06:00,13.9,97,13.8
2023-11-29T07:00,14.1,98,14.3
2023-11-29T08:00,16.5,90,17.2
2023-11-29T09:00,19.0,80,20.0
2023-11-29T10:00,21.6,68,22.5
2023-11-29T11:00,23.3,58,23.8
2023-11-29T12:00,24.2,53,24.3
2023-11-29T13:00,24.4,52,24.4
2023-11-29T14:00,24.3,52,24.4
2023-11-29T15:00,24.1,52,24.3
2023-11-29T16:00,23.3,57,24.2
2023-11-29T17:00,22.4,58,22.9
2023-11-29T18:00,19.0,82,20.1
2023-11-29T19:00,18.1,87,19.5
2023-11-29T20:00,17.7,88,19.2
2023-11-29T21:00,18.3,84,20.0
2023-11-29T22:00,18.3,83,19.6
2023-11-29T23:00,16.1,91,16.5
2023-11-30T00:00,17.7,84,18.8
2023-11-30T01:00,17.5,85,18.6
2023-11-30T02:00,16.4,90,17.1
2023-11-30T03:00,15.0,94,15.2
2023-11-30T04:00,14.2,96,14.1
2023-11-30T05:00,14.1,96,14.3
2023-11-30T06:00,15.9,94,17.3
2023-11-30T07:00,15.6,90,15.8
2023-11-30T08:00,17.0,89,17.5
2023-11-30T09:00,18.2,84,18.0
2023-11-30T10:00,19.2,74,19.4
2023-11-30T11:00,20.9,69,21.1
2023-11-30T12:00,21.3,68,21.6
2023-11-30T13:00,21.7,66,21.8
2023-11-30T14:00,21.6,66,21.7
2023-11-30T15:00,21.4,66,21.4
2023-11-30T16:00,20.9,68,20.9
2023-11-30T17:00,19.2,77,19.6
2023-11-30T18:00,18.6,84,19.5
2023-11-30T19:00,17.5,91,18.8
2023-11-30T20:00,16.4,95,17.4
2023-11-30T21:00,16.3,95,17.3
2023-11-30T22:00,15.9,95,16.7
2023-11-30T23:00,15.0,97,15.3
2023-12-01T00:00,14.9,97,15.5
2023-12-01T01:00,14.8,97,15.5
2023-12-01T02:00,14.4,97,14.8
2023-12-01T03:00,14.5,97,14.9
2023-12-01T04:00,14.0,97,14.2
2023-12-01T05:00,13.8,97,13.8
2023-12-01T06:00,15.8,96,16.7
2023-12-01T07:00,15.9,94,17.1
2023-12-01T08:00,17.3,89,18.3
2023-12-01T09:00,18.7,82,20.3
2023-12-01T10:00,20.6,74,21.6
2023-12-01T11:00,22.2,68,23.2
2023-12-01T12:00,23.3,63,24.2
2023-12-01T13:00,24.0,58,24.6
2023-12-01T14:00,24.2,55,24.6
2023-12-01T15:00,23.9,54,24.1
2023-12-01T16:00,23.1,58,23.6
2023-12-01T17:00,20.2,71,20.6
2023-12-01T18:00,19.3,82,20.3
2023-12-01T19:00,18.8,82,19.8
2023-12-01T20:00,18.1,85,19.1
2023-12-01T21:00,17.7,86,18.4
2023-12-01T22:00,16.9,88,17.4
2023-12-01T23:00,16.2,90,16.7
2023-12-02T00:00,15.6,92,16.0
2023-12-02T01:00,14.8,94,15.0
2023-12-02T02:00,14.3,95,14.2
2023-12-02T03:00,13.9,96,13.7
2023-12-02T04:00,13.6,96,13.2
2023-12-02T05:00,13.2,96,12.8
2023-12-02T06:00,14.2,97,14.6
2023-12-02T07:00,14.6,97,15.2
2023-12-02T08:00,16.4,91,17.1
2023-12-02T09:00,18.9,81,20.0
2023-12-02T10:00,21.4,70,22.3
2023-12-02T11:00,23.0,61,23.6
2023-12-02T12:00,23.8,55,24.2
2023-12-02T13:00,24.2,51,24.3
2023-12-02T14:00,24.2,50,24.3
2023-12-02T15:00,24.0,50,23.8
2023-12-02T16:00,23.0,56,23.5
2023-12-02T17:00,20.0,68,20.1
2023-12-02T18:00,19.0,74,19.2
2023-12-02T19:00,18.1,78,18.3
2023-12-02T20:00,16.9,83,16.9
2023-12-02T21:00,16.2,85,16.2
2023-12-02T22:00,15.4,88,15.4
2023-12-02T23:00,14.8,89,14.6
2023-12-03T00:00,14.0,91,13.5
2023-12-03T01:00,13.4,92,12.5
2023-12-03T02:00,13.1,92,12.3
2023-12-03T03:00,12.5,93,11.4
2023-12-03T04:00,12.2,94,11.1
2023-12-03T05:00,12.5,93,11.6
2023-12-03T06:00,13.1,95,12.7
2023-12-03T07:00,12.8,97,12.6
2023-12-03T08:00,15.5,89,15.6
2023-12-03T09:00,18.3,79,19.1
2023-12-03T10:00,20.9,68,21.6
2023-12-03T11:00,22.6,58,22.7
2023-12-03T12:00,23.8,49,23.5
2023-12-03T13:00,24.4,45,23.8
2023-12-03T14:00,24.5,42,23.7
2023-12-03T15:00,24.2,43,23.3
2023-12-03T16:00,22.9,52,22.9
2023-12-03T17:00,19.9,63,19.6
2023-12-03T18:00,20.2,68,20.7
2023-12-03T19:00,20.5,63,21.0
2023-12-03T20:00,19.0,72,19.8
2023-12-03T21:00,18.1,80,18.8
2023-12-03T22:00,17.7,84,18.6
2023-12-03T23:00,17.1,85,17.9
2023-12-04T00:00,16.6,85,17.0
2023-12-04T01:00,15.9,85,15.9
2023-12-04T02:00,15.5,84,15.5
2023-12-04T03:00,14.4,88,14.0
2023-12-04T04:00,13.7,89,13.0
2023-12-04T05:00,14.2,85,13.7
2023-12-04T06:00,14.7,94,15.3
2023-12-04T07:00,14.8,94,15.1
2023-12-04T08:00,16.4,87,16.4
2023-12-04T09:00,18.2,75,18.3
2023-12-04T10:00,19.8,65,19.7
2023-12-04T11:00,21.4,53,20.2
2023-12-04T12:00,22.3,47,20.9
2023-12-04T13:00,22.8,46,21.4
2023-12-04T14:00,22.9,45,21.6
2023-12-04T15:00,22.6,46,21.2
2023-12-04T16:00,21.8,50,20.9
2023-12-04T17:00,19.5,59,18.6
2023-12-04T18:00,19.4,64,19.4
2023-12-04T19:00,20.0,58,19.5
2023-12-04T20:00,16.6,74,16.0
2023-12-04T21:00,15.0,86,14.5
2023-12-04T22:00,14.3,90,14.0
2023-12-04T23:00,13.7,91,13.3
2023-12-05T00:00,13.0,92,12.1
2023-12-05T01:00,12.8,90,11.8
2023-12-05T02:00,12.5,90,11.3
2023-12-05T03:00,12.3,91,11.3
2023-12-05T04:00,11.5,92,10.1
2023-12-05T05:00,11.9,90,10.9
2023-12-05T06:00,11.9,95,11.1
2023-12-05T07:00,12.7,93,12.3
2023-12-05T08:00,14.8,85,14.6
2023-12-05T09:00,17.2,77,17.6
2023-12-05T10:00,19.5,68,19.5
2023-12-05T11:00,21.4,57,20.7
2023-12-05T12:00,22.5,48,21.3
2023-12-05T13:00,23.1,44,21.5
2023-12-05T14:00,23.2,42,21.3
2023-12-05T15:00,22.9,43,20.9
2023-12-05T16:00,21.6,49,20.3
2023-12-05T17:00,18.4,61,17.5
2023-12-05T18:00,17.8,66,17.1
2023-12-05T19:00,16.8,69,16.1
2023-12-05T20:00,15.9,73,15.1
2023-12-05T21:00,15.1,76,14.3
2023-12-05T22:00,14.7,77,14.0
2023-12-05T23:00,14.3,79,13.4
2023-12-06T00:00,13.8,81,12.8
2023-12-06T01:00,13.3,83,12.3
2023-12-06T02:00,12.8,85,11.8
2023-12-06T03:00,12.4,87,11.3
2023-12-06T04:00,12.1,88,10.9
2023-12-06T05:00,11.9,90,10.4
2023-12-06T06:00,11.7,94,11.0
2023-12-06T07:00,11.7,95,11.2
2023-12-06T08:00,14.0,88,13.6
2023-12-06T09:00,16.5,80,16.6
2023-12-06T10:00,18.8,72,19.3
2023-12-06T11:00,20.9,64,21.3
2023-12-06T12:00,22.4,56,22.7
2023-12-06T13:00,23.3,47,23.1
2023-12-06T14:00,23.6,45,23.1
2023-12-06T15:00,23.3,45,22.8
2023-12-06T16:00,21.8,57,22.0
2023-12-06T17:00,17.9,69,17.3
2023-12-06T18:00,17.4,74,17.0
2023-12-06T19:00,16.6,77,16.2
2023-12-06T20:00,15.4,82,14.8
2023-12-06T21:00,14.6,86,14.0
2023-12-06T22:00,14.2,87,13.9
2023-12-06T23:00,13.9,88,13.4
2023-12-07T00:00,13.1,90,12.1
2023-12-07T01:00,12.5,91,11.4
2023-12-07T02:00,12.2,92,11.1
2023-12-07T03:00,11.9,93,10.8
2023-12-07T04:00,11.6,94,10.6
2023-12-07T05:00,11.6,94,11.0
2023-12-07T06:00,11.6,97,11.1
2023-12-07T07:00,12.0,97,11.6
2023-12-07T08:00,14.2,91,14.0
2023-12-07T09:00,17.1,82,17.4
2023-12-07T10:00,19.7,72,20.0
2023-12-07T11:00,21.7,63,21.9
2023-12-07T12:00,23.2,55,23.0
2023-12-07T13:00,23.9,49,23.3
2023-12-07T14:00,24.1,46,23.2
2023-12-07T15:00,23.7,46,22.7
2023-12-07T16:00,22.3,53,21.9
2023-12-07T17:00,19.1,65,18.7
2023-12-07T18:00,18.7,67,18.0
2023-12-07T19:00,17.6,70,16.8
2023-12-07T20:00,16.3,75,15.7
2023-12-07T21:00,15.1,81,14.7
2023-12-07T22:00,14.1,86,13.6
2023-12-07T23:00,13.5,88,13.0
2023-12-08T00:00,13.2,88,12.6
2023-12-08T01:00,12.8,89,12.1
2023-12-08T02:00,12.3,91,11.6
2023-12-08T03:00,11.9,91,11.1
2023-12-08T04:00,11.7,92,10.7
2023-12-08T05:00,11.4,92,10.3
2023-12-08T06:00,11.7,94,10.9
2023-12-08T07:00,11.9,94,11.0
2023-12-08T08:00,14.0,85,13.1
2023-12-08T09:00,16.8,76,16.5
2023-12-08T10:00,19.3,69,19.1
2023-12-08T11:00,21.4,61,21.0
2023-12-08T12:00,22.7,53,22.1
2023-12-08T13:00,23.5,47,22.5
2023-12-08T14:00,23.8,43,22.1
2023-12-08T15:00,23.5,43,21.6
2023-12-08T16:00,22.2,49,21.0
2023-12-08T17:00,18.9,61,18.1
2023-12-08T18:00,18.3,65,17.6
2023-12-08T19:00,16.7,72,15.9
2023-12-08T20:00,15.3,78,14.4
2023-12-08T21:00,14.8,80,13.9
2023-12-08T22:00,14.1,82,13.4
2023-12-08T23:00,13.2,86,12.3
2023-12-09T00:00,12.6,87,11.7
2023-12-09T01:00,11.5,90,10.1
2023-12-09T02:00,11.3,89,10.1
2023-12-09T03:00,11.1,90,9.8
2023-12-09T04:00,10.9,90,9.5
2023-12-09T05:00,10.7,90,9.2
2023-12-09T06:00,10.8,91,9.2
2023-12-09T07:00,10.8,91,9.1
2023-12-09T08:00,13.3,81,11.4
2023-12-09T09:00,16.2,72,14.9
2023-12-09T10:00,19.0,61,17.7
2023-12-09T11:00,21.0,53,19.6
2023-12-09T12:00,22.4,47,20.8
2023-12-09T13:00,23.2,43,21.3
2023-12-09T14:00,23.4,40,21.3
2023-12-09T15:00,23.1,40,20.8
2023-12-09T16:00,21.6,46,20.2
2023-12-09T17:00,18.1,59,16.9
2023-12-09T18:00,17.5,62,16.4
2023-12-09T19:00,16.5,65,15.3
2023-12-09T20:00,15.4,70,14.2
2023-12-09T21:00,14.5,73,13.2
2023-12-09T22:00,13.8,76,12.5
2023-12-09T23:00,13.0,80,11.7
2023-12-10T00:00,12.6,82,11.2
2023-12-10T01:00,12.2,84,10.6
2023-12-10T02:00,11.9,84,10.3
2023-12-10T03:00,11.6,83,9.8
2023-12-10T04:00,11.4,82,9.5
2023-12-10T05:00,11.2,82,9.1
2023-12-10T06:00,10.8,86,8.7
2023-12-10T07:00,10.8,86,8.3
2023-12-10T08:00,12.8,78,10.3
2023-12-10T09:00,15.6,68,13.8
2023-12-10T10:00,18.2,60,16.4
2023-12-10T11:00,20.3,53,18.1
2023-12-10T12:00,21.6,45,18.9
2023-12-10T13:00,22.3,41,19.3
2023-12-10T14:00,22.5,39,19.4
2023-12-10T15:00,22.1,40,19.2
2023-12-10T16:00,20.8,46,18.8
2023-12-10T17:00,17.8,58,16.2
2023-12-10T18:00,16.8,64,15.4
2023-12-10T19:00,15.7,69,14.3
2023-12-10T20:00,14.9,72,13.4
2023-12-10T21:00,14.0,76,12.7
2023-12-10T22:00,13.2,79,11.9
2023-12-10T23:00,12.4,82,11.1
2023-12-11T00:00,11.4,86,9.9
2023-12-11T01:00,10.4,89,8.5
2023-12-11T02:00,10.1,89,8.4
2023-12-11T03:00,9.8,89,8.3
2023-12-11T04:00,10.0,89,8.8
2023-12-11T05:00,9.9,90,8.6
2023-12-11T06:00,9.1,95,8.0
2023-12-11T07:00,9.1,95,7.8
2023-12-11T08:00,11.9,86,10.6
2023-12-11T09:00,15.6,74,15.3
2023-12-11T10:00,18.4,63,18.3
2023-12-11T11:00,20.3,53,20.0
2023-12-11T12:00,21.4,47,20.8
2023-12-11T13:00,22.1,43,20.9
2023-12-11T14:00,22.3,40,20.7
2023-12-11T15:00,21.9,40,20.2
2023-12-11T16:00,20.4,56,20.2
2023-12-11T17:00,20.0,47,19.0
2023-12-11T18:00,19.5,48,18.4
2023-12-11T19:00,18.4,53,17.4
2023-12-11T20:00,16.7,61,15.5
2023-12-11T21:00,13.6,74,12.0
2023-12-11T22:00,12.3,78,10.4
2023-12-11T23:00,11.6,80,9.7
2023-12-12T00:00,10.8,83,8.6
2023-12-12T01:00,10.4,85,8.3
2023-12-12T02:00,10.3,86,8.8
2023-12-12T03:00,10.0,87,8.3
2023-12-12T04:00,9.9,87,8.2
2023-12-12T05:00,9.6,89,8.0
2023-12-12T06:00,9.3,91,7.4
2023-12-12T07:00,9.4,92,7.8
2023-12-12T08:00,12.7,81,11.5
2023-12-12T09:00,15.8,71,15.2
2023-12-12T10:00,18.5,62,17.9
2023-12-12T11:00,20.5,56,19.9
2023-12-12T12:00,21.7,52,21.3
2023-12-12T13:00,22.3,49,22.1
2023-12-12T14:00,22.8,44,22.4
2023-12-12T15:00,22.8,42,22.1
2023-12-12T16:00,21.4,68,22.5
2023-12-12T17:00,20.7,51,20.1
2023-12-12T18:00,19.4,52,18.8
2023-12-12T19:00,18.5,55,18.0
2023-12-12T20:00,17.7,59,16.7
2023-12-12T21:00,13.5,79,12.1
2023-12-12T22:00,12.7,84,11.2
2023-12-12T23:00,13.9,76,12.6
2023-12-13T00:00,13.3,77,12.0
2023-12-13T01:00,13.0,77,11.7
2023-12-13T02:00,12.1,81,10.7
2023-12-13T03:00,11.5,83,10.0
2023-12-13T04:00,11.4,82,9.9
2023-12-13T05:00,12.5,77,11.3
2023-12-13T06:00,12.3,84,11.8
2023-12-13T07:00,10.4,90,9.4
2023-12-13T08:00,13.1,83,12.3
2023-12-13T09:00,16.3,73,16.2
2023-12-13T10:00,18.9,64,19.1
2023-12-13T11:00,20.8,55,20.6
2023-12-13T12:00,21.9,49,21.5
2023-12-13T13:00,22.6,44,21.5
2023-12-13T14:00,22.8,41,21.1
2023-12-13T15:00,22.5,41,20.6
2023-12-13T16:00,21.3,46,20.1
2023-12-13T17:00,17.4,61,16.1
2023-12-13T18:00,17.3,55,15.6
2023-12-13T19:00,16.2,58,14.5
2023-12-13T20:00,14.9,64,13.2
2023-12-13T21:00,14.0,67,12.1
2023-12-13T22:00,13.1,71,11.3
2023-12-13T23:00,12.4,75,10.6
2023-12-14T00:00,11.6,80,9.8
2023-12-14T01:00,10.6,85,8.7
2023-12-14T02:00,10.4,86,8.7
2023-12-14T03:00,10.1,87,8.6
2023-12-14T04:00,9.9,88,8.3
2023-12-14T05:00,9.7,89,8.0
2023-12-14T06:00,9.9,90,8.0
2023-12-14T07:00,9.9,90,8.0
2023-12-14T08:00,12.1,82,9.8
2023-12-14T09:00,14.9,72,13.2
2023-12-14T10:00,17.6,62,15.8
2023-12-14T11:00,19.7,53,17.5
2023-12-14T12:00,21.1,45,18.6
2023-12-14T13:00,21.9,41,19.0
2023-12-14T14:00,22.1,40,19.2
2023-12-14T15:00,21.8,41,18.9
2023-12-14T16:00,20.5,48,18.6
2023-12-14T17:00,17.4,60,16.0
2023-12-14T18:00,16.0,67,14.9
2023-12-14T19:00,14.5,74,13.4
2023-12-14T20:00,13.6,77,12.5
2023-12-14T21:00,12.9,80,11.7
2023-12-14T22:00,12.4,81,11.2
2023-12-14T23:00,12.0,83,10.7
2023-12-15T00:00,10.8,88,9.2
2023-12-15T01:00,9.6,91,7.7
2023-12-15T02:00,9.3,91,7.4
2023-12-15T03:00,9.1,92,7.4
2023-12-15T04:00,8.9,92,7.2
2023-12-15T05:00,8.6,93,7.0
2023-12-15T06:00,7.5,93,5.6
2023-12-15T07:00,7.7,94,6.1
2023-12-15T08:00,10.5,85,9.0
2023-12-15T09:00,14.2,71,13.3
2023-12-15T10:00,17.3,60,16.6
2023-12-15T11:00,19.5,49,18.6
2023-12-15T12:00,21.0,42,19.7
2023-12-15T13:00,21.8,39,20.1
2023-12-15T14:00,22.1,39,20.3
2023-12-15T15:00,21.8,40,19.9
2023-12-15T16:00,20.3,49,19.3
2023-12-15T17:00,17.2,59,15.8
2023-12-15T18:00,17.7,58,16.7
2023-12-15T19:00,14.9,70,13.6
2023-12-15T20:00,13.4,76,11.7
2023-12-15T21:00,12.5,80,10.8
2023-12-15T22:00,12.8,75,11.2
2023-12-15T23:00,12.1,75,10.3
2023-12-16T00:00,10.9,79,8.8
2023-12-16T01:00,10.4,80,8.2
2023-12-16T02:00,9.9,82,7.8
2023-12-16T03:00,9.9,82,7.9
2023-12-16T04:00,9.2,85,7.4
2023-12-16T05:00,8.2,89,6.4
2023-12-16T06:00,7.7,92,5.9
2023-12-16T07:00,7.9,93,6.4
2023-12-16T08:00,10.9,83,9.5
2023-12-16T09:00,14.8,71,14.2
2023-12-16T10:00,18.1,58,17.6
2023-12-16T11:00,20.4,46,19.0
2023-12-16T12:00,21.5,42,19.7
2023-12-16T13:00,22.2,41,20.0
2023-12-16T14:00,22.3,39,19.9
2023-12-16T15:00,22.0,38,19.4
2023-12-16T16:00,20.7,43,19.0
2023-12-16T17:00,16.3,60,14.4
2023-12-16T18:00,17.4,53,15.9
2023-12-16T19:00,15.1,63,13.4
2023-12-16T20:00,15.1,63,13.3
2023-12-16T21:00,14.1,66,12.3
2023-12-16T22:00,12.0,75,10.0
2023-12-16T23:00,11.0,78,8.7
2023-12-17T00:00,10.3,80,8.0
2023-12-17T01:00,10.3,79,8.1
2023-12-17T02:00,12.1,70,10.1
2023-12-17T03:00,12.2,70,10.5
2023-12-17T04:00,12.0,71,10.5
2023-12-17T05:00,11.8,72,10.6
2023-12-17T06:00,9.5,86,8.0
2023-12-17T07:00,9.5,87,8.0
2023-12-17T08:00,12.1,77,10.3
2023-12-17T09:00,16.1,64,14.9
2023-12-17T10:00,19.0,55,17.9
2023-12-17T11:00,20.9,46,19.3
2023-12-17T12:00,22.0,42,20.0
2023-12-17T13:00,22.5,40,20.2
2023-12-17T14:00,22.6,39,20.2
2023-12-17T15:00,22.3,39,19.8
2023-12-17T16:00,21.1,44,19.4
2023-12-17T17:00,17.3,60,16.0
2023-12-17T18:00,16.8,59,15.2
2023-12-17T19:00,15.7,63,14.1
2023-12-17T20:00,14.5,67,12.9
2023-12-17T21:00,13.9,69,12.1
2023-12-17T22:00,13.0,73,11.4
2023-12-17T23:00,11.7,80,10.0
2023-12-18T00:00,11.1,84,9.7
2023-12-18T01:00,11.0,84,9.6
2023-12-18T02:00,10.5,86,8.9
2023-12-18T03:00,9.9,89,8.1
2023-12-18T04:00,9.5,90,7.5
2023-12-18T05:00,9.3,91,7.2
2023-12-18T06:00,9.1,93,7.1
2023-12-18T07:00,9.1,93,6.9
2023-12-18T08:00,11.1,84,8.6
2023-12-18T09:00,13.7,74,11.7
2023-12-18T10:00,16.4,64,14.3
2023-12-18T11:00,18.7,55,16.3
2023-12-18T12:00,20.3,47,17.3
2023-12-18T13:00,21.2,40,17.5
2023-12-18T14:00,21.5,36,17.5
2023-12-18T15:00,21.2,34,17.1
2023-12-18T16:00,20.2,38,16.8
2023-12-18T17:00,17.5,48,14.8
2023-12-18T18:00,15.9,56,13.6
2023-12-18T19:00,14.9,60,12.3
2023-12-18T20:00,14.1,61,11.4
2023-12-18T21:00,13.4,63,10.7
2023-12-18T22:00,12.6,65,9.9
2023-12-18T23:00,12.0,68,9.2
2023-12-19T00:00,11.6,69,8.6
2023-12-19T01:00,11.2,71,8.2
2023-12-19T02:00,10.8,72,7.8
2023-12-19T03:00,10.4,73,7.4
2023-12-19T04:00,9.9,75,7.0
2023-12-19T05:00,9.5,77,6.5
2023-12-19T06:00,8.7,87,5.9
2023-12-19T07:00,8.6,87,5.8
2023-12-19T08:00,10.4,79,7.5
2023-12-19T09:00,13.2,69,10.7
2023-12-19T10:00,15.9,60,13.5
2023-12-19T11:00,18.3,54,15.6
2023-12-19T12:00,20.0,48,17.3
2023-12-19T13:00,21.0,43,18.0
2023-12-19T14:00,21.5,40,18.3
2023-12-19T15:00,21.2,41,18.0
2023-12-19T16:00,20.0,46,17.4
2023-12-19T17:00,17.1,57,15.0
2023-12-19T18:00,15.8,61,13.9
2023-12-19T19:00,14.7,64,12.7
2023-12-19T20:00,14.0,66,11.7
2023-12-19T21:00,13.4,67,11.0
2023-12-19T22:00,12.7,69,10.3
2023-12-19T23:00,12.0,71,9.7
2023-12-20T00:00,11.4,74,9.0
2023-12-20T01:00,10.8,76,8.4
2023-12-20T02:00,10.2,78,7.9
2023-12-20T03:00,10.0,79,7.6
2023-12-20T04:00,9.7,80,7.3
2023-12-20T05:00,9.1,84,6.8
2023-12-20T06:00,7.9,90,5.8
2023-12-20T07:00,7.9,89,5.6
2023-12-20T08:00,10.0,80,7.6
2023-12-20T09:00,12.8,70,11.0
2023-12-20T10:00,15.5,61,13.8
2023-12-20T11:00,17.7,54,15.9
2023-12-20T12:00,19.2,49,17.3
2023-12-20T13:00,20.1,46,18.0
2023-12-20T14:00,20.4,45,18.3
2023-12-20T15:00,20.2,46,18.0
2023-12-20T16:00,19.2,50,17.6
2023-12-20T17:00,16.1,63,14.9
2023-12-20T18:00,15.5,67,14.3
2023-12-20T19:00,14.2,74,13.1
2023-12-20T20:00,13.3,78,12.2
2023-12-20T21:00,12.9,80,11.9
2023-12-20T22:00,11.9,85,10.8
2023-12-20T23:00,11.6,85,10.4
2023-12-21T00:00,11.2,86,9.9
2023-12-21T01:00,10.7,87,9.3
2023-12-21T02:00,9.7,91,8.1
2023-12-21T03:00,9.3,91,7.8
2023-12-21T04:00,9.1,92,7.5
2023-12-21T05:00,9.0,92,7.3
2023-12-21T06:00,8.1,95,6.4
2023-12-21T07:00,8.5,94,6.9
2023-12-21T08:00,10.6,86,8.8
2023-12-21T09:00,13.2,76,12.0
2023-12-21T10:00,15.9,67,14.8
2023-12-21T11:00,18.6,57,17.1
2023-12-21T12:00,20.3,50,18.5
2023-12-21T13:00,21.2,47,19.1
2023-12-21T14:00,21.6,45,19.4
2023-12-21T15:00,21.3,44,19.0
2023-12-21T16:00,20.2,49,18.3
2023-12-21T17:00,17.0,60,15.6
2023-12-21T18:00,16.3,65,14.9
2023-12-21T19:00,15.1,70,13.8
2023-12-21T20:00,13.9,76,12.7
2023-12-21T21:00,12.4,83,11.2
2023-12-21T22:00,11.4,88,10.1
2023-12-21T23:00,10.8,89,9.5
2023-12-22T00:00,10.2,91,8.9
2023-12-22T01:00,9.6,92,8.1
2023-12-22T02:00,8.9,93,7.2
2023-12-22T03:00,8.6,94,6.9
2023-12-22T04:00,8.0,95,6.2
2023-12-22T05:00,8.1,95,6.6
2023-12-22T06:00,7.5,96,5.8
2023-12-22T07:00,7.1,97,5.4
2023-12-22T08:00,9.8,90,8.4
2023-12-22T09:00,13.0,79,12.3
2023-12-22T10:00,16.0,69,15.6
2023-12-22T11:00,18.3,59,17.9
2023-12-22T12:00,19.9,50,19.4
2023-12-22T13:00,20.9,45,20.1
2023-12-22T14:00,21.4,44,20.6
2023-12-22T15:00,21.5,44,20.8
2023-12-22T16:00,20.4,52,20.0
2023-12-22T17:00,16.7,66,15.7
2023-12-22T18:00,16.6,69,15.8
2023-12-22T19:00,15.2,75,14.2
2023-12-22T20:00,13.8,83,12.6
2023-12-22T21:00,14.3,80,13.4
2023-12-22T22:00,15.1,76,14.4
2023-12-22T23:00,12.3,87,11.3
2023-12-23T00:00,11.4,90,10.2
2023-12-23T01:00,11.1,91,10.2
2023-12-23T02:00,11.1,92,10.5
2023-12-23T03:00,11.3,91,10.0
2023-12-23T04:00,12.6,85,11.2
2023-12-23T05:00,11.9,91,11.2
2023-12-23T06:00,12.3,88,11.1
2023-12-23T07:00,11.5,88,10.3
2023-12-23T08:00,13.2,84,12.1
2023-12-23T09:00,15.9,75,15.5
2023-12-23T10:00,18.3,67,18.2
2023-12-23T11:00,19.9,59,19.8
2023-12-23T12:00,21.0,53,20.6
2023-12-23T13:00,21.7,48,21.1
2023-12-23T14:00,22.1,46,21.0
2023-12-23T15:00,21.9,45,20.6
2023-12-23T16:00,21.0,50,20.1
2023-12-23T17:00,16.8,68,15.8
2023-12-23T18:00,17.3,68,16.7
2023-12-23T19:00,19.1,60,19.0
2023-12-23T20:00,18.2,64,18.0
2023-12-23T21:00,16.0,74,15.5
2023-12-23T22:00,15.5,77,15.0
2023-12-23T23:00,15.3,77,15.0
2023-12-24T00:00,15.1,78,15.1
2023-12-24T01:00,11.0,94,9.9
2023-12-24T02:00,10.6,95,9.2
2023-12-24T03:00,12.6,89,12.0
2023-12-24T04:00,12.7,88,12.1
2023-12-24T05:00,12.5,88,12.0
2023-12-24T06:00,11.1,92,10.6
2023-12-24T07:00,9.7,95,8.8
2023-12-24T08:00,12.0,92,11.3
2023-12-24T09:00,15.2,81,15.4
2023-12-24T10:00,18.5,68,18.9
2023-12-24T11:00,20.6,58,21.0
2023-12-24T12:00,21.9,52,21.8
2023-12-24T13:00,22.6,48,22.1
2023-12-24T14:00,22.9,46,22.2
2023-12-24T15:00,22.7,46,21.6
2023-12-24T16:00,21.7,51,20.9
2023-12-24T17:00,17.5,69,16.7
2023-12-24T18:00,17.3,74,16.8
2023-12-24T19:00,16.5,78,16.3
2023-12-24T20:00,15.6,82,15.2
2023-12-24T21:00,14.7,86,14.3
2023-12-24T22:00,13.3,90,12.7
2023-12-24T23:00,12.2,92,11.3
2023-12-25T00:00,12.2,91,11.5
2023-12-25T01:00,11.9,92,11.1
2023-12-25T02:00,11.5,93,10.5
2023-12-25T03:00,11.2,94,10.2
2023-12-25T04:00,11.0,94,9.9
2023-12-25T05:00,10.9,94,9.6
2023-12-25T06:00,10.7,95,9.4
2023-12-25T07:00,10.7,95,9.2
2023-12-25T08:00,12.4,90,10.9
2023-12-25T09:00,15.0,81,14.2
2023-12-25T10:00,17.7,71,17.0
2023-12-25T11:00,19.9,61,19.2
2023-12-25T12:00,21.5,54,20.5
2023-12-25T13:00,22.4,50,21.5
2023-12-25T14:00,22.9,48,22.0
2023-12-25T15:00,22.8,47,21.8
2023-12-25T16:00,21.9,51,21.4
2023-12-25T17:00,17.6,70,16.9
2023-12-25T18:00,16.9,75,16.5
2023-12-25T19:00,15.8,79,15.3
2023-12-25T20:00,14.9,84,14.3
2023-12-25T21:00,14.0,87,13.4
2023-12-25T22:00,13.2,89,12.6
2023-12-25T23:00,12.5,90,11.7
2023-12-26T00:00,11.8,92,11.0
2023-12-26T01:00,11.3,93,10.4
2023-12-26T02:00,10.8,94,9.7
2023-12-26T03:00,10.1,94,8.8
2023-12-26T04:00,9.5,95,8.0
2023-12-26T05:00,9.6,95,8.4
2023-12-26T06:00,10.0,94,8.8
2023-12-26T07:00,9.7,95,8.6
2023-12-26T08:00,11.8,89,10.8
2023-12-26T09:00,15.0,78,14.6
2023-12-26T10:00,17.7,67,17.5
2023-12-26T11:00,19.9,58,19.6
2023-12-26T12:00,21.4,52,20.9
2023-12-26T13:00,22.3,47,21.6
2023-12-26T14:00,22.7,44,21.8
2023-12-26T15:00,22.5,45,21.6
2023-12-26T16:00,21.5,52,21.2
2023-12-26T17:00,18.4,64,17.8
2023-12-26T18:00,16.6,73,16.0
2023-12-26T19:00,17.0,71,16.5
2023-12-26T20:00,16.4,73,15.9
2023-12-26T21:00,15.4,77,14.8
2023-12-26T22:00,14.3,80,13.4
2023-12-26T23:00,13.2,83,12.1
2023-12-27T00:00,11.2,90,9.6
2023-12-27T01:00,10.9,90,9.3
2023-12-27T02:00,12.4,84,11.3
2023-12-27T03:00,10.4,90,8.9
2023-12-27T04:00,9.6,93,8.0
2023-12-27T05:00,9.2,93,7.7
2023-12-27T06:00,8.5,95,7.0
2023-12-27T07:00,8.7,96,7.5
2023-12-27T08:00,10.9,92,9.6
2023-12-27T09:00,14.2,80,13.6
2023-12-27T10:00,17.0,69,16.6
2023-12-27T11:00,19.0,61,18.6
2023-12-27T12:00,20.4,56,19.8
2023-12-27T13:00,21.2,53,20.6
2023-12-27T14:00,21.7,51,20.9
2023-12-27T15:00,21.6,52,20.7
2023-12-27T16:00,20.8,55,20.2
2023-12-27T17:00,16.6,74,15.7
2023-12-27T18:00,14.6,86,14.0
2023-12-27T19:00,13.9,88,13.1
2023-12-27T20:00,13.6,89,13.2
2023-12-27T21:00,12.9,91,12.4
2023-12-27T22:00,12.5,92,11.8
2023-12-27T23:00,12.2,92,11.4
2023-12-28T00:00,11.9,93,11.1
2023-12-28T01:00,11.6,94,10.7
2023-12-28T02:00,11.3,95,10.3
2023-12-28T03:00,10.8,96,9.8
2023-12-28T04:00,10.3,97,9.2
2023-12-28T05:00,9.8,98,8.7
2023-12-28T06:00,9.9,99,8.7
2023-12-28T07:00,9.7,99,8.6
2023-12-28T08:00,10.7,98,9.7
2023-12-28T09:00,11.8,96,11.1
2023-12-28T10:00,14.5,85,14.2
2023-12-28T11:00,17.1,74,17.0
2023-12-28T12:00,19.1,64,19.0
2023-12-28T13:00,20.3,57,20.0
2023-12-28T14:00,20.9,55,20.4
2023-12-28T15:00,20.8,55,20.3
2023-12-28T16:00,20.0,61,19.7
2023-12-28T17:00,16.2,81,15.8
2023-12-28T18:00,13.4,89,12.6
2023-12-28T19:00,12.4,92,11.3
2023-12-28T20:00,12.9,89,12.0
2023-12-28T21:00,14.3,85,13.9
2023-12-28T22:00,13.5,88,13.0
2023-12-28T23:00,12.5,92,12.1
2023-12-29T00:00,11.9,95,11.7
2023-12-29T01:00,11.5,99,11.5
2023-12-29T02:00,10.7,100,10.5
2023-12-29T03:00,9.0,100,8.0
2023-12-29T04:00,8.3,100,7.1
2023-12-29T05:00,8.3,99,7.4
2023-12-29T06:00,9.0,97,8.6
2023-12-29T07:00,9.3,99,9.0
2023-12-29T08:00,10.3,98,10.2
2023-12-29T09:00,11.5,95,11.5
2023-12-29T10:00,13.4,95,13.8
2023-12-29T11:00,16.2,82,16.9
2023-12-29T12:00,18.2,73,18.8
2023-12-29T13:00,19.4,66,20.1
2023-12-29T14:00,20.1,62,20.6
2023-12-29T15:00,20.2,61,20.6
2023-12-29T16:00,19.7,63,19.9
2023-12-29T17:00,17.3,75,17.4
2023-12-29T18:00,15.5,79,15.2
2023-12-29T19:00,15.4,79,15.8
2023-12-29T20:00,13.9,85,13.9
2023-12-29T21:00,11.7,94,11.2
2023-12-29T22:00,10.7,98,10.2
2023-12-29T23:00,9.3,100,8.2
2023-12-30T00:00,9.0,100,7.7
2023-12-30T01:00,9.0,100,7.7
2023-12-30T02:00,9.0,100,7.6
2023-12-30T03:00,9.2,100,8.1
2023-12-30T04:00,9.2,100,8.2
2023-12-30T05:00,9.5,100,8.8
2023-12-30T06:00,9.5,99,8.9
2023-12-30T07:00,9.7,99,9.2
2023-12-30T08:00,10.4,98,10.1
2023-12-30T09:00,11.4,97,11.5
2023-12-30T10:00,13.1,92,13.5
2023-12-30T11:00,16.1,80,16.7
2023-12-30T12:00,17.7,72,18.4
2023-12-30T13:00,18.5,69,19.0
2023-12-30T14:00,19.0,67,19.1
2023-12-30T15:00,18.7,68,18.7
2023-12-30T16:00,18.1,70,17.8
2023-12-30T17:00,15.9,82,15.9
2023-12-30T18:00,13.1,92,12.7
2023-12-30T19:00,12.2,95,11.6
2023-12-30T20:00,11.7,95,10.9
2023-12-30T21:00,11.1,96,10.1
2023-12-30T22:00,10.1,98,8.6
2023-12-30T23:00,10.1,98,9.0
2023-12-31T00:00,9.4,100,8.3
2023-12-31T01:00,9.0,100,7.7
2023-12-31T02:00,9.0,100,7.9
2023-12-31T03:00,9.9,99,9.4
2023-12-31T04:00,9.7,100,9.1
2023-12-31T05:00,9.5,100,8.9
2023-12-31T06:00,11.7,92,11.3
2023-12-31T07:00,12.0,91,11.8
2023-12-31T08:00,12.9,88,12.9
2023-12-31T09:00,14.0,77,13.6
2023-12-31T10:00,15.1,72,14.6
2023-12-31T11:00,16.3,68,15.9
2023-12-31T12:00,17.5,63,17.1
2023-12-31T13:00,18.3,60,18.0
2023-12-31T14:00,18.7,59,18.4
2023-12-31T15:00,18.7,58,18.3
2023-12-31T16:00,18.2,60,17.7
2023-12-31T17:00,14.8,80,14.0
2023-12-31T18:00,13.7,76,13.0
2023-12-31T19:00,11.1,88,9.9
2023-12-31T20:00,10.2,91,8.9
2023-12-31T21:00,9.3,94,7.8
2023-12-31T22:00,8.4,96,6.7
2023-12-31T23:00,7.6,98,5.8
2024-01-01T00:00,7.0,99,5.2
2024-01-01T01:00,6.8,100,4.9
2024-01-01T02:00,6.8,100,5.2
2024-01-01T03:00,5.9,100,4.2
2024-01-01T04:00,6.4,99,5.0
2024-01-01T05:00,6.4,100,4.9
2024-01-01T06:00,10.1,88,9.0
2024-01-01T07:00,10.4,87,9.4
2024-01-01T08:00,11.2,85,10.0
2024-01-01T09:00,11.8,80,10.5
2024-01-01T10:00,12.8,72,11.6
2024-01-01T11:00,13.7,70,12.7
2024-01-01T12:00,14.8,67,13.9
2024-01-01T13:00,15.6,62,14.5
2024-01-01T14:00,16.1,62,14.8
2024-01-01T15:00,16.2,62,14.7
2024-01-01T16:00,15.6,66,14.2
2024-01-01T17:00,13.1,80,12.2
2024-01-01T18:00,10.5,90,9.3
2024-01-01T19:00,9.6,93,8.3
2024-01-01T20:00,8.9,93,7.4
2024-01-01T21:00,7.9,95,6.3
2024-01-01T22:00,7.1,96,5.2
2024-01-01T23:00,6.5,97,4.4
2024-01-02T00:00,5.7,98,3.4
2024-01-02T01:00,5.4,99,3.1
2024-01-02T02:00,4.8,100,2.3
2024-01-02T03:00,4.6,100,2.4
2024-01-02T04:00,4.7,100,2.7
2024-01-02T05:00,4.7,100,2.8
2024-01-02T06:00,7.6,93,5.8
2024-01-02T07:00,7.9,93,6.2
2024-01-02T08:00,8.8,90,7.2
2024-01-02T09:00,10.0,82,8.6
2024-01-02T10:00,11.2,73,10.1
2024-01-02T11:00,12.3,69,11.3
2024-01-02T12:00,13.5,66,12.4
2024-01-02T13:00,14.6,63,13.5
2024-01-02T14:00,15.2,63,14.1
2024-01-02T15:00,15.3,64,14.1
2024-01-02T16:00,14.7,66,13.3
2024-01-02T17:00,11.6,82,10.1
2024-01-02T18:00,9.6,90,8.1
2024-01-02T19:00,8.8,92,7.2
2024-01-02T20:00,7.9,93,6.1
2024-01-02T21:00,6.8,95,4.6
2024-01-02T22:00,6.5,95,4.4
2024-01-02T23:00,6.3,96,4.2
2024-01-03T00:00,6.0,96,4.0
2024-01-03T01:00,5.1,99,2.8
2024-01-03T02:00,4.8,100,2.3
2024-01-03T03:00,5.2,100,3.0
2024-01-03T04:00,5.7,100,3.8
2024-01-03T05:00,5.2,100,3.6
2024-01-03T06:00,6.2,99,4.5
2024-01-03T07:00,6.7,100,5.3
2024-01-03T08:00,7.7,98,6.5
2024-01-03T09:00,8.9,98,7.9
2024-01-03T10:00,10.2,92,9.5
2024-01-03T11:00,12.7,81,12.1
2024-01-03T12:00,14.7,69,14.3
2024-01-03T13:00,15.5,66,14.7
2024-01-03T14:00,15.9,65,14.7
2024-01-03T15:00,15.8,66,14.6
2024-01-03T16:00,15.2,68,14.0
2024-01-03T17:00,12.4,83,11.1
2024-01-03T18:00,11.6,81,9.6
2024-01-03T19:00,10.2,87,8.4
2024-01-03T20:00,9.1,93,7.5
2024-01-03T21:00,8.3,94,6.9
2024-01-03T22:00,7.6,96,6.0
2024-01-03T23:00,7.6,96,6.1
2024-01-04T00:00,7.3,96,5.6
2024-01-04T01:00,6.6,97,4.6
2024-01-04T02:00,6.2,97,4.3
2024-01-04T03:00,5.8,99,3.9
2024-01-04T04:00,5.4,100,3.5
2024-01-04T05:00,5.2,100,3.3
2024-01-04T06:00,8.8,90,7.2
2024-01-04T07:00,9.0,89,7.6
2024-01-04T08:00,9.8,86,8.2
2024-01-04T09:00,11.6,80,10.1
2024-01-04T10:00,13.7,73,12.3
2024-01-04T11:00,15.4,68,14.1
2024-01-04T12:00,16.7,64,16.2
2024-01-04T13:00,17.6,60,17.1
2024-01-04T14:00,17.8,58,17.2
2024-01-04T15:00,17.9,57,17.2
2024-01-04T16:00,17.6,58,16.7
2024-01-04T17:00,15.8,67,14.6
2024-01-04T18:00,13.7,80,12.5
2024-01-04T19:00,13.1,82,11.8
2024-01-04T20:00,12.5,85,11.0
2024-01-04T21:00,10.8,93,9.4
2024-01-04T22:00,9.8,95,8.5
2024-01-04T23:00,8.9,97,7.5
2024-01-05T00:00,8.6,97,7.3
2024-01-05T01:00,8.4,98,7.1
2024-01-05T02:00,8.5,98,7.3
2024-01-05T03:00,9.2,97,7.9
2024-01-05T04:00,9.7,95,8.2
2024-01-05T05:00,9.2,97,7.9
2024-01-05T06:00,10.5,92,9.4
2024-01-05T07:00,10.5,93,9.5
2024-01-05T08:00,11.0,90,10.2
2024-01-05T09:00,11.8,87,11.1
2024-01-05T10:00,12.9,82,12.2
2024-01-05T11:00,14.9,75,14.5
2024-01-05T12:00,16.6,67,16.2
2024-01-05T13:00,16.8,65,16.1
2024-01-05T14:00,17.0,63,16.5
2024-01-05T15:00,17.3,61,16.8
2024-01-05T16:00,17.1,60,16.2
2024-01-05T17:00,16.1,65,15.1
2024-01-05T18:00,11.2,90,10.1
2024-01-05T19:00,10.5,92,9.1
2024-01-05T20:00,9.7,94,8.4
2024-01-05T21:00,9.1,95,7.6
2024-01-05T22:00,8.4,96,6.7
2024-01-05T23:00,7.3,97,5.1
2024-01-06T00:00,7.3,97,5.1
2024-01-06T01:00,7.6,98,5.9
2024-01-06T02:00,6.6,99,4.6
2024-01-06T03:00,6.3,100,4.5
2024-01-06T04:00,6.6,100,5.1
2024-01-06T05:00,7.2,100,5.7
2024-01-06T06:00,9.2,96,7.9
2024-01-06T07:00,9.6,95,8.3
2024-01-06T08:00,10.8,90,10.0
2024-01-06T09:00,12.3,84,11.4
2024-01-06T10:00,13.6,77,12.4
2024-01-06T11:00,14.9,67,13.5
2024-01-06T12:00,15.7,62,14.2
2024-01-06T13:00,16.3,59,15.0
2024-01-06T14:00,16.8,58,15.7
2024-01-06T15:00,16.9,58,15.8
2024-01-06T16:00,16.6,59,15.6
2024-01-06T17:00,13.7,75,12.6
2024-01-06T18:00,12.5,79,11.7
2024-01-06T19:00,12.8,79,12.0
2024-01-06T20:00,12.7,78,11.5
2024-01-06T21:00,12.2,79,10.9
2024-01-06T22:00,11.0,84,9.9
2024-01-06T23:00,11.0,84,9.6
2024-01-07T00:00,10.7,85,9.2
2024-01-07T01:00,10.2,86,8.8
2024-01-07T02:00,9.8,88,8.5
2024-01-07T03:00,9.1,93,7.6
2024-01-07T04:00,9.0,93,7.5
2024-01-07T05:00,9.4,93,8.2
2024-01-07T06:00,6.2,96,4.1
2024-01-07T07:00,6.1,95,4.2
2024-01-07T08:00,8.6,89,6.9
2024-01-07T09:00,11.5,80,10.5
2024-01-07T10:00,13.7,72,12.9
2024-01-07T11:00,15.2,66,14.4
2024-01-07T12:00,16.2,62,15.4
2024-01-07T13:00,16.9,60,16.1
2024-01-07T14:00,17.4,58,16.5
2024-01-07T15:00,17.5,58,16.7
2024-01-07T16:00,17.1,59,16.4
2024-01-07T17:00,16.4,61,15.7
2024-01-07T18:00,11.1,82,10.0
2024-01-07T19:00,9.7,89,8.3
2024-01-07T20:00,9.1,91,7.5
2024-01-07T21:00,8.6,92,6.8
2024-01-07T22:00,8.1,93,6.3
2024-01-07T23:00,7.6,93,5.8
2024-01-08T00:00,6.8,95,4.7
2024-01-08T01:00,6.6,95,4.5
2024-01-08T02:00,6.8,95,4.8
2024-01-08T03:00,6.3,96,4.0
2024-01-08T04:00,6.0,97,3.7
2024-01-08T05:00,5.5,98,3.0
2024-01-08T06:00,6.0,98,3.7
2024-01-08T07:00,6.4,98,4.3
2024-01-08T08:00,8.4,98,7.2
2024-01-08T09:00,10.8,94,10.1
2024-01-08T10:00,13.5,85,13.2
2024-01-08T11:00,15.8,72,15.5
2024-01-08T12:00,17.0,67,16.8
2024-01-08T13:00,17.9,64,17.8
2024-01-08T14:00,18.4,63,18.3
2024-01-08T15:00,18.4,63,18.4
2024-01-08T16:00,18.0,64,18.0
2024-01-08T17:00,16.5,71,16.1
2024-01-08T18:00,11.5,88,10.1
2024-01-08T19:00,10.7,91,9.2
2024-01-08T20:00,9.5,94,7.8
2024-01-08T21:00,8.8,96,7.0
2024-01-08T22:00,8.2,97,6.4
2024-01-08T23:00,7.8,98,6.2
2024-01-09T00:00,7.3,99,5.7
2024-01-09T01:00,6.9,100,5.1
2024-01-09T02:00,6.9,100,5.2
2024-01-09T03:00,7.2,98,5.3
2024-01-09T04:00,6.7,98,4.9
2024-01-09T05:00,6.2,98,4.1
2024-01-09T06:00,7.2,98,5.7
2024-01-09T07:00,6.8,99,5.3
2024-01-09T08:00,8.5,93,7.0
2024-01-09T09:00,10.9,86,9.9
2024-01-09T10:00,13.8,76,12.8
2024-01-09T11:00,15.9,71,14.4
2024-01-09T12:00,17.0,68,15.4
2024-01-09T13:00,17.7,65,16.0
2024-01-09T14:00,18.0,63,16.3
2024-01-09T15:00,18.0,62,16.5
2024-01-09T16:00,17.4,66,15.9
2024-01-09T17:00,15.3,77,14.2
2024-01-09T18:00,10.7,88,8.7
2024-01-09T19:00,9.6,92,7.8
2024-01-09T20:00,8.8,93,6.6
2024-01-09T21:00,8.0,94,5.6
2024-01-09T22:00,7.3,95,4.8
2024-01-09T23:00,6.7,95,4.2
2024-01-10T00:00,6.2,95,3.3
2024-01-10T01:00,5.8,95,2.7
2024-01-10T02:00,5.3,95,2.1
2024-01-10T03:00,4.9,95,1.7
2024-01-10T04:00,4.7,95,1.5
2024-01-10T05:00,4.6,95,1.2
2024-01-10T06:00,5.3,97,2.0
2024-01-10T07:00,5.4,96,2.0
2024-01-10T08:00,6.6,90,3.2
2024-01-10T09:00,8.5,83,5.2
2024-01-10T10:00,10.4,78,7.5
2024-01-10T11:00,12.2,73,9.6
2024-01-10T12:00,13.8,69,11.4
2024-01-10T13:00,15.0,64,12.5
2024-01-10T14:00,15.7,62,13.1
2024-01-10T15:00,15.8,62,13.4
2024-01-10T16:00,15.2,65,12.9
2024-01-10T17:00,13.3,75,11.3
2024-01-10T18:00,10.1,87,7.9
2024-01-10T19:00,9.6,89,7.2
2024-01-10T20:00,9.1,91,6.6
2024-01-10T21:00,8.5,92,6.1
2024-01-10T22:00,7.9,92,5.6
2024-01-10T23:00,7.2,93,5.0
2024-01-11T00:00,6.8,94,4.4
2024-01-11T01:00,6.5,94,3.9
2024-01-11T02:00,6.2,94,3.4
2024-01-11T03:00,6.0,95,3.0
2024-01-11T04:00,5.8,95,2.8
2024-01-11T05:00,5.6,95,2.8
2024-01-11T06:00,6.2,100,3.7
2024-01-11T07:00,6.5,99,3.9
2024-01-11T08:00,6.9,99,4.3
2024-01-11T09:00,7.5,97,5.1
2024-01-11T10:00,9.2,88,7.1
2024-01-11T11:00,11.3,79,9.3
2024-01-11T12:00,13.2,74,11.5
2024-01-11T13:00,14.5,70,13.0
2024-01-11T14:00,15.3,68,13.6
2024-01-11T15:00,15.5,67,13.6
2024-01-11T16:00,14.9,69,13.1
2024-01-11T17:00,12.7,81,11.5
2024-01-11T18:00,11.0,85,9.2
2024-01-11T19:00,10.0,89,8.2
2024-01-11T20:00,9.2,91,7.3
2024-01-11T21:00,8.3,93,6.5
2024-01-11T22:00,7.7,94,5.8
2024-01-11T23:00,7.4,95,5.3
2024-01-12T00:00,7.5,94,5.0
2024-01-12T01:00,7.2,94,4.8
2024-01-12T02:00,6.8,95,4.4
2024-01-12T03:00,6.5,96,3.9
2024-01-12T04:00,6.3,96,3.7
2024-01-12T05:00,6.1,96,3.4
2024-01-12T06:00,5.9,98,3.1
2024-01-12T07:00,5.6,99,2.8
2024-01-12T08:00,6.6,98,3.9
2024-01-12T09:00,7.9,97,5.4
2024-01-12T10:00,9.8,91,7.7
2024-01-12T11:00,12.7,79,10.9
2024-01-12T12:00,14.8,69,13.5
2024-01-12T13:00,16.4,60,15.0
2024-01-12T14:00,17.3,57,15.5
2024-01-12T15:00,17.4,58,15.7
2024-01-12T16:00,16.8,61,15.3
2024-01-12T17:00,13.6,79,12.5
2024-01-12T18:00,11.6,85,10.2
2024-01-12T19:00,10.6,88,9.1
2024-01-12T20:00,9.4,91,7.8
2024-01-12T21:00,8.4,94,6.5
2024-01-12T22:00,7.5,95,5.2
2024-01-12T23:00,9.3,93,7.9
2024-01-13T00:00,8.9,95,7.9
2024-01-13T01:00,6.1,99,4.4
2024-01-13T02:00,6.0,99,4.2
2024-01-13T03:00,5.9,100,3.9
2024-01-13T04:00,6.1,100,4.5
2024-01-13T05:00,6.2,99,4.5
2024-01-13T06:00,5.9,99,4.3
2024-01-13T07:00,6.1,96,4.4
2024-01-13T08:00,7.0,95,5.4
2024-01-13T09:00,7.9,96,6.8
2024-01-13T10:00,9.9,93,9.1
2024-01-13T11:00,12.6,80,12.0
2024-01-13T12:00,15.3,65,14.6
2024-01-13T13:00,17.0,55,16.0
2024-01-13T14:00,17.9,51,16.8
2024-01-13T15:00,18.1,50,17.1
2024-01-13T16:00,17.6,59,17.2
2024-01-13T17:00,14.8,68,13.6
2024-01-13T18:00,11.6,87,10.4
2024-01-13T19:00,9.9,89,8.1
2024-01-13T20:00,8.7,91,6.5
2024-01-13T21:00,9.4,88,7.6
2024-01-13T22:00,10.1,86,8.7
2024-01-13T23:00,9.6,88,8.5
2024-01-14T00:00,9.2,91,8.1
2024-01-14T01:00,8.6,93,7.3
2024-01-14T02:00,5.6,100,3.6
2024-01-14T03:00,4.8,99,2.9
2024-01-14T04:00,5.3,100,3.3
2024-01-14T05:00,5.1,100,3.0
2024-01-14T06:00,5.2,100,3.1
2024-01-14T07:00,5.1,99,3.0
2024-01-14T08:00,5.4,98,3.4
2024-01-14T09:00,6.9,94,4.8
2024-01-14T10:00,8.9,92,7.3
2024-01-14T11:00,12.0,79,10.6
2024-01-14T12:00,14.9,67,13.8
2024-01-14T13:00,16.7,58,15.6
2024-01-14T14:00,17.7,54,16.2
2024-01-14T15:00,18.0,52,16.4
2024-01-14T16:00,17.3,56,15.8
2024-01-14T17:00,13.6,75,12.3
2024-01-14T18:00,10.8,86,9.1
2024-01-14T19:00,9.6,89,7.5
2024-01-14T20:00,8.8,91,6.6
2024-01-14T21:00,8.3,93,6.3
2024-01-14T22:00,7.7,94,5.8
2024-01-14T23:00,7.3,94,5.2
2024-01-15T00:00,6.7,96,4.6
2024-01-15T01:00,5.9,97,3.7
2024-01-15T02:00,5.2,98,2.9
2024-01-15T03:00,5.1,99,2.9
2024-01-15T04:00,5.0,99,2.6
2024-01-15T05:00,5.0,100,2.5
2024-01-15T06:00,5.4,100,2.9
2024-01-15T07:00,5.7,99,3.4
2024-01-15T08:00,6.0,98,3.8
2024-01-15T09:00,7.0,97,4.8
2024-01-15T10:00,8.9,88,7.0
2024-01-15T11:00,11.3,78,9.7
2024-01-15T12:00,13.4,70,12.1
2024-01-15T13:00,15.0,61,13.7
2024-01-15T14:00,15.9,57,14.0
2024-01-15T15:00,16.1,56,14.2
2024-01-15T16:00,15.5,59,13.9
2024-01-15T17:00,12.1,79,10.4
2024-01-15T18:00,11.4,75,9.8
2024-01-15T19:00,9.8,82,8.0
2024-01-15T20:00,7.9,90,5.6
2024-01-15T21:00,7.3,91,5.0
2024-01-15T22:00,7.1,91,4.9
2024-01-15T23:00,6.6,93,4.5
2024-01-16T00:00,5.2,97,2.8
2024-01-16T01:00,4.6,99,2.1
2024-01-16T02:00,6.2,98,4.3
2024-01-16T03:00,5.8,99,4.1
2024-01-16T04:00,3.9,100,1.9
2024-01-16T05:00,4.3,98,2.5
2024-01-16T06:00,4.6,99,2.9
2024-01-16T07:00,4.8,99,3.0
2024-01-16T08:00,5.4,98,3.8
2024-01-16T09:00,6.7,96,5.2
2024-01-16T10:00,8.5,91,7.4
2024-01-16T11:00,11.6,82,10.7
2024-01-16T12:00,14.4,67,13.6
2024-01-16T13:00,16.3,60,15.8
2024-01-16T14:00,17.2,55,16.2
2024-01-16T15:00,17.5,53,16.2
2024-01-16T16:00,17.0,55,15.6
2024-01-16T17:00,13.2,74,11.6
2024-01-16T18:00,10.5,84,8.8
2024-01-16T19:00,9.1,87,6.8
2024-01-16T20:00,8.1,88,5.5
2024-01-16T21:00,7.3,90,4.7
2024-01-16T22:00,6.7,91,4.2
2024-01-16T23:00,6.4,92,4.1
2024-01-17T00:00,6.0,94,3.7
2024-01-17T01:00,5.7,95,3.5
2024-01-17T02:00,5.5,96,3.2
2024-01-17T03:00,5.1,96,2.7
2024-01-17T04:00,4.8,97,2.2
2024-01-17T05:00,4.4,97,1.7
2024-01-17T06:00,4.0,99,1.2
2024-01-17T07:00,4.1,100,1.4
2024-01-17T08:00,7.4,95,5.1
2024-01-17T09:00,10.9,85,9.5
2024-01-17T10:00,13.4,75,11.9
2024-01-17T11:00,15.0,66,13.4
2024-01-17T12:00,16.3,60,15.1
2024-01-17T13:00,17.2,56,16.0
2024-01-17T14:00,17.7,55,16.3
2024-01-17T15:00,17.8,56,16.5
2024-01-17T16:00,17.2,59,16.0
2024-01-17T17:00,13.9,77,12.9
2024-01-17T18:00,10.7,87,9.1
2024-01-17T19:00,9.5,90,7.7
2024-01-17T20:00,8.7,92,6.8
2024-01-17T21:00,7.9,94,5.5
2024-01-17T22:00,7.4,96,4.9
2024-01-17T23:00,7.0,97,4.6
2024-01-18T00:00,7.1,98,5.2
2024-01-18T01:00,6.9,99,5.0
2024-01-18T02:00,6.4,100,4.2
2024-01-18T03:00,6.7,100,5.0
2024-01-18T04:00,7.0,99,5.4
2024-01-18T05:00,6.8,100,5.2
2024-01-18T06:00,6.0,99,4.6
2024-01-18T07:00,6.1,99,4.9
2024-01-18T08:00,7.1,98,6.0
2024-01-18T09:00,8.3,94,7.4
2024-01-18T10:00,10.4,90,10.0
2024-01-18T11:00,12.7,86,12.7
2024-01-18T12:00,15.4,75,15.5
2024-01-18T13:00,17.2,66,17.0
2024-01-18T14:00,17.4,65,17.1
2024-01-18T15:00,17.5,64,17.1
2024-01-18T16:00,17.1,65,16.9
2024-01-18T17:00,16.4,68,16.1
2024-01-18T18:00,14.0,75,13.3
2024-01-18T19:00,13.0,79,12.4
2024-01-18T20:00,11.0,86,10.3
2024-01-18T21:00,11.4,86,10.9
2024-01-18T22:00,11.2,87,10.9
2024-01-18T23:00,11.1,87,10.5
2024-01-19T00:00,10.9,89,10.2
2024-01-19T01:00,10.5,91,9.9
2024-01-19T02:00,8.5,96,7.6
2024-01-19T03:00,6.3,100,4.7
2024-01-19T04:00,6.4,99,4.7
2024-01-19T05:00,6.5,100,4.7
2024-01-19T06:00,6.5,100,4.9
2024-01-19T07:00,6.7,100,5.1
2024-01-19T08:00,7.9,97,6.3
2024-01-19T09:00,9.0,93,8.0
2024-01-19T10:00,10.6,91,10.0
2024-01-19T11:00,13.0,84,12.8
2024-01-19T12:00,15.0,74,14.7
2024-01-19T13:00,16.1,70,15.7
2024-01-19T14:00,16.7,67,16.0
2024-01-19T15:00,16.8,65,16.0
2024-01-19T16:00,16.4,66,15.7
2024-01-19T17:00,13.6,82,12.7
2024-01-19T18:00,10.1,89,8.7
2024-01-19T19:00,8.7,93,7.0
2024-01-19T20:00,7.8,95,5.7
2024-01-19T21:00,7.3,96,5.2
2024-01-19T22:00,7.0,96,4.7
2024-01-19T23:00,6.7,97,4.5
2024-01-20T00:00,6.3,98,3.9
2024-01-20T01:00,5.7,99,3.0
2024-01-20T02:00,6.2,98,4.2
2024-01-20T03:00,6.3,97,4.1
2024-01-20T04:00,6.2,96,4.0
2024-01-20T05:00,5.1,98,2.7
2024-01-20T06:00,6.0,100,4.4
2024-01-20T07:00,6.2,99,4.6
2024-01-20T08:00,7.3,98,5.8
2024-01-20T09:00,8.6,97,7.7
2024-01-20T10:00,11.1,86,10.5
2024-01-20T11:00,13.4,74,12.9
2024-01-20T12:00,14.5,70,13.5
2024-01-20T13:00,15.3,67,14.3
2024-01-20T14:00,15.9,65,15.1
2024-01-20T15:00,16.1,63,15.1
2024-01-20T16:00,15.7,65,14.6
2024-01-20T17:00,13.1,81,12.1
2024-01-20T18:00,10.5,91,8.9
2024-01-20T19:00,9.9,92,8.3
2024-01-20T20:00,9.0,93,7.1
2024-01-20T21:00,8.0,95,5.9
2024-01-20T22:00,7.7,97,6.0
2024-01-20T23:00,6.4,99,4.1
2024-01-21T00:00,6.0,100,3.7
2024-01-21T01:00,5.7,100,3.4
2024-01-21T02:00,5.2,100,2.9
2024-01-21T03:00,5.4,100,3.4
2024-01-21T04:00,5.7,100,3.5
2024-01-21T05:00,5.7,99,3.1
2024-01-21T06:00,5.4,99,2.9
2024-01-21T07:00,5.4,99,2.8
2024-01-21T08:00,6.3,98,3.7
2024-01-21T09:00,7.4,97,4.9
2024-01-21T10:00,8.6,96,6.2
2024-01-21T11:00,11.3,82,8.7
2024-01-21T12:00,13.3,74,11.1
2024-01-21T13:00,14.8,69,13.2
2024-01-21T14:00,15.7,65,13.7
2024-01-21T15:00,16.1,63,13.9
2024-01-21T16:00,15.6,64,13.4
2024-01-21T17:00,13.5,74,11.9
2024-01-21T18:00,10.6,89,9.0
2024-01-21T19:00,9.9,91,8.2
2024-01-21T20:00,9.0,94,7.3
2024-01-21T21:00,7.8,96,6.0
2024-01-21T22:00,6.8,97,4.7
2024-01-21T23:00,5.9,99,3.6
2024-01-22T00:00,5.3,100,2.8
2024-01-22T01:00,5.0,100,2.8
2024-01-22T02:00,5.5,100,3.7
2024-01-22T03:00,5.3,100,3.4
2024-01-22T04:00,5.5,100,3.8
2024-01-22T05:00,5.4,97,3.6
2024-01-22T06:00,5.6,97,4.0
2024-01-22T07:00,6.1,93,4.5
2024-01-22T08:00,6.8,91,5.1
2024-01-22T09:00,7.6,93,6.5
2024-01-22T10:00,8.6,94,7.9
2024-01-22T11:00,11.4,82,10.9
2024-01-22T12:00,13.8,71,13.6
2024-01-22T13:00,15.4,62,15.1
2024-01-22T14:00,16.4,58,15.7
2024-01-22T15:00,16.9,56,16.0
2024-01-22T16:00,16.6,57,15.8
2024-01-22T17:00,15.8,61,15.0
2024-01-22T18:00,11.0,86,9.5
2024-01-22T19:00,9.9,89,8.3
2024-01-22T20:00,8.3,92,6.1
2024-01-22T21:00,7.3,94,4.8
2024-01-22T22:00,6.7,96,4.2
2024-01-22T23:00,6.2,97,3.8
2024-01-23T00:00,5.8,98,3.5
2024-01-23T01:00,5.7,99,3.5
2024-01-23T02:00,5.5,99,3.2
2024-01-23T03:00,5.3,99,2.9
2024-01-23T04:00,5.0,99,2.5
2024-01-23T05:00,4.9,100,2.4
2024-01-23T06:00,5.0,100,2.8
2024-01-23T07:00,5.9,99,4.0
2024-01-23T08:00,6.8,99,5.0
2024-01-23T09:00,8.5,97,7.2
2024-01-23T10:00,10.7,89,10.1
2024-01-23T11:00,13.2,82,12.9
2024-01-23T12:00,15.0,77,14.7
2024-01-23T13:00,16.2,72,15.9
2024-01-23T14:00,17.0,68,16.5
2024-01-23T15:00,17.3,66,16.9
2024-01-23T16:00,17.1,66,16.7
2024-01-23T17:00,16.3,70,15.9
2024-01-23T18:00,12.9,87,12.2
2024-01-23T19:00,13.2,84,12.6
2024-01-23T20:00,12.6,86,12.0
2024-01-23T21:00,11.6,89,10.6
2024-01-23T22:00,10.4,93,9.2
2024-01-23T23:00,9.0,96,7.4
2024-01-24T00:00,9.3,95,7.7
2024-01-24T01:00,10.1,92,9.0
2024-01-24T02:00,10.3,90,9.3
2024-01-24T03:00,8.5,97,7.1
2024-01-24T04:00,7.5,99,5.8
2024-01-24T05:00,6.5,100,4.6
2024-01-24T06:00,6.5,100,4.6
2024-01-24T07:00,6.4,100,4.4
2024-01-24T08:00,8.5,97,7.0
2024-01-24T09:00,10.3,93,9.3
2024-01-24T10:00,12.6,84,11.8
2024-01-24T11:00,14.6,74,13.8
2024-01-24T12:00,16.4,62,15.7
2024-01-24T13:00,17.5,54,16.6
2024-01-24T14:00,18.1,52,16.7
2024-01-24T15:00,18.2,53,16.7
2024-01-24T16:00,17.7,56,16.2
2024-01-24T17:00,15.1,72,14.2
2024-01-24T18:00,11.4,85,9.9
2024-01-24T19:00,10.8,88,9.5
2024-01-24T20:00,9.9,91,8.5
2024-01-24T21:00,9.3,93,7.8
2024-01-24T22:00,8.5,95,6.9
2024-01-24T23:00,7.4,98,5.4
2024-01-25T00:00,6.5,99,4.2
2024-01-25T01:00,6.4,100,4.2
2024-01-25T02:00,6.1,100,4.1
2024-01-25T03:00,5.6,100,3.7
2024-01-25T04:00,6.2,100,4.4
2024-01-25T05:00,6.1,100,4.1
2024-01-25T06:00,6.1,100,4.3
2024-01-25T07:00,6.1,99,4.3
2024-01-25T08:00,6.5,98,4.9
2024-01-25T09:00,7.5,94,6.0
2024-01-25T10:00,10.4,88,9.7
2024-01-25T11:00,13.4,77,13.1
2024-01-25T12:00,15.5,69,15.8
2024-01-25T13:00,16.5,65,16.3
2024-01-25T14:00,17.2,63,16.9
2024-01-25T15:00,17.5,62,16.9
2024-01-25T16:00,16.9,65,15.8
2024-01-25T17:00,15.5,72,14.8
2024-01-25T18:00,11.9,89,11.0
2024-01-25T19:00,10.9,92,9.7
2024-01-25T20:00,10.4,93,9.2
2024-01-25T21:00,9.3,95,7.6
2024-01-25T22:00,8.0,96,5.8
2024-01-25T23:00,8.5,94,6.8
2024-01-26T00:00,8.2,94,6.5
2024-01-26T01:00,8.1,94,6.4
2024-01-26T02:00,7.6,94,5.8
2024-01-26T03:00,7.9,90,6.0
2024-01-26T04:00,7.4,91,5.5
2024-01-26T05:00,6.5,97,4.8
2024-01-26T06:00,6.5,97,4.6
2024-01-26T07:00,6.0,99,4.2
2024-01-26T08:00,7.8,99,6.4
2024-01-26T09:00,9.9,95,9.4
2024-01-26T10:00,12.3,88,12.2
2024-01-26T11:00,14.9,79,14.9
2024-01-26T12:00,16.5,71,16.9
2024-01-26T13:00,17.6,65,17.9
2024-01-26T14:00,18.3,61,18.0
2024-01-26T15:00,18.5,58,17.7
2024-01-26T16:00,18.0,57,17.1
2024-01-26T17:00,15.2,74,14.5
2024-01-26T18:00,15.8,66,14.8
2024-01-26T19:00,13.0,79,11.8
2024-01-26T20:00,10.6,90,8.9
2024-01-26T21:00,10.5,91,9.0
2024-01-26T22:00,9.4,92,7.3
2024-01-26T23:00,8.7,92,6.4
2024-01-27T00:00,7.9,93,5.6
2024-01-27T01:00,7.2,94,4.8
2024-01-27T02:00,7.3,94,5.4
2024-01-27T03:00,7.5,94,5.5
2024-01-27T04:00,7.2,94,4.9
2024-01-27T05:00,7.1,95,4.6
2024-01-27T06:00,6.9,94,4.2
2024-01-27T07:00,7.1,93,4.1
2024-01-27T08:00,9.0,87,6.0
2024-01-27T09:00,11.9,80,9.6
2024-01-27T10:00,14.9,71,12.8
2024-01-27T11:00,17.5,60,15.2
2024-01-27T12:00,19.2,53,17.1
2024-01-27T13:00,20.2,48,17.9
2024-01-27T14:00,20.6,46,17.9
2024-01-27T15:00,20.4,47,17.7
2024-01-27T16:00,19.6,52,17.4
2024-01-27T17:00,17.2,63,15.8
2024-01-27T18:00,14.2,72,12.8
2024-01-27T19:00,13.3,76,11.8
2024-01-27T20:00,11.9,82,10.2
2024-01-27T21:00,11.1,84,9.1
2024-01-27T22:00,10.5,85,8.3
2024-01-27T23:00,10.5,83,8.2
2024-01-28T00:00,11.3,79,9.6
2024-01-28T01:00,8.9,88,6.9
2024-01-28T02:00,8.9,88,7.1
2024-01-28T03:00,8.7,88,7.2
2024-01-28T04:00,8.3,89,6.6
2024-01-28T05:00,7.0,93,4.9
2024-01-28T06:00,10.1,87,9.2
2024-01-28T07:00,10.2,86,9.5
2024-01-28T08:00,11.2,84,10.7
2024-01-28T09:00,14.2,79,14.2
2024-01-28T10:00,16.5,71,16.1
2024-01-28T11:00,18.2,65,17.4
2024-01-28T12:00,19.3,60,18.5
2024-01-28T13:00,20.1,56,19.2
2024-01-28T14:00,20.3,56,19.2
2024-01-28T15:00,20.1,58,19.0
2024-01-28T16:00,19.3,63,18.4
2024-01-28T17:00,17.7,71,17.1
2024-01-28T18:00,15.0,82,14.0
2024-01-28T19:00,14.2,87,12.9
2024-01-28T20:00,13.7,89,12.3
2024-01-28T21:00,13.2,92,11.8
2024-01-28T22:00,12.8,93,11.4
2024-01-28T23:00,12.4,94,11.0
2024-01-29T00:00,12.1,95,10.6
2024-01-29T01:00,11.7,95,10.3
2024-01-29T02:00,11.2,96,9.9
2024-01-29T03:00,10.9,97,9.4
2024-01-29T04:00,10.7,97,9.2
2024-01-29T05:00,10.6,98,9.0
2024-01-29T06:00,9.7,96,8.1
2024-01-29T07:00,9.5,97,8.0
2024-01-29T08:00,10.9,94,9.5
2024-01-29T09:00,13.3,87,12.4
2024-01-29T10:00,15.8,80,15.2
2024-01-29T11:00,18.0,73,17.7
2024-01-29T12:00,19.6,68,20.1
2024-01-29T13:00,20.6,65,21.3
2024-01-29T14:00,21.1,62,21.6
2024-01-29T15:00,21.3,61,21.9
2024-01-29T16:00,20.9,63,21.6
2024-01-29T17:00,19.1,75,19.9
2024-01-29T18:00,17.8,76,18.0
2024-01-29T19:00,14.4,90,13.8
2024-01-29T20:00,13.7,92,13.2
2024-01-29T21:00,12.8,95,12.0
2024-01-29T22:00,12.1,96,11.1
2024-01-29T23:00,11.8,97,11.0
2024-01-30T00:00,11.3,98,10.4
2024-01-30T01:00,10.7,99,9.5
2024-01-30T02:00,10.4,100,9.5
2024-01-30T03:00,10.3,100,9.6
2024-01-30T04:00,10.6,99,10.0
2024-01-30T05:00,10.6,100,9.9
2024-01-30T06:00,10.1,100,9.2
2024-01-30T07:00,10.0,99,8.9
2024-01-30T08:00,10.8,97,9.8
2024-01-30T09:00,12.1,97,11.6
2024-01-30T10:00,13.5,97,13.4
2024-01-30T11:00,16.9,81,17.1
2024-01-30T12:00,18.4,76,19.3
2024-01-30T13:00,19.5,71,20.7
2024-01-30T14:00,20.3,65,21.0
2024-01-30T15:00,20.5,61,20.9
2024-01-30T16:00,20.2,60,20.4
2024-01-30T17:00,17.7,79,18.0
2024-01-30T18:00,14.9,88,14.5
2024-01-30T19:00,13.6,92,13.0
2024-01-30T20:00,13.4,94,13.0
2024-01-30T21:00,12.5,97,11.9
2024-01-30T22:00,11.8,98,11.1
2024-01-30T23:00,11.6,99,10.8
2024-01-31T00:00,11.4,99,10.5
2024-01-31T01:00,10.5,100,9.2
2024-01-31T02:00,9.9,100,8.6
2024-01-31T03:00,10.1,100,9.0
2024-01-31T04:00,10.8,99,10.2
2024-01-31T05:00,10.7,99,9.8
2024-01-31T06:00,10.4,98,9.5
2024-01-31T07:00,10.8,98,9.9
2024-01-31T08:00,11.7,98,10.9
2024-01-31T09:00,13.5,97,12.8
2024-01-31T10:00,14.9,91,14.6
2024-01-31T11:00,17.4,82,17.4
2024-01-31T12:00,18.7,78,19.0
2024-01-31T13:00,20.1,71,20.0
2024-01-31T14:00,20.2,69,20.7
2024-01-31T15:00,20.1,70,20.3
2024-01-31T16:00,17.3,86,16.9
2024-01-31T17:00,16.4,89,17.6
2024-01-31T18:00,13.5,96,13.5
2024-01-31T19:00,14.0,97,14.5
2024-01-31T20:00,13.8,97,13.9
2024-01-31T21:00,13.9,97,13.2
2024-01-31T22:00,13.8,97,12.7
2024-01-31T23:00,13.6,95,13.2
2024-02-01T00:00,13.3,95,12.1
2024-02-01T01:00,13.2,93,11.9
2024-02-01T02:00,12.7,93,11.2
2024-02-01T03:00,12.4,94,10.7
2024-02-01T04:00,12.3,95,10.4
2024-02-01T05:00,12.6,94,11.0
2024-02-01T06:00,13.6,92,12.1
2024-02-01T07:00,13.6,92,12.6
2024-02-01T08:00,14.3,91,13.2
2024-02-01T09:00,15.3,87,13.6
2024-02-01T10:00,16.3,85,14.4
2024-02-01T11:00,17.9,78,16.1
2024-02-01T12:00,19.1,73,17.9
2024-02-01T13:00,20.2,68,19.9
2024-02-01T14:00,21.1,64,21.1
2024-02-01T15:00,21.2,63,21.3
2024-02-01T16:00,20.5,66,20.4
2024-02-01T17:00,18.6,77,18.6
2024-02-01T18:00,15.1,90,14.3
2024-02-01T19:00,14.2,94,13.3
2024-02-01T20:00,13.6,95,12.7
2024-02-01T21:00,13.2,96,12.3
2024-02-01T22:00,12.8,97,12.0
2024-02-01T23:00,12.2,97,11.5
2024-02-02T00:00,11.5,98,10.9
2024-02-02T01:00,10.2,99,9.1
2024-02-02T02:00,9.5,100,8.3
2024-02-02T03:00,8.5,100,6.8
2024-02-02T04:00,9.4,100,8.4
2024-02-02T05:00,9.5,99,9.0
2024-02-02T06:00,9.6,99,8.4
2024-02-02T07:00,9.6,100,8.4
2024-02-02T08:00,10.4,99,9.4
2024-02-02T09:00,11.9,95,11.1
2024-02-02T10:00,13.8,92,13.3
2024-02-02T11:00,16.5,80,16.0
2024-02-02T12:00,18.1,65,17.3
2024-02-02T13:00,19.0,56,17.7
2024-02-02T14:00,19.3,53,17.3
2024-02-02T15:00,19.2,52,16.7
2024-02-02T16:00,18.5,53,15.9
2024-02-02T17:00,16.5,63,14.7
2024-02-02T18:00,13.7,82,12.5
2024-02-02T19:00,12.8,84,11.2
2024-02-02T20:00,12.1,85,10.3
2024-02-02T21:00,11.5,87,9.4
2024-02-02T22:00,10.8,87,8.7
2024-02-02T23:00,10.1,88,8.0
2024-02-03T00:00,9.7,86,7.4
2024-02-03T01:00,9.3,82,6.9
2024-02-03T02:00,8.8,81,6.3
2024-02-03T03:00,8.6,78,5.9
2024-02-03T04:00,8.4,76,5.6
2024-02-03T05:00,8.2,74,5.4
2024-02-03T06:00,8.9,84,6.7
2024-02-03T07:00,8.9,82,6.7
2024-02-03T08:00,10.9,77,8.5
2024-02-03T09:00,13.5,70,11.4
2024-02-03T10:00,15.7,62,13.7
2024-02-03T11:00,17.6,57,16.0
2024-02-03T12:00,19.2,53,18.5
2024-02-03T13:00,20.5,47,20.0
2024-02-03T14:00,20.7,46,19.7
2024-02-03T15:00,20.5,47,19.8
2024-02-03T16:00,20.4,50,19.9
2024-02-03T17:00,19.1,61,18.9
2024-02-03T18:00,15.3,77,14.3
2024-02-03T19:00,15.2,76,14.3
2024-02-03T20:00,15.2,76,14.3
2024-02-03T21:00,15.3,77,14.7
2024-02-03T22:00,13.5,85,12.4
2024-02-03T23:00,15.1,75,14.4
2024-02-04T00:00,14.2,78,13.6
2024-02-04T01:00,13.9,79,13.1
2024-02-04T02:00,13.6,82,12.8
2024-02-04T03:00,14.0,79,13.3
2024-02-04T04:00,12.9,88,12.5
2024-02-04T05:00,12.9,89,12.4
2024-02-04T06:00,14.1,87,14.3
2024-02-04T07:00,13.5,89,13.2
2024-02-04T08:00,14.9,84,14.4
2024-02-04T09:00,16.3,84,16.3
2024-02-04T10:00,17.7,80,17.8
2024-02-04T11:00,19.2,76,19.8
2024-02-04T12:00,20.5,70,20.9
2024-02-04T13:00,20.7,70,20.0
2024-02-04T14:00,19.5,78,19.2
2024-02-04T15:00,18.6,84,18.6
2024-02-04T16:00,17.8,87,18.5
2024-02-04T17:00,17.3,90,18.4
2024-02-04T18:00,16.5,91,17.1
2024-02-04T19:00,16.1,93,16.5
2024-02-04T20:00,15.8,93,16.2
2024-02-04T21:00,15.3,94,15.6
2024-02-04T22:00,14.7,95,14.8
2024-02-04T23:00,14.3,96,14.0
2024-02-05T00:00,13.8,98,14.0
2024-02-05T01:00,13.5,98,13.4
2024-02-05T02:00,13.9,98,13.6
2024-02-05T03:00,14.3,97,14.4
2024-02-05T04:00,13.8,99,13.1
2024-02-05T05:00,13.5,96,13.6
2024-02-05T06:00,14.2,99,14.2
2024-02-05T07:00,14.3,97,14.2
2024-02-05T08:00,14.7,95,14.6
2024-02-05T09:00,15.6,90,15.2
2024-02-05T10:00,16.9,79,16.3
2024-02-05T11:00,18.0,72,17.7
2024-02-05T12:00,18.9,66,19.0
2024-02-05T13:00,19.5,61,19.4
2024-02-05T14:00,19.8,54,18.8
2024-02-05T15:00,19.7,51,18.0
2024-02-05T16:00,19.1,53,17.3
2024-02-05T17:00,17.1,65,16.2
2024-02-05T18:00,14.7,78,13.7
2024-02-05T19:00,13.5,84,12.4
2024-02-05T20:00,12.5,86,11.2
2024-02-05T21:00,11.6,88,10.2
2024-02-05T22:00,10.9,90,9.4
2024-02-05T23:00,10.3,91,8.8
2024-02-06T00:00,9.7,93,8.1
2024-02-06T01:00,9.2,94,7.5
2024-02-06T02:00,8.8,94,6.9
2024-02-06T03:00,8.4,94,6.3
2024-02-06T04:00,8.0,94,6.0
2024-02-06T05:00,7.5,94,5.5
2024-02-06T06:00,8.1,96,6.3
2024-02-06T07:00,8.0,95,6.1
2024-02-06T08:00,9.8,90,7.8
2024-02-06T09:00,12.2,81,10.7
2024-02-06T10:00,14.6,71,13.1
2024-02-06T11:00,16.5,59,14.9
2024-02-06T12:00,17.8,48,15.8
2024-02-06T13:00,18.5,41,16.0
2024-02-06T14:00,18.7,39,15.5
2024-02-06T15:00,18.4,41,14.8
2024-02-06T16:00,17.7,44,14.4
2024-02-06T17:00,15.9,55,13.6
2024-02-06T18:00,13.0,68,11.2
2024-02-06T19:00,11.7,75,10.0
2024-02-06T20:00,10.9,80,9.1
2024-02-06T21:00,10.3,82,8.4
2024-02-06T22:00,9.5,85,7.6
2024-02-06T23:00,9.1,86,6.9
2024-02-07T00:00,9.2,81,6.6
2024-02-07T01:00,9.6,75,6.7
2024-02-07T02:00,9.6,74,6.9
2024-02-07T03:00,9.1,76,6.6
2024-02-07T04:00,8.5,78,6.0
2024-02-07T05:00,7.9,80,5.4
2024-02-07T06:00,8.2,86,6.1
2024-02-07T07:00,8.1,85,5.9
2024-02-07T08:00,10.4,77,7.8
2024-02-07T09:00,12.9,69,10.6
2024-02-07T10:00,15.2,61,12.7
2024-02-07T11:00,16.9,54,14.1
2024-02-07T12:00,17.9,48,14.9
2024-02-07T13:00,18.4,44,14.9
2024-02-07T14:00,18.1,46,14.0
2024-02-07T15:00,17.7,47,13.4
2024-02-07T16:00,17.0,45,12.8
2024-02-07T17:00,15.5,54,12.3
2024-02-07T18:00,13.6,56,10.2
2024-02-07T19:00,12.6,62,9.4
2024-02-07T20:00,11.8,68,8.7
2024-02-07T21:00,11.3,69,8.1
2024-02-07T22:00,10.8,69,7.5
2024-02-07T23:00,10.2,71,6.9
2024-02-08T00:00,9.8,73,6.2
2024-02-08T01:00,9.5,74,5.9
2024-02-08T02:00,9.1,76,5.5
2024-02-08T03:00,8.8,75,4.9
2024-02-08T04:00,8.6,74,4.6
2024-02-08T05:00,8.2,75,4.1
2024-02-08T06:00,8.9,83,5.0
2024-02-08T07:00,9.0,81,5.1
2024-02-08T08:00,10.8,76,6.7
2024-02-08T09:00,13.1,69,9.2
2024-02-08T10:00,15.2,63,11.2
2024-02-08T11:00,16.9,56,13.0
2024-02-08T12:00,18.1,49,14.1
2024-02-08T13:00,18.9,46,14.9
2024-02-08T14:00,19.1,44,14.6
2024-02-08T15:00,19.0,44,14.4
2024-02-08T16:00,18.3,48,14.3
2024-02-08T17:00,16.6,53,13.0
2024-02-08T18:00,14.8,53,11.4
2024-02-08T19:00,13.3,59,10.1
2024-02-08T20:00,12.7,62,9.3
2024-02-08T21:00,12.3,63,8.9
2024-02-08T22:00,11.8,66,8.3
2024-02-08T23:00,11.2,67,7.8
2024-02-09T00:00,10.9,68,7.4
2024-02-09T01:00,10.6,67,7.0
2024-02-09T02:00,10.2,67,6.5
2024-02-09T03:00,9.7,69,6.1
2024-02-09T04:00,9.3,71,5.8
2024-02-09T05:00,8.8,74,5.5
2024-02-09T06:00,8.5,79,5.6
2024-02-09T07:00,8.1,82,5.5
2024-02-09T08:00,10.3,76,7.8
2024-02-09T09:00,13.0,70,11.3
2024-02-09T10:00,15.6,63,14.2
2024-02-09T11:00,17.7,57,16.9
2024-02-09T12:00,19.2,51,18.6
2024-02-09T13:00,20.1,46,19.2
2024-02-09T14:00,20.5,43,19.0
2024-02-09T15:00,20.5,42,18.4
2024-02-09T16:00,20.0,44,18.1
2024-02-09T17:00,17.2,68,16.6
2024-02-09T18:00,15.1,61,13.1
2024-02-09T19:00,13.8,67,11.8
2024-02-09T20:00,11.7,76,9.4
2024-02-09T21:00,10.8,78,8.4
2024-02-09T22:00,10.1,81,7.7
2024-02-09T23:00,9.5,83,6.9
2024-02-10T00:00,8.9,82,6.1
2024-02-10T01:00,9.6,77,7.2
2024-02-10T02:00,9.1,78,6.7
2024-02-10T03:00,9.7,75,7.4
2024-02-10T04:00,9.3,77,7.1
2024-02-10T05:00,9.7,76,7.7
2024-02-10T06:00,7.2,99,5.1
2024-02-10T07:00,8.1,100,6.8
2024-02-10T08:00,9.8,98,9.3
2024-02-10T09:00,11.9,96,11.9
2024-02-10T10:00,13.9,92,14.2
2024-02-10T11:00,16.8,81,17.3
2024-02-10T12:00,18.7,58,18.6
2024-02-10T13:00,19.4,51,18.8
2024-02-10T14:00,19.7,51,18.7
2024-02-10T15:00,19.7,52,18.2
2024-02-10T16:00,19.3,55,18.0
2024-02-10T17:00,17.5,67,17.1
2024-02-10T18:00,14.9,75,13.8
2024-02-10T19:00,13.7,79,12.3
2024-02-10T20:00,13.0,83,11.7
2024-02-10T21:00,12.6,86,11.5
2024-02-10T22:00,12.0,89,10.9
2024-02-10T23:00,11.3,91,10.2
2024-02-11T00:00,10.5,92,9.2
2024-02-11T01:00,9.9,93,8.3
2024-02-11T02:00,9.4,93,7.7
2024-02-11T03:00,8.8,95,7.2
2024-02-11T04:00,8.6,95,7.1
2024-02-11T05:00,8.1,96,6.6
2024-02-11T06:00,8.7,97,7.4
2024-02-11T07:00,8.9,97,7.3
2024-02-11T08:00,11.1,90,9.8
2024-02-11T09:00,14.0,81,13.4
2024-02-11T10:00,16.8,70,16.2
2024-02-11T11:00,19.1,59,18.8
2024-02-11T12:00,20.4,52,20.1
2024-02-11T13:00,21.1,49,20.8
2024-02-11T14:00,21.5,46,20.7
2024-02-11T15:00,21.5,46,20.1
2024-02-11T16:00,21.0,47,19.6
2024-02-11T17:00,18.6,66,18.4
2024-02-11T18:00,16.0,63,14.5
2024-02-11T19:00,15.3,67,13.7
2024-02-11T20:00,14.2,70,12.5
2024-02-11T21:00,13.1,74,11.4
2024-02-11T22:00,11.9,79,10.3
2024-02-11T23:00,10.9,84,9.3
2024-02-12T00:00,10.2,86,8.5
2024-02-12T01:00,9.6,88,7.9
2024-02-12T02:00,9.1,89,7.3
2024-02-12T03:00,8.5,91,6.5
2024-02-12T04:00,7.9,92,5.7
2024-02-12T05:00,7.7,92,5.5
2024-02-12T06:00,7.9,96,6.3
2024-02-12T07:00,8.4,96,7.1
2024-02-12T08:00,11.3,89,10.3
2024-02-12T09:00,14.2,81,13.8
2024-02-12T10:00,16.6,74,16.7
2024-02-12T11:00,19.3,63,19.4
2024-02-12T12:00,20.8,52,21.0
2024-02-12T13:00,21.4,48,21.4
2024-02-12T14:00,21.5,46,20.5
2024-02-12T15:00,21.4,45,20.3
2024-02-12T16:00,20.8,46,19.6
2024-02-12T17:00,19.0,60,18.6
2024-02-12T18:00,16.5,69,15.6
2024-02-12T19:00,15.6,75,14.7
2024-02-12T20:00,15.6,73,14.8
2024-02-12T21:00,14.4,77,13.4
2024-02-12T22:00,13.6,81,12.7
2024-02-12T23:00,12.1,88,10.8
2024-02-13T00:00,11.5,88,10.2
2024-02-13T01:00,10.4,92,8.6
2024-02-13T02:00,9.7,93,7.9
2024-02-13T03:00,9.2,95,7.3
2024-02-13T04:00,9.5,93,8.0
2024-02-13T05:00,8.5,96,6.6
2024-02-13T06:00,9.4,98,8.0
2024-02-13T07:00,9.9,98,8.8
2024-02-13T08:00,12.4,91,12.3
2024-02-13T09:00,15.7,81,16.2
2024-02-13T10:00,18.5,69,18.9
2024-02-13T11:00,20.1,53,19.9
2024-02-13T12:00,20.7,50,20.7
2024-02-13T13:00,21.0,49,20.4
2024-02-13T14:00,21.2,48,20.6
2024-02-13T15:00,21.0,50,20.3
2024-02-13T16:00,20.8,51,20.0
2024-02-13T17:00,19.2,64,19.2
2024-02-13T18:00,15.8,66,14.2
2024-02-13T19:00,15.2,66,13.3
2024-02-13T20:00,17.1,52,15.6
2024-02-13T21:00,14.6,63,13.1
2024-02-13T22:00,14.1,69,12.7
2024-02-13T23:00,13.1,78,11.9
2024-02-14T00:00,12.3,84,11.2
2024-02-14T01:00,11.4,89,10.2
2024-02-14T02:00,11.0,90,9.9
2024-02-14T03:00,10.7,90,9.5
2024-02-14T04:00,10.2,92,8.9
2024-02-14T05:00,9.6,93,8.3
2024-02-14T06:00,10.1,96,9.1
2024-02-14T07:00,10.3,96,9.0
2024-02-14T08:00,12.7,88,11.6
2024-02-14T09:00,16.0,77,15.5
2024-02-14T10:00,19.0,66,18.4
2024-02-14T11:00,21.1,56,20.3
2024-02-14T12:00,22.0,48,21.1
2024-02-14T13:00,22.5,46,21.7
2024-02-14T14:00,22.7,46,21.5
2024-02-14T15:00,22.5,46,20.8
2024-02-14T16:00,22.0,48,20.4
2024-02-14T17:00,20.5,56,19.8
2024-02-14T18:00,18.1,68,17.5
2024-02-14T19:00,16.9,74,16.3
2024-02-14T20:00,15.9,79,15.2
2024-02-14T21:00,15.1,81,14.4
2024-02-14T22:00,14.4,82,13.5
2024-02-14T23:00,13.0,87,12.1
2024-02-15T00:00,12.1,88,11.1
2024-02-15T01:00,11.4,89,10.3
2024-02-15T02:00,10.9,90,9.6
2024-02-15T03:00,10.3,90,9.0
2024-02-15T04:00,10.0,90,8.5
2024-02-15T05:00,9.7,91,8.0
2024-02-15T06:00,10.2,93,8.8
2024-02-15T07:00,10.4,93,8.9
2024-02-15T08:00,13.1,82,11.7
2024-02-15T09:00,16.3,72,15.5
2024-02-15T10:00,19.0,61,18.2
2024-02-15T11:00,21.1,52,20.5
2024-02-15T12:00,22.4,45,21.8
2024-02-15T13:00,23.2,42,22.2
2024-02-15T14:00,23.6,41,22.0
2024-02-15T15:00,23.6,39,21.1
2024-02-15T16:00,23.1,38,20.4
2024-02-15T17:00,21.2,46,19.4
2024-02-15T18:00,18.0,56,16.4
2024-02-15T19:00,16.9,59,15.0
2024-02-15T20:00,15.6,63,13.8
2024-02-15T21:00,14.1,70,12.6
2024-02-15T22:00,12.9,76,11.4
2024-02-15T23:00,11.6,83,9.6
2024-02-16T00:00,10.9,85,9.0
2024-02-16T01:00,10.4,86,8.5
2024-02-16T02:00,9.9,88,8.1
2024-02-16T03:00,9.6,88,7.9
2024-02-16T04:00,9.0,89,7.2
2024-02-16T05:00,8.6,90,6.8
2024-02-16T06:00,9.1,93,7.6
2024-02-16T07:00,9.6,93,8.4
2024-02-16T08:00,12.5,82,11.3
2024-02-16T09:00,16.1,70,15.5
2024-02-16T10:00,19.1,59,18.5
2024-02-16T11:00,21.6,47,21.1
2024-02-16T12:00,23.2,37,22.3
2024-02-16T13:00,24.2,31,22.6
2024-02-16T14:00,24.5,30,22.3
2024-02-16T15:00,24.3,29,21.2
2024-02-16T16:00,23.6,30,20.6
2024-02-16T17:00,21.2,43,19.7
2024-02-16T18:00,17.1,54,14.9
2024-02-16T19:00,15.9,59,13.8
2024-02-16T20:00,15.2,62,13.2
2024-02-16T21:00,14.4,63,12.4
2024-02-16T22:00,13.8,62,11.6
2024-02-16T23:00,12.6,66,10.4
2024-02-17T00:00,11.2,74,8.7
2024-02-17T01:00,10.5,78,8.0
2024-02-17T02:00,11.5,72,9.5
2024-02-17T03:00,9.8,78,7.7
2024-02-17T04:00,10.1,76,7.8
2024-02-17T05:00,9.7,79,7.2
2024-02-17T06:00,9.7,88,7.7
2024-02-17T07:00,10.0,86,7.8
2024-02-17T08:00,13.1,73,10.9
2024-02-17T09:00,16.8,63,15.3
2024-02-17T10:00,20.1,50,18.2
2024-02-17T11:00,22.2,39,20.2
2024-02-17T12:00,23.4,34,21.5
2024-02-17T13:00,24.2,30,22.1
2024-02-17T14:00,24.6,29,22.0
2024-02-17T15:00,24.5,30,21.2
2024-02-17T16:00,23.8,32,20.7
2024-02-17T17:00,22.0,40,20.0
2024-02-17T18:00,18.4,56,16.8
2024-02-17T19:00,16.9,63,15.3
2024-02-17T20:00,15.6,70,14.1
2024-02-17T21:00,14.3,76,12.6
2024-02-17T22:00,13.8,74,11.8
2024-02-17T23:00,13.3,73,11.2
2024-02-18T00:00,12.4,77,10.3
2024-02-18T01:00,13.4,72,12.0
2024-02-18T02:00,11.0,83,9.7
2024-02-18T03:00,10.9,84,9.6
2024-02-18T04:00,10.0,86,8.4
2024-02-18T05:00,11.6,76,10.4
2024-02-18T06:00,11.0,80,9.3
2024-02-18T07:00,12.0,78,10.4
2024-02-18T08:00,16.1,64,14.9
2024-02-18T09:00,20.3,53,19.5
2024-02-18T10:00,22.9,43,21.6
2024-02-18T11:00,24.7,36,23.3
2024-02-18T12:00,25.8,33,24.4
2024-02-18T13:00,26.6,32,25.3
2024-02-18T14:00,27.1,30,25.5
2024-02-18T15:00,27.0,30,24.7
2024-02-18T16:00,26.1,35,24.1
2024-02-18T17:00,24.2,44,23.2
2024-02-18T18:00,21.3,53,20.3
2024-02-18T19:00,20.0,58,18.9
2024-02-18T20:00,19.0,64,17.8
2024-02-18T21:00,18.4,65,16.8
2024-02-18T22:00,18.3,65,16.4
2024-02-18T23:00,17.5,68,15.6
2024-02-19T00:00,17.0,69,14.9
2024-02-19T01:00,16.4,70,14.4
2024-02-19T02:00,16.0,71,13.8
2024-02-19T03:00,15.5,71,13.1
2024-02-19T04:00,15.1,72,12.3
2024-02-19T05:00,14.7,73,11.9
2024-02-19T06:00,15.1,73,12.4
2024-02-19T07:00,15.3,72,12.5
2024-02-19T08:00,17.3,66,14.4
2024-02-19T09:00,19.6,57,16.4
2024-02-19T10:00,21.9,52,18.5
2024-02-19T11:00,23.8,49,20.8
2024-02-19T12:00,25.2,46,22.7
2024-02-19T13:00,26.3,44,23.9
2024-02-19T14:00,26.8,44,24.4
2024-02-19T15:00,26.6,44,23.9
2024-02-19T16:00,26.2,47,23.9
2024-02-19T17:00,25.3,52,24.0
2024-02-19T18:00,23.1,58,22.2
2024-02-19T19:00,22.0,62,20.8
2024-02-19T20:00,21.2,63,20.0
2024-02-19T21:00,20.3,66,19.4
2024-02-19T22:00,19.3,71,18.6
2024-02-19T23:00,19.0,71,17.6
2024-02-20T00:00,18.5,72,16.6
2024-02-20T01:00,18.0,73,16.6
2024-02-20T02:00,17.1,79,16.2
2024-02-20T03:00,16.5,83,16.1
2024-02-20T04:00,16.1,87,16.2
2024-02-20T05:00,15.3,90,15.7
2024-02-20T06:00,16.0,87,15.9
2024-02-20T07:00,15.9,88,15.8
2024-02-20T08:00,17.7,80,17.7
2024-02-20T09:00,20.0,71,19.7
2024-02-20T10:00,21.4,65,21.0
2024-02-20T11:00,24.0,56,24.4
2024-02-20T12:00,25.6,48,26.7
2024-02-20T13:00,26.9,33,26.9
2024-02-20T14:00,27.3,26,25.3
2024-02-20T15:00,27.1,23,23.8
2024-02-20T16:00,26.4,26,23.8
2024-02-20T17:00,24.8,47,25.0
2024-02-20T18:00,21.6,55,20.8
2024-02-20T19:00,19.9,69,19.4
2024-02-20T20:00,18.7,78,18.5
2024-02-20T21:00,16.9,85,17.0
2024-02-20T22:00,17.1,83,17.5
2024-02-20T23:00,16.4,84,16.8
2024-02-21T00:00,14.6,92,14.5
2024-02-21T01:00,14.6,91,14.7
2024-02-21T02:00,13.5,94,13.6
2024-02-21T03:00,12.9,96,12.7
2024-02-21T04:00,12.4,97,11.9
2024-02-21T05:00,12.2,97,11.6
2024-02-21T06:00,13.2,93,12.8
2024-02-21T07:00,13.7,92,13.5
2024-02-21T08:00,16.1,83,15.7
2024-02-21T09:00,18.9,70,18.7
2024-02-21T10:00,21.8,56,21.6
2024-02-21T11:00,23.8,39,23.1
2024-02-21T12:00,25.0,28,23.7
2024-02-21T13:00,25.7,20,23.3
2024-02-21T14:00,25.9,18,22.5
2024-02-21T15:00,25.6,17,21.6
2024-02-21T16:00,25.1,18,21.0
2024-02-21T17:00,23.1,25,20.1
2024-02-21T18:00,19.7,37,17.1
2024-02-21T19:00,18.7,41,15.7
2024-02-21T20:00,17.8,43,14.1
2024-02-21T21:00,16.9,46,13.3
2024-02-21T22:00,16.2,46,12.5
2024-02-21T23:00,16.0,52,12.7
2024-02-22T00:00,15.9,60,13.0
2024-02-22T01:00,15.7,61,12.8
2024-02-22T02:00,15.1,63,12.4
2024-02-22T03:00,15.0,62,13.6
2024-02-22T04:00,12.7,73,11.1
2024-02-22T05:00,10.9,83,9.6
2024-02-22T06:00,11.9,87,11.4
2024-02-22T07:00,12.5,84,11.0
2024-02-22T08:00,15.3,74,14.1
2024-02-22T09:00,17.5,64,16.1
2024-02-22T10:00,19.7,53,18.1
2024-02-22T11:00,21.8,42,20.3
2024-02-22T12:00,23.1,31,20.8
2024-02-22T13:00,24.0,22,21.3
2024-02-22T14:00,23.9,22,20.5
2024-02-22T15:00,23.5,21,19.4
2024-02-22T16:00,23.1,21,19.0
2024-02-22T17:00,21.7,25,18.0
2024-02-22T18:00,19.4,34,16.1
2024-02-22T19:00,17.6,42,14.7
2024-02-22T20:00,16.2,46,13.4
2024-02-22T21:00,14.9,50,12.4
2024-02-22T22:00,13.8,55,11.3
2024-02-22T23:00,13.0,58,10.5
2024-02-23T00:00,12.1,59,9.5
2024-02-23T01:00,12.1,56,9.3
2024-02-23T02:00,11.5,57,8.6
2024-02-23T03:00,10.5,61,7.7
2024-02-23T04:00,9.6,63,6.7
2024-02-23T05:00,8.5,68,5.2
2024-02-23T06:00,9.4,77,6.9
2024-02-23T07:00,10.7,71,8.6
2024-02-23T08:00,13.6,61,11.6
2024-02-23T09:00,16.6,51,14.8
2024-02-23T10:00,19.1,43,17.0
2024-02-23T11:00,21.1,33,18.9
2024-02-23T12:00,22.1,28,19.6
2024-02-23T13:00,22.6,26,19.9
2024-02-23T14:00,22.8,24,19.5
2024-02-23T15:00,22.6,24,18.5
2024-02-23T16:00,22.0,25,17.8
2024-02-23T17:00,20.6,29,17.3
2024-02-23T18:00,17.0,40,14.2
2024-02-23T19:00,15.4,47,12.7
2024-02-23T20:00,14.7,51,12.3
2024-02-23T21:00,13.6,53,10.9
2024-02-23T22:00,13.8,50,10.7
2024-02-23T23:00,13.4,49,10.1
2024-02-24T00:00,12.7,48,9.6
2024-02-24T01:00,10.7,58,7.7
2024-02-24T02:00,10.8,58,8.0
2024-02-24T03:00,9.3,65,6.2
2024-02-24T04:00,9.5,63,6.5
2024-02-24T05:00,11.8,52,9.1
2024-02-24T06:00,11.6,69,9.6
2024-02-24T07:00,12.4,66,10.4
2024-02-24T08:00,14.2,62,13.0
2024-02-24T09:00,17.3,51,16.2
2024-02-24T10:00,19.7,42,18.0
2024-02-24T11:00,20.6,36,18.5
2024-02-24T12:00,22.3,29,21.1
2024-02-24T13:00,23.4,23,21.9
2024-02-24T14:00,22.6,25,19.6
2024-02-24T15:00,22.0,29,18.7
2024-02-24T16:00,22.0,28,19.3
2024-02-24T17:00,20.8,36,19.1
2024-02-24T18:00,18.1,34,15.2
2024-02-24T19:00,16.6,41,13.8
2024-02-24T20:00,15.9,43,13.9
2024-02-24T21:00,17.0,38,14.6
2024-02-24T22:00,14.3,46,11.5
2024-02-24T23:00,13.6,45,10.0
2024-02-25T00:00,13.2,42,9.6
2024-02-25T01:00,11.1,48,7.8
2024-02-25T02:00,10.6,51,7.2
2024-02-25T03:00,10.5,50,7.0
2024-02-25T04:00,10.8,48,7.5
2024-02-25T05:00,12.3,42,9.3
2024-02-25T06:00,11.4,71,9.2
2024-02-25T07:00,12.2,69,10.6
2024-02-25T08:00,14.7,60,13.2
2024-02-25T09:00,18.0,49,16.8
2024-02-25T10:00,21.1,37,19.4
2024-02-25T11:00,23.2,25,21.2
2024-02-25T12:00,24.1,21,22.5
2024-02-25T13:00,24.7,19,23.2
2024-02-25T14:00,25.0,18,23.0
2024-02-25T15:00,24.7,18,20.9
2024-02-25T16:00,23.7,19,18.8
2024-02-25T17:00,22.5,18,17.8
2024-02-25T18:00,19.9,27,15.8
2024-02-25T19:00,19.1,31,15.6
2024-02-25T20:00,16.6,38,13.7
2024-02-25T21:00,15.7,42,12.9
2024-02-25T22:00,15.5,44,12.6
2024-02-25T23:00,15.5,47,12.4
2024-02-26T00:00,14.7,50,11.5
2024-02-26T01:00,14.1,51,11.1
2024-02-26T02:00,13.5,53,10.6
2024-02-26T03:00,13.1,53,10.3
2024-02-26T04:00,11.7,58,9.1
2024-02-26T05:00,11.1,60,8.3
2024-02-26T06:00,12.6,67,10.7
2024-02-26T07:00,13.3,75,12.3
2024-02-26T08:00,15.0,60,14.2
2024-02-26T09:00,17.7,52,16.7
2024-02-26T10:00,21.0,40,19.3
2024-02-26T11:00,23.3,27,21.1
2024-02-26T12:00,24.3,25,22.1
2024-02-26T13:00,24.6,25,22.2
2024-02-26T14:00,24.1,26,21.4
2024-02-26T15:00,23.8,28,21.2
2024-02-26T16:00,23.5,28,21.1
2024-02-26T17:00,22.0,40,20.9
2024-02-26T18:00,18.8,37,16.1
2024-02-26T19:00,17.0,46,14.4
2024-02-26T20:00,17.3,45,15.1
2024-02-26T21:00,15.7,49,13.2
2024-02-26T22:00,15.0,52,12.5
2024-02-26T23:00,14.9,50,12.5
2024-02-27T00:00,15.2,48,13.0
2024-02-27T01:00,14.7,52,12.5
2024-02-27T02:00,14.5,52,12.3
2024-02-27T03:00,15.0,50,12.7
2024-02-27T04:00,15.0,53,12.2
2024-02-27T05:00,14.3,62,12.1
2024-02-27T06:00,15.5,55,13.1
2024-02-27T07:00,15.1,60,13.1
2024-02-27T08:00,16.1,59,14.2
2024-02-27T09:00,17.5,51,15.1
2024-02-27T10:00,19.3,47,16.8
2024-02-27T11:00,22.3,35,19.6
2024-02-27T12:00,23.5,30,21.0
2024-02-27T13:00,24.1,28,21.9
2024-02-27T14:00,24.5,27,22.4
2024-02-27T15:00,24.2,27,20.9
2024-02-27T16:00,23.5,28,20.1
2024-02-27T17:00,22.2,29,18.7
2024-02-27T18:00,18.3,43,16.3
2024-02-27T19:00,17.7,48,15.3
2024-02-27T20:00,16.6,51,13.9
2024-02-27T21:00,15.6,53,13.3
2024-02-27T22:00,14.5,57,12.4
2024-02-27T23:00,14.1,60,11.7
2024-02-28T00:00,13.9,65,11.5
2024-02-28T01:00,13.2,70,11.3
2024-02-28T02:00,12.6,75,10.7
2024-02-28T03:00,12.2,76,10.2
2024-02-28T04:00,11.8,78,9.8
2024-02-28T05:00,11.4,79,9.4
2024-02-28T06:00,11.6,78,9.5
2024-02-28T07:00,12.0,76,9.7
2024-02-28T08:00,14.4,67,12.2
2024-02-28T09:00,17.2,57,14.8
2024-02-28T10:00,19.8,48,17.2
2024-02-28T11:00,21.9,40,19.5
2024-02-28T12:00,23.2,35,20.5
2024-02-28T13:00,23.8,33,21.1
2024-02-28T14:00,24.0,33,21.0
2024-02-28T15:00,23.8,34,20.2
2024-02-28T16:00,23.3,36,20.0
2024-02-28T17:00,22.5,38,19.5
2024-02-28T18:00,20.0,47,18.1
2024-02-28T19:00,18.5,54,16.7
2024-02-28T20:00,17.5,57,15.8
2024-02-28T21:00,16.4,61,14.8
2024-02-28T22:00,15.6,65,13.8
2024-02-28T23:00,15.0,67,13.1
2024-02-29T00:00,14.4,68,12.4
2024-02-29T01:00,13.9,69,11.8
2024-02-29T02:00,13.4,71,11.2
2024-02-29T03:00,12.9,74,10.7
2024-02-29T04:00,12.4,76,10.1
2024-02-29T05:00,12.0,77,9.8
2024-02-29T06:00,12.4,79,10.4
2024-02-29T07:00,12.9,77,10.7
2024-02-29T08:00,15.6,68,13.8
2024-02-29T09:00,18.7,57,17.0
2024-02-29T10:00,21.4,46,19.5
2024-02-29T11:00,23.3,38,21.9
2024-02-29T12:00,24.7,34,23.6
2024-02-29T13:00,25.7,31,24.6
2024-02-29T14:00,26.2,29,24.7
2024-02-29T15:00,26.3,28,23.9
2024-02-29T16:00,25.8,28,23.1
2024-02-29T17:00,24.4,33,22.5
2024-02-29T18:00,19.9,51,18.3
2024-02-29T19:00,18.8,57,17.4
2024-02-29T20:00,17.5,64,16.3
2024-02-29T21:00,17.5,63,16.3
2024-02-29T22:00,16.0,67,14.4
2024-02-29T23:00,15.1,69,13.4
2024-03-01T00:00,14.4,72,12.9
2024-03-01T01:00,14.0,74,12.3
2024-03-01T02:00,16.0,64,15.0
2024-03-01T03:00,16.1,63,15.4
2024-03-01T04:00,15.7,65,14.7
2024-03-01T05:00,13.9,74,12.8
2024-03-01T06:00,14.7,76,13.9
2024-03-01T07:00,15.5,75,15.3
2024-03-01T08:00,18.2,66,18.5
2024-03-01T09:00,21.4,56,21.8
2024-03-01T10:00,23.0,52,23.3
2024-03-01T11:00,22.7,56,23.2
2024-03-01T12:00,23.2,54,23.5
2024-03-01T13:00,23.4,54,23.5
2024-03-01T14:00,25.7,44,25.4
2024-03-01T15:00,26.5,40,25.6
2024-03-01T16:00,25.8,44,24.2
2024-03-01T17:00,24.4,49,23.7
2024-03-01T18:00,24.1,48,23.0
2024-03-01T19:00,21.8,61,22.2
2024-03-01T20:00,20.8,60,20.5
2024-03-01T21:00,20.1,64,19.3
2024-03-01T22:00,20.2,63,19.6
2024-03-01T23:00,20.0,64,19.1
2024-03-02T00:00,19.5,67,18.6
2024-03-02T01:00,19.3,69,18.2
2024-03-02T02:00,18.9,69,17.4
2024-03-02T03:00,19.0,66,16.9
2024-03-02T04:00,18.8,68,16.3
2024-03-02T05:00,18.7,67,16.1
2024-03-02T06:00,18.6,72,17.8
2024-03-02T07:00,18.1,78,17.6
2024-03-02T08:00,18.4,80,18.4
2024-03-02T09:00,18.3,85,18.1
2024-03-02T10:00,20.0,81,20.2
2024-03-02T11:00,22.7,62,20.7
2024-03-02T12:00,24.3,56,22.6
2024-03-02T13:00,24.7,54,22.5
2024-03-02T14:00,24.0,55,20.5
2024-03-02T15:00,23.4,60,20.6
2024-03-02T16:00,23.6,59,21.3
2024-03-02T17:00,18.2,89,17.2
2024-03-02T18:00,18.3,87,16.8
2024-03-02T19:00,18.5,85,16.8
2024-03-02T20:00,17.5,92,15.6
2024-03-02T21:00,17.8,92,17.3
2024-03-02T22:00,17.9,93,17.4
2024-03-02T23:00,17.3,92,16.7
2024-03-03T00:00,17.2,94,17.1
2024-03-03T01:00,16.9,93,16.9
2024-03-03T02:00,15.7,96,15.5
2024-03-03T03:00,15.4,97,16.3
2024-03-03T04:00,16.0,93,16.5
2024-03-03T05:00,15.6,93,16.5
2024-03-03T06:00,15.5,91,15.7
2024-03-03T07:00,15.5,82,14.8
2024-03-03T08:00,16.0,64,13.7
2024-03-03T09:00,17.2,50,14.7
2024-03-03T10:00,18.6,51,16.5
2024-03-03T11:00,20.0,55,20.0
2024-03-03T12:00,21.1,53,22.4
2024-03-03T13:00,22.2,47,23.2
2024-03-03T14:00,22.7,41,22.2
2024-03-03T15:00,22.5,37,20.3
2024-03-03T16:00,21.6,35,18.5
2024-03-03T17:00,20.2,40,17.5
2024-03-03T18:00,18.5,50,16.6
2024-03-03T19:00,17.1,58,15.1
2024-03-03T20:00,15.7,73,14.3
2024-03-03T21:00,14.7,95,14.6
2024-03-03T22:00,14.0,98,14.1
2024-03-03T23:00,13.4,99,13.4
2024-03-04T00:00,12.2,100,11.8
2024-03-04T01:00,11.7,100,11.0
2024-03-04T02:00,11.8,100,11.4
2024-03-04T03:00,11.9,100,11.6
2024-03-04T04:00,12.2,99,12.0
2024-03-04T05:00,12.4,96,12.0
2024-03-04T06:00,11.1,98,10.3
2024-03-04T07:00,12.0,98,11.1
2024-03-04T08:00,13.9,91,13.5
2024-03-04T09:00,17.0,71,16.0
2024-03-04T10:00,19.8,32,16.6
2024-03-04T11:00,20.9,24,18.3
2024-03-04T12:00,21.5,23,19.1
2024-03-04T13:00,21.7,24,19.0
2024-03-04T14:00,21.6,25,18.6
2024-03-04T15:00,21.3,27,17.8
2024-03-04T16:00,20.7,29,16.9
2024-03-04T17:00,19.5,35,16.1
2024-03-04T18:00,17.3,46,14.6
2024-03-04T19:00,15.7,51,13.0
2024-03-04T20:00,14.5,53,11.6
2024-03-04T21:00,13.8,53,10.6
2024-03-04T22:00,12.8,56,9.7
2024-03-04T23:00,12.1,59,9.0
2024-03-05T00:00,11.3,62,8.6
2024-03-05T01:00,10.6,65,8.0
2024-03-05T02:00,10.3,66,7.5
2024-03-05T03:00,9.9,67,6.9
2024-03-05T04:00,9.5,67,6.4
2024-03-05T05:00,8.9,67,5.9
2024-03-05T06:00,9.2,73,6.7
2024-03-05T07:00,10.0,70,6.9
2024-03-05T08:00,12.4,63,9.7
2024-03-05T09:00,15.0,56,12.2
2024-03-05T10:00,17.3,48,14.6
2024-03-05T11:00,18.8,41,16.7
2024-03-05T12:00,19.9,37,18.0
2024-03-05T13:00,20.7,34,18.6
2024-03-05T14:00,20.9,34,18.3
2024-03-05T15:00,20.9,33,17.6
2024-03-05T16:00,20.3,35,16.6
2024-03-05T17:00,19.2,40,16.2
2024-03-05T18:00,16.3,49,13.9
2024-03-05T19:00,15.4,54,13.0
2024-03-05T20:00,15.7,54,13.2
2024-03-05T21:00,14.4,59,12.1
2024-03-05T22:00,13.0,63,10.5
2024-03-05T23:00,12.5,65,10.1
2024-03-06T00:00,12.8,64,10.2
2024-03-06T01:00,12.2,65,9.6
2024-03-06T02:00,11.8,65,9.1
2024-03-06T03:00,11.0,67,8.4
2024-03-06T04:00,10.0,71,7.3
2024-03-06T05:00,9.9,69,7.1
2024-03-06T06:00,9.2,70,6.4
2024-03-06T07:00,9.9,67,6.8
2024-03-06T08:00,12.6,61,10.0
2024-03-06T09:00,15.5,51,12.9
2024-03-06T10:00,17.8,41,14.6
2024-03-06T11:00,19.2,37,16.6
2024-03-06T12:00,19.4,37,16.1
2024-03-06T13:00,19.1,40,16.1
2024-03-06T14:00,20.2,38,17.3
2024-03-06T15:00,21.1,38,18.8
2024-03-06T16:00,20.8,38,18.1
2024-03-06T17:00,20.0,42,17.9
2024-03-06T18:00,18.0,53,16.7
2024-03-06T19:00,16.5,57,15.0
2024-03-06T20:00,14.7,67,13.2
2024-03-06T21:00,14.4,69,13.1
2024-03-06T22:00,12.7,75,10.8
2024-03-06T23:00,14.1,66,12.4
2024-03-07T00:00,15.0,60,13.3
2024-03-07T01:00,11.7,74,9.6
2024-03-07T02:00,11.3,76,9.5
2024-03-07T03:00,10.3,81,8.2
2024-03-07T04:00,10.2,81,8.5
2024-03-07T05:00,10.1,81,8.2
2024-03-07T06:00,10.1,84,8.3
2024-03-07T07:00,12.0,75,10.5
2024-03-07T08:00,15.1,66,13.8
2024-03-07T09:00,18.0,53,16.5
2024-03-07T10:00,20.2,45,18.6
2024-03-07T11:00,21.7,40,20.6
2024-03-07T12:00,22.9,36,22.0
2024-03-07T13:00,23.9,32,22.5
2024-03-07T14:00,24.2,31,22.1
2024-03-07T15:00,24.0,32,21.1
2024-03-07T16:00,23.4,35,20.4
2024-03-07T17:00,22.4,40,20.0
2024-03-07T18:00,19.3,54,18.2
2024-03-07T19:00,18.2,58,16.7
2024-03-07T20:00,17.9,51,15.1
2024-03-07T21:00,17.6,49,14.5
2024-03-07T22:00,16.5,53,14.1
2024-03-07T23:00,15.3,58,13.2
2024-03-08T00:00,13.3,67,11.0
2024-03-08T01:00,12.9,67,10.5
2024-03-08T02:00,12.1,70,9.7
2024-03-08T03:00,12.2,69,10.4
2024-03-08T04:00,11.6,72,9.6
2024-03-08T05:00,11.3,73,9.3
2024-03-08T06:00,11.8,75,10.0
2024-03-08T07:00,13.0,71,10.9
2024-03-08T08:00,15.9,63,14.2
2024-03-08T09:00,18.7,55,17.0
2024-03-08T10:00,21.4,47,20.0
2024-03-08T11:00,23.6,37,22.0
2024-03-08T12:00,24.8,30,22.8
2024-03-08T13:00,25.2,31,23.4
2024-03-08T14:00,25.4,30,23.3
2024-03-08T15:00,25.1,30,22.2
2024-03-08T16:00,24.4,32,21.1
2024-03-08T17:00,23.2,36,20.5
2024-03-08T18:00,20.5,44,18.5
2024-03-08T19:00,18.6,51,16.7
2024-03-08T20:00,17.5,53,15.0
2024-03-08T21:00,16.6,52,13.8
2024-03-08T22:00,15.8,53,12.9
2024-03-08T23:00,15.1,54,12.5
2024-03-09T00:00,14.6,55,11.8
2024-03-09T01:00,14.1,55,11.3
2024-03-09T02:00,13.5,56,10.8
2024-03-09T03:00,12.9,58,10.1
2024-03-09T04:00,12.3,62,9.6
2024-03-09T05:00,11.8,66,9.1
2024-03-09T06:00,12.1,72,9.7
2024-03-09T07:00,12.8,70,10.2
2024-03-09T08:00,15.6,61,13.2
2024-03-09T09:00,18.4,52,16.0
2024-03-09T10:00,20.8,44,18.6
2024-03-09T11:00,22.6,38,20.9
2024-03-09T12:00,23.9,36,22.4
2024-03-09T13:00,24.8,32,23.0
2024-03-09T14:00,25.2,29,22.8
2024-03-09T15:00,25.1,28,22.1
2024-03-09T16:00,24.6,29,21.2
2024-03-09T17:00,23.3,34,20.7
2024-03-09T18:00,19.2,43,17.1
2024-03-09T19:00,18.3,50,16.6
2024-03-09T20:00,17.5,53,15.8
2024-03-09T21:00,16.3,56,14.6
2024-03-09T22:00,15.1,60,13.4
2024-03-09T23:00,14.6,63,12.8
2024-03-10T00:00,13.6,68,11.6
2024-03-10T01:00,12.9,72,11.2
2024-03-10T02:00,13.3,71,11.5
2024-03-10T03:00,13.1,71,11.4
2024-03-10T04:00,13.1,69,11.2
2024-03-10T05:00,12.8,69,10.7
2024-03-10T06:00,12.0,73,10.1
2024-03-10T07:00,13.0,70,10.7
2024-03-10T08:00,16.3,60,14.6
2024-03-10T09:00,19.8,50,18.1
2024-03-10T10:00,22.6,39,20.6
2024-03-10T11:00,24.3,33,23.0
2024-03-10T12:00,25.5,30,24.7
2024-03-10T13:00,26.2,29,25.6
2024-03-10T14:00,26.6,28,25.4
2024-03-10T15:00,26.3,27,24.0
2024-03-10T16:00,25.9,28,23.8
2024-03-10T17:00,24.6,34,22.9
2024-03-10T18:00,20.8,47,19.0
2024-03-10T19:00,21.1,48,19.9
2024-03-10T20:00,20.3,50,19.0
2024-03-10T21:00,19.8,50,18.3
2024-03-10T22:00,19.3,52,17.7
2024-03-10T23:00,18.6,57,17.4
2024-03-11T00:00,18.5,56,17.5
2024-03-11T01:00,17.3,62,16.2
2024-03-11T02:00,17.6,61,17.0
2024-03-11T03:00,17.4,61,16.6
2024-03-11T04:00,17.5,62,16.4
2024-03-11T05:00,16.8,66,16.0
2024-03-11T06:00,14.8,83,14.1
2024-03-11T07:00,17.0,73,16.7
2024-03-11T08:00,20.1,64,20.4
2024-03-11T09:00,23.3,54,24.1
2024-03-11T10:00,26.0,42,26.4
2024-03-11T11:00,27.6,33,28.0
2024-03-11T12:00,28.6,29,29.3
2024-03-11T13:00,29.2,28,29.6
2024-03-11T14:00,29.5,27,29.1
2024-03-11T15:00,29.4,28,27.9
2024-03-11T16:00,28.5,31,26.4
2024-03-11T17:00,27.2,35,25.4
2024-03-11T18:00,25.3,29,22.5
2024-03-11T19:00,23.1,33,20.7
2024-03-11T20:00,21.9,34,19.1
2024-03-11T21:00,20.5,37,17.9
2024-03-11T22:00,19.4,42,17.0
2024-03-11T23:00,18.5,49,16.6
2024-03-12T00:00,17.7,53,16.0
2024-03-12T01:00,16.7,57,15.1
2024-03-12T02:00,16.2,59,14.6
2024-03-12T03:00,16.0,60,14.3
2024-03-12T04:00,14.8,66,13.0
2024-03-12T05:00,13.9,70,12.2
2024-03-12T06:00,15.4,74,14.8
2024-03-12T07:00,16.3,70,15.3
2024-03-12T08:00,19.4,57,18.6
2024-03-12T09:00,22.6,49,21.5
2024-03-12T10:00,25.6,42,24.6
2024-03-12T11:00,27.4,35,26.6
2024-03-12T12:00,28.5,29,27.6
2024-03-12T13:00,29.0,28,28.1
2024-03-12T14:00,29.1,29,27.9
2024-03-12T15:00,29.0,28,26.9
2024-03-12T16:00,28.5,28,26.0
2024-03-12T17:00,27.3,32,25.2
2024-03-12T18:00,25.4,31,22.4
2024-03-12T19:00,23.6,37,20.8
2024-03-12T20:00,22.4,40,19.8
2024-03-12T21:00,21.3,45,18.7
2024-03-12T22:00,20.8,48,18.1
2024-03-12T23:00,20.1,50,17.8
2024-03-13T00:00,19.2,52,17.2
2024-03-13T01:00,17.5,59,16.2
2024-03-13T02:00,18.8,54,17.9
2024-03-13T03:00,15.4,67,14.3
2024-03-13T04:00,14.4,72,13.3
2024-03-13T05:00,13.9,77,13.0
2024-03-13T06:00,14.3,81,13.8
2024-03-13T07:00,15.7,76,15.1
2024-03-13T08:00,19.3,63,19.2
2024-03-13T09:00,22.7,52,22.7
2024-03-13T10:00,25.4,42,25.8
2024-03-13T11:00,27.4,34,28.0
2024-03-13T12:00,28.8,29,28.7
2024-03-13T13:00,29.4,25,28.5
2024-03-13T14:00,29.3,27,27.5
2024-03-13T15:00,26.7,38,25.3
2024-03-13T16:00,27.1,34,26.7
2024-03-13T17:00,26.6,35,25.9
2024-03-13T18:00,23.4,43,20.8
2024-03-13T19:00,22.3,44,19.9
2024-03-13T20:00,20.8,52,19.4
2024-03-13T21:00,19.3,62,18.1
2024-03-13T22:00,18.3,67,17.4
2024-03-13T23:00,17.4,70,16.8
2024-03-14T00:00,16.9,74,16.4
2024-03-14T01:00,16.3,77,16.1
2024-03-14T02:00,15.5,81,15.2
2024-03-14T03:00,15.0,83,14.7
2024-03-14T04:00,14.7,84,14.4
2024-03-14T05:00,14.1,86,13.8
2024-03-14T06:00,15.2,86,14.7
2024-03-14T07:00,16.4,81,15.9
2024-03-14T08:00,19.4,67,19.3
2024-03-14T09:00,22.7,51,22.2
2024-03-14T10:00,25.6,40,24.9
2024-03-14T11:00,27.5,33,26.5
2024-03-14T12:00,28.6,28,27.3
2024-03-14T13:00,29.2,26,28.4
2024-03-14T14:00,29.1,26,27.4
2024-03-14T15:00,28.7,26,26.3
2024-03-14T16:00,28.0,27,25.2
2024-03-14T17:00,27.0,30,24.6
2024-03-14T18:00,25.0,33,22.4
2024-03-14T19:00,23.3,38,21.0
2024-03-14T20:00,21.5,46,19.8
2024-03-14T21:00,20.2,49,18.5
2024-03-14T22:00,19.3,48,17.4
2024-03-14T23:00,18.8,45,16.3
2024-03-15T00:00,18.4,44,15.3
2024-03-15T01:00,17.5,48,14.7
2024-03-15T02:00,16.5,53,14.1
2024-03-15T03:00,15.6,57,13.1
2024-03-15T04:00,14.9,58,12.4
2024-03-15T05:00,14.3,58,11.8
2024-03-15T06:00,14.9,65,12.9
2024-03-15T07:00,15.9,62,13.5
2024-03-15T08:00,18.3,55,16.1
2024-03-15T09:00,21.0,48,19.0
2024-03-15T10:00,23.7,40,22.0
2024-03-15T11:00,25.6,31,23.8
2024-03-15T12:00,26.6,25,24.5
2024-03-15T13:00,27.1,23,24.9
2024-03-15T14:00,27.2,23,24.6
2024-03-15T15:00,27.0,24,23.8
2024-03-15T16:00,26.6,25,23.0
2024-03-15T17:00,25.4,28,22.2
2024-03-15T18:00,22.7,32,19.7
2024-03-15T19:00,20.4,39,17.9
2024-03-15T20:00,18.9,42,16.4
2024-03-15T21:00,17.6,45,15.2
2024-03-15T22:00,16.2,49,14.1
2024-03-15T23:00,15.2,55,13.2
2024-03-16T00:00,14.0,60,11.6
2024-03-16T01:00,13.6,61,11.1
2024-03-16T02:00,13.5,60,11.0
2024-03-16T03:00,12.8,63,10.4
2024-03-16T04:00,12.7,64,10.5
2024-03-16T05:00,13.0,59,10.1
2024-03-16T06:00,12.7,73,11.0
2024-03-16T07:00,14.3,67,12.6
2024-03-16T08:00,17.5,57,16.4
2024-03-16T09:00,20.9,47,19.9
2024-03-16T10:00,23.9,36,22.8
2024-03-16T11:00,25.6,28,25.2
2024-03-16T12:00,26.5,25,26.2
2024-03-16T13:00,27.1,25,26.7
2024-03-16T14:00,27.6,25,26.6
2024-03-16T15:00,27.5,25,25.4
2024-03-16T16:00,26.9,24,23.8
2024-03-16T17:00,25.7,26,22.5
2024-03-16T18:00,23.2,26,20.2
2024-03-16T19:00,20.7,35,18.2
2024-03-16T20:00,19.8,42,17.5
2024-03-16T21:00,18.6,44,16.4
2024-03-16T22:00,17.4,47,15.2
2024-03-16T23:00,16.6,50,14.3
2024-03-17T00:00,15.6,53,13.4
2024-03-17T01:00,14.8,55,12.3
2024-03-17T02:00,13.8,60,11.1
2024-03-17T03:00,14.1,58,11.7
2024-03-17T04:00,13.4,60,11.3
2024-03-17T05:00,11.8,68,9.7
2024-03-17T06:00,13.4,73,11.9
2024-03-17T07:00,15.0,68,13.0
2024-03-17T08:00,18.6,57,17.0
2024-03-17T09:00,21.9,47,20.4
2024-03-17T10:00,24.6,38,23.2
2024-03-17T11:00,26.6,29,25.9
2024-03-17T12:00,27.7,25,27.1
2024-03-17T13:00,28.4,24,27.6
2024-03-17T14:00,28.8,23,27.8
2024-03-17T15:00,28.8,24,26.9
2024-03-17T16:00,28.3,24,25.6
2024-03-17T17:00,27.1,26,24.5
2024-03-17T18:00,23.0,38,21.4
2024-03-17T19:00,21.3,46,20.0
2024-03-17T20:00,20.5,52,19.2
2024-03-17T21:00,19.6,51,18.0
2024-03-17T22:00,18.7,51,16.9
2024-03-17T23:00,17.7,55,16.0
2024-03-18T00:00,16.8,59,15.2
2024-03-18T01:00,15.7,63,14.3
2024-03-18T02:00,14.4,69,13.0
2024-03-18T03:00,13.8,72,12.6
2024-03-18T04:00,13.8,73,12.4
2024-03-18T05:00,13.5,74,12.1
2024-03-18T06:00,13.0,79,12.0
2024-03-18T07:00,14.8,72,13.7
2024-03-18T08:00,18.5,58,17.6
2024-03-18T09:00,21.8,47,20.6
2024-03-18T10:00,24.5,37,23.6
2024-03-18T11:00,26.4,29,25.8
2024-03-18T12:00,27.5,26,27.0
2024-03-18T13:00,28.2,25,27.6
2024-03-18T14:00,28.5,25,27.3
2024-03-18T15:00,28.3,25,26.1
2024-03-18T16:00,27.8,27,25.0
2024-03-18T17:00,26.8,29,24.3
2024-03-18T18:00,23.0,39,21.4
2024-03-18T19:00,21.4,46,20.1
2024-03-18T20:00,20.7,48,19.3
2024-03-18T21:00,19.9,45,17.9
2024-03-18T22:00,19.1,45,16.9
2024-03-18T23:00,17.7,50,15.7
2024-03-19T00:00,16.7,56,15.0
2024-03-19T01:00,15.3,63,13.3
2024-03-19T02:00,15.2,64,13.4
2024-03-19T03:00,14.4,66,12.9
2024-03-19T04:00,14.1,67,12.9
2024-03-19T05:00,13.6,70,12.1
2024-03-19T06:00,14.3,73,13.3
2024-03-19T07:00,16.5,65,15.4
2024-03-19T08:00,19.6,56,19.1
2024-03-19T09:00,22.9,47,22.5
2024-03-19T10:00,25.8,38,25.9
2024-03-19T11:00,27.7,29,27.9
2024-03-19T12:00,28.8,24,28.7
2024-03-19T13:00,29.6,21,28.6
2024-03-19T14:00,29.8,20,27.4
2024-03-19T15:00,29.3,21,26.1
2024-03-19T16:00,28.8,22,25.6
2024-03-19T17:00,27.8,24,24.8
2024-03-19T18:00,24.6,29,22.3
2024-03-19T19:00,23.4,33,20.9
2024-03-19T20:00,22.3,39,20.0
2024-03-19T21:00,19.9,48,18.2
2024-03-19T22:00,18.3,55,16.5
2024-03-19T23:00,18.4,55,17.0
2024-03-20T00:00,20.5,47,19.6
2024-03-20T01:00,18.2,55,17.3
2024-03-20T02:00,15.4,68,14.2
2024-03-20T03:00,15.9,66,15.0
2024-03-20T04:00,14.3,74,13.1
2024-03-20T05:00,14.2,75,13.1
2024-03-20T06:00,15.0,79,14.5
2024-03-20T07:00,17.2,70,16.5
2024-03-20T08:00,21.0,58,20.9
2024-03-20T09:00,24.8,46,24.6
2024-03-20T10:00,28.0,34,27.5
2024-03-20T11:00,30.0,25,29.2
2024-03-20T12:00,31.0,22,30.4
2024-03-20T13:00,31.6,20,31.1
2024-03-20T14:00,32.0,19,31.1
2024-03-20T15:00,32.0,18,30.4
2024-03-20T16:00,31.7,17,28.9
2024-03-20T17:00,30.2,19,27.1
2024-03-20T18:00,25.9,29,23.7
2024-03-20T19:00,25.0,34,22.8
2024-03-20T20:00,23.5,36,21.4
2024-03-20T21:00,21.8,42,20.1
2024-03-20T22:00,20.4,49,19.1
2024-03-20T23:00,18.8,57,17.1
2024-03-21T00:00,18.6,57,17.2
2024-03-21T01:00,18.6,57,17.4
2024-03-21T02:00,18.7,57,17.0
2024-03-21T03:00,18.6,56,16.3
2024-03-21T04:00,18.0,55,14.9
2024-03-21T05:00,17.5,64,15.4
2024-03-21T06:00,16.9,86,16.2
2024-03-21T07:00,17.8,82,17.2
2024-03-21T08:00,19.7,71,18.4
2024-03-21T09:00,21.8,61,20.5
2024-03-21T10:00,23.8,54,23.0
2024-03-21T11:00,25.7,48,25.8
2024-03-21T12:00,27.2,43,27.8
2024-03-21T13:00,28.3,40,29.0
2024-03-21T14:00,29.0,37,29.7
2024-03-21T15:00,29.2,36,29.3
2024-03-21T16:00,29.0,35,28.6
2024-03-21T17:00,28.3,36,27.8
2024-03-21T18:00,25.5,46,24.8
2024-03-21T19:00,23.8,54,23.5
2024-03-21T20:00,22.9,59,22.6
2024-03-21T21:00,22.1,62,22.1
2024-03-21T22:00,22.4,60,22.0
2024-03-21T23:00,22.1,59,21.5
2024-03-22T00:00,20.4,66,19.7
2024-03-22T01:00,19.8,68,19.0
2024-03-22T02:00,19.3,70,18.8
2024-03-22T03:00,18.7,72,18.1
2024-03-22T04:00,18.4,74,17.7
2024-03-22T05:00,18.0,75,17.2
2024-03-22T06:00,17.8,83,18.1
2024-03-22T07:00,19.2,77,19.2
2024-03-22T08:00,21.8,66,21.8
2024-03-22T09:00,24.5,56,24.3
2024-03-22T10:00,27.1,46,27.2
2024-03-22T11:00,29.2,39,29.8
2024-03-22T12:00,30.6,33,31.8
2024-03-22T13:00,31.5,30,33.0
2024-03-22T14:00,32.2,28,33.2
2024-03-22T15:00,32.4,27,32.5
2024-03-22T16:00,32.3,26,31.7
2024-03-22T17:00,31.6,27,30.9
2024-03-22T18:00,28.9,31,27.4
2024-03-22T19:00,25.3,44,24.6
2024-03-22T20:00,23.9,47,23.6
2024-03-22T21:00,26.9,39,27.2
2024-03-22T22:00,23.2,50,22.7
2024-03-22T23:00,21.9,55,21.3
2024-03-23T00:00,21.5,57,21.1
2024-03-23T01:00,20.5,62,20.2
2024-03-23T02:00,19.7,67,19.7
2024-03-23T03:00,18.8,70,18.7
2024-03-23T04:00,18.5,71,18.4
2024-03-23T05:00,18.1,75,18.1
2024-03-23T06:00,18.4,85,19.5
2024-03-23T07:00,20.6,76,21.3
2024-03-23T08:00,23.8,63,24.9
2024-03-23T09:00,26.8,52,27.7
2024-03-23T10:00,29.6,41,30.2
2024-03-23T11:00,31.6,31,31.5
2024-03-23T12:00,32.8,25,32.1
2024-03-23T13:00,33.6,22,32.1
2024-03-23T14:00,33.8,21,31.8
2024-03-23T15:00,33.6,21,30.8
2024-03-23T16:00,33.0,22,29.7
2024-03-23T17:00,31.8,24,29.1
2024-03-23T18:00,28.6,26,26.8
2024-03-23T19:00,26.3,34,24.8
2024-03-23T20:00,25.5,34,23.8
2024-03-23T21:00,24.1,36,22.3
2024-03-23T22:00,23.4,38,21.5
2024-03-23T23:00,22.9,40,21.0
2024-03-24T00:00,23.0,41,20.6
2024-03-24T01:00,22.4,44,20.2
2024-03-24T02:00,21.6,48,19.9
2024-03-24T03:00,19.7,56,19.5
2024-03-24T04:00,18.9,57,18.2
2024-03-24T05:00,18.8,56,17.5
2024-03-24T06:00,18.6,63,18.0
2024-03-24T07:00,20.2,58,19.3
2024-03-24T08:00,23.9,48,23.2
2024-03-24T09:00,27.0,40,26.0
2024-03-24T10:00,29.7,34,28.3
2024-03-24T11:00,30.5,30,28.0
2024-03-24T12:00,29.6,33,27.0
2024-03-24T13:00,31.0,26,27.2
2024-03-24T14:00,30.6,25,25.7
2024-03-24T15:00,29.4,23,23.2
2024-03-24T16:00,27.7,31,24.3
2024-03-24T17:00,26.4,37,24.8
2024-03-24T18:00,26.2,42,25.1
2024-03-24T19:00,24.6,48,24.2
2024-03-24T20:00,22.6,56,22.7
2024-03-24T21:00,23.6,51,24.1
2024-03-24T22:00,20.4,63,20.5
2024-03-24T23:00,20.0,64,20.1
2024-03-25T00:00,19.5,67,19.5
2024-03-25T01:00,19.1,69,19.1
2024-03-25T02:00,18.5,71,18.5
2024-03-25T03:00,17.9,74,18.0
2024-03-25T04:00,17.0,78,17.1
2024-03-25T05:00,16.6,80,16.6
2024-03-25T06:00,17.3,78,17.2
2024-03-25T07:00,19.5,68,19.2
2024-03-25T08:00,23.0,56,23.0
2024-03-25T09:00,26.6,46,26.7
2024-03-25T10:00,29.2,40,29.3
2024-03-25T11:00,30.6,34,30.7
2024-03-25T12:00,31.7,31,31.9
2024-03-25T13:00,32.4,29,32.2
2024-03-25T14:00,32.8,27,31.6
2024-03-25T15:00,32.7,26,30.3
2024-03-25T16:00,32.1,27,29.2
2024-03-25T17:00,31.1,27,28.1
2024-03-25T18:00,29.1,24,26.5
2024-03-25T19:00,27.6,28,24.7
2024-03-25T20:00,26.1,31,23.8
2024-03-25T21:00,24.7,36,22.6
2024-03-25T22:00,23.5,41,21.7
2024-03-25T23:00,22.5,45,20.9
2024-03-26T00:00,21.6,48,20.2
2024-03-26T01:00,20.9,49,19.5
2024-03-26T02:00,20.3,51,19.0
2024-03-26T03:00,19.7,54,18.5
2024-03-26T04:00,19.2,57,17.8
2024-03-26T05:00,18.5,60,17.2
2024-03-26T06:00,19.2,67,18.6
2024-03-26T07:00,20.7,63,20.1
2024-03-26T08:00,23.5,55,23.6
2024-03-26T09:00,26.1,47,26.2
2024-03-26T10:00,28.4,40,28.2
2024-03-26T11:00,30.6,32,29.9
2024-03-26T12:00,32.3,25,31.6
2024-03-26T13:00,33.4,21,32.6
2024-03-26T14:00,33.6,21,31.9
2024-03-26T15:00,33.5,22,31.4
2024-03-26T16:00,32.9,24,30.7
2024-03-26T17:00,31.8,27,29.9
2024-03-26T18:00,29.8,29,28.6
2024-03-26T19:00,28.2,35,27.4
2024-03-26T20:00,27.3,37,26.3
2024-03-26T21:00,25.4,42,24.7
2024-03-26T22:00,24.4,49,24.0
2024-03-26T23:00,23.6,56,23.9
2024-03-27T00:00,23.4,52,22.4
2024-03-27T01:00,22.1,55,21.7
2024-03-27T02:00,21.6,55,21.0
2024-03-27T03:00,21.6,55,21.2
2024-03-27T04:00,21.8,56,21.6
2024-03-27T05:00,21.7,56,21.8
2024-03-27T06:00,22.4,60,21.8
2024-03-27T07:00,23.4,58,23.8
2024-03-27T08:00,24.2,56,25.0
2024-03-27T09:00,28.6,39,29.3
2024-03-27T10:00,31.6,29,32.0
2024-03-27T11:00,33.6,24,34.2
2024-03-27T12:00,35.3,22,36.8
2024-03-27T13:00,36.1,21,36.6
2024-03-27T14:00,36.4,21,36.3
2024-03-27T15:00,36.4,21,35.1
2024-03-27T16:00,35.4,23,33.8
2024-03-27T17:00,34.2,26,33.0
2024-03-27T18:00,32.5,28,32.0
2024-03-27T19:00,31.0,31,30.2
2024-03-27T20:00,30.2,38,28.6
2024-03-27T21:00,28.1,46,27.9
2024-03-27T22:00,26.7,49,26.9
2024-03-27T23:00,24.7,55,24.8
2024-03-28T00:00,27.1,44,28.1
2024-03-28T01:00,23.6,55,24.1
2024-03-28T02:00,23.2,57,23.6
2024-03-28T03:00,23.0,57,23.1
2024-03-28T04:00,22.2,60,22.2
2024-03-28T05:00,21.9,60,21.8
2024-03-28T06:00,22.4,58,22.2
2024-03-28T07:00,23.4,57,22.9
2024-03-28T08:00,25.6,52,25.8
2024-03-28T09:00,28.0,45,28.7
2024-03-28T10:00,30.6,38,31.8
2024-03-28T11:00,33.1,32,35.3
2024-03-28T12:00,35.2,28,37.7
2024-03-28T13:00,36.5,24,38.1
2024-03-28T14:00,37.0,22,37.5
2024-03-28T15:00,36.8,22,35.9
2024-03-28T16:00,35.7,25,34.5
2024-03-28T17:00,34.8,27,34.0
2024-03-28T18:00,33.3,27,32.4
2024-03-28T19:00,31.9,31,30.5
2024-03-28T20:00,30.5,32,28.8
2024-03-28T21:00,28.9,38,27.7
2024-03-28T22:00,27.2,43,27.1
2024-03-28T23:00,25.3,49,25.5
2024-03-29T00:00,24.5,53,24.7
2024-03-29T01:00,23.9,55,24.0
2024-03-29T02:00,23.4,57,23.8
2024-03-29T03:00,22.9,59,23.3
2024-03-29T04:00,23.6,56,24.3
2024-03-29T05:00,22.4,61,23.2
2024-03-29T06:00,20.9,71,21.8
2024-03-29T07:00,22.9,61,23.9
2024-03-29T08:00,25.5,52,26.5
2024-03-29T09:00,28.3,45,28.8
2024-03-29T10:00,30.8,38,31.4
2024-03-29T11:00,33.1,33,34.4
2024-03-29T12:00,34.7,30,36.5
2024-03-29T13:00,35.9,28,37.7
2024-03-29T14:00,36.5,26,37.8
2024-03-29T15:00,35.1,29,34.5
2024-03-29T16:00,34.6,29,35.0
2024-03-29T17:00,30.9,40,29.9
2024-03-29T18:00,30.3,40,31.3
2024-03-29T19:00,28.6,45,30.1
2024-03-29T20:00,27.5,47,28.2
2024-03-29T21:00,27.3,45,26.5
2024-03-29T22:00,26.8,47,26.2
2024-03-29T23:00,26.4,48,25.8
2024-03-30T00:00,26.3,48,25.8
2024-03-30T01:00,26.1,48,25.5
2024-03-30T02:00,26.1,47,25.5
2024-03-30T03:00,25.0,50,24.6
2024-03-30T04:00,24.3,53,24.0
2024-03-30T05:00,23.6,57,23.5
2024-03-30T06:00,23.6,57,22.3
2024-03-30T07:00,22.8,64,22.0
2024-03-30T08:00,25.6,55,25.6
2024-03-30T09:00,28.4,47,27.8
2024-03-30T10:00,30.5,40,30.6
2024-03-30T11:00,32.4,34,34.1
2024-03-30T12:00,33.6,30,36.3
2024-03-30T13:00,34.6,27,36.7
2024-03-30T14:00,35.2,25,35.6
2024-03-30T15:00,33.7,25,31.2
2024-03-30T16:00,33.1,25,31.0
2024-03-30T17:00,32.6,25,30.7
2024-03-30T18:00,31.9,21,29.1
2024-03-30T19:00,29.8,24,27.3
2024-03-30T20:00,28.1,29,25.9
2024-03-30T21:00,26.7,31,24.6
2024-03-30T22:00,25.4,34,23.7
2024-03-30T23:00,23.8,40,22.3
2024-03-31T00:00,23.6,41,22.3
2024-03-31T01:00,23.1,44,22.0
2024-03-31T02:00,25.0,39,24.1
2024-03-31T03:00,22.9,45,21.7
2024-03-31T04:00,24.0,42,23.2
2024-03-31T05:00,20.0,55,19.3
2024-03-31T06:00,21.9,64,21.8
2024-03-31T07:00,22.9,64,23.3
2024-03-31T08:00,25.4,56,25.9
2024-03-31T09:00,28.0,48,28.4
2024-03-31T10:00,30.2,42,31.6
2024-03-31T11:00,31.8,37,33.7
2024-03-31T12:00,33.4,28,34.1
2024-03-31T13:00,34.0,21,32.7
2024-03-31T14:00,34.4,19,32.3
2024-03-31T15:00,34.2,18,30.8
2024-03-31T16:00,33.2,19,29.2
2024-03-31T17:00,32.2,21,28.8
2024-03-31T18:00,29.7,18,26.5
2024-03-31T19:00,27.4,24,24.6
2024-03-31T20:00,26.4,26,23.2
2024-03-31T21:00,25.6,29,22.3
2024-03-31T22:00,24.9,33,21.8
2024-03-31T23:00,23.6,39,21.4
2024-04-01T00:00,22.6,43,20.8
2024-04-01T01:00,21.6,47,20.1
2024-04-01T02:00,20.8,50,19.3
2024-04-01T03:00,20.0,53,18.8
2024-04-01T04:00,19.2,56,17.9
2024-04-01T05:00,18.7,58,17.2
2024-04-01T06:00,19.2,71,18.7
2024-04-01T07:00,20.7,67,20.3
2024-04-01T08:00,22.8,59,22.3
2024-04-01T09:00,25.5,50,24.7
2024-04-01T10:00,27.5,40,26.1
2024-04-01T11:00,29.6,29,28.1
2024-04-01T12:00,30.8,23,29.1
2024-04-01T13:00,31.0,22,28.3
2024-04-01T14:00,31.2,20,27.6
2024-04-01T15:00,31.3,20,27.7
2024-04-01T16:00,30.7,20,26.6
2024-04-01T17:00,29.8,21,25.8
2024-04-01T18:00,27.6,21,24.2
2024-04-01T19:00,25.7,25,22.5
2024-04-01T20:00,24.0,29,21.1
2024-04-01T21:00,22.9,32,20.0
2024-04-01T22:00,22.3,31,19.2
2024-04-01T23:00,21.5,33,18.8
2024-04-02T00:00,20.6,37,17.8
2024-04-02T01:00,19.7,41,17.3
2024-04-02T02:00,18.5,45,16.5
2024-04-02T03:00,18.1,48,16.1
2024-04-02T04:00,17.7,51,15.9
2024-04-02T05:00,17.1,54,15.5
2024-04-02T06:00,18.5,60,17.3
2024-04-02T07:00,20.3,56,19.1
2024-04-02T08:00,23.2,48,22.3
2024-04-02T09:00,26.2,40,25.2
2024-04-02T10:00,28.8,31,27.7
2024-04-02T11:00,30.7,26,29.4
2024-04-02T12:00,31.9,22,30.0
2024-04-02T13:00,32.7,19,30.2
2024-04-02T14:00,32.9,18,29.8
2024-04-02T15:00,32.9,17,28.9
2024-04-02T16:00,32.3,17,27.9
2024-04-02T17:00,31.3,18,27.4
2024-04-02T18:00,29.3,16,25.5
2024-04-02T19:00,27.2,22,23.7
2024-04-02T20:00,26.2,23,22.6
2024-04-02T21:00,25.5,24,22.3
2024-04-02T22:00,24.3,28,21.9
2024-04-02T23:00,23.2,34,20.9
2024-04-03T00:00,23.2,32,21.1
2024-04-03T01:00,23.1,32,20.9
2024-04-03T02:00,23.5,31,21.8
2024-04-03T03:00,21.8,35,20.1
2024-04-03T04:00,23.0,32,21.4
2024-04-03T05:00,22.6,33,21.2
2024-04-03T06:00,21.9,39,21.0
2024-04-03T07:00,22.7,39,21.6
2024-04-03T08:00,25.9,34,24.7
2024-04-03T09:00,29.1,28,27.4
2024-04-03T10:00,32.3,19,30.8
2024-04-03T11:00,33.7,15,32.9
2024-04-03T12:00,34.4,14,33.4
2024-04-03T13:00,35.3,13,34.5
2024-04-03T14:00,35.9,12,34.7
2024-04-03T15:00,35.9,12,33.4
2024-04-03T16:00,35.6,13,32.5
2024-04-03T17:00,33.8,14,30.2
2024-04-03T18:00,30.6,16,26.0
2024-04-03T19:00,28.9,18,24.7
2024-04-03T20:00,28.4,20,24.9
2024-04-03T21:00,27.4,24,24.2
2024-04-03T22:00,26.8,26,24.0
2024-04-03T23:00,24.9,32,22.8
2024-04-04T00:00,23.3,37,21.4
2024-04-04T01:00,22.6,38,20.8
2024-04-04T02:00,22.7,38,20.8
2024-04-04T03:00,20.5,45,18.4
2024-04-04T04:00,20.9,43,19.1
2024-04-04T05:00,22.1,40,20.7
2024-04-04T06:00,24.0,45,23.0
2024-04-04T07:00,26.2,38,24.9
2024-04-04T08:00,29.2,32,28.4
2024-04-04T09:00,31.9,25,30.4
2024-04-04T10:00,34.1,18,32.1
2024-04-04T11:00,35.2,16,34.1
2024-04-04T12:00,36.0,14,35.1
2024-04-04T13:00,36.4,13,34.6
2024-04-04T14:00,36.4,13,34.1
2024-04-04T15:00,36.1,13,33.1
2024-04-04T16:00,35.8,14,32.4
2024-04-04T17:00,35.2,13,31.7
2024-04-04T18:00,32.5,14,28.2
2024-04-04T19:00,30.5,16,26.1
2024-04-04T20:00,28.8,19,25.4
2024-04-04T21:00,27.3,23,24.4
2024-04-04T22:00,27.0,24,23.9
2024-04-04T23:00,25.7,27,23.1
2024-04-05T00:00,24.1,29,21.5
2024-04-05T01:00,23.0,32,20.2
2024-04-05T02:00,24.3,29,21.8
2024-04-05T03:00,22.4,33,19.9
2024-04-05T04:00,21.8,35,19.7
2024-04-05T05:00,21.2,37,19.4
2024-04-05T06:00,23.7,34,21.0
2024-04-05T07:00,25.1,32,22.4
2024-04-05T08:00,27.0,30,24.7
2024-04-05T09:00,30.3,26,28.4
2024-04-05T10:00,33.6,17,29.9
2024-04-05T11:00,34.5,15,30.9
2024-04-05T12:00,35.5,14,32.5
2024-04-05T13:00,35.6,14,31.4
2024-04-05T14:00,34.4,15,29.4
2024-04-05T15:00,34.4,15,29.0
2024-04-05T16:00,32.3,18,27.0
2024-04-05T17:00,31.6,19,27.0
2024-04-05T18:00,30.5,21,26.9
2024-04-05T19:00,29.0,22,25.9
2024-04-05T20:00,27.2,26,24.2
2024-04-05T21:00,27.0,23,24.0
2024-04-05T22:00,25.6,24,22.8
2024-04-05T23:00,24.4,25,21.4
2024-04-06T00:00,23.5,25,20.6
2024-04-06T01:00,22.6,26,19.6
2024-04-06T02:00,21.9,28,18.9
2024-04-06T03:00,21.3,29,18.3
2024-04-06T04:00,20.7,31,17.8
2024-04-06T05:00,19.6,33,16.8
2024-04-06T06:00,19.9,36,17.3
2024-04-06T07:00,22.3,32,19.5
2024-04-06T08:00,25.8,26,23.0
2024-04-06T09:00,28.7,21,25.8
2024-04-06T10:00,31.1,18,28.8
2024-04-06T11:00,33.2,13,30.8
2024-04-06T12:00,34.4,11,31.6
2024-04-06T13:00,34.7,12,31.7
2024-04-06T14:00,35.0,12,31.6
2024-04-06T15:00,34.6,12,30.2
2024-04-06T16:00,33.9,11,28.5
2024-04-06T17:00,32.8,12,28.0
2024-04-06T18:00,30.8,16,27.3
2024-04-06T19:00,27.9,21,25.1
2024-04-06T20:00,26.8,21,23.5
2024-04-06T21:00,25.4,21,22.2
2024-04-06T22:00,24.5,21,21.2
2024-04-06T23:00,24.0,21,20.6
2024-04-07T00:00,22.3,24,18.7
2024-04-07T01:00,21.2,26,17.5
2024-04-07T02:00,20.4,27,17.4
2024-04-07T03:00,19.8,30,16.9
2024-04-07T04:00,18.5,34,15.7
2024-04-07T05:00,17.5,39,14.9
2024-04-07T06:00,19.6,35,17.2
2024-04-07T07:00,22.4,31,19.5
2024-04-07T08:00,26.0,25,23.6
2024-04-07T09:00,29.4,20,26.6
2024-04-07T10:00,32.0,15,29.5
2024-04-07T11:00,33.8,11,30.4
2024-04-07T12:00,34.5,11,31.4
2024-04-07T13:00,35.3,9,32.2
2024-04-07T14:00,35.4,9,31.7
2024-04-07T15:00,35.2,9,30.5
2024-04-07T16:00,34.4,9,28.8
2024-04-07T17:00,33.4,10,27.7
2024-04-07T18:00,29.5,14,25.9
2024-04-07T19:00,26.8,18,23.5
2024-04-07T20:00,25.4,23,22.6
2024-04-07T21:00,25.6,21,22.3
2024-04-07T22:00,24.4,20,21.0
2024-04-07T23:00,22.7,24,19.4
2024-04-08T00:00,21.4,27,18.1
2024-04-08T01:00,20.7,29,17.5
2024-04-08T02:00,20.4,29,17.5
2024-04-08T03:00,20.2,30,17.4
2024-04-08T04:00,19.7,31,16.8
2024-04-08T05:00,19.0,33,16.2
2024-04-08T06:00,19.9,36,17.6
2024-04-08T07:00,22.8,31,20.4
2024-04-08T08:00,27.1,25,25.4
2024-04-08T09:00,31.0,19,29.2
2024-04-08T10:00,33.7,14,32.4
2024-04-08T11:00,35.2,12,34.0
2024-04-08T12:00,36.1,10,34.3
2024-04-08T13:00,36.6,10,34.3
2024-04-08T14:00,36.8,10,33.6
2024-04-08T15:00,36.2,10,31.6
2024-04-08T16:00,35.7,10,30.7
2024-04-08T17:00,34.9,11,30.5
2024-04-08T18:00,31.7,10,27.8
2024-04-08T19:00,30.0,12,25.5
2024-04-08T20:00,28.4,13,24.1
2024-04-08T21:00,26.5,16,22.8
2024-04-08T22:00,24.7,21,21.5
2024-04-08T23:00,23.4,25,19.8
2024-04-09T00:00,25.1,21,22.4
2024-04-09T01:00,22.0,26,19.3
2024-04-09T02:00,21.6,25,18.7
2024-04-09T03:00,20.2,28,16.9
2024-04-09T04:00,21.4,26,18.7
2024-04-09T05:00,19.9,29,17.2
2024-04-09T06:00,20.2,39,18.1
2024-04-09T07:00,23.7,30,22.2
2024-04-09T08:00,27.6,24,26.1
2024-04-09T09:00,30.9,19,29.2
2024-04-09T10:00,33.2,15,31.7
2024-04-09T11:00,35.2,13,34.9
2024-04-09T12:00,36.6,11,36.0
2024-04-09T13:00,37.5,9,35.6
2024-04-09T14:00,37.8,8,34.4
2024-04-09T15:00,37.3,8,33.0
2024-04-09T16:00,37.1,7,32.4
2024-04-09T17:00,36.1,7,31.2
2024-04-09T18:00,33.4,8,28.4
2024-04-09T19:00,30.9,12,26.2
2024-04-09T20:00,28.9,13,25.3
2024-04-09T21:00,27.5,16,23.9
2024-04-09T22:00,26.3,19,22.8
2024-04-09T23:00,25.1,20,21.5
2024-04-10T00:00,24.1,20,20.4
2024-04-10T01:00,22.2,23,18.8
2024-04-10T02:00,21.3,25,17.8
2024-04-10T03:00,21.6,24,19.0
2024-04-10T04:00,19.9,28,16.9
2024-04-10T05:00,19.8,28,17.0
2024-04-10T06:00,21.4,45,19.9
2024-04-10T07:00,24.6,36,23.5
2024-04-10T08:00,28.3,31,27.2
2024-04-10T09:00,31.9,26,30.5
2024-04-10T10:00,34.5,22,34.3
2024-04-10T11:00,36.1,18,36.9
2024-04-10T12:00,37.4,13,37.4
2024-04-10T13:00,38.6,11,37.0
2024-04-10T14:00,37.4,11,34.4
2024-04-10T15:00,37.2,10,34.2
2024-04-10T16:00,37.2,10,34.4
2024-04-10T17:00,36.3,11,32.8
2024-04-10T18:00,32.1,12,28.4
2024-04-10T19:00,29.1,14,25.4
2024-04-10T20:00,29.2,15,25.9
2024-04-10T21:00,25.8,22,22.7
2024-04-10T22:00,24.3,24,21.0
2024-04-10T23:00,24.0,25,21.1
2024-04-11T00:00,23.3,27,20.6
2024-04-11T01:00,24.2,25,21.5
2024-04-11T02:00,24.5,25,21.7
2024-04-11T03:00,23.5,28,20.9
2024-04-11T04:00,22.7,30,20.0
2024-04-11T05:00,22.2,31,19.4
2024-04-11T06:00,22.6,36,20.8
2024-04-11T07:00,24.9,33,22.5
2024-04-11T08:00,28.6,26,26.3
2024-04-11T09:00,31.8,21,29.4
2024-04-11T10:00,34.2,17,32.2
2024-04-11T11:00,35.9,12,33.7
2024-04-11T12:00,36.8,12,34.8
2024-04-11T13:00,37.7,11,36.9
2024-04-11T14:00,38.0,10,37.4
2024-04-11T15:00,38.0,10,36.7
2024-04-11T16:00,37.7,10,35.5
2024-04-11T17:00,36.9,11,33.7
2024-04-11T18:00,32.8,16,30.2
2024-04-11T19:00,31.4,20,29.1
2024-04-11T20:00,31.3,21,29.9
2024-04-11T21:00,27.5,25,25.4
2024-04-11T22:00,27.2,25,24.9
2024-04-11T23:00,25.9,28,23.6
2024-04-12T00:00,24.6,30,21.9
2024-04-12T01:00,26.2,27,23.9
2024-04-12T02:00,23.5,32,20.8
2024-04-12T03:00,22.9,33,20.4
2024-04-12T04:00,24.0,31,21.8
2024-04-12T05:00,21.8,36,19.4
2024-04-12T06:00,22.9,36,21.4
2024-04-12T07:00,25.6,31,23.8
2024-04-12T08:00,29.3,25,27.9
2024-04-12T09:00,32.7,21,31.4
2024-04-12T10:00,35.5,16,34.5
2024-04-12T11:00,37.1,12,35.7
2024-04-12T12:00,37.8,11,36.6
2024-04-12T13:00,38.5,11,37.3
2024-04-12T14:00,38.8,11,37.3
2024-04-12T15:00,38.7,11,36.6
2024-04-12T16:00,38.1,11,35.9
2024-04-12T17:00,37.0,12,33.7
2024-04-12T18:00,33.8,14,31.2
2024-04-12T19:00,30.6,16,27.7
2024-04-12T20:00,29.7,17,26.5
2024-04-12T21:00,28.6,18,25.2
2024-04-12T22:00,27.6,20,24.7
2024-04-12T23:00,27.5,20,24.4
2024-04-13T00:00,27.1,21,23.1
2024-04-13T01:00,27.3,20,23.3
2024-04-13T02:00,26.9,20,23.0
2024-04-13T03:00,26.2,25,23.2
2024-04-13T04:00,25.6,29,23.0
2024-04-13T05:00,25.3,31,23.2
2024-04-13T06:00,25.4,38,23.3
2024-04-13T07:00,27.1,37,25.8
2024-04-13T08:00,29.9,34,29.3
2024-04-13T09:00,32.9,29,32.7
2024-04-13T10:00,35.8,22,36.0
2024-04-13T11:00,38.0,13,36.7
2024-04-13T12:00,38.4,12,35.8
2024-04-13T13:00,38.4,12,35.6
2024-04-13T14:00,38.5,11,35.4
2024-04-13T15:00,38.3,11,34.7
2024-04-13T16:00,37.8,12,34.1
2024-04-13T17:00,36.9,13,33.3
2024-04-13T18:00,28.2,43,27.6
2024-04-13T19:00,26.9,50,27.2
2024-04-13T20:00,26.5,50,27.3
2024-04-13T21:00,27.5,43,27.0
2024-04-13T22:00,27.8,37,26.9
2024-04-13T23:00,28.1,34,27.3
2024-04-14T00:00,27.8,33,27.3
2024-04-14T01:00,24.8,44,23.0
2024-04-14T02:00,23.8,46,22.9
2024-04-14T03:00,22.8,53,22.4
2024-04-14T04:00,23.1,54,23.0
2024-04-14T05:00,22.8,57,22.6
2024-04-14T06:00,24.9,62,26.8
2024-04-14T07:00,24.6,59,24.5
2024-04-14T08:00,25.8,52,25.6
2024-04-14T09:00,26.5,50,26.3
2024-04-14T10:00,27.7,45,27.4
2024-04-14T11:00,29.9,37,29.0
2024-04-14T12:00,31.2,36,31.2
2024-04-14T13:00,31.2,35,31.0
2024-04-14T14:00,33.0,31,33.9
2024-04-14T15:00,33.7,28,33.9
2024-04-14T16:00,33.8,27,33.6
2024-04-14T17:00,33.2,27,32.8
2024-04-14T18:00,28.7,41,28.3
2024-04-14T19:00,27.8,47,28.0
2024-04-14T20:00,27.1,50,26.9
2024-04-14T21:00,26.2,53,26.2
2024-04-14T22:00,25.6,55,26.3
2024-04-14T23:00,25.1,56,26.3
2024-04-15T00:00,24.7,57,25.8
2024-04-15T01:00,24.2,58,25.2
2024-04-15T02:00,23.4,61,24.3
2024-04-15T03:00,22.8,63,23.7
2024-04-15T04:00,22.3,65,22.9
2024-04-15T05:00,23.0,61,23.7
2024-04-15T06:00,22.6,76,23.4
2024-04-15T07:00,24.4,75,26.9
2024-04-15T08:00,26.4,67,29.5
2024-04-15T09:00,30.1,45,31.7
2024-04-15T10:00,31.7,39,33.1
2024-04-15T11:00,34.1,32,36.9
2024-04-15T12:00,35.5,28,37.4
2024-04-15T13:00,35.6,25,34.9
2024-04-15T14:00,36.3,23,36.3
2024-04-15T15:00,36.3,23,34.9
2024-04-15T16:00,36.2,22,34.3
2024-04-15T17:00,34.6,24,31.8
2024-04-15T18:00,30.6,42,31.1
2024-04-15T19:00,29.1,46,30.3
2024-04-15T20:00,27.6,51,28.7
2024-04-15T21:00,26.4,55,27.4
2024-04-15T22:00,27.8,50,29.2
2024-04-15T23:00,25.9,56,27.1
2024-04-16T00:00,25.7,56,27.0
2024-04-16T01:00,25.2,57,25.7
2024-04-16T02:00,25.0,58,25.6
2024-04-16T03:00,24.8,60,25.7
2024-04-16T04:00,24.2,62,24.8
2024-04-16T05:00,23.5,63,24.0
2024-04-16T06:00,25.2,50,24.4
2024-04-16T07:00,26.9,44,26.2
2024-04-16T08:00,30.1,38,29.4
2024-04-16T09:00,32.1,32,30.1
2024-04-16T10:00,33.0,28,31.4
2024-04-16T11:00,34.1,26,33.0
2024-04-16T12:00,35.0,23,34.2
2024-04-16T13:00,35.6,22,34.6
2024-04-16T14:00,35.7,21,34.0
2024-04-16T15:00,35.6,20,33.0
2024-04-16T16:00,35.1,20,31.7
2024-04-16T17:00,34.2,20,30.5
2024-04-16T18:00,32.9,22,29.7
2024-04-16T19:00,30.9,25,28.3
2024-04-16T20:00,29.6,26,26.9
2024-04-16T21:00,28.8,27,26.1
2024-04-16T22:00,27.3,30,24.8
2024-04-16T23:00,26.3,32,23.7
2024-04-17T00:00,25.5,34,22.8
2024-04-17T01:00,25.0,37,22.2
2024-04-17T02:00,24.4,40,22.0
2024-04-17T03:00,23.6,44,21.4
2024-04-17T04:00,22.9,47,20.9
2024-04-17T05:00,22.2,50,20.5
2024-04-17T06:00,23.0,48,21.4
2024-04-17T07:00,24.8,44,23.2
2024-04-17T08:00,27.1,39,25.4
2024-04-17T09:00,29.7,31,27.4
2024-04-17T10:00,31.7,23,28.9
2024-04-17T11:00,33.2,19,30.7
2024-04-17T12:00,34.4,17,32.1
2024-04-17T13:00,35.1,15,32.2
2024-04-17T14:00,35.3,15,31.6
2024-04-17T15:00,35.1,15,30.1
2024-04-17T16:00,34.7,14,28.8
2024-04-17T17:00,33.8,14,27.8
2024-04-17T18:00,32.5,13,26.9
2024-04-17T19:00,31.2,14,25.8
2024-04-17T20:00,31.1,14,26.2
2024-04-17T21:00,29.9,16,25.8
2024-04-17T22:00,28.8,18,24.9
2024-04-17T23:00,28.0,20,24.0
2024-04-18T00:00,27.0,23,23.3
2024-04-18T01:00,25.8,25,22.6
2024-04-18T02:00,25.3,27,22.4
2024-04-18T03:00,24.8,29,21.9
2024-04-18T04:00,24.3,30,21.7
2024-04-18T05:00,23.7,32,21.3
2024-04-18T06:00,24.4,34,22.3
2024-04-18T07:00,26.6,30,24.5
2024-04-18T08:00,29.5,26,27.2
2024-04-18T09:00,31.9,22,29.4
2024-04-18T10:00,34.1,19,32.3
2024-04-18T11:00,35.7,18,34.8
2024-04-18T12:00,36.8,18,36.3
2024-04-18T13:00,37.5,17,36.8
2024-04-18T14:00,37.8,17,36.4
2024-04-18T15:00,37.6,17,35.2
2024-04-18T16:00,36.9,18,34.2
2024-04-18T17:00,36.2,18,34.3
2024-04-18T18:00,35.0,19,33.3
2024-04-18T19:00,33.1,22,31.0
2024-04-18T20:00,31.1,25,29.9
2024-04-18T21:00,29.8,29,28.9
2024-04-18T22:00,29.0,30,27.9
2024-04-18T23:00,28.6,31,27.7
2024-04-19T00:00,29.4,33,27.3
2024-04-19T01:00,27.9,38,26.9
2024-04-19T02:00,26.7,42,25.8
2024-04-19T03:00,25.9,44,25.3
2024-04-19T04:00,25.5,45,24.8
2024-04-19T05:00,24.6,47,24.0
2024-04-19T06:00,26.7,40,25.9
2024-04-19T07:00,28.6,36,28.0
2024-04-19T08:00,31.1,31,30.0
2024-04-19T09:00,33.4,29,32.2
2024-04-19T10:00,35.1,26,34.7
2024-04-19T11:00,36.2,24,36.2
2024-04-19T12:00,36.8,22,36.7
2024-04-19T13:00,37.2,20,36.6
2024-04-19T14:00,37.7,21,37.3
2024-04-19T15:00,38.3,18,36.3
2024-04-19T16:00,38.0,17,34.8
2024-04-19T17:00,37.8,15,34.7
2024-04-19T18:00,33.9,20,32.3
2024-04-19T19:00,32.6,22,30.5
2024-04-19T20:00,29.8,27,28.3
2024-04-19T21:00,31.3,25,30.4
2024-04-19T22:00,28.2,30,27.2
2024-04-19T23:00,27.5,34,25.7
2024-04-20T00:00,27.3,33,25.2
2024-04-20T01:00,25.9,32,24.0
2024-04-20T02:00,25.0,32,22.9
2024-04-20T03:00,23.7,33,21.7
2024-04-20T04:00,23.0,34,20.6
2024-04-20T05:00,22.3,34,19.7
2024-04-20T06:00,24.0,50,23.2
2024-04-20T07:00,25.8,47,25.0
2024-04-20T08:00,28.0,41,26.5
2024-04-20T09:00,30.5,34,28.9
2024-04-20T10:00,32.8,25,31.3
2024-04-20T11:00,35.0,21,34.3
2024-04-20T12:00,36.0,19,35.5
2024-04-20T13:00,36.7,19,35.0
2024-04-20T14:00,36.1,19,33.3
2024-04-20T15:00,35.9,19,32.3
2024-04-20T16:00,35.2,19,32.0
2024-04-20T17:00,34.5,19,31.1
2024-04-20T18:00,34.0,20,31.6
2024-04-20T19:00,31.9,23,29.1
2024-04-20T20:00,31.0,24,27.5
2024-04-20T21:00,30.3,23,27.0
2024-04-20T22:00,28.8,25,26.0
2024-04-20T23:00,27.7,27,25.1
2024-04-21T00:00,26.9,29,24.6
2024-04-21T01:00,26.3,31,24.0
2024-04-21T02:00,25.7,33,23.6
2024-04-21T03:00,24.8,35,22.8
2024-04-21T04:00,24.1,37,22.2
2024-04-21T05:00,23.6,38,21.9
2024-04-21T06:00,24.8,42,23.4
2024-04-21T07:00,26.7,39,25.4
2024-04-21T08:00,29.0,35,27.7
2024-04-21T09:00,31.5,31,30.2
2024-04-21T10:00,33.7,23,32.3
2024-04-21T11:00,35.0,18,32.9
2024-04-21T12:00,36.0,17,34.3
2024-04-21T13:00,36.6,16,34.9
2024-04-21T14:00,35.7,17,32.7
2024-04-21T15:00,35.7,17,32.4
2024-04-21T16:00,35.4,17,32.0
2024-04-21T17:00,34.8,18,31.5
2024-04-21T18:00,33.4,20,31.2
2024-04-21T19:00,31.4,22,28.8
2024-04-21T20:00,30.3,24,28.3
2024-04-21T21:00,28.1,28,26.4
2024-04-21T22:00,26.9,31,25.1
2024-04-21T23:00,27.7,29,26.2
2024-04-22T00:00,27.2,28,24.9
2024-04-22T01:00,27.0,30,23.8
2024-04-22T02:00,26.4,34,23.9
2024-04-22T03:00,26.7,33,24.6
2024-04-22T04:00,26.2,34,24.3
2024-04-22T05:00,24.5,37,23.2
2024-04-22T06:00,24.8,46,21.9
2024-04-22T07:00,26.6,42,24.7
2024-04-22T08:00,30.7,31,29.2
2024-04-22T09:00,33.6,23,32.2
2024-04-22T10:00,35.1,19,33.3
2024-04-22T11:00,36.0,17,34.4
2024-04-22T12:00,36.7,17,34.9
2024-04-22T13:00,37.0,17,35.3
2024-04-22T14:00,36.9,15,34.5
2024-04-22T15:00,36.9,15,33.8
2024-04-22T16:00,36.3,15,32.6
2024-04-22T17:00,35.3,16,31.9
2024-04-22T18:00,34.0,14,31.0
2024-04-22T19:00,31.9,16,28.9
2024-04-22T20:00,30.9,19,27.9
2024-04-22T21:00,30.5,20,27.9
2024-04-22T22:00,28.5,24,26.5
2024-04-22T23:00,27.2,27,25.3
2024-04-23T00:00,25.2,32,23.4
2024-04-23T01:00,25.3,32,24.3
2024-04-23T02:00,26.3,29,25.3
2024-04-23T03:00,23.4,36,21.8
2024-04-23T04:00,23.1,39,21.5
2024-04-23T05:00,22.6,40,21.8
2024-04-23T06:00,24.2,36,22.1
2024-04-23T07:00,26.4,32,25.0
2024-04-23T08:00,30.0,26,28.5
2024-04-23T09:00,33.0,22,31.2
2024-04-23T10:00,35.4,17,34.1
2024-04-23T11:00,36.6,14,35.8
2024-04-23T12:00,37.6,13,36.8
2024-04-23T13:00,38.0,11,36.1
2024-04-23T14:00,37.9,11,34.8
2024-04-23T15:00,37.1,12,32.7
2024-04-23T16:00,36.1,13,31.2
2024-04-23T17:00,35.4,14,31.6
2024-04-23T18:00,31.6,24,28.9
2024-04-23T19:00,29.7,27,28.0
2024-04-23T20:00,27.7,32,26.6
2024-04-23T21:00,27.0,34,25.8
2024-04-23T22:00,26.0,35,24.8
2024-04-23T23:00,24.8,38,23.7
2024-04-24T00:00,23.5,43,22.1
2024-04-24T01:00,25.3,37,24.2
2024-04-24T02:00,25.2,37,24.5
2024-04-24T03:00,22.7,45,21.6
2024-04-24T04:00,21.2,50,20.5
2024-04-24T05:00,21.0,49,20.0
2024-04-24T06:00,21.8,53,21.1
2024-04-24T07:00,24.5,45,24.1
2024-04-24T08:00,28.5,36,28.5
2024-04-24T09:00,31.7,28,31.5
2024-04-24T10:00,33.8,23,34.1
2024-04-24T11:00,35.5,18,34.8
2024-04-24T12:00,36.1,16,34.6
2024-04-24T13:00,36.8,15,34.9
2024-04-24T14:00,36.9,15,34.0
2024-04-24T15:00,36.8,15,33.3
2024-04-24T16:00,36.1,15,31.7
2024-04-24T17:00,35.2,16,30.8
2024-04-24T18:00,34.0,16,30.6
2024-04-24T19:00,31.6,19,28.6
2024-04-24T20:00,30.5,18,27.0
2024-04-24T21:00,29.8,18,26.2
2024-04-24T22:00,29.6,18,25.3
2024-04-24T23:00,28.2,21,24.1
2024-04-25T00:00,26.4,24,23.5
2024-04-25T01:00,24.8,27,22.3
2024-04-25T02:00,22.9,33,20.4
2024-04-25T03:00,22.1,36,19.7
2024-04-25T04:00,21.5,38,19.3
2024-04-25T05:00,21.5,38,19.8
2024-04-25T06:00,22.2,39,20.4
2024-04-25T07:00,25.2,34,23.7
2024-04-25T08:00,28.5,28,27.3
2024-04-25T09:00,31.7,24,30.3
2024-04-25T10:00,34.0,20,33.1
2024-04-25T11:00,35.9,17,34.8
2024-04-25T12:00,37.1,14,35.2
2024-04-25T13:00,37.8,13,35.2
2024-04-25T14:00,38.3,11,34.6
2024-04-25T15:00,37.9,12,33.4
2024-04-25T16:00,37.4,12,32.8
2024-04-25T17:00,36.6,12,32.4
2024-04-25T18:00,33.8,18,31.9
2024-04-25T19:00,32.3,21,30.2
2024-04-25T20:00,29.3,26,27.4
2024-04-25T21:00,27.8,31,25.9
2024-04-25T22:00,28.1,29,26.2
2024-04-25T23:00,26.9,29,25.0
2024-04-26T00:00,25.7,32,23.5
2024-04-26T01:00,28.5,25,26.6
2024-04-26T02:00,28.4,25,26.4
2024-04-26T03:00,26.9,28,24.9
2024-04-26T04:00,27.2,27,26.0
2024-04-26T05:00,23.4,35,21.7
2024-04-26T06:00,26.4,28,25.2
2024-04-26T07:00,27.7,29,25.6
2024-04-26T08:00,31.2,23,29.0
2024-04-26T09:00,34.6,18,32.6
2024-04-26T10:00,36.9,16,35.7
2024-04-26T11:00,38.1,15,37.5
2024-04-26T12:00,38.9,13,38.3
2024-04-26T13:00,39.2,13,37.5
2024-04-26T14:00,39.2,13,36.9
2024-04-26T15:00,39.1,13,36.4
2024-04-26T16:00,38.2,14,35.0
2024-04-26T17:00,37.3,15,34.3
2024-04-26T18:00,32.5,27,27.9
2024-04-26T19:00,31.6,26,30.3
2024-04-26T20:00,31.9,24,30.9
2024-04-26T21:00,30.2,27,28.6
2024-04-26T22:00,30.1,28,27.7
2024-04-26T23:00,30.4,29,28.2
2024-04-27T00:00,29.6,31,27.4
2024-04-27T01:00,29.6,32,27.4
2024-04-27T02:00,28.7,36,27.1
2024-04-27T03:00,28.0,39,26.7
2024-04-27T04:00,27.8,40,26.4
2024-04-27T05:00,27.6,40,26.2
2024-04-27T06:00,26.0,47,26.8
2024-04-27T07:00,28.5,42,28.9
2024-04-27T08:00,30.7,35,29.9
2024-04-27T09:00,32.9,28,31.3
2024-04-27T10:00,34.5,24,33.5
2024-04-27T11:00,36.7,19,35.6
2024-04-27T12:00,37.5,16,35.2
2024-04-27T13:00,37.7,15,35.6
2024-04-27T14:00,37.9,15,35.7
2024-04-27T15:00,37.8,14,34.7
2024-04-27T16:00,37.2,14,33.4
2024-04-27T17:00,36.2,15,32.7
2024-04-27T18:00,34.6,15,30.9
2024-04-27T19:00,32.5,18,29.3
2024-04-27T20:00,31.0,21,26.9
2024-04-27T21:00,29.8,28,26.8
2024-04-27T22:00,28.6,31,26.6
2024-04-27T23:00,27.5,34,25.4
2024-04-28T00:00,26.7,36,25.1
2024-04-28T01:00,25.8,39,24.7
2024-04-28T02:00,24.8,41,24.0
2024-04-28T03:00,23.7,45,22.9
2024-04-28T04:00,23.3,46,22.5
2024-04-28T05:00,22.7,49,21.8
2024-04-28T06:00,24.2,45,24.0
2024-04-28T07:00,26.0,40,25.1
2024-04-28T08:00,28.5,34,27.8
2024-04-28T09:00,31.4,27,30.6
2024-04-28T10:00,34.2,21,33.6
2024-04-28T11:00,35.9,18,35.5
2024-04-28T12:00,37.0,16,36.9
2024-04-28T13:00,37.5,16,35.9
2024-04-28T14:00,37.5,15,35.3
2024-04-28T15:00,37.4,15,34.9
2024-04-28T16:00,37.0,15,34.1
2024-04-28T17:00,35.8,16,32.5
2024-04-28T18:00,34.4,17,31.8
2024-04-28T19:00,32.7,18,29.8
2024-04-28T20:00,31.5,20,29.1
2024-04-28T21:00,30.6,23,28.7
2024-04-28T22:00,28.6,27,26.6
2024-04-28T23:00,27.0,31,24.9
2024-04-29T00:00,26.9,31,25.4
2024-04-29T01:00,25.8,31,24.1
2024-04-29T02:00,24.6,33,22.6
2024-04-29T03:00,24.3,34,22.3
2024-04-29T04:00,23.7,36,21.9
2024-04-29T05:00,23.6,37,22.1
2024-04-29T06:00,25.2,33,23.7
2024-04-29T07:00,27.8,29,26.8
2024-04-29T08:00,30.0,26,28.6
2024-04-29T09:00,32.1,23,30.7
2024-04-29T10:00,34.3,20,34.5
2024-04-29T11:00,36.0,19,36.7
2024-04-29T12:00,37.3,17,37.6
2024-04-29T13:00,37.9,15,37.3
2024-04-29T14:00,38.1,14,35.6
2024-04-29T15:00,37.6,15,34.0
2024-04-29T16:00,37.1,15,33.6
2024-04-29T17:00,35.9,18,32.3
2024-04-29T18:00,34.2,20,31.4
2024-04-29T19:00,32.5,24,29.6
2024-04-29T20:00,30.2,31,27.2
2024-04-29T21:00,29.2,33,26.5
2024-04-29T22:00,28.5,34,26.3
2024-04-29T23:00,27.5,35,25.8
2024-04-30T00:00,26.6,37,25.0
2024-04-30T01:00,25.8,38,23.9
2024-04-30T02:00,25.2,38,23.1
2024-04-30T03:00,24.9,37,22.8
2024-04-30T04:00,24.0,40,22.3
2024-04-30T05:00,23.3,42,21.7
2024-04-30T06:00,24.0,50,23.2
2024-04-30T07:00,26.0,46,25.5
2024-04-30T08:00,29.1,39,28.5
2024-04-30T09:00,31.3,31,29.6
2024-04-30T10:00,32.9,20,30.9
2024-04-30T11:00,34.2,16,32.6
2024-04-30T12:00,35.3,14,33.8
2024-04-30T13:00,36.1,12,34.0
2024-04-30T14:00,36.2,11,33.1
2024-04-30T15:00,36.0,10,31.9
2024-04-30T16:00,35.3,10,30.3
2024-04-30T17:00,34.2,11,29.1
2024-04-30T18:00,32.5,14,28.6
2024-04-30T19:00,30.2,15,26.8
2024-04-30T20:00,28.4,17,25.2
2024-04-30T21:00,26.3,20,23.1
2024-04-30T22:00,28.6,17,25.6
2024-04-30T23:00,27.8,18,24.9
2024-05-01T00:00,24.7,22,21.5
2024-05-01T01:00,23.8,23,20.3
2024-05-01T02:00,22.7,25,19.0
2024-05-01T03:00,21.9,27,17.9
2024-05-01T04:00,21.2,31,17.6
2024-05-01T05:00,20.5,34,17.5
2024-05-01T06:00,21.5,42,18.7
2024-05-01T07:00,23.3,38,20.7
2024-05-01T08:00,25.7,33,22.6
2024-05-01T09:00,28.0,25,24.1
2024-05-01T10:00,30.1,17,26.0
2024-05-01T11:00,31.5,13,27.4
2024-05-01T12:00,32.3,12,28.5
2024-05-01T13:00,32.6,12,28.8
2024-05-01T14:00,32.7,12,28.5
2024-05-01T15:00,32.5,12,27.5
2024-05-01T16:00,31.7,13,26.1
2024-05-01T17:00,30.7,14,25.3
2024-05-01T18:00,29.8,14,25.1
2024-05-01T19:00,28.0,17,24.0
2024-05-01T20:00,26.8,20,23.1
2024-05-01T21:00,26.1,23,22.2
2024-05-01T22:00,24.6,27,21.8
2024-05-01T23:00,23.2,30,20.9
2024-05-02T00:00,22.5,32,19.8
2024-05-02T01:00,21.5,35,19.1
2024-05-02T02:00,20.7,37,18.4
2024-05-02T03:00,20.3,37,17.7
2024-05-02T04:00,19.8,38,17.2
2024-05-02T05:00,19.3,38,16.5
2024-05-02T06:00,20.6,41,18.1
2024-05-02T07:00,22.9,37,20.4
2024-05-02T08:00,26.0,32,23.5
2024-05-02T09:00,28.9,25,25.4
2024-05-02T10:00,30.8,20,28.1
2024-05-02T11:00,32.4,18,30.1
2024-05-02T12:00,33.7,15,31.3
2024-05-02T13:00,34.6,15,32.1
2024-05-02T14:00,34.9,16,32.2
2024-05-02T15:00,35.0,15,31.6
2024-05-02T16:00,34.6,16,30.6
2024-05-02T17:00,33.8,17,30.1
2024-05-02T18:00,32.4,19,29.6
2024-05-02T19:00,30.4,21,27.5
2024-05-02T20:00,29.3,22,26.7
2024-05-02T21:00,27.7,24,25.3
2024-05-02T22:00,26.4,27,23.9
2024-05-02T23:00,25.1,30,22.9
2024-05-03T00:00,23.7,32,21.7
2024-05-03T01:00,22.9,34,20.8
2024-05-03T02:00,22.2,34,20.0
2024-05-03T03:00,21.7,34,19.3
2024-05-03T04:00,21.2,35,18.7
2024-05-03T05:00,20.7,36,18.3
2024-05-03T06:00,22.6,36,20.4
2024-05-03T07:00,25.3,32,23.3
2024-05-03T08:00,28.6,27,26.4
2024-05-03T09:00,31.8,22,29.4
2024-05-03T10:00,34.4,17,31.9
2024-05-03T11:00,36.1,14,33.2
2024-05-03T12:00,37.2,12,33.9
2024-05-03T13:00,37.9,11,34.2
2024-05-03T14:00,38.1,11,34.2
2024-05-03T15:00,37.9,11,33.6
2024-05-03T16:00,37.5,12,33.0
2024-05-03T17:00,36.6,12,32.3
2024-05-03T18:00,34.7,15,31.3
2024-05-03T19:00,33.4,16,29.6
2024-05-03T20:00,31.7,17,28.5
2024-05-03T21:00,30.1,20,27.1
2024-05-03T22:00,29.4,20,26.3
2024-05-03T23:00,28.7,22,26.1
2024-05-04T00:00,28.5,23,26.0
2024-05-04T01:00,27.8,24,25.5
2024-05-04T02:00,27.7,25,25.6
2024-05-04T03:00,27.3,26,25.4
2024-05-04T04:00,26.5,30,24.5
2024-05-04T05:00,27.0,27,24.6
2024-05-04T06:00,26.6,30,24.4
2024-05-04T07:00,28.7,27,26.3
2024-05-04T08:00,31.2,23,28.4
2024-05-04T09:00,33.5,20,30.8
2024-05-04T10:00,37.3,14,35.0
2024-05-04T11:00,39.0,11,36.9
2024-05-04T12:00,40.0,10,38.5
2024-05-04T13:00,40.5,10,38.4
2024-05-04T14:00,40.6,10,37.9
2024-05-04T15:00,40.5,9,36.8
2024-05-04T16:00,39.8,10,35.6
2024-05-04T17:00,38.6,11,34.8
2024-05-04T18:00,36.0,13,33.4
2024-05-04T19:00,33.3,16,30.6
2024-05-04T20:00,31.6,19,29.1
2024-05-04T21:00,30.9,20,28.5
2024-05-04T22:00,30.3,20,27.8
2024-05-04T23:00,28.8,23,26.5
2024-05-05T00:00,27.7,25,25.5
2024-05-05T01:00,26.9,26,24.5
2024-05-05T02:00,26.4,28,24.2
2024-05-05T03:00,25.5,29,23.8
2024-05-05T04:00,25.9,28,23.4
2024-05-05T05:00,25.0,30,22.7
2024-05-05T06:00,26.5,30,24.1
2024-05-05T07:00,28.6,29,26.4
2024-05-05T08:00,31.4,24,29.3
2024-05-05T09:00,35.1,18,32.5
2024-05-05T10:00,38.0,13,35.8
2024-05-05T11:00,39.6,12,37.9
2024-05-05T12:00,40.4,12,38.9
2024-05-05T13:00,40.8,12,39.2
2024-05-05T14:00,40.9,12,38.8
2024-05-05T15:00,40.7,12,37.4
2024-05-05T16:00,40.0,12,36.0
2024-05-05T17:00,39.4,12,35.6
2024-05-05T18:00,37.8,14,35.1
2024-05-05T19:00,35.2,18,32.5
2024-05-05T20:00,33.6,20,31.2
2024-05-05T21:00,32.5,20,30.1
2024-05-05T22:00,30.9,21,28.6
2024-05-05T23:00,29.9,22,27.5
2024-05-06T00:00,29.6,23,26.9
2024-05-06T01:00,28.8,25,26.5
2024-05-06T02:00,28.4,27,26.1
2024-05-06T03:00,27.9,28,25.7
2024-05-06T04:00,26.9,31,25.1
2024-05-06T05:00,26.0,33,24.4
2024-05-06T06:00,27.9,32,26.8
2024-05-06T07:00,30.1,30,28.9
2024-05-06T08:00,32.8,26,31.6
2024-05-06T09:00,35.5,22,34.2
2024-05-06T10:00,37.6,19,36.9
2024-05-06T11:00,39.1,16,37.7
2024-05-06T12:00,39.8,15,38.1
2024-05-06T13:00,40.4,14,38.3
2024-05-06T14:00,40.6,14,37.7
2024-05-06T15:00,40.2,14,36.4
2024-05-06T16:00,39.6,14,36.0
2024-05-06T17:00,38.9,14,34.5
2024-05-06T18:00,37.5,15,34.2
2024-05-06T19:00,35.4,17,32.4
2024-05-06T20:00,34.0,19,31.6
2024-05-06T21:00,32.4,21,30.1
2024-05-06T22:00,31.6,23,29.5
2024-05-06T23:00,30.3,25,28.6
2024-05-07T00:00,28.7,28,26.9
2024-05-07T01:00,28.1,30,26.4
2024-05-07T02:00,26.8,32,25.3
2024-05-07T03:00,26.2,34,24.8
2024-05-07T04:00,29.0,27,27.8
2024-05-07T05:00,29.1,26,27.6
2024-05-07T06:00,27.9,36,27.6
2024-05-07T07:00,30.8,30,30.5
2024-05-07T08:00,33.7,26,33.9
2024-05-07T09:00,35.4,24,34.6
2024-05-07T10:00,37.3,21,36.9
2024-05-07T11:00,39.5,17,40.4
2024-05-07T12:00,40.6,14,41.2
2024-05-07T13:00,41.4,13,41.0
2024-05-07T14:00,41.3,13,39.7
2024-05-07T15:00,41.3,13,39.5
2024-05-07T16:00,41.1,12,38.3
2024-05-07T17:00,40.2,13,37.9
2024-05-07T18:00,37.9,16,35.8
2024-05-07T19:00,35.2,19,33.3
2024-05-07T20:00,33.2,29,31.5
2024-05-07T21:00,31.6,39,31.4
2024-05-07T22:00,30.9,40,30.9
2024-05-07T23:00,30.4,40,30.0
2024-05-08T00:00,28.8,45,29.7
2024-05-08T01:00,28.2,47,28.9
2024-05-08T02:00,27.8,49,28.5
2024-05-08T03:00,27.6,50,27.9
2024-05-08T04:00,27.5,50,27.3
2024-05-08T05:00,27.0,51,27.1
2024-05-08T06:00,27.9,64,29.3
2024-05-08T07:00,29.1,58,30.0
2024-05-08T08:00,30.7,54,31.6
2024-05-08T09:00,32.6,48,33.6
2024-05-08T10:00,34.7,42,36.5
2024-05-08T11:00,36.4,36,38.6
2024-05-08T12:00,37.8,32,40.2
2024-05-08T13:00,38.6,26,40.7
2024-05-08T14:00,39.2,22,40.4
2024-05-08T15:00,39.7,20,39.7
2024-05-08T16:00,39.1,18,37.7
2024-05-08T17:00,38.1,19,36.2
2024-05-08T18:00,35.8,26,35.7
2024-05-08T19:00,33.8,30,32.8
2024-05-08T20:00,32.1,36,31.5
2024-05-08T21:00,31.5,37,31.2
2024-05-08T22:00,30.9,38,30.5
2024-05-08T23:00,30.6,38,29.1
2024-05-09T00:00,29.9,39,28.5
2024-05-09T01:00,28.8,43,27.7
2024-05-09T02:00,28.0,47,27.4
2024-05-09T03:00,27.4,50,27.2
2024-05-09T04:00,26.8,52,26.6
2024-05-09T05:00,26.2,56,26.1
2024-05-09T06:00,27.6,56,28.3
2024-05-09T07:00,28.7,52,27.9
2024-05-09T08:00,30.4,47,30.2
2024-05-09T09:00,32.0,44,31.8
2024-05-09T10:00,33.8,40,34.8
2024-05-09T11:00,35.7,35,37.8
2024-05-09T12:00,37.1,32,39.9
2024-05-09T13:00,38.3,29,41.4
2024-05-09T14:00,39.1,25,41.6
2024-05-09T15:00,39.5,22,40.0
2024-05-09T16:00,39.6,19,38.8
2024-05-09T17:00,39.0,19,37.2
2024-05-09T18:00,35.1,24,34.9
2024-05-09T19:00,33.3,26,32.4
2024-05-09T20:00,32.4,28,31.2
2024-05-09T21:00,31.6,29,30.3
2024-05-09T22:00,30.5,32,29.2
2024-05-09T23:00,29.9,35,28.5
2024-05-10T00:00,29.2,37,28.0
2024-05-10T01:00,28.7,38,27.4
2024-05-10T02:00,28.0,40,26.8
2024-05-10T03:00,27.2,43,26.6
2024-05-10T04:00,26.5,46,26.3
2024-05-10T05:00,26.0,49,25.9
2024-05-10T06:00,27.5,59,27.8
2024-05-10T07:00,28.2,58,29.1
2024-05-10T08:00,30.8,52,31.8
2024-05-10T09:00,32.4,49,33.4
2024-05-10T10:00,34.2,44,35.9
2024-05-10T11:00,36.2,39,38.6
2024-05-10T12:00,37.9,33,40.9
2024-05-10T13:00,38.8,31,42.4
2024-05-10T14:00,39.5,28,42.8
2024-05-10T15:00,38.2,28,37.7
2024-05-10T16:00,36.5,29,37.6
2024-05-10T17:00,36.6,30,38.3
2024-05-10T18:00,33.3,44,35.7
2024-05-10T19:00,32.5,47,36.0
2024-05-10T20:00,31.5,51,34.9
2024-05-10T21:00,31.6,51,35.1
2024-05-10T22:00,30.7,54,34.1
2024-05-10T23:00,28.9,59,31.9
2024-05-11T00:00,28.8,58,31.5
2024-05-11T01:00,28.5,56,30.5
2024-05-11T02:00,28.0,56,29.9
2024-05-11T03:00,26.5,62,28.6
2024-05-11T04:00,26.3,61,28.4
2024-05-11T05:00,26.0,61,27.7
2024-05-11T06:00,27.4,61,29.2
2024-05-11T07:00,28.6,56,31.2
2024-05-11T08:00,30.0,51,32.3
2024-05-11T09:00,31.3,48,33.5
2024-05-11T10:00,32.7,42,35.0
2024-05-11T11:00,34.8,34,38.0
2024-05-11T12:00,37.0,28,40.1
2024-05-11T13:00,38.3,23,39.1
2024-05-11T14:00,38.8,22,38.4
2024-05-11T15:00,38.6,22,37.2
2024-05-11T16:00,38.0,23,36.3
2024-05-11T17:00,37.4,24,36.4
2024-05-11T18:00,35.4,27,34.5
2024-05-11T19:00,33.4,32,33.6
2024-05-11T20:00,31.4,37,32.2
2024-05-11T21:00,30.8,41,31.7
2024-05-11T22:00,29.1,45,30.0
2024-05-11T23:00,28.3,49,29.4
2024-05-12T00:00,28.9,46,30.1
2024-05-12T01:00,27.5,50,28.6
2024-05-12T02:00,27.5,49,28.6
2024-05-12T03:00,27.7,48,28.6
2024-05-12T04:00,27.8,48,28.3
2024-05-12T05:00,27.5,51,28.3
2024-05-12T06:00,28.6,56,30.1
2024-05-12T07:00,29.9,51,31.5
2024-05-12T08:00,31.9,43,33.1
2024-05-12T09:00,34.4,34,34.6
2024-05-12T10:00,36.1,30,36.5
2024-05-12T11:00,37.4,27,38.2
2024-05-12T12:00,36.2,29,37.3
2024-05-12T13:00,36.5,29,36.8
2024-05-12T14:00,37.2,26,38.5
2024-05-12T15:00,37.8,25,37.4
2024-05-12T16:00,37.0,25,36.3
2024-05-12T17:00,36.3,26,35.4
2024-05-12T18:00,35.9,26,35.4
2024-05-12T19:00,32.5,33,32.6
2024-05-12T20:00,32.3,33,32.7
2024-05-12T21:00,30.4,38,30.6
2024-05-12T22:00,29.3,40,29.5
2024-05-12T23:00,28.6,42,29.1
2024-05-13T00:00,27.8,43,28.0
2024-05-13T01:00,28.2,40,28.0
2024-05-13T02:00,27.9,42,27.9
2024-05-13T03:00,28.0,42,27.7
2024-05-13T04:00,27.7,44,27.9
2024-05-13T05:00,27.2,46,27.6
2024-05-13T06:00,29.4,50,31.5
2024-05-13T07:00,30.9,47,32.9
2024-05-13T08:00,33.3,43,35.4
2024-05-13T09:00,35.2,39,37.3
2024-05-13T10:00,37.1,32,39.7
2024-05-13T11:00,38.5,23,39.6
2024-05-13T12:00,38.7,20,37.9
2024-05-13T13:00,38.3,19,36.8
2024-05-13T14:00,39.9,15,39.0
2024-05-13T15:00,40.1,14,38.0
2024-05-13T16:00,40.3,13,38.1
2024-05-13T17:00,39.6,9,35.2
2024-05-13T18:00,36.1,12,33.3
2024-05-13T19:00,31.6,19,28.8
2024-05-13T20:00,31.3,20,28.9
2024-05-13T21:00,29.0,25,26.5
2024-05-13T22:00,28.9,24,26.8
2024-05-13T23:00,27.4,25,25.0
2024-05-14T00:00,26.8,25,24.3
2024-05-14T01:00,25.9,26,22.9
2024-05-14T02:00,26.2,26,23.3
2024-05-14T03:00,26.2,26,23.7
2024-05-14T04:00,25.0,28,22.6
2024-05-14T05:00,24.6,29,22.4
2024-05-14T06:00,26.7,37,26.3
2024-05-14T07:00,29.3,33,29.2
2024-05-14T08:00,32.1,28,32.1
2024-05-14T09:00,34.6,24,34.3
2024-05-14T10:00,37.0,19,37.0
2024-05-14T11:00,38.6,16,38.6
2024-05-14T12:00,39.7,14,38.8
2024-05-14T13:00,40.1,14,38.6
2024-05-14T14:00,40.7,12,38.5
2024-05-14T15:00,40.6,11,36.7
2024-05-14T16:00,40.0,10,35.5
2024-05-14T17:00,39.5,10,35.5
2024-05-14T18:00,37.7,9,33.4
2024-05-14T19:00,33.1,14,30.1
2024-05-14T20:00,30.1,20,27.3
2024-05-14T21:00,29.6,21,27.0
2024-05-14T22:00,31.2,20,28.1
2024-05-14T23:00,31.5,20,28.5
2024-05-15T00:00,29.9,22,27.3
2024-05-15T01:00,28.9,25,26.6
2024-05-15T02:00,27.5,28,25.6
2024-05-15T03:00,26.4,31,24.8
2024-05-15T04:00,25.9,33,24.2
2024-05-15T05:00,25.4,35,24.0
2024-05-15T06:00,27.6,36,26.9
2024-05-15T07:00,29.9,33,29.1
2024-05-15T08:00,33.3,28,32.9
2024-05-15T09:00,36.2,24,35.9
2024-05-15T10:00,38.8,16,38.8
2024-05-15T11:00,40.4,11,39.7
2024-05-15T12:00,41.5,9,39.7
2024-05-15T13:00,41.9,9,39.4
2024-05-15T14:00,42.0,9,39.2
2024-05-15T15:00,42.3,8,39.0
2024-05-15T16:00,41.8,8,37.2
2024-05-15T17:00,40.7,9,36.1
2024-05-15T18:00,37.9,12,34.3
2024-05-15T19:00,34.8,14,32.0
2024-05-15T20:00,32.8,16,30.1
2024-05-15T21:00,30.5,19,27.4
2024-05-15T22:00,31.5,17,28.7
2024-05-15T23:00,32.5,15,30.3
2024-05-16T00:00,28.3,20,25.2
2024-05-16T01:00,28.7,18,25.7
2024-05-16T02:00,28.5,18,25.4
2024-05-16T03:00,27.9,20,24.9
2024-05-16T04:00,27.0,22,24.2
2024-05-16T05:00,26.5,24,24.0
2024-05-16T06:00,27.2,31,26.1
2024-05-16T07:00,28.7,31,28.2
2024-05-16T08:00,32.1,25,31.8
2024-05-16T09:00,35.5,20,34.6
2024-05-16T10:00,38.0,18,37.4
2024-05-16T11:00,40.0,15,39.5
2024-05-16T12:00,41.6,11,40.9
2024-05-16T13:00,42.5,10,41.3
2024-05-16T14:00,42.7,10,40.1
2024-05-16T15:00,42.2,10,38.8
2024-05-16T16:00,42.2,11,39.2
2024-05-16T17:00,41.3,11,37.5
2024-05-16T18:00,37.6,20,36.4
2024-05-16T19:00,34.7,18,32.3
2024-05-16T20:00,34.5,18,32.6
2024-05-16T21:00,36.0,16,34.2
2024-05-16T22:00,33.4,19,31.4
2024-05-16T23:00,32.5,20,30.7
2024-05-17T00:00,30.1,23,27.7
2024-05-17T01:00,30.7,20,27.9
2024-05-17T02:00,30.7,20,27.7
2024-05-17T03:00,30.1,21,27.2
2024-05-17T04:00,29.3,22,26.7
2024-05-17T05:00,28.1,25,25.9
2024-05-17T06:00,28.9,32,27.5
2024-05-17T07:00,30.5,31,30.1
2024-05-17T08:00,34.5,26,34.5
2024-05-17T09:00,38.2,20,37.4
2024-05-17T10:00,40.9,16,40.1
2024-05-17T11:00,42.5,13,42.0
2024-05-17T12:00,43.6,10,42.0
2024-05-17T13:00,44.0,9,42.0
2024-05-17T14:00,43.8,10,41.4
2024-05-17T15:00,43.9,9,41.2
2024-05-17T16:00,43.6,9,40.2
2024-05-17T17:00,42.3,10,38.6
2024-05-17T18:00,40.5,11,37.8
2024-05-17T19:00,38.6,12,35.5
2024-05-17T20:00,35.8,16,33.4
2024-05-17T21:00,33.8,19,31.6
2024-05-17T22:00,36.4,16,34.6
2024-05-17T23:00,31.7,23,29.8
2024-05-18T00:00,31.4,24,29.5
2024-05-18T01:00,30.0,27,28.3
2024-05-18T02:00,30.3,27,28.7
2024-05-18T03:00,29.1,29,27.5
2024-05-18T04:00,28.1,31,26.9
2024-05-18T05:00,27.1,34,26.1
2024-05-18T06:00,30.9,37,31.8
2024-05-18T07:00,33.7,32,34.7
2024-05-18T08:00,37.0,26,38.1
2024-05-18T09:00,39.7,21,40.3
2024-05-18T10:00,42.0,13,41.7
2024-05-18T11:00,43.5,10,41.9
2024-05-18T12:00,43.7,10,41.2
2024-05-18T13:00,43.9,11,41.5
2024-05-18T14:00,44.0,11,41.2
2024-05-18T15:00,43.6,11,40.1
2024-05-18T16:00,43.5,11,39.8
2024-05-18T17:00,42.9,11,39.0
2024-05-18T18:00,40.6,12,35.8
2024-05-18T19:00,39.7,12,35.4
2024-05-18T20:00,37.7,14,34.3
2024-05-18T21:00,36.2,15,33.2
2024-05-18T22:00,35.0,16,31.8
2024-05-18T23:00,33.9,17,31.0
2024-05-19T00:00,32.4,18,29.9
2024-05-19T01:00,31.1,20,28.8
2024-05-19T02:00,31.0,21,28.4
2024-05-19T03:00,29.1,24,26.9
2024-05-19T04:00,28.9,24,26.9
2024-05-19T05:00,27.7,27,25.9
2024-05-19T06:00,30.8,26,29.7
2024-05-19T07:00,32.7,24,30.9
2024-05-19T08:00,35.5,21,33.8
2024-05-19T09:00,37.8,18,36.1
2024-05-19T10:00,39.8,17,39.0
2024-05-19T11:00,42.3,14,42.3
2024-05-19T12:00,44.0,10,42.9
2024-05-19T13:00,44.6,10,42.0
2024-05-19T14:00,44.9,9,41.7
2024-05-19T15:00,44.3,9,39.6
2024-05-19T16:00,43.6,10,38.8
2024-05-19T17:00,43.0,10,38.5
2024-05-19T18:00,41.4,10,36.9
2024-05-19T19:00,38.6,12,35.6
2024-05-19T20:00,36.4,16,33.8
2024-05-19T21:00,34.5,19,32.6
2024-05-19T22:00,33.6,19,31.5
2024-05-19T23:00,33.7,17,31.2
2024-05-20T00:00,32.9,19,30.6
2024-05-20T01:00,31.2,22,29.2
2024-05-20T02:00,30.6,24,28.6
2024-05-20T03:00,30.3,24,28.2
2024-05-20T04:00,29.8,26,27.8
2024-05-20T05:00,29.1,27,27.4
2024-05-20T06:00,30.8,27,28.9
2024-05-20T07:00,32.9,25,31.8
2024-05-20T08:00,35.5,21,34.3
2024-05-20T09:00,37.7,19,36.8
2024-05-20T10:00,39.5,17,39.2
2024-05-20T11:00,41.0,15,41.2
2024-05-20T12:00,42.5,14,42.5
2024-05-20T13:00,43.3,13,42.2
2024-05-20T14:00,43.6,12,41.2
2024-05-20T15:00,43.4,12,40.0
2024-05-20T16:00,43.3,11,38.9
2024-05-20T17:00,42.1,12,38.3
2024-05-20T18:00,41.4,10,35.8
2024-05-20T19:00,39.1,12,35.7
2024-05-20T20:00,35.6,16,33.5
2024-05-20T21:00,33.7,23,32.6
2024-05-20T22:00,32.3,26,31.3
2024-05-20T23:00,32.3,25,31.2
2024-05-21T00:00,31.6,26,30.2
2024-05-21T01:00,31.5,24,29.6
2024-05-21T02:00,30.5,24,28.8
2024-05-21T03:00,29.9,25,28.0
2024-05-21T04:00,30.0,25,27.9
2024-05-21T05:00,29.7,28,28.3
2024-05-21T06:00,29.1,42,28.7
2024-05-21T07:00,30.9,42,30.9
2024-05-21T08:00,32.9,39,33.4
2024-05-21T09:00,34.9,37,35.7
2024-05-21T10:00,36.8,33,38.6
2024-05-21T11:00,38.5,30,41.1
2024-05-21T12:00,40.1,26,42.9
2024-05-21T13:00,41.3,23,44.3
2024-05-21T14:00,42.2,19,43.6
2024-05-21T15:00,42.5,16,41.8
2024-05-21T16:00,42.6,14,40.4
2024-05-21T17:00,41.5,16,39.3
2024-05-21T18:00,38.3,32,40.5
2024-05-21T19:00,35.8,25,35.6
2024-05-21T20:00,34.6,27,34.3
2024-05-21T21:00,34.5,27,34.0
2024-05-21T22:00,33.3,30,33.1
2024-05-21T23:00,31.8,33,31.9
2024-05-22T00:00,31.8,32,31.6
2024-05-22T01:00,31.0,34,31.0
2024-05-22T02:00,30.6,38,30.6
2024-05-22T03:00,30.3,44,30.6
2024-05-22T04:00,30.0,46,30.6
2024-05-22T05:00,29.8,47,30.4
2024-05-22T06:00,31.5,45,32.5
2024-05-22T07:00,32.7,48,34.0
2024-05-22T08:00,34.4,45,36.1
2024-05-22T09:00,36.4,40,37.8
2024-05-22T10:00,37.5,38,38.7
2024-05-22T11:00,39.1,33,41.0
2024-05-22T12:00,40.8,28,42.9
2024-05-22T13:00,41.1,26,42.8
2024-05-22T14:00,37.7,32,39.0
2024-05-22T15:00,39.4,25,41.0
2024-05-22T16:00,39.9,22,40.3
2024-05-22T17:00,39.4,23,39.7
2024-05-22T18:00,38.2,27,36.8
2024-05-22T19:00,36.2,35,36.0
2024-05-22T20:00,35.0,38,35.3
2024-05-22T21:00,34.8,37,35.3
2024-05-22T22:00,34.3,39,34.4
2024-05-22T23:00,33.6,40,34.7
2024-05-23T00:00,32.8,41,33.7
2024-05-23T01:00,32.3,42,33.3
2024-05-23T02:00,31.6,45,32.8
2024-05-23T03:00,31.2,47,32.5
2024-05-23T04:00,30.9,48,31.8
2024-05-23T05:00,30.5,49,31.4
2024-05-23T06:00,31.5,50,32.7
2024-05-23T07:00,32.2,52,33.2
2024-05-23T08:00,34.0,47,35.4
2024-05-23T09:00,35.9,42,37.4
2024-05-23T10:00,37.6,37,39.0
2024-05-23T11:00,38.8,34,40.5
2024-05-23T12:00,40.1,30,42.4
2024-05-23T13:00,40.7,27,42.8
2024-05-23T14:00,41.1,24,42.9
2024-05-23T15:00,41.0,22,42.2
2024-05-23T16:00,40.8,21,41.8
2024-05-23T17:00,40.5,21,41.0
2024-05-23T18:00,38.8,19,36.5
2024-05-23T19:00,36.9,24,35.1
2024-05-23T20:00,35.7,29,35.0
2024-05-23T21:00,34.7,32,34.8
2024-05-23T22:00,34.0,35,34.4
2024-05-23T23:00,33.6,37,34.0
2024-05-24T00:00,33.1,40,33.4
2024-05-24T01:00,32.3,43,33.2
2024-05-24T02:00,31.6,46,32.8
2024-05-24T03:00,31.1,48,32.5
2024-05-24T04:00,30.8,50,32.0
2024-05-24T05:00,30.4,51,31.7
2024-05-24T06:00,31.6,50,33.3
2024-05-24T07:00,32.9,46,34.1
2024-05-24T08:00,34.4,43,35.6
2024-05-24T09:00,36.3,38,37.1
2024-05-24T10:00,37.8,34,39.1
2024-05-24T11:00,38.9,31,41.1
2024-05-24T12:00,39.8,29,42.5
2024-05-24T13:00,40.3,27,43.2
2024-05-24T14:00,40.6,26,42.9
2024-05-24T15:00,40.9,25,41.9
2024-05-24T16:00,40.3,25,40.5
2024-05-24T17:00,39.6,26,40.3
2024-05-24T18:00,39.2,22,38.8
2024-05-24T19:00,37.5,25,37.0
2024-05-24T20:00,36.2,27,36.4
2024-05-24T21:00,34.3,31,34.8
2024-05-24T22:00,33.1,34,33.8
2024-05-24T23:00,32.4,37,33.3
2024-05-25T00:00,32.1,38,33.2
2024-05-25T01:00,32.0,39,33.1
2024-05-25T02:00,31.9,41,33.0
2024-05-25T03:00,31.8,43,33.1
2024-05-25T04:00,31.3,45,32.8
2024-05-25T05:00,30.6,48,32.3
2024-05-25T06:00,32.9,44,35.2
2024-05-25T07:00,34.1,42,37.0
2024-05-25T08:00,36.1,38,39.2
2024-05-25T09:00,37.8,35,40.9
2024-05-25T10:00,39.8,30,42.7
2024-05-25T11:00,41.3,25,43.3
2024-05-25T12:00,42.2,21,43.2
2024-05-25T13:00,43.6,18,43.9
2024-05-25T14:00,44.2,16,43.2
2024-05-25T15:00,44.4,14,41.9
2024-05-25T16:00,43.8,13,40.1
2024-05-25T17:00,43.1,13,39.4
2024-05-25T18:00,42.5,12,37.6
2024-05-25T19:00,41.2,12,36.7
2024-05-25T20:00,39.0,13,35.9
2024-05-25T21:00,35.5,18,33.4
2024-05-25T22:00,34.2,19,32.3
2024-05-25T23:00,33.5,20,31.5
2024-05-26T00:00,31.9,23,29.8
2024-05-26T01:00,33.7,20,32.8
2024-05-26T02:00,30.7,25,29.3
2024-05-26T03:00,33.1,21,31.8
2024-05-26T04:00,30.2,26,28.8
2024-05-26T05:00,29.5,28,27.9
2024-05-26T06:00,31.1,27,29.5
2024-05-26T07:00,33.5,25,32.5
2024-05-26T08:00,36.4,22,35.4
2024-05-26T09:00,39.3,20,38.1
2024-05-26T10:00,42.0,15,40.7
2024-05-26T11:00,43.8,10,42.2
2024-05-26T12:00,44.6,9,43.0
2024-05-26T13:00,45.1,10,43.6
2024-05-26T14:00,45.4,10,43.6
2024-05-26T15:00,46.0,10,43.2
2024-05-26T16:00,44.9,11,40.4
2024-05-26T17:00,44.1,12,40.6
2024-05-26T18:00,42.4,11,39.0
2024-05-26T19:00,40.6,13,37.1
2024-05-26T20:00,38.7,15,36.7
2024-05-26T21:00,35.4,20,33.6
2024-05-26T22:00,36.7,17,34.0
2024-05-26T23:00,36.5,17,33.8
2024-05-27T00:00,33.7,21,31.9
2024-05-27T01:00,35.7,19,34.4
2024-05-27T02:00,35.3,19,34.6
2024-05-27T03:00,30.7,26,29.0
2024-05-27T04:00,33.2,21,32.3
2024-05-27T05:00,30.2,28,29.4
2024-05-27T06:00,32.0,34,32.1
2024-05-27T07:00,34.0,31,34.9
2024-05-27T08:00,36.3,30,37.5
2024-05-27T09:00,38.9,29,40.7
2024-05-27T10:00,41.8,22,43.4
2024-05-27T11:00,43.7,16,44.1
2024-05-27T12:00,44.8,12,43.7
2024-05-27T13:00,45.2,9,43.0
2024-05-27T14:00,45.7,8,42.9
2024-05-27T15:00,45.5,7,41.1
2024-05-27T16:00,44.9,7,39.8
2024-05-27T17:00,43.9,8,39.2
2024-05-27T18:00,42.5,8,38.1
2024-05-27T19:00,40.0,9,35.8
2024-05-27T20:00,36.7,12,33.4
2024-05-27T21:00,34.7,14,31.5
2024-05-27T22:00,34.2,14,31.0
2024-05-27T23:00,32.9,16,29.7
2024-05-28T00:00,33.7,16,31.0
2024-05-28T01:00,32.5,18,30.2
2024-05-28T02:00,33.9,16,31.8
2024-05-28T03:00,29.5,22,27.6
2024-05-28T04:00,29.5,21,27.3
2024-05-28T05:00,29.8,18,26.3
2024-05-28T06:00,28.9,26,27.3
2024-05-28T07:00,31.4,24,29.2
2024-05-28T08:00,34.9,21,33.0
2024-05-28T09:00,38.0,16,36.1
2024-05-28T10:00,40.6,11,39.4
2024-05-28T11:00,42.4,9,41.8
2024-05-28T12:00,43.7,9,43.2
2024-05-28T13:00,44.7,9,43.7
2024-05-28T14:00,45.4,8,43.0
2024-05-28T15:00,45.4,8,42.2
2024-05-28T16:00,45.8,7,42.0
2024-05-28T17:00,44.5,7,39.8
2024-05-28T18:00,41.0,9,38.0
2024-05-28T19:00,41.9,6,38.6
2024-05-28T20:00,36.1,10,32.9
2024-05-28T21:00,34.8,12,31.6
2024-05-28T22:00,33.8,12,30.8
2024-05-28T23:00,33.1,14,30.5
2024-05-29T00:00,32.5,16,30.0
2024-05-29T01:00,31.7,17,29.2
2024-05-29T02:00,31.1,17,28.3
2024-05-29T03:00,31.5,16,28.3
2024-05-29T04:00,33.3,18,30.3
2024-05-29T05:00,32.9,22,30.7
2024-05-29T06:00,34.5,29,34.1
2024-05-29T07:00,37.1,29,37.0
2024-05-29T08:00,38.1,30,38.6
2024-05-29T09:00,39.2,29,40.7
2024-05-29T10:00,41.1,25,43.0
2024-05-29T11:00,43.1,20,44.9
2024-05-29T12:00,44.6,16,45.7
2024-05-29T13:00,45.6,12,44.6
2024-05-29T14:00,45.7,10,42.9
2024-05-29T15:00,45.6,9,41.9
2024-05-29T16:00,45.7,9,42.7
2024-05-29T17:00,44.9,9,42.0
2024-05-29T18:00,41.6,21,42.7
2024-05-29T19:00,38.8,17,37.4
2024-05-29T20:00,38.2,16,35.8
2024-05-29T21:00,38.7,12,35.7
2024-05-29T22:00,36.8,13,34.1
2024-05-29T23:00,34.5,17,31.9
2024-05-30T00:00,35.3,16,32.8
2024-05-30T01:00,35.9,17,32.9
2024-05-30T02:00,35.9,17,32.1
2024-05-30T03:00,34.5,20,31.9
2024-05-30T04:00,33.6,24,31.8
2024-05-30T05:00,33.0,29,31.9
2024-05-30T06:00,33.5,33,32.5
2024-05-30T07:00,35.3,38,35.9
2024-05-30T08:00,37.0,35,36.7
2024-05-30T09:00,39.3,29,38.7
2024-05-30T10:00,41.0,24,40.9
2024-05-30T11:00,43.3,17,42.6
2024-05-30T12:00,45.0,11,43.4
2024-05-30T13:00,45.3,9,43.1
2024-05-30T14:00,45.6,8,42.8
2024-05-30T15:00,45.8,7,41.9
2024-05-30T16:00,45.5,6,40.6
2024-05-30T17:00,44.3,7,39.5
2024-05-30T18:00,42.5,5,38.1
2024-05-30T19:00,40.6,5,36.0
2024-05-30T20:00,38.6,6,33.7
2024-05-30T21:00,35.4,9,30.9
2024-05-30T22:00,36.6,7,32.6
2024-05-30T23:00,38.5,6,34.8
2024-05-31T00:00,36.1,7,32.5
2024-05-31T01:00,35.7,7,32.4
2024-05-31T02:00,30.6,11,26.4
2024-05-31T03:00,34.3,8,30.9
2024-05-31T04:00,29.5,12,26.0
2024-05-31T05:00,28.5,13,24.8
2024-05-31T06:00,29.6,21,26.4
2024-05-31T07:00,32.3,19,29.2
2024-05-31T08:00,35.2,19,32.8
2024-05-31T09:00,37.8,18,35.5
2024-05-31T10:00,40.3,15,38.2
2024-05-31T11:00,42.5,12,40.6
2024-05-31T12:00,43.9,11,42.1
2024-05-31T13:00,45.2,8,42.2
2024-05-31T14:00,45.9,6,42.1
2024-05-31T15:00,45.6,6,41.2
2024-05-31T16:00,44.9,7,39.8
2024-05-31T17:00,43.4,8,37.8
2024-05-31T18:00,42.1,9,38.2
2024-05-31T19:00,39.2,11,35.9
2024-05-31T20:00,36.9,13,34.2
2024-05-31T21:00,34.8,15,32.1
2024-05-31T22:00,34.5,15,31.7
2024-05-31T23:00,33.4,15,30.5
2024-06-01T00:00,32.4,16,29.2
2024-06-01T01:00,32.8,14,29.5
2024-06-01T02:00,32.7,14,28.9
2024-06-01T03:00,32.2,16,28.1
2024-06-01T04:00,32.3,17,29.1
2024-06-01T05:00,31.3,20,28.7
2024-06-01T06:00,35.9,15,31.4
2024-06-01T07:00,37.6,18,33.6
2024-06-01T08:00,38.4,19,35.7
2024-06-01T09:00,40.2,19,38.5
2024-06-01T10:00,42.4,17,41.4
2024-06-01T11:00,43.4,12,40.6
2024-06-01T12:00,43.3,10,39.9
2024-06-01T13:00,43.6,10,40.7
2024-06-01T14:00,44.0,10,40.7
2024-06-01T15:00,43.2,11,39.1
2024-06-01T16:00,42.5,11,38.4
2024-06-01T17:00,40.5,14,37.2
2024-06-01T18:00,36.7,20,32.9
2024-06-01T19:00,36.1,22,33.8
2024-06-01T20:00,35.4,23,33.6
2024-06-01T21:00,34.0,28,34.0
2024-06-01T22:00,33.9,26,33.6
2024-06-01T23:00,33.5,26,32.2
2024-06-02T00:00,33.0,28,30.7
2024-06-02T01:00,32.5,32,31.7
2024-06-02T02:00,32.1,34,32.8
2024-06-02T03:00,31.6,33,31.2
2024-06-02T04:00,31.4,32,30.9
2024-06-02T05:00,30.5,36,30.7
2024-06-02T06:00,32.1,39,33.8
2024-06-02T07:00,33.0,38,34.3
2024-06-02T08:00,35.1,31,36.3
2024-06-02T09:00,37.1,27,37.3
2024-06-02T10:00,38.7,23,40.0
2024-06-02T11:00,40.0,22,42.4
2024-06-02T12:00,41.4,20,44.2
2024-06-02T13:00,40.8,20,39.9
2024-06-02T14:00,40.9,19,39.5
2024-06-02T15:00,41.3,17,39.6
2024-06-02T16:00,40.6,18,38.7
2024-06-02T17:00,40.1,19,38.6
2024-06-02T18:00,41.0,9,37.4
2024-06-02T19:00,39.2,10,35.9
2024-06-02T20:00,38.4,11,34.7
2024-06-02T21:00,35.1,20,32.3
2024-06-02T22:00,34.0,29,32.5
2024-06-02T23:00,33.2,32,32.3
2024-06-03T00:00,32.4,34,31.6
2024-06-03T01:00,31.9,36,31.2
2024-06-03T02:00,31.3,37,30.7
2024-06-03T03:00,30.7,39,30.2
2024-06-03T04:00,30.1,42,29.6
2024-06-03T05:00,29.6,44,29.3
2024-06-03T06:00,30.1,46,30.6
2024-06-03T07:00,32.0,43,32.8
2024-06-03T08:00,34.3,39,35.2
2024-06-03T09:00,36.8,34,37.7
2024-06-03T10:00,39.5,27,40.1
2024-06-03T11:00,41.7,19,41.5
2024-06-03T12:00,42.9,13,41.1
2024-06-03T13:00,43.7,12,42.1
2024-06-03T14:00,44.2,11,42.7
2024-06-03T15:00,44.4,11,42.1
2024-06-03T16:00,43.8,11,40.3
2024-06-03T17:00,42.9,11,39.0
2024-06-03T18:00,42.1,12,39.8
2024-06-03T19:00,37.1,16,35.1
2024-06-03T20:00,37.8,13,35.0
2024-06-03T21:00,36.7,13,33.3
2024-06-03T22:00,35.8,14,32.8
2024-06-03T23:00,33.9,17,31.6
2024-06-04T00:00,31.7,20,29.7
2024-06-04T01:00,31.3,20,29.1
2024-06-04T02:00,30.9,20,28.7
2024-06-04T03:00,31.0,20,28.2
2024-06-04T04:00,31.1,20,27.9
2024-06-04T05:00,31.2,23,28.1
2024-06-04T06:00,31.4,29,30.6
2024-06-04T07:00,33.9,27,33.3
2024-06-04T08:00,36.8,22,35.7
2024-06-04T09:00,39.2,19,38.5
2024-06-04T10:00,40.8,16,41.2
2024-06-04T11:00,42.1,14,42.4
2024-06-04T12:00,42.7,14,41.5
2024-06-04T13:00,42.8,15,41.0
2024-06-04T14:00,43.1,16,41.6
2024-06-04T15:00,42.9,16,40.4
2024-06-04T16:00,42.6,16,39.4
2024-06-04T17:00,41.8,16,39.4
2024-06-04T18:00,41.0,14,38.6
2024-06-04T19:00,38.5,16,36.8
2024-06-04T20:00,37.6,17,35.5
2024-06-04T21:00,34.7,20,33.0
2024-06-04T22:00,33.3,22,31.7
2024-06-04T23:00,33.2,21,31.3
2024-06-05T00:00,33.3,20,31.4
2024-06-05T01:00,32.0,22,30.3
2024-06-05T02:00,30.2,25,28.5
2024-06-05T03:00,30.9,23,28.6
2024-06-05T04:00,31.5,21,28.7
2024-06-05T05:00,31.6,22,28.9
2024-06-05T06:00,33.5,27,31.4
2024-06-05T07:00,35.4,27,34.3
2024-06-05T08:00,36.6,27,35.5
2024-06-05T09:00,38.4,28,37.5
2024-06-05T10:00,39.7,27,39.3
2024-06-05T11:00,41.7,21,41.3
2024-06-05T12:00,39.3,27,38.4
2024-06-05T13:00,40.7,22,39.5
2024-06-05T14:00,40.3,20,39.2
2024-06-05T15:00,40.5,21,38.7
2024-06-05T16:00,40.3,22,38.9
2024-06-05T17:00,39.6,23,38.9
2024-06-05T18:00,41.3,12,36.7
2024-06-05T19:00,40.6,14,36.7
2024-06-05T20:00,38.3,15,36.1
2024-06-05T21:00,35.6,29,35.7
2024-06-05T22:00,34.7,33,35.5
2024-06-05T23:00,33.9,34,34.5
2024-06-06T00:00,33.6,34,33.8
2024-06-06T01:00,32.4,36,33.1
2024-06-06T02:00,32.4,32,32.4
2024-06-06T03:00,32.4,27,31.3
2024-06-06T04:00,31.6,27,30.1
2024-06-06T05:00,30.7,28,28.9
2024-06-06T06:00,28.2,51,28.9
2024-06-06T07:00,30.2,46,30.7
2024-06-06T08:00,32.0,40,32.6
2024-06-06T09:00,34.4,33,33.8
2024-06-06T10:00,35.8,27,36.2
2024-06-06T11:00,37.4,24,38.4
2024-06-06T12:00,38.3,24,39.7
2024-06-06T13:00,39.4,22,40.4
2024-06-06T14:00,40.5,20,40.8
2024-06-06T15:00,40.8,19,39.8
2024-06-06T16:00,40.6,19,38.8
2024-06-06T17:00,39.8,20,37.8
2024-06-06T18:00,38.3,16,35.4
2024-06-06T19:00,36.5,20,34.0
2024-06-06T20:00,35.1,24,33.3
2024-06-06T21:00,34.2,28,33.4
2024-06-06T22:00,33.1,31,33.0
2024-06-06T23:00,32.5,33,32.5
2024-06-07T00:00,31.7,35,31.9
2024-06-07T01:00,30.6,38,31.1
2024-06-07T02:00,30.2,39,30.6
2024-06-07T03:00,29.6,40,30.0
2024-06-07T04:00,29.2,41,29.5
2024-06-07T05:00,28.9,41,28.9
2024-06-07T06:00,30.6,46,31.7
2024-06-07T07:00,32.2,42,33.0
2024-06-07T08:00,34.0,38,34.7
2024-06-07T09:00,36.0,33,36.3
2024-06-07T10:00,37.9,27,38.0
2024-06-07T11:00,39.4,23,39.4
2024-06-07T12:00,40.7,21,40.4
2024-06-07T13:00,41.7,18,40.9
2024-06-07T14:00,42.2,17,40.7
2024-06-07T15:00,42.2,16,39.5
2024-06-07T16:00,41.5,16,38.5
2024-06-07T17:00,40.9,16,37.7
2024-06-07T18:00,35.9,29,34.3
2024-06-07T19:00,35.1,29,34.1
2024-06-07T20:00,34.6,28,33.1
2024-06-07T21:00,34.0,29,32.8
2024-06-07T22:00,33.4,30,32.4
2024-06-07T23:00,32.4,31,31.5
2024-06-08T00:00,31.7,32,30.8
2024-06-08T01:00,30.9,34,30.2
2024-06-08T02:00,30.2,35,29.5
2024-06-08T03:00,29.7,36,29.1
2024-06-08T04:00,29.1,37,28.6
2024-06-08T05:00,28.3,39,28.0
2024-06-08T06:00,29.6,42,29.7
2024-06-08T07:00,31.5,38,31.7
2024-06-08T08:00,34.2,33,33.9
2024-06-08T09:00,36.7,27,35.0
2024-06-08T10:00,38.7,20,36.3
2024-06-08T11:00,40.1,17,37.7
2024-06-08T12:00,39.4,18,36.2
2024-06-08T13:00,40.0,18,38.0
2024-06-08T14:00,40.2,18,37.9
2024-06-08T15:00,39.5,18,36.6
2024-06-08T16:00,39.6,18,37.0
2024-06-08T17:00,39.1,18,36.7
2024-06-08T18:00,38.1,21,36.8
2024-06-08T19:00,35.8,24,34.9
2024-06-08T20:00,34.2,26,33.7
2024-06-08T21:00,33.3,27,32.0
2024-06-08T22:00,32.5,30,31.6
2024-06-08T23:00,31.6,32,31.0
2024-06-09T00:00,30.8,34,30.4
2024-06-09T01:00,30.1,35,29.7
2024-06-09T02:00,29.7,36,29.1
2024-06-09T03:00,29.6,35,28.6
2024-06-09T04:00,29.0,36,28.1
2024-06-09T05:00,28.3,38,27.7
2024-06-09T06:00,29.0,41,28.5
2024-06-09T07:00,31.0,37,30.7
2024-06-09T08:00,33.6,31,32.9
2024-06-09T09:00,36.0,26,34.5
2024-06-09T10:00,37.9,21,36.4
2024-06-09T11:00,39.5,18,38.4
2024-06-09T12:00,40.9,15,39.7
2024-06-09T13:00,41.8,13,40.0
2024-06-09T14:00,42.2,12,39.5
2024-06-09T15:00,42.2,11,38.7
2024-06-09T16:00,41.7,11,37.7
2024-06-09T17:00,41.0,11,37.2
2024-06-09T18:00,39.4,9,35.8
2024-06-09T19:00,36.2,12,33.2
2024-06-09T20:00,34.9,13,32.0
2024-06-09T21:00,33.1,15,30.5
2024-06-09T22:00,31.9,17,29.3
2024-06-09T23:00,31.7,17,29.1
2024-06-10T00:00,31.3,17,28.3
2024-06-10T01:00,30.5,18,27.6
2024-06-10T02:00,29.8,20,27.2
2024-06-10T03:00,29.3,21,26.9
2024-06-10T04:00,28.7,23,26.5
2024-06-10T05:00,27.9,25,25.9
2024-06-10T06:00,29.2,29,27.7
2024-06-10T07:00,31.1,27,29.3
2024-06-10T08:00,33.8,24,32.3
2024-06-10T09:00,36.5,21,35.1
2024-06-10T10:00,38.8,18,37.9
2024-06-10T11:00,40.5,15,39.6
2024-06-10T12:00,41.8,13,40.5
2024-06-10T13:00,42.7,13,41.0
2024-06-10T14:00,43.0,13,40.5
2024-06-10T15:00,42.7,13,39.4
2024-06-10T16:00,42.2,13,38.6
2024-06-10T17:00,41.5,14,38.0
2024-06-10T18:00,40.4,14,37.0
2024-06-10T19:00,38.5,15,35.3
2024-06-10T20:00,37.0,16,34.2
2024-06-10T21:00,36.2,17,33.6
2024-06-10T22:00,35.5,18,32.8
2024-06-10T23:00,34.6,19,32.0
2024-06-11T00:00,33.7,19,31.3
2024-06-11T01:00,32.3,20,30.2
2024-06-11T02:00,31.5,21,29.4
2024-06-11T03:00,30.4,23,28.3
2024-06-11T04:00,29.4,25,27.7
2024-06-11T05:00,28.9,27,27.1
2024-06-11T06:00,29.9,33,28.9
2024-06-11T07:00,32.0,30,31.4
2024-06-11T08:00,34.7,26,33.8
2024-06-11T09:00,37.3,22,36.5
2024-06-11T10:00,39.2,20,39.0
2024-06-11T11:00,40.8,17,40.7
2024-06-11T12:00,42.1,15,41.9
2024-06-11T13:00,43.0,13,41.5
2024-06-11T14:00,43.2,12,40.8
2024-06-11T15:00,43.1,12,39.7
2024-06-11T16:00,42.6,11,38.8
2024-06-11T17:00,41.8,11,38.1
2024-06-11T18:00,40.5,13,38.1
2024-06-11T19:00,37.5,15,35.5
2024-06-11T20:00,36.5,16,34.3
2024-06-11T21:00,34.6,17,32.5
2024-06-11T22:00,34.1,18,31.9
2024-06-11T23:00,32.4,20,30.3
2024-06-12T00:00,31.6,21,29.6
2024-06-12T01:00,30.7,23,28.9
2024-06-12T02:00,30.3,23,28.6
2024-06-12T03:00,29.7,24,27.9
2024-06-12T04:00,29.1,25,27.2
2024-06-12T05:00,28.8,26,27.0
2024-06-12T06:00,30.7,29,29.1
2024-06-12T07:00,32.8,26,31.5
2024-06-12T08:00,36.0,22,34.3
2024-06-12T09:00,38.8,18,36.6
2024-06-12T10:00,40.6,16,38.9
2024-06-12T11:00,42.0,14,40.7
2024-06-12T12:00,43.2,12,41.8
2024-06-12T13:00,43.9,11,42.0
2024-06-12T14:00,44.1,10,41.9
2024-06-12T15:00,44.1,10,40.8
2024-06-12T16:00,44.0,10,40.3
2024-06-12T17:00,43.4,10,39.7
2024-06-12T18:00,41.0,13,39.4
2024-06-12T19:00,37.4,16,35.5
2024-06-12T20:00,36.9,15,34.6
2024-06-12T21:00,36.6,15,33.5
2024-06-12T22:00,36.0,15,33.0
2024-06-12T23:00,35.1,16,32.9
2024-06-13T00:00,33.4,18,30.7
2024-06-13T01:00,32.6,19,29.9
2024-06-13T02:00,31.6,21,29.0
2024-06-13T03:00,30.9,21,28.2
2024-06-13T04:00,30.5,21,27.5
2024-06-13T05:00,29.6,23,27.2
2024-06-13T06:00,32.6,38,32.4
2024-06-13T07:00,34.4,36,33.9
2024-06-13T08:00,36.3,31,34.7
2024-06-13T09:00,38.4,27,36.2
2024-06-13T10:00,40.3,22,38.7
2024-06-13T11:00,42.2,18,40.7
2024-06-13T12:00,43.8,15,42.3
2024-06-13T13:00,44.7,11,42.3
2024-06-13T14:00,44.9,11,42.0
2024-06-13T15:00,44.7,11,41.2
2024-06-13T16:00,44.0,11,40.0
2024-06-13T17:00,43.2,12,39.2
2024-06-13T18:00,41.4,13,38.6
2024-06-13T19:00,38.9,16,36.6
2024-06-13T20:00,37.7,17,35.2
2024-06-13T21:00,36.6,21,34.5
2024-06-13T22:00,35.7,24,34.0
2024-06-13T23:00,35.2,24,33.1
2024-06-14T00:00,35.0,26,33.1
2024-06-14T01:00,34.6,27,32.8
2024-06-14T02:00,34.1,27,31.9
2024-06-14T03:00,34.2,26,31.5
2024-06-14T04:00,33.6,27,31.0
2024-06-14T05:00,32.8,29,30.6
2024-06-14T06:00,33.7,30,31.9
2024-06-14T07:00,35.0,30,33.4
2024-06-14T08:00,36.6,31,35.1
2024-06-14T09:00,38.1,32,36.6
2024-06-14T10:00,39.7,29,38.8
2024-06-14T11:00,40.6,27,39.5
2024-06-14T12:00,42.0,24,41.3
2024-06-14T13:00,43.1,20,42.3
2024-06-14T14:00,43.3,18,42.0
2024-06-14T15:00,43.4,17,41.6
2024-06-14T16:00,43.2,17,40.8
2024-06-14T17:00,42.0,19,39.2
2024-06-14T18:00,37.4,32,37.1
2024-06-14T19:00,36.5,34,37.0
2024-06-14T20:00,36.0,35,35.9
2024-06-14T21:00,35.7,35,36.0
2024-06-14T22:00,35.0,35,35.0
2024-06-14T23:00,34.4,35,34.2
2024-06-15T00:00,33.8,36,33.4
2024-06-15T01:00,33.6,35,33.0
2024-06-15T02:00,33.5,34,32.7
2024-06-15T03:00,33.1,33,31.8
2024-06-15T04:00,32.8,32,31.0
2024-06-15T05:00,32.2,34,30.8
2024-06-15T06:00,32.8,39,32.3
2024-06-15T07:00,34.1,37,33.6
2024-06-15T08:00,35.8,34,35.0
2024-06-15T09:00,37.7,31,36.5
2024-06-15T10:00,39.5,28,38.5
2024-06-15T11:00,41.0,25,40.4
2024-06-15T12:00,42.4,21,42.0
2024-06-15T13:00,43.0,18,41.6
2024-06-15T14:00,43.3,17,41.6
2024-06-15T15:00,43.3,17,41.1
2024-06-15T16:00,43.2,16,41.0
2024-06-15T17:00,42.7,17,40.3
2024-06-15T18:00,41.4,18,39.5
2024-06-15T19:00,39.5,20,38.4
2024-06-15T20:00,38.1,23,37.3
2024-06-15T21:00,37.1,25,36.6
2024-06-15T22:00,36.2,26,35.9
2024-06-15T23:00,35.3,28,35.1
2024-06-16T00:00,34.7,30,34.6
2024-06-16T01:00,33.6,32,33.3
2024-06-16T02:00,33.4,31,32.4
2024-06-16T03:00,33.2,32,32.3
2024-06-16T04:00,32.8,32,31.6
2024-06-16T05:00,32.8,30,31.3
2024-06-16T06:00,33.3,36,33.2
2024-06-16T07:00,35.1,33,34.8
2024-06-16T08:00,37.1,32,36.6
2024-06-16T09:00,38.9,30,38.4
2024-06-16T10:00,40.5,28,40.6
2024-06-16T11:00,42.0,25,42.3
2024-06-16T12:00,43.1,20,42.8
2024-06-16T13:00,43.7,18,42.5
2024-06-16T14:00,44.0,17,42.6
2024-06-16T15:00,44.1,17,42.0
2024-06-16T16:00,43.6,17,41.2
2024-06-16T17:00,43.0,17,40.6
2024-06-16T18:00,42.3,17,40.1
2024-06-16T19:00,40.5,19,39.0
2024-06-16T20:00,39.2,20,37.9
2024-06-16T21:00,37.8,22,37.1
2024-06-16T22:00,36.4,24,35.7
2024-06-16T23:00,36.0,25,35.3
2024-06-17T00:00,35.4,26,34.6
2024-06-17T01:00,34.9,27,34.0
2024-06-17T02:00,34.6,27,33.5
2024-06-17T03:00,34.6,29,33.3
2024-06-17T04:00,34.2,31,33.2
2024-06-17T05:00,33.7,34,32.9
2024-06-17T06:00,34.3,36,34.0
2024-06-17T07:00,36.0,34,35.8
2024-06-17T08:00,37.8,31,37.0
2024-06-17T09:00,39.2,28,38.2
2024-06-17T10:00,40.9,26,40.3
2024-06-17T11:00,42.2,24,42.2
2024-06-17T12:00,43.4,22,43.2
2024-06-17T13:00,43.6,21,42.7
2024-06-17T14:00,44.0,20,42.7
2024-06-17T15:00,43.9,20,42.2
2024-06-17T16:00,43.6,20,41.8
2024-06-17T17:00,43.1,20,41.4
2024-06-17T18:00,43.1,16,40.8
2024-06-17T19:00,41.3,18,39.8
2024-06-17T20:00,39.4,20,38.7
2024-06-17T21:00,38.0,22,37.4
2024-06-17T22:00,37.2,23,36.4
2024-06-17T23:00,36.5,23,35.5
2024-06-18T00:00,35.9,24,34.8
2024-06-18T01:00,35.2,25,34.2
2024-06-18T02:00,35.1,26,34.0
2024-06-18T03:00,34.9,28,33.7
2024-06-18T04:00,34.6,31,33.5
2024-06-18T05:00,34.5,32,33.4
2024-06-18T06:00,35.1,34,35.2
2024-06-18T07:00,36.7,33,36.6
2024-06-18T08:00,38.0,35,37.8
2024-06-18T09:00,39.4,33,38.8
2024-06-18T10:00,40.8,30,40.7
2024-06-18T11:00,42.1,27,42.6
2024-06-18T12:00,42.8,26,43.4
2024-06-18T13:00,43.5,24,43.9
2024-06-18T14:00,44.2,20,43.4
2024-06-18T15:00,44.0,20,42.3
2024-06-18T16:00,43.8,19,41.8
2024-06-18T17:00,43.1,19,40.9
2024-06-18T18:00,42.2,11,38.5
2024-06-18T19:00,39.8,14,37.1
2024-06-18T20:00,38.2,16,36.0
2024-06-18T21:00,37.1,18,35.1
2024-06-18T22:00,36.7,21,34.7
2024-06-18T23:00,36.4,23,34.6
2024-06-19T00:00,36.0,26,34.7
2024-06-19T01:00,35.6,30,35.4
2024-06-19T02:00,35.3,33,35.1
2024-06-19T03:00,35.3,37,35.2
2024-06-19T04:00,34.8,41,35.1
2024-06-19T05:00,34.4,44,35.0
2024-06-19T06:00,33.7,48,35.3
2024-06-19T07:00,33.8,49,35.6
2024-06-19T08:00,37.0,39,37.6
2024-06-19T09:00,36.6,40,36.2
2024-06-19T10:00,38.0,37,38.1
2024-06-19T11:00,39.8,34,40.7
2024-06-19T12:00,40.5,32,41.3
2024-06-19T13:00,39.6,32,40.0
2024-06-19T14:00,41.3,29,43.5
2024-06-19T15:00,41.3,28,41.5
2024-06-19T16:00,41.1,28,42.0
2024-06-19T17:00,40.4,27,40.7
2024-06-19T18:00,37.3,30,36.7
2024-06-19T19:00,37.8,27,39.1
2024-06-19T20:00,35.7,37,36.7
2024-06-19T21:00,35.3,37,36.8
2024-06-19T22:00,34.7,37,36.5
2024-06-19T23:00,34.1,37,36.0
2024-06-20T00:00,33.4,39,34.9
2024-06-20T01:00,33.6,36,35.2
2024-06-20T02:00,33.1,37,34.2
2024-06-20T03:00,33.5,35,33.7
2024-06-20T04:00,33.8,35,33.9
2024-06-20T05:00,33.5,38,33.9
2024-06-20T06:00,25.6,77,28.2
2024-06-20T07:00,25.5,89,29.8
2024-06-20T08:00,27.8,74,31.7
2024-06-20T09:00,29.2,66,32.3
2024-06-20T10:00,31.7,55,34.7
2024-06-20T11:00,33.9,48,37.5
2024-06-20T12:00,36.1,41,40.4
2024-06-20T13:00,37.7,37,41.9
2024-06-20T14:00,38.6,34,42.6
2024-06-20T15:00,39.3,33,42.7
2024-06-20T16:00,39.0,32,41.7
2024-06-20T17:00,38.9,31,41.3
2024-06-20T18:00,36.8,37,39.7
2024-06-20T19:00,36.1,38,38.7
2024-06-20T20:00,35.7,38,37.7
2024-06-20T21:00,35.3,39,37.5
2024-06-20T22:00,34.5,41,37.5
2024-06-20T23:00,34.1,44,37.5
2024-06-21T00:00,33.1,46,36.2
2024-06-21T01:00,32.4,49,35.8
2024-06-21T02:00,32.0,49,35.2
2024-06-21T03:00,31.5,56,34.8
2024-06-21T04:00,26.6,75,27.2
2024-06-21T05:00,25.4,79,27.3
2024-06-21T06:00,26.3,77,28.8
2024-06-21T07:00,28.0,69,31.9
2024-06-21T08:00,30.0,61,32.9
2024-06-21T09:00,32.1,53,35.1
2024-06-21T10:00,33.8,47,37.1
2024-06-21T11:00,33.9,46,36.9
2024-06-21T12:00,35.0,44,38.2
2024-06-21T13:00,37.0,39,41.4
2024-06-21T14:00,38.0,37,41.7
2024-06-21T15:00,38.1,36,41.1
2024-06-21T16:00,38.3,35,40.6
2024-06-21T17:00,37.8,35,39.4
2024-06-21T18:00,32.9,53,36.4
2024-06-21T19:00,32.3,55,36.2
2024-06-21T20:00,32.0,56,35.9
2024-06-21T21:00,31.8,56,35.6
2024-06-21T22:00,31.5,57,35.4
2024-06-21T23:00,31.3,57,35.2
2024-06-22T00:00,31.1,58,34.8
2024-06-22T01:00,30.8,59,34.7
2024-06-22T02:00,30.6,60,34.8
2024-06-22T03:00,30.3,62,34.7
2024-06-22T04:00,30.2,63,34.7
2024-06-22T05:00,30.1,63,34.6
2024-06-22T06:00,29.9,65,33.8
2024-06-22T07:00,31.0,60,34.7
2024-06-22T08:00,32.4,56,36.0
2024-06-22T09:00,33.5,53,37.3
2024-06-22T10:00,35.4,47,40.0
2024-06-22T11:00,36.8,41,41.7
2024-06-22T12:00,37.4,38,41.2
2024-06-22T13:00,36.7,38,39.7
2024-06-22T14:00,37.4,36,40.4
2024-06-22T15:00,38.4,34,41.2
2024-06-22T16:00,38.5,33,40.8
2024-06-22T17:00,37.8,34,39.9
2024-06-22T18:00,34.8,46,37.7
2024-06-22T19:00,34.0,49,37.3
2024-06-22T20:00,33.4,52,37.0
2024-06-22T21:00,33.0,54,37.2
2024-06-22T22:00,32.7,56,37.0
2024-06-22T23:00,32.3,57,36.5
2024-06-23T00:00,32.0,59,36.0
2024-06-23T01:00,31.7,60,35.6
2024-06-23T02:00,31.3,61,35.4
2024-06-23T03:00,30.9,63,35.3
2024-06-23T04:00,30.5,64,35.1
2024-06-23T05:00,30.2,65,34.5
2024-06-23T06:00,30.5,65,35.1
2024-06-23T07:00,31.9,63,35.9
2024-06-23T08:00,32.8,61,36.8
2024-06-23T09:00,34.1,56,38.2
2024-06-23T10:00,35.4,52,39.7
2024-06-23T11:00,36.8,46,41.7
2024-06-23T12:00,38.1,43,43.4
2024-06-23T13:00,38.9,39,43.8
2024-06-23T14:00,39.4,37,43.4
2024-06-23T15:00,39.5,35,42.7
2024-06-23T16:00,37.3,37,40.0
2024-06-23T17:00,37.4,38,40.3
2024-06-23T18:00,36.9,40,40.1
2024-06-23T19:00,36.1,42,39.6
2024-06-23T20:00,35.5,45,38.9
2024-06-23T21:00,34.7,48,38.0
2024-06-23T22:00,34.0,50,37.2
2024-06-23T23:00,33.3,54,36.6
2024-06-24T00:00,32.8,56,36.4
2024-06-24T01:00,32.4,58,36.3
2024-06-24T02:00,31.9,60,36.3
2024-06-24T03:00,31.5,61,36.2
2024-06-24T04:00,31.3,62,36.1
2024-06-24T05:00,31.0,63,35.8
2024-06-24T06:00,32.3,62,38.1
2024-06-24T07:00,33.6,58,39.2
2024-06-24T08:00,34.5,54,39.2
2024-06-24T09:00,32.8,61,38.1
2024-06-24T10:00,33.8,57,38.9
2024-06-24T11:00,35.3,52,40.3
2024-06-24T12:00,37.3,45,43.2
2024-06-24T13:00,38.5,40,44.4
2024-06-24T14:00,39.3,37,44.4
2024-06-24T15:00,39.5,35,43.6
2024-06-24T16:00,39.4,35,42.5
2024-06-24T17:00,38.3,36,40.4
2024-06-24T18:00,33.5,54,36.7
2024-06-24T19:00,33.0,56,36.6
2024-06-24T20:00,32.5,59,36.3
2024-06-24T21:00,32.1,60,36.5
2024-06-24T22:00,31.8,62,36.6
2024-06-24T23:00,31.5,63,36.3
2024-06-25T00:00,31.2,65,35.8
2024-06-25T01:00,30.9,67,35.6
2024-06-25T02:00,30.4,70,35.5
2024-06-25T03:00,30.1,73,35.3
2024-06-25T04:00,29.9,75,35.3
2024-06-25T05:00,29.8,76,35.2
2024-06-25T06:00,30.1,78,36.7
2024-06-25T07:00,31.2,74,38.1
2024-06-25T08:00,32.6,68,39.5
2024-06-25T09:00,33.4,63,39.6
2024-06-25T10:00,34.8,55,39.8
2024-06-25T11:00,30.5,73,35.5
2024-06-25T12:00,32.5,64,38.5
2024-06-25T13:00,34.0,59,39.8
2024-06-25T14:00,35.0,56,40.8
2024-06-25T15:00,35.8,52,41.5
2024-06-25T16:00,36.2,50,41.7
2024-06-25T17:00,36.2,49,41.2
2024-06-25T18:00,36.6,44,40.2
2024-06-25T19:00,35.6,48,39.4
2024-06-25T20:00,34.5,53,38.1
2024-06-25T21:00,33.1,60,37.6
2024-06-25T22:00,32.7,62,37.5
2024-06-25T23:00,32.4,64,37.2
2024-06-26T00:00,32.1,66,37.6
2024-06-26T01:00,31.8,68,37.5
2024-06-26T02:00,30.3,75,36.2
2024-06-26T03:00,27.7,86,32.9
2024-06-26T04:00,27.8,87,34.3
2024-06-26T05:00,26.8,93,31.1
2024-06-26T06:00,29.2,87,36.2
2024-06-26T07:00,30.1,82,37.5
2024-06-26T08:00,29.2,88,35.8
2024-06-26T09:00,28.2,90,34.0
2024-06-26T10:00,28.6,86,34.0
2024-06-26T11:00,30.5,76,36.3
2024-06-26T12:00,32.4,68,38.1
2024-06-26T13:00,33.0,65,38.2
2024-06-26T14:00,34.3,59,39.1
2024-06-26T15:00,34.2,58,38.7
2024-06-26T16:00,34.3,57,38.9
2024-06-26T17:00,34.0,58,38.7
2024-06-26T18:00,32.9,63,37.4
2024-06-26T19:00,32.1,65,36.9
2024-06-26T20:00,31.5,68,36.5
2024-06-26T21:00,31.3,69,36.3
2024-06-26T22:00,30.8,72,36.0
2024-06-26T23:00,30.5,74,35.7
2024-06-27T00:00,30.1,76,35.1
2024-06-27T01:00,29.5,78,34.6
2024-06-27T02:00,27.0,89,30.6
2024-06-27T03:00,26.6,93,30.7
2024-06-27T04:00,25.5,96,29.1
2024-06-27T05:00,25.4,95,29.4
2024-06-27T06:00,27.0,91,31.8
2024-06-27T07:00,27.4,87,31.7
2024-06-27T08:00,26.7,90,30.9
2024-06-27T09:00,27.4,90,33.0
2024-06-27T10:00,28.3,86,33.5
2024-06-27T11:00,28.9,81,33.8
2024-06-27T12:00,29.4,79,33.8
2024-06-27T13:00,28.6,83,33.4
2024-06-27T14:00,29.2,81,34.5
2024-06-27T15:00,29.3,81,34.4
2024-06-27T16:00,29.1,82,34.4
2024-06-27T17:00,29.6,78,34.9
2024-06-27T18:00,30.4,72,34.9
2024-06-27T19:00,29.8,74,34.8
2024-06-27T20:00,29.3,77,34.6
2024-06-27T21:00,29.0,80,34.8
2024-06-27T22:00,28.6,82,34.7
2024-06-27T23:00,28.2,85,34.3
2024-06-28T00:00,28.0,86,33.7
2024-06-28T01:00,27.7,88,33.4
2024-06-28T02:00,27.6,89,33.2
2024-06-28T03:00,25.6,96,30.1
2024-06-28T04:00,25.7,95,31.0
2024-06-28T05:00,25.7,96,31.0
2024-06-28T06:00,25.9,95,31.0
2024-06-28T07:00,25.9,96,31.3
2024-06-28T08:00,25.9,95,31.1
2024-06-28T09:00,25.8,95,30.9
2024-06-28T10:00,26.3,93,31.4
2024-06-28T11:00,27.1,89,32.6
2024-06-28T12:00,28.2,83,33.8
2024-06-28T13:00,28.6,80,34.1
2024-06-28T14:00,29.3,76,34.8
2024-06-28T15:00,29.9,73,35.5
2024-06-28T16:00,30.4,71,36.3
2024-06-28T17:00,30.6,71,36.1
2024-06-28T18:00,30.4,72,35.5
2024-06-28T19:00,29.4,77,34.9
2024-06-28T20:00,28.8,80,34.4
2024-06-28T21:00,28.5,83,34.2
2024-06-28T22:00,28.2,84,34.0
2024-06-28T23:00,27.8,85,33.5
2024-06-29T00:00,27.6,86,33.1
2024-06-29T01:00,27.3,87,33.1
2024-06-29T02:00,27.0,89,33.2
2024-06-29T03:00,26.8,90,32.9
2024-06-29T04:00,26.6,91,32.4
2024-06-29T05:00,26.5,92,32.5
2024-06-29T06:00,26.8,93,33.3
2024-06-29T07:00,27.0,90,32.3
2024-06-29T08:00,27.7,88,33.0
2024-06-29T09:00,29.4,79,34.8
2024-06-29T10:00,31.5,71,37.9
2024-06-29T11:00,32.5,68,39.6
2024-06-29T12:00,32.9,67,39.2
2024-06-29T13:00,32.1,68,37.8
2024-06-29T14:00,30.5,77,36.2
2024-06-29T15:00,29.8,78,36.5
2024-06-29T16:00,30.5,76,37.2
2024-06-29T17:00,30.6,77,37.0
2024-06-29T18:00,31.1,70,37.1
2024-06-29T19:00,30.6,74,37.2
2024-06-29T20:00,30.0,76,36.2
2024-06-29T21:00,29.7,77,35.5
2024-06-29T22:00,29.5,78,34.9
2024-06-29T23:00,29.2,79,34.3
2024-06-30T00:00,29.0,79,34.5
2024-06-30T01:00,28.9,80,34.3
2024-06-30T02:00,28.6,81,34.6
2024-06-30T03:00,28.6,81,35.1
2024-06-30T04:00,27.6,91,34.3
2024-06-30T05:00,27.3,93,34.1
2024-06-30T06:00,27.1,88,33.0
2024-06-30T07:00,28.0,84,34.1
2024-06-30T08:00,29.2,81,35.6
2024-06-30T09:00,30.6,74,36.7
2024-06-30T10:00,31.2,74,37.5
2024-06-30T11:00,32.8,67,39.9
2024-06-30T12:00,33.1,66,40.1
2024-06-30T13:00,33.5,65,40.8
2024-06-30T14:00,34.4,60,41.3
2024-06-30T15:00,34.8,58,40.8
2024-06-30T16:00,34.8,57,40.8
2024-06-30T17:00,34.6,58,40.6
2024-06-30T18:00,33.2,64,39.6
2024-06-30T19:00,32.0,71,38.9
2024-06-30T20:00,31.4,73,37.8
2024-06-30T21:00,30.7,75,36.8
2024-06-30T22:00,30.2,76,35.7
2024-06-30T23:00,26.8,90,31.2
2024-07-01T00:00,26.5,92,32.6
2024-07-01T01:00,26.4,93,32.7
2024-07-01T02:00,26.2,95,32.1
2024-07-01T03:00,26.1,94,32.4
2024-07-01T04:00,26.0,96,31.7
2024-07-01T05:00,25.9,96,32.0
2024-07-01T06:00,27.9,87,34.0
2024-07-01T07:00,28.7,83,34.7
2024-07-01T08:00,29.8,79,35.6
2024-07-01T09:00,31.1,73,36.5
2024-07-01T10:00,32.0,70,37.9
2024-07-01T11:00,33.0,67,39.8
2024-07-01T12:00,31.7,71,37.6
2024-07-01T13:00,32.3,69,38.9
2024-07-01T14:00,33.7,66,40.3
2024-07-01T15:00,34.1,63,40.4
2024-07-01T16:00,33.7,66,40.3
2024-07-01T17:00,33.8,65,40.4
2024-07-01T18:00,32.5,66,38.3
2024-07-01T19:00,31.1,77,38.1
2024-07-01T20:00,30.7,82,38.7
2024-07-01T21:00,30.4,77,37.0
2024-07-01T22:00,30.0,80,36.2
2024-07-01T23:00,29.4,81,35.1
2024-07-02T00:00,28.1,84,33.6
2024-07-02T01:00,27.4,92,33.1
2024-07-02T02:00,26.4,95,32.2
2024-07-02T03:00,26.5,93,32.8
2024-07-02T04:00,26.4,94,32.5
2024-07-02T05:00,26.4,94,32.7
2024-07-02T06:00,28.2,87,34.7
2024-07-02T07:00,28.6,85,35.4
2024-07-02T08:00,29.9,79,35.9
2024-07-02T09:00,29.8,80,36.5
2024-07-02T10:00,29.1,83,35.8
2024-07-02T11:00,29.5,82,36.0
2024-07-02T12:00,30.6,79,37.4
2024-07-02T13:00,32.0,74,39.0
2024-07-02T14:00,32.5,73,39.6
2024-07-02T15:00,33.2,70,40.3
2024-07-02T16:00,33.6,68,40.5
2024-07-02T17:00,33.3,68,40.1
2024-07-02T18:00,29.7,85,36.6
2024-07-02T19:00,29.3,86,35.0
2024-07-02T20:00,28.8,84,34.2
2024-07-02T21:00,28.5,87,34.2
2024-07-02T22:00,27.5,92,33.7
2024-07-02T23:00,27.5,93,33.6
2024-07-03T00:00,27.2,95,32.7
2024-07-03T01:00,26.7,96,31.7
2024-07-03T02:00,26.2,97,31.9
2024-07-03T03:00,26.1,96,32.0
2024-07-03T04:00,26.1,96,31.9
2024-07-03T05:00,26.0,96,31.9
2024-07-03T06:00,29.3,80,34.6
2024-07-03T07:00,29.6,79,35.4
2024-07-03T08:00,30.9,74,37.5
2024-07-03T09:00,32.2,70,39.3
2024-07-03T10:00,32.4,70,39.4
2024-07-03T11:00,31.5,74,38.3
2024-07-03T12:00,32.1,73,39.0
2024-07-03T13:00,32.6,72,39.8
2024-07-03T14:00,32.9,71,39.9
2024-07-03T15:00,32.6,72,39.1
2024-07-03T16:00,32.8,71,38.9
2024-07-03T17:00,32.4,72,38.3
2024-07-03T18:00,28.4,83,33.4
2024-07-03T19:00,27.7,87,33.1
2024-07-03T20:00,27.3,90,33.2
2024-07-03T21:00,27.2,91,33.1
2024-07-03T22:00,27.0,96,34.1
2024-07-03T23:00,27.0,93,33.6
2024-07-04T00:00,26.7,95,33.7
2024-07-04T01:00,26.5,97,33.0
2024-07-04T02:00,26.4,95,32.3
2024-07-04T03:00,26.1,95,31.5
2024-07-04T04:00,25.9,96,31.5
2024-07-04T05:00,25.7,96,31.1
2024-07-04T06:00,25.5,95,30.9
2024-07-04T07:00,25.5,95,30.9
2024-07-04T08:00,25.7,95,31.1
2024-07-04T09:00,26.5,91,31.8
2024-07-04T10:00,28.7,78,33.6
2024-07-04T11:00,28.7,78,33.9
2024-07-04T12:00,29.9,72,35.0
2024-07-04T13:00,31.2,68,36.7
2024-07-04T14:00,31.0,68,35.7
2024-07-04T15:00,31.1,67,36.2
2024-07-04T16:00,31.6,65,36.5
2024-07-04T17:00,31.4,66,36.1
2024-07-04T18:00,29.9,72,35.1
2024-07-04T19:00,29.1,77,34.7
2024-07-04T20:00,28.2,81,33.9
2024-07-04T21:00,27.6,83,33.0
2024-07-04T22:00,27.3,84,32.8
2024-07-04T23:00,27.0,86,32.8
2024-07-05T00:00,26.8,91,33.3
2024-07-05T01:00,26.9,90,33.4
2024-07-05T02:00,26.6,90,32.9
2024-07-05T03:00,26.5,90,32.4
2024-07-05T04:00,26.2,93,31.8
2024-07-05T05:00,26.2,94,31.9
2024-07-05T06:00,26.7,92,32.1
2024-07-05T07:00,27.2,89,32.8
2024-07-05T08:00,27.8,86,33.4
2024-07-05T09:00,27.9,85,32.8
2024-07-05T10:00,27.1,89,32.1
2024-07-05T11:00,28.7,80,34.4
2024-07-05T12:00,29.8,76,34.9
2024-07-05T13:00,30.4,73,35.9
2024-07-05T14:00,30.2,75,35.6
2024-07-05T15:00,30.2,75,35.6
2024-07-05T16:00,29.8,76,34.8
2024-07-05T17:00,29.4,79,34.6
2024-07-05T18:00,29.0,78,33.8
2024-07-05T19:00,28.0,82,32.5
2024-07-05T20:00,27.2,84,31.5
2024-07-05T21:00,26.7,86,30.5
2024-07-05T22:00,26.5,88,30.7
2024-07-05T23:00,26.5,88,31.1
2024-07-06T00:00,26.4,89,31.0
2024-07-06T01:00,26.3,90,31.2
2024-07-06T02:00,26.1,91,30.9
2024-07-06T03:00,26.0,91,31.1
2024-07-06T04:00,26.1,91,31.9
2024-07-06T05:00,26.3,90,32.2
2024-07-06T06:00,26.2,91,31.9
2024-07-06T07:00,27.1,89,32.5
2024-07-06T08:00,28.3,83,34.1
2024-07-06T09:00,29.1,80,34.9
2024-07-06T10:00,30.6,75,37.4
2024-07-06T11:00,31.5,69,37.4
2024-07-06T12:00,31.6,68,36.8
2024-07-06T13:00,32.6,65,39.3
2024-07-06T14:00,33.0,62,38.9
2024-07-06T15:00,32.9,62,37.9
2024-07-06T16:00,31.5,70,36.0
2024-07-06T17:00,30.8,73,35.9
2024-07-06T18:00,29.3,75,33.7
2024-07-06T19:00,28.1,80,32.6
2024-07-06T20:00,27.2,83,31.4
2024-07-06T21:00,26.5,86,31.0
2024-07-06T22:00,26.3,87,31.4
2024-07-06T23:00,26.1,89,31.4
2024-07-07T00:00,25.8,91,31.3
2024-07-07T01:00,25.9,91,31.9
2024-07-07T02:00,25.8,92,31.3
2024-07-07T03:00,25.8,94,31.6
2024-07-07T04:00,25.6,95,31.5
2024-07-07T05:00,25.6,96,31.8
2024-07-07T06:00,25.6,87,30.0
2024-07-07T07:00,26.3,84,31.2
2024-07-07T08:00,27.3,81,32.3
2024-07-07T09:00,29.1,75,34.0
2024-07-07T10:00,30.7,69,36.6
2024-07-07T11:00,31.9,64,38.9
2024-07-07T12:00,32.8,60,39.5
2024-07-07T13:00,33.0,58,38.6
2024-07-07T14:00,33.3,57,38.6
2024-07-07T15:00,33.5,56,38.3
2024-07-07T16:00,33.1,57,37.2
2024-07-07T17:00,32.3,60,36.0
2024-07-07T18:00,28.5,70,32.1
2024-07-07T19:00,27.7,74,31.8
2024-07-07T20:00,27.2,77,31.2
2024-07-07T21:00,26.9,79,30.9
2024-07-07T22:00,26.6,81,30.9
2024-07-07T23:00,26.4,83,30.8
2024-07-08T00:00,26.0,85,30.8
2024-07-08T01:00,25.8,87,30.9
2024-07-08T02:00,25.5,89,30.5
2024-07-08T03:00,25.3,91,30.0
2024-07-08T04:00,25.5,90,30.5
2024-07-08T05:00,25.8,88,30.6
2024-07-08T06:00,26.1,88,31.5
2024-07-08T07:00,27.2,84,32.3
2024-07-08T08:00,28.1,81,33.3
2024-07-08T09:00,29.4,75,34.2
2024-07-08T10:00,30.5,70,35.6
2024-07-08T11:00,31.8,64,37.0
2024-07-08T12:00,32.5,61,37.2
2024-07-08T13:00,32.8,60,37.6
2024-07-08T14:00,33.2,58,38.7
2024-07-08T15:00,33.1,58,37.9
2024-07-08T16:00,32.8,59,37.5
2024-07-08T17:00,32.3,61,37.2
2024-07-08T18:00,30.1,67,35.1
2024-07-08T19:00,29.0,73,33.7
2024-07-08T20:00,28.1,80,32.8
2024-07-08T21:00,27.8,84,33.2
2024-07-08T22:00,27.7,85,33.3
2024-07-08T23:00,27.5,85,32.9
2024-07-09T00:00,27.2,85,32.3
2024-07-09T01:00,26.9,86,31.6
2024-07-09T02:00,26.7,87,31.3
2024-07-09T03:00,26.5,88,31.3
2024-07-09T04:00,26.4,90,31.4
2024-07-09T05:00,26.2,91,31.6
2024-07-09T06:00,27.8,85,33.6
2024-07-09T07:00,28.8,82,34.7
2024-07-09T08:00,30.1,78,36.0
2024-07-09T09:00,30.6,77,37.5
2024-07-09T10:00,31.3,76,38.9
2024-07-09T11:00,32.0,71,38.5
2024-07-09T12:00,30.0,80,35.9
2024-07-09T13:00,30.0,79,36.7
2024-07-09T14:00,31.4,73,38.2
2024-07-09T15:00,31.9,72,38.7
2024-07-09T16:00,32.3,70,39.7
2024-07-09T17:00,32.4,69,39.6
2024-07-09T18:00,31.8,69,38.1
2024-07-09T19:00,30.6,75,37.2
2024-07-09T20:00,29.7,83,36.8
2024-07-09T21:00,29.3,85,36.5
2024-07-09T22:00,29.2,84,36.0
2024-07-09T23:00,29.0,83,35.5
2024-07-10T00:00,28.8,84,35.4
2024-07-10T01:00,28.5,87,35.4
2024-07-10T02:00,28.3,88,35.2
2024-07-10T03:00,27.9,91,35.0
2024-07-10T04:00,28.3,88,35.3
2024-07-10T05:00,26.5,94,31.5
2024-07-10T06:00,28.7,85,34.3
2024-07-10T07:00,27.3,92,33.5
2024-07-10T08:00,28.2,86,34.8
2024-07-10T09:00,29.4,81,35.7
2024-07-10T10:00,30.7,77,37.7
2024-07-10T11:00,32.0,72,39.9
2024-07-10T12:00,32.9,69,41.4
2024-07-10T13:00,33.3,67,41.3
2024-07-10T14:00,33.7,66,41.9
2024-07-10T15:00,34.1,64,41.5
2024-07-10T16:00,34.1,62,40.4
2024-07-10T17:00,33.7,63,39.8
2024-07-10T18:00,33.0,69,39.8
2024-07-10T19:00,31.7,77,39.0
2024-07-10T20:00,31.1,80,38.3
2024-07-10T21:00,30.7,81,37.6
2024-07-10T22:00,28.4,86,33.5
2024-07-10T23:00,27.8,89,33.2
2024-07-11T00:00,28.0,89,34.2
2024-07-11T01:00,28.2,88,34.5
2024-07-11T02:00,28.1,89,34.1
2024-07-11T03:00,28.3,88,34.3
2024-07-11T04:00,28.6,86,34.5
2024-07-11T05:00,27.9,89,34.6
2024-07-11T06:00,26.8,93,32.7
2024-07-11T07:00,27.2,93,33.3
2024-07-11T08:00,29.1,85,35.8
2024-07-11T09:00,31.4,76,38.4
2024-07-11T10:00,33.3,69,41.0
2024-07-11T11:00,34.6,65,42.4
2024-07-11T12:00,35.8,60,43.2
2024-07-11T13:00,36.1,57,42.9
2024-07-11T14:00,36.4,56,42.8
2024-07-11T15:00,36.4,55,42.2
2024-07-11T16:00,36.3,55,42.0
2024-07-11T17:00,35.9,56,41.7
2024-07-11T18:00,34.4,66,41.6
2024-07-11T19:00,32.8,72,40.3
2024-07-11T20:00,31.8,79,39.5
2024-07-11T21:00,27.0,87,30.3
2024-07-11T22:00,27.7,86,32.8
2024-07-11T23:00,28.0,85,33.7
2024-07-12T00:00,28.1,85,33.3
2024-07-12T01:00,28.0,86,33.3
2024-07-12T02:00,28.3,83,33.5
2024-07-12T03:00,28.5,79,33.2
2024-07-12T04:00,28.4,78,32.9
2024-07-12T05:00,28.3,78,32.4
2024-07-12T06:00,27.0,81,30.5
2024-07-12T07:00,27.9,81,32.7
2024-07-12T08:00,29.2,74,33.8
2024-07-12T09:00,30.6,69,35.5
2024-07-12T10:00,31.7,67,37.4
2024-07-12T11:00,32.9,65,40.0
2024-07-12T12:00,34.0,62,41.6
2024-07-12T13:00,34.4,61,40.8
2024-07-12T14:00,35.2,58,42.1
2024-07-12T15:00,35.3,58,41.9
2024-07-12T16:00,32.4,65,35.6
2024-07-12T17:00,28.8,82,33.8
2024-07-12T18:00,31.6,69,37.5
2024-07-12T19:00,30.5,75,37.0
2024-07-12T20:00,30.0,78,36.5
2024-07-12T21:00,29.2,82,36.0
2024-07-12T22:00,28.8,84,35.3
2024-07-12T23:00,28.4,85,34.7
2024-07-13T00:00,28.2,86,34.5
2024-07-13T01:00,27.8,88,34.5
2024-07-13T02:00,27.6,89,34.4
2024-07-13T03:00,27.5,92,34.3
2024-07-13T04:00,27.2,92,33.8
2024-07-13T05:00,27.2,89,33.3
2024-07-13T06:00,25.2,94,29.6
2024-07-13T07:00,25.5,93,31.3
2024-07-13T08:00,27.7,86,33.8
2024-07-13T09:00,29.9,77,36.5
2024-07-13T10:00,31.9,66,38.0
2024-07-13T11:00,33.0,61,39.7
2024-07-13T12:00,33.6,58,40.2
2024-07-13T13:00,34.3,56,41.0
2024-07-13T14:00,34.2,57,40.0
2024-07-13T15:00,33.9,59,39.4
2024-07-13T16:00,33.7,59,39.1
2024-07-13T17:00,33.3,60,38.7
2024-07-13T18:00,31.4,69,37.3
2024-07-13T19:00,30.3,78,37.0
2024-07-13T20:00,29.5,83,36.6
2024-07-13T21:00,29.2,85,36.2
2024-07-13T22:00,28.7,87,35.8
2024-07-13T23:00,28.3,90,35.3
2024-07-14T00:00,28.1,89,35.2
2024-07-14T01:00,27.7,91,34.9
2024-07-14T02:00,27.7,89,34.7
2024-07-14T03:00,27.9,87,34.5
2024-07-14T04:00,27.3,90,33.7
2024-07-14T05:00,27.0,92,33.5
2024-07-14T06:00,28.8,87,36.0
2024-07-14T07:00,30.2,80,37.1
2024-07-14T08:00,31.2,73,37.2
2024-07-14T09:00,31.9,70,38.2
2024-07-14T10:00,32.7,64,39.2
2024-07-14T11:00,33.0,64,40.6
2024-07-14T12:00,33.7,61,41.4
2024-07-14T13:00,34.4,57,42.3
2024-07-14T14:00,34.8,55,41.3
2024-07-14T15:00,34.9,56,41.2
2024-07-14T16:00,34.8,55,40.1
2024-07-14T17:00,34.3,56,39.3
2024-07-14T18:00,33.1,61,38.5
2024-07-14T19:00,31.8,67,37.5
2024-07-14T20:00,31.2,70,37.0
2024-07-14T21:00,30.5,74,36.5
2024-07-14T22:00,30.1,75,36.0
2024-07-14T23:00,30.0,74,35.5
2024-07-15T00:00,29.8,77,35.7
2024-07-15T01:00,29.4,80,35.6
2024-07-15T02:00,28.9,84,35.5
2024-07-15T03:00,25.5,89,28.1
2024-07-15T04:00,26.0,90,30.1
2024-07-15T05:00,25.7,92,30.0
2024-07-15T06:00,28.1,85,33.4
2024-07-15T07:00,28.5,83,33.6
2024-07-15T08:00,29.9,78,35.3
2024-07-15T09:00,31.1,74,36.5
2024-07-15T10:00,32.1,70,37.7
2024-07-15T11:00,32.7,65,37.8
2024-07-15T12:00,33.2,62,37.9
2024-07-15T13:00,31.4,71,36.8
2024-07-15T14:00,32.9,67,39.4
2024-07-15T15:00,33.2,65,38.8
2024-07-15T16:00,33.2,64,38.6
2024-07-15T17:00,32.6,66,37.7
2024-07-15T18:00,32.0,67,37.2
2024-07-15T19:00,30.9,72,36.3
2024-07-15T20:00,30.4,76,36.2
2024-07-15T21:00,29.8,79,35.7
2024-07-15T22:00,29.4,80,35.1
2024-07-15T23:00,29.1,81,34.9
2024-07-16T00:00,28.9,83,34.9
2024-07-16T01:00,28.6,85,34.6
2024-07-16T02:00,26.8,94,32.5
2024-07-16T03:00,26.5,93,32.5
2024-07-16T04:00,25.9,95,31.4
2024-07-16T05:00,25.6,97,30.9
2024-07-16T06:00,27.7,92,33.4
2024-07-16T07:00,28.8,88,34.8
2024-07-16T08:00,30.5,81,36.3
2024-07-16T09:00,31.6,76,37.4
2024-07-16T10:00,32.8,70,39.0
2024-07-16T11:00,33.6,65,40.1
2024-07-16T12:00,34.3,63,41.4
2024-07-16T13:00,34.2,64,41.3
2024-07-16T14:00,34.1,64,40.8
2024-07-16T15:00,34.2,63,40.2
2024-07-16T16:00,33.9,64,39.8
2024-07-16T17:00,33.5,64,39.1
2024-07-16T18:00,33.0,68,39.2
2024-07-16T19:00,31.7,73,38.0
2024-07-16T20:00,31.1,75,37.6
2024-07-16T21:00,30.7,77,36.9
2024-07-16T22:00,30.4,78,36.2
2024-07-16T23:00,30.2,79,35.8
2024-07-17T00:00,29.1,83,34.6
2024-07-17T01:00,28.9,85,34.7
2024-07-17T02:00,29.0,85,34.8
2024-07-17T03:00,28.8,86,34.3
2024-07-17T04:00,28.4,87,34.0
2024-07-17T05:00,28.2,88,33.9
2024-07-17T06:00,29.1,84,35.1
2024-07-17T07:00,29.9,82,35.7
2024-07-17T08:00,30.9,78,36.7
2024-07-17T09:00,31.8,74,37.7
2024-07-17T10:00,32.7,71,39.4
2024-07-17T11:00,33.5,67,40.4
2024-07-17T12:00,33.8,65,40.7
2024-07-17T13:00,34.3,64,41.3
2024-07-17T14:00,34.7,63,41.7
2024-07-17T15:00,34.6,62,41.2
2024-07-17T16:00,34.4,62,40.7
2024-07-17T17:00,34.1,63,40.5
2024-07-17T18:00,32.1,70,37.8
2024-07-17T19:00,31.3,73,37.3
2024-07-17T20:00,30.7,77,36.8
2024-07-17T21:00,30.3,78,36.5
2024-07-17T22:00,30.1,79,36.4
2024-07-17T23:00,29.8,81,36.2
2024-07-18T00:00,29.6,82,36.0
2024-07-18T01:00,29.1,85,35.4
2024-07-18T02:00,28.4,89,34.5
2024-07-18T03:00,28.0,90,33.9
2024-07-18T04:00,27.9,90,33.6
2024-07-18T05:00,27.7,90,33.6
2024-07-18T06:00,29.7,82,36.0
2024-07-18T07:00,30.6,80,37.2
2024-07-18T08:00,31.8,75,38.4
2024-07-18T09:00,32.8,70,39.4
2024-07-18T10:00,33.7,66,40.8
2024-07-18T11:00,34.4,62,42.0
2024-07-18T12:00,34.7,61,41.2
2024-07-18T13:00,34.1,63,40.4
2024-07-18T14:00,34.1,65,40.9
2024-07-18T15:00,34.7,60,41.3
2024-07-18T16:00,34.6,60,40.7
2024-07-18T17:00,34.0,63,40.3
2024-07-18T18:00,31.9,71,38.7
2024-07-18T19:00,30.6,79,37.7
2024-07-18T20:00,29.9,82,37.0
2024-07-18T21:00,29.3,85,36.5
2024-07-18T22:00,29.0,86,36.2
2024-07-18T23:00,29.0,86,35.8
2024-07-19T00:00,28.8,86,35.8
2024-07-19T01:00,28.4,89,35.5
2024-07-19T02:00,28.5,88,35.9
2024-07-19T03:00,27.8,93,35.3
2024-07-19T04:00,27.6,93,34.8
2024-07-19T05:00,27.3,96,33.6
2024-07-19T06:00,27.5,91,33.2
2024-07-19T07:00,28.3,87,34.2
2024-07-19T08:00,29.6,81,35.8
2024-07-19T09:00,30.8,76,37.3
2024-07-19T10:00,31.6,72,37.7
2024-07-19T11:00,32.7,68,39.6
2024-07-19T12:00,33.5,64,40.4
2024-07-19T13:00,34.1,61,41.2
2024-07-19T14:00,34.3,61,41.2
2024-07-19T15:00,34.4,60,40.5
2024-07-19T16:00,34.2,61,39.9
2024-07-19T17:00,33.8,62,39.4
2024-07-19T18:00,31.7,70,37.2
2024-07-19T19:00,30.8,74,36.4
2024-07-19T20:00,30.2,76,35.5
2024-07-19T21:00,29.7,78,35.2
2024-07-19T22:00,29.3,80,34.8
2024-07-19T23:00,28.9,82,34.8
2024-07-20T00:00,28.4,84,34.7
2024-07-20T01:00,27.9,88,33.9
2024-07-20T02:00,27.6,90,33.6
2024-07-20T03:00,27.4,91,33.3
2024-07-20T04:00,27.2,92,33.0
2024-07-20T05:00,27.1,92,32.9
2024-07-20T06:00,28.2,88,33.7
2024-07-20T07:00,28.8,85,34.8
2024-07-20T08:00,29.8,81,36.1
2024-07-20T09:00,31.0,76,37.1
2024-07-20T10:00,32.0,70,37.9
2024-07-20T11:00,33.3,64,40.2
2024-07-20T12:00,34.1,60,41.4
2024-07-20T13:00,34.7,58,41.7
2024-07-20T14:00,35.1,56,41.7
2024-07-20T15:00,35.1,57,41.3
2024-07-20T16:00,35.0,57,41.1
2024-07-20T17:00,34.6,59,40.6
2024-07-20T18:00,33.3,67,40.1
2024-07-20T19:00,31.9,72,38.7
2024-07-20T20:00,31.3,75,38.1
2024-07-20T21:00,30.9,77,37.1
2024-07-20T22:00,30.2,80,36.3
2024-07-20T23:00,29.7,83,36.2
2024-07-21T00:00,29.4,86,36.3
2024-07-21T01:00,29.2,88,36.3
2024-07-21T02:00,29.0,89,36.1
2024-07-21T03:00,28.8,90,36.0
2024-07-21T04:00,28.5,92,36.2
2024-07-21T05:00,27.2,95,33.3
2024-07-21T06:00,27.9,93,34.5
2024-07-21T07:00,29.0,88,35.6
2024-07-21T08:00,30.4,81,36.9
2024-07-21T09:00,31.9,75,38.7
2024-07-21T10:00,32.9,71,40.1
2024-07-21T11:00,33.4,67,39.8
2024-07-21T12:00,31.9,73,37.7
2024-07-21T13:00,33.7,68,40.8
2024-07-21T14:00,34.6,64,41.6
2024-07-21T15:00,34.8,62,40.9
2024-07-21T16:00,34.6,62,40.6
2024-07-21T17:00,34.2,63,40.3
2024-07-21T18:00,31.6,74,38.4
2024-07-21T19:00,31.2,76,37.6
2024-07-21T20:00,31.0,77,37.2
2024-07-21T21:00,30.7,79,36.7
2024-07-21T22:00,30.5,79,36.4
2024-07-21T23:00,30.2,81,36.0
2024-07-22T00:00,28.9,88,36.2
2024-07-22T01:00,28.7,90,35.5
2024-07-22T02:00,28.5,91,35.2
2024-07-22T03:00,28.4,92,34.9
2024-07-22T04:00,28.3,92,34.9
2024-07-22T05:00,27.8,90,34.6
2024-07-22T06:00,29.2,84,35.5
2024-07-22T07:00,30.0,83,36.5
2024-07-22T08:00,30.9,79,37.2
2024-07-22T09:00,32.1,74,38.8
2024-07-22T10:00,33.2,68,39.9
2024-07-22T11:00,34.1,63,41.0
2024-07-22T12:00,34.5,61,41.3
2024-07-22T13:00,34.5,61,40.4
2024-07-22T14:00,34.2,62,40.5
2024-07-22T15:00,34.3,62,41.1
2024-07-22T16:00,34.6,61,41.3
2024-07-22T17:00,34.3,62,40.4
2024-07-22T18:00,30.5,79,36.7
2024-07-22T19:00,29.8,82,36.2
2024-07-22T20:00,29.4,85,35.9
2024-07-22T21:00,29.2,87,35.7
2024-07-22T22:00,29.0,88,35.4
2024-07-22T23:00,28.8,89,35.2
2024-07-23T00:00,28.7,89,35.1
2024-07-23T01:00,28.4,91,34.9
2024-07-23T02:00,28.2,91,35.1
2024-07-23T03:00,28.0,93,35.0
2024-07-23T04:00,27.8,93,34.6
2024-07-23T05:00,27.7,94,33.8
2024-07-23T06:00,28.1,89,33.5
2024-07-23T07:00,27.0,91,33.4
2024-07-23T08:00,27.6,88,33.4
2024-07-23T09:00,28.7,85,35.8
2024-07-23T10:00,30.3,77,37.1
2024-07-23T11:00,31.7,74,39.6
2024-07-23T12:00,33.0,69,42.1
2024-07-23T13:00,34.0,65,42.9
2024-07-23T14:00,34.4,63,42.6
2024-07-23T15:00,34.8,61,42.2
2024-07-23T16:00,34.7,60,41.6
2024-07-23T17:00,34.3,61,41.1
2024-07-23T18:00,33.0,67,39.9
2024-07-23T19:00,31.0,79,38.0
2024-07-23T20:00,30.3,85,38.5
2024-07-23T21:00,29.8,87,37.6
2024-07-23T22:00,29.5,88,37.0
2024-07-23T23:00,28.5,89,34.1
2024-07-24T00:00,28.0,90,34.7
2024-07-24T01:00,27.3,92,33.6
2024-07-24T02:00,27.1,94,33.1
2024-07-24T03:00,26.7,96,32.8
2024-07-24T04:00,26.6,96,33.0
2024-07-24T05:00,26.4,96,32.9
2024-07-24T06:00,26.9,92,33.5
2024-07-24T07:00,27.1,92,34.0
2024-07-24T08:00,27.4,91,34.4
2024-07-24T09:00,28.6,87,35.7
2024-07-24T10:00,29.4,84,36.4
2024-07-24T11:00,30.4,80,37.1
2024-07-24T12:00,31.3,76,37.8
2024-07-24T13:00,32.5,70,39.0
2024-07-24T14:00,33.1,67,39.6
2024-07-24T15:00,33.6,65,40.0
2024-07-24T16:00,33.7,65,40.4
2024-07-24T17:00,33.6,65,40.5
2024-07-24T18:00,31.8,69,38.2
2024-07-24T19:00,30.5,78,37.6
2024-07-24T20:00,29.9,80,36.8
2024-07-24T21:00,29.6,81,36.4
2024-07-24T22:00,29.1,84,36.1
2024-07-24T23:00,29.0,83,35.2
2024-07-25T00:00,28.6,85,35.1
2024-07-25T01:00,28.3,88,35.4
2024-07-25T02:00,27.9,91,35.1
2024-07-25T03:00,27.8,90,33.9
2024-07-25T04:00,27.5,90,33.3
2024-07-25T05:00,27.2,92,33.2
2024-07-25T06:00,27.8,87,34.3
2024-07-25T07:00,28.2,86,34.9
2024-07-25T08:00,29.6,80,36.3
2024-07-25T09:00,31.0,75,37.8
2024-07-25T10:00,32.1,72,39.4
2024-07-25T11:00,33.0,69,41.2
2024-07-25T12:00,33.9,66,42.9
2024-07-25T13:00,34.7,61,43.0
2024-07-25T14:00,34.5,61,42.2
2024-07-25T15:00,34.1,63,41.0
2024-07-25T16:00,34.3,61,41.2
2024-07-25T17:00,34.2,61,40.7
2024-07-25T18:00,32.3,67,38.7
2024-07-25T19:00,31.2,81,39.1
2024-07-25T20:00,31.6,70,38.6
2024-07-25T21:00,30.7,76,37.6
2024-07-25T22:00,30.4,77,36.2
2024-07-25T23:00,29.6,79,35.0
2024-07-26T00:00,29.2,83,34.6
2024-07-26T01:00,28.5,86,34.8
2024-07-26T02:00,28.1,87,34.3
2024-07-26T03:00,27.9,88,34.3
2024-07-26T04:00,27.8,89,34.9
2024-07-26T05:00,27.4,93,34.3
2024-07-26T06:00,27.5,95,34.1
2024-07-26T07:00,27.7,93,34.2
2024-07-26T08:00,28.0,92,35.0
2024-07-26T09:00,28.4,93,36.0
2024-07-26T10:00,28.6,92,36.0
2024-07-26T11:00,29.5,87,36.8
2024-07-26T12:00,30.9,77,37.9
2024-07-26T13:00,31.9,70,38.2
2024-07-26T14:00,32.2,68,37.9
2024-07-26T15:00,32.7,67,38.4
2024-07-26T16:00,32.7,68,38.9
2024-07-26T17:00,32.6,69,38.9
2024-07-26T18:00,33.0,65,38.8
2024-07-26T19:00,31.8,70,38.1
2024-07-26T20:00,31.1,74,37.8
2024-07-26T21:00,30.6,77,37.5
2024-07-26T22:00,30.1,80,36.0
2024-07-26T23:00,29.3,84,35.6
2024-07-27T00:00,28.9,86,35.7
2024-07-27T01:00,28.7,88,35.9
2024-07-27T02:00,28.5,89,35.6
2024-07-27T03:00,28.3,89,35.3
2024-07-27T04:00,28.1,89,34.5
2024-07-27T05:00,28.0,91,34.8
2024-07-27T06:00,28.6,89,36.1
2024-07-27T07:00,29.4,85,36.9
2024-07-27T08:00,30.7,79,38.0
2024-07-27T09:00,31.9,75,39.3
2024-07-27T10:00,32.8,72,40.0
2024-07-27T11:00,34.0,65,41.7
2024-07-27T12:00,33.8,64,40.1
2024-07-27T13:00,31.9,72,37.1
2024-07-27T14:00,30.0,82,36.7
2024-07-27T15:00,31.1,78,38.2
2024-07-27T16:00,31.6,76,38.1
2024-07-27T17:00,31.4,77,38.0
2024-07-27T18:00,32.4,73,39.4
2024-07-27T19:00,31.5,79,39.2
2024-07-27T20:00,30.8,85,39.1
2024-07-27T21:00,30.5,84,37.8
2024-07-27T22:00,29.9,85,37.3
2024-07-27T23:00,29.5,87,37.4
2024-07-28T00:00,29.2,90,37.2
2024-07-28T01:00,28.9,93,37.1
2024-07-28T02:00,28.9,91,36.5
2024-07-28T03:00,28.8,91,36.2
2024-07-28T04:00,28.8,92,36.3
2024-07-28T05:00,28.6,92,36.0
2024-07-28T06:00,29.2,91,36.9
2024-07-28T07:00,30.5,83,37.8
2024-07-28T08:00,32.0,75,38.8
2024-07-28T09:00,33.3,67,39.5
2024-07-28T10:00,34.4,64,40.5
2024-07-28T11:00,31.8,75,38.2
2024-07-28T12:00,30.7,78,36.8
2024-07-28T13:00,32.3,74,38.9
2024-07-28T14:00,34.2,66,41.2
2024-07-28T15:00,35.0,62,41.3
2024-07-28T16:00,35.1,60,40.9
2024-07-28T17:00,34.6,61,40.1
2024-07-28T18:00,33.4,66,39.1
2024-07-28T19:00,32.4,70,38.3
2024-07-28T20:00,31.6,72,37.5
2024-07-28T21:00,31.0,75,36.9
2024-07-28T22:00,30.4,78,36.4
2024-07-28T23:00,29.9,80,35.9
2024-07-29T00:00,29.5,82,35.5
2024-07-29T01:00,29.1,84,35.1
2024-07-29T02:00,28.8,85,34.8
2024-07-29T03:00,28.6,86,34.6
2024-07-29T04:00,28.5,87,34.5
2024-07-29T05:00,28.3,88,34.2
2024-07-29T06:00,28.8,84,34.2
2024-07-29T07:00,29.8,80,35.0
2024-07-29T08:00,31.0,76,36.4
2024-07-29T09:00,32.3,70,37.7
2024-07-29T10:00,33.4,65,38.9
2024-07-29T11:00,34.4,62,40.9
2024-07-29T12:00,35.3,58,41.5
2024-07-29T13:00,35.7,57,41.6
2024-07-29T14:00,35.4,58,40.5
2024-07-29T15:00,35.2,59,40.3
2024-07-29T16:00,34.3,62,39.5
2024-07-29T17:00,33.5,65,38.8
2024-07-29T18:00,33.7,63,39.3
2024-07-29T19:00,32.8,68,39.1
2024-07-29T20:00,32.0,72,38.6
2024-07-29T21:00,31.4,75,38.0
2024-07-29T22:00,31.0,77,37.5
2024-07-29T23:00,30.7,78,37.2
2024-07-30T00:00,30.6,79,36.3
2024-07-30T01:00,30.4,79,36.0
2024-07-30T02:00,30.0,80,35.9
2024-07-30T03:00,29.6,82,35.5
2024-07-30T04:00,29.3,84,35.2
2024-07-30T05:00,29.0,86,35.1
2024-07-30T06:00,30.1,83,36.6
2024-07-30T07:00,31.0,80,37.5
2024-07-30T08:00,32.3,74,38.8
2024-07-30T09:00,33.7,66,39.6
2024-07-30T10:00,34.9,61,40.8
2024-07-30T11:00,35.7,57,42.2
2024-07-30T12:00,36.2,56,42.6
2024-07-30T13:00,36.1,56,41.6
2024-07-30T14:00,36.4,55,42.3
2024-07-30T15:00,36.3,56,42.0
2024-07-30T16:00,36.0,57,42.1
2024-07-30T17:00,35.6,57,41.4
2024-07-30T18:00,34.1,64,40.3
2024-07-30T19:00,33.1,68,40.2
2024-07-30T20:00,32.6,70,39.3
2024-07-30T21:00,32.1,72,38.6
2024-07-30T22:00,31.6,74,37.8
2024-07-30T23:00,30.5,79,36.7
2024-07-31T00:00,29.9,82,36.2
2024-07-31T01:00,29.6,83,36.0
2024-07-31T02:00,29.3,84,35.8
2024-07-31T03:00,29.2,84,36.2
2024-07-31T04:00,28.8,87,35.3
2024-07-31T05:00,28.6,87,35.0
2024-07-31T06:00,28.3,90,34.9
2024-07-31T07:00,28.6,86,35.1
2024-07-31T08:00,29.8,81,36.6
2024-07-31T09:00,31.0,77,38.1
2024-07-31T10:00,32.7,72,40.7
2024-07-31T11:00,33.9,67,42.7
2024-07-31T12:00,35.3,62,44.6
2024-07-31T13:00,36.5,58,46.2
2024-07-31T14:00,37.1,54,45.7
2024-07-31T15:00,36.7,54,44.1
2024-07-31T16:00,35.8,58,42.3
2024-07-31T17:00,33.2,69,39.1
2024-07-31T18:00,33.8,69,40.5
2024-07-31T19:00,28.6,93,35.4
2024-07-31T20:00,28.0,92,34.5
2024-07-31T21:00,27.1,97,33.4
2024-07-31T22:00,26.8,95,31.7
2024-07-31T23:00,26.5,97,31.4
2024-08-01T00:00,26.7,97,31.6
2024-08-01T01:00,27.1,96,32.7
2024-08-01T02:00,27.3,96,33.8
2024-08-01T03:00,27.4,97,34.1
2024-08-01T04:00,26.8,97,32.5
2024-08-01T05:00,26.5,98,32.5
2024-08-01T06:00,25.5,96,31.2
2024-08-01T07:00,25.7,95,32.0
2024-08-01T08:00,26.2,93,32.8
2024-08-01T09:00,27.0,90,33.5
2024-08-01T10:00,28.1,82,34.0
2024-08-01T11:00,29.2,79,35.4
2024-08-01T12:00,29.6,75,35.5
2024-08-01T13:00,30.5,72,36.1
2024-08-01T14:00,31.2,70,37.5
2024-08-01T15:00,31.2,71,37.4
2024-08-01T16:00,31.0,71,37.5
2024-08-01T17:00,31.0,71,37.4
2024-08-01T18:00,29.7,75,35.7
2024-08-01T19:00,28.8,81,35.0
2024-08-01T20:00,28.4,82,33.5
2024-08-01T21:00,27.6,84,32.8
2024-08-01T22:00,27.1,86,32.6
2024-08-01T23:00,26.7,90,32.9
2024-08-02T00:00,26.6,93,33.3
2024-08-02T01:00,26.3,95,33.1
2024-08-02T02:00,26.1,93,31.7
2024-08-02T03:00,25.9,91,30.8
2024-08-02T04:00,25.5,93,30.3
2024-08-02T05:00,25.5,93,30.3
2024-08-02T06:00,26.4,90,31.6
2024-08-02T07:00,26.8,88,31.9
2024-08-02T08:00,28.1,83,32.9
2024-08-02T09:00,29.5,77,34.1
2024-08-02T10:00,30.1,77,35.2
2024-08-02T11:00,31.1,73,36.2
2024-08-02T12:00,31.5,69,35.7
2024-08-02T13:00,31.8,69,36.4
2024-08-02T14:00,32.2,68,37.0
2024-08-02T15:00,31.1,72,35.8
2024-08-02T16:00,31.4,73,36.8
2024-08-02T17:00,30.5,75,35.8
2024-08-02T18:00,28.3,84,33.6
2024-08-02T19:00,27.7,86,33.2
2024-08-02T20:00,27.6,87,32.8
2024-08-02T21:00,27.5,89,33.0
2024-08-02T22:00,27.4,90,33.3
2024-08-02T23:00,27.4,90,33.1
2024-08-03T00:00,27.2,91,32.2
2024-08-03T01:00,26.7,90,31.8
2024-08-03T02:00,26.4,92,31.7
2024-08-03T03:00,26.1,95,31.6
2024-08-03T04:00,26.0,95,31.1
2024-08-03T05:00,26.0,95,31.0
2024-08-03T06:00,27.1,91,31.9
2024-08-03T07:00,27.9,87,32.4
2024-08-03T08:00,28.7,84,33.2
2024-08-03T09:00,30.0,78,34.9
2024-08-03T10:00,30.6,75,35.4
2024-08-03T11:00,31.3,72,35.8
2024-08-03T12:00,31.8,70,36.2
2024-08-03T13:00,32.4,69,37.5
2024-08-03T14:00,31.5,70,35.3
2024-08-03T15:00,30.9,74,35.4
2024-08-03T16:00,31.7,71,36.1
2024-08-03T17:00,31.5,71,36.1
2024-08-03T18:00,29.6,80,35.3
2024-08-03T19:00,28.8,83,34.8
2024-08-03T20:00,28.3,85,34.6
2024-08-03T21:00,28.0,87,34.3
2024-08-03T22:00,27.9,87,33.7
2024-08-03T23:00,27.6,87,33.0
2024-08-04T00:00,27.4,86,32.4
2024-08-04T01:00,27.2,86,32.4
2024-08-04T02:00,27.1,86,32.2
2024-08-04T03:00,27.0,86,32.1
2024-08-04T04:00,26.9,87,32.2
2024-08-04T05:00,26.9,87,32.1
2024-08-04T06:00,27.2,86,32.1
2024-08-04T07:00,28.1,81,32.9
2024-08-04T08:00,29.5,72,32.7
2024-08-04T09:00,30.3,69,32.9
2024-08-04T10:00,31.0,67,33.3
2024-08-04T11:00,31.9,63,35.0
2024-08-04T12:00,32.6,60,35.7
2024-08-04T13:00,33.0,59,36.5
2024-08-04T14:00,33.5,57,36.8
2024-08-04T15:00,33.4,57,36.0
2024-08-04T16:00,32.7,62,36.2
2024-08-04T17:00,32.3,64,36.0
2024-08-04T18:00,30.2,75,35.1
2024-08-04T19:00,29.4,77,34.1
2024-08-04T20:00,29.2,77,33.1
2024-08-04T21:00,29.1,77,32.8
2024-08-04T22:00,28.8,78,32.2
2024-08-04T23:00,28.4,79,31.4
2024-08-05T00:00,28.0,80,30.8
2024-08-05T01:00,27.3,83,30.3
2024-08-05T02:00,27.1,85,29.9
2024-08-05T03:00,26.9,84,29.4
2024-08-05T04:00,26.8,85,29.3
2024-08-05T05:00,26.8,86,29.2
2024-08-05T06:00,26.4,92,29.5
2024-08-05T07:00,27.2,87,29.6
2024-08-05T08:00,27.6,83,29.5
2024-08-05T09:00,27.7,83,29.9
2024-08-05T10:00,29.8,73,32.0
2024-08-05T11:00,30.5,70,32.8
2024-08-05T12:00,31.5,66,34.9
2024-08-05T13:00,32.4,62,36.3
2024-08-05T14:00,32.6,61,36.1
2024-08-05T15:00,32.5,62,35.8
2024-08-05T16:00,32.3,62,35.4
2024-08-05T17:00,31.4,66,34.9
2024-08-05T18:00,29.7,73,33.7
2024-08-05T19:00,28.9,76,33.1
2024-08-05T20:00,28.7,77,32.9
2024-08-05T21:00,28.4,79,32.8
2024-08-05T22:00,28.2,80,32.7
2024-08-05T23:00,28.2,81,32.7
2024-08-06T00:00,28.0,82,32.9
2024-08-06T01:00,27.7,84,32.6
2024-08-06T02:00,27.4,83,32.0
2024-08-06T03:00,27.1,84,31.7
2024-08-06T04:00,26.7,86,31.4
2024-08-06T05:00,26.4,88,31.2
2024-08-06T06:00,26.8,88,31.9
2024-08-06T07:00,27.6,82,32.3
2024-08-06T08:00,28.7,76,33.4
2024-08-06T09:00,29.4,74,34.2
2024-08-06T10:00,29.3,75,33.8
2024-08-06T11:00,30.0,72,34.4
2024-08-06T12:00,30.9,68,35.2
2024-08-06T13:00,31.2,66,35.3
2024-08-06T14:00,31.2,66,35.2
2024-08-06T15:00,31.3,65,35.3
2024-08-06T16:00,31.8,63,35.7
2024-08-06T17:00,31.5,64,36.0
2024-08-06T18:00,30.7,71,35.7
2024-08-06T19:00,29.4,75,34.5
2024-08-06T20:00,28.8,79,34.0
2024-08-06T21:00,28.6,80,33.4
2024-08-06T22:00,28.1,80,32.7
2024-08-06T23:00,27.5,80,31.7
2024-08-07T00:00,27.1,81,31.3
2024-08-07T01:00,26.7,83,31.1
2024-08-07T02:00,26.4,84,31.0
2024-08-07T03:00,26.6,84,31.4
2024-08-07T04:00,26.6,85,31.7
2024-08-07T05:00,26.6,86,31.7
2024-08-07T06:00,26.8,90,33.0
2024-08-07T07:00,26.8,90,32.7
2024-08-07T08:00,26.9,90,32.4
2024-08-07T09:00,26.6,91,31.8
2024-08-07T10:00,27.0,90,32.2
2024-08-07T11:00,27.6,85,32.9
2024-08-07T12:00,28.3,81,33.4
2024-08-07T13:00,29.2,77,34.6
2024-08-07T14:00,30.1,74,35.9
2024-08-07T15:00,30.0,74,36.4
2024-08-07T16:00,29.5,76,36.0
2024-08-07T17:00,28.9,78,34.6
2024-08-07T18:00,26.8,92,32.6
2024-08-07T19:00,26.9,92,32.7
2024-08-07T20:00,26.5,95,33.1
2024-08-07T21:00,26.2,93,31.6
2024-08-07T22:00,25.9,95,31.6
2024-08-07T23:00,25.5,98,31.2
2024-08-08T00:00,25.6,97,31.6
2024-08-08T01:00,25.7,96,31.3
2024-08-08T02:00,25.5,96,30.9
2024-08-08T03:00,25.6,96,31.2
2024-08-08T04:00,25.7,95,31.4
2024-08-08T05:00,25.6,96,31.1
2024-08-08T06:00,25.7,94,30.7
2024-08-08T07:00,26.0,92,30.9
2024-08-08T08:00,26.8,88,31.7
2024-08-08T09:00,27.9,83,32.6
2024-08-08T10:00,29.4,75,34.3
2024-08-08T11:00,30.6,70,36.4
2024-08-08T12:00,31.1,71,36.8
2024-08-08T13:00,31.5,69,37.1
2024-08-08T14:00,31.1,70,36.7
2024-08-08T15:00,30.9,72,37.0
2024-08-08T16:00,28.8,82,34.8
2024-08-08T17:00,29.0,81,35.2
2024-08-08T18:00,27.7,90,33.7
2024-08-08T19:00,26.8,93,32.7
2024-08-08T20:00,26.3,95,32.6
2024-08-08T21:00,26.2,96,33.1
2024-08-08T22:00,26.2,96,33.0
2024-08-08T23:00,26.0,97,32.6
2024-08-09T00:00,25.9,96,32.0
2024-08-09T01:00,25.8,96,32.0
2024-08-09T02:00,25.7,97,32.1
2024-08-09T03:00,25.6,96,31.5
2024-08-09T04:00,25.5,95,30.9
2024-08-09T05:00,25.3,96,30.7
2024-08-09T06:00,26.1,91,31.4
2024-08-09T07:00,26.6,89,32.2
2024-08-09T08:00,27.3,88,33.1
2024-08-09T09:00,28.2,84,33.9
2024-08-09T10:00,29.9,75,35.5
2024-08-09T11:00,30.6,73,37.1
2024-08-09T12:00,31.3,72,38.1
2024-08-09T13:00,31.8,71,38.7
2024-08-09T14:00,31.7,71,38.2
2024-08-09T15:00,31.6,71,37.9
2024-08-09T16:00,31.2,72,37.6
2024-08-09T17:00,26.7,94,32.9
2024-08-09T18:00,28.7,83,35.2
2024-08-09T19:00,27.0,92,33.8
2024-08-09T20:00,26.8,93,33.2
2024-08-09T21:00,25.9,94,31.6
2024-08-09T22:00,25.7,96,31.2
2024-08-09T23:00,25.7,96,31.5
2024-08-10T00:00,25.5,96,31.5
2024-08-10T01:00,25.2,97,30.7
2024-08-10T02:00,24.9,97,30.8
2024-08-10T03:00,24.9,99,30.6
2024-08-10T04:00,24.9,97,30.6
2024-08-10T05:00,25.0,97,30.3
2024-08-10T06:00,26.3,94,32.4
2024-08-10T07:00,26.7,93,32.2
2024-08-10T08:00,27.5,89,33.4
2024-08-10T09:00,28.4,84,34.4
2024-08-10T10:00,29.5,78,35.2
2024-08-10T11:00,30.1,76,36.4
2024-08-10T12:00,30.9,73,37.5
2024-08-10T13:00,31.1,71,37.7
2024-08-10T14:00,31.2,72,37.3
2024-08-10T15:00,31.2,73,37.3
2024-08-10T16:00,31.3,72,37.8
2024-08-10T17:00,28.9,82,35.0
2024-08-10T18:00,28.1,85,34.1
2024-08-10T19:00,26.6,93,33.1
2024-08-10T20:00,26.6,94,33.0
2024-08-10T21:00,26.5,94,32.7
2024-08-10T22:00,26.1,95,32.2
2024-08-10T23:00,25.9,97,32.3
2024-08-11T00:00,25.7,98,31.8
2024-08-11T01:00,25.6,97,31.8
2024-08-11T02:00,25.7,95,31.6
2024-08-11T03:00,25.8,94,31.8
2024-08-11T04:00,25.8,94,32.0
2024-08-11T05:00,25.6,94,31.6
2024-08-11T06:00,26.0,94,32.3
2024-08-11T07:00,26.2,93,31.7
2024-08-11T08:00,26.6,91,31.7
2024-08-11T09:00,27.8,87,33.6
2024-08-11T10:00,28.7,83,34.5
2024-08-11T11:00,29.6,79,35.3
2024-08-11T12:00,30.2,77,35.9
2024-08-11T13:00,30.7,74,36.4
2024-08-11T14:00,30.9,74,37.0
2024-08-11T15:00,29.1,81,35.5
2024-08-11T16:00,29.1,80,35.5
2024-08-11T17:00,29.2,81,35.6
2024-08-11T18:00,27.0,89,32.6
2024-08-11T19:00,26.5,92,32.0
2024-08-11T20:00,26.2,93,31.7
2024-08-11T21:00,26.0,95,32.0
2024-08-11T22:00,25.8,96,32.0
2024-08-11T23:00,25.8,96,31.8
2024-08-12T00:00,25.6,95,31.8
2024-08-12T01:00,25.7,95,31.7
2024-08-12T02:00,25.7,95,31.7
2024-08-12T03:00,25.6,95,31.7
2024-08-12T04:00,25.8,96,31.7
2024-08-12T05:00,25.6,95,30.5
2024-08-12T06:00,25.8,91,30.9
2024-08-12T07:00,26.4,90,31.4
2024-08-12T08:00,26.5,89,31.2
2024-08-12T09:00,26.3,91,30.9
2024-08-12T10:00,26.6,90,31.5
2024-08-12T11:00,27.3,89,32.9
2024-08-12T12:00,28.3,86,34.4
2024-08-12T13:00,28.7,83,35.2
2024-08-12T14:00,30.0,77,36.5
2024-08-12T15:00,28.2,84,33.8
2024-08-12T16:00,27.8,86,33.4
2024-08-12T17:00,27.7,86,33.5
2024-08-12T18:00,26.9,93,33.3
2024-08-12T19:00,26.8,95,33.2
2024-08-12T20:00,26.6,95,32.5
2024-08-12T21:00,26.5,95,32.1
2024-08-12T22:00,26.2,96,31.7
2024-08-12T23:00,25.9,96,31.3
2024-08-13T00:00,25.6,97,31.2
2024-08-13T01:00,25.6,97,31.1
2024-08-13T02:00,25.5,97,30.6
2024-08-13T03:00,25.4,97,30.7
2024-08-13T04:00,25.2,98,30.4
2024-08-13T05:00,25.2,98,30.4
2024-08-13T06:00,25.7,96,31.0
2024-08-13T07:00,26.5,91,31.5
2024-08-13T08:00,26.8,90,31.4
2024-08-13T09:00,27.4,88,32.4
2024-08-13T10:00,28.7,80,33.1
2024-08-13T11:00,28.8,80,33.4
2024-08-13T12:00,30.5,78,36.7
2024-08-13T13:00,30.8,74,36.4
2024-08-13T14:00,29.3,82,35.5
2024-08-13T15:00,28.1,85,33.4
2024-08-13T16:00,28.3,85,34.4
2024-08-13T17:00,28.5,84,34.5
2024-08-13T18:00,28.8,85,35.8
2024-08-13T19:00,27.7,91,34.6
2024-08-13T20:00,27.4,94,34.3
2024-08-13T21:00,27.0,95,33.9
2024-08-13T22:00,26.7,95,33.4
2024-08-13T23:00,26.6,96,33.4
2024-08-14T00:00,26.5,97,33.1
2024-08-14T01:00,26.2,98,33.1
2024-08-14T02:00,26.0,98,32.5
2024-08-14T03:00,25.9,98,32.1
2024-08-14T04:00,26.0,98,31.8
2024-08-14T05:00,26.1,96,31.7
2024-08-14T06:00,26.6,95,32.5
2024-08-14T07:00,27.1,90,32.5
2024-08-14T08:00,27.7,89,33.8
2024-08-14T09:00,28.9,84,35.3
2024-08-14T10:00,29.8,80,35.7
2024-08-14T11:00,30.0,78,36.1
2024-08-14T12:00,30.7,76,36.5
2024-08-14T13:00,28.9,84,35.4
2024-08-14T14:00,29.7,81,36.4
2024-08-14T15:00,30.0,81,36.6
2024-08-14T16:00,29.7,81,36.2
2024-08-14T17:00,29.6,82,36.1
2024-08-14T18:00,29.2,88,37.1
2024-08-14T19:00,28.1,92,35.3
2024-08-14T20:00,28.1,91,34.7
2024-08-14T21:00,27.5,94,34.5
2024-08-14T22:00,27.4,93,33.8
2024-08-14T23:00,27.1,93,33.1
2024-08-15T00:00,26.7,93,32.4
2024-08-15T01:00,26.4,95,32.4
2024-08-15T02:00,26.2,96,32.1
2024-08-15T03:00,26.1,97,31.7
2024-08-15T04:00,26.0,98,32.1
2024-08-15T05:00,26.2,97,32.0
2024-08-15T06:00,26.7,94,32.4
2024-08-15T07:00,27.5,90,32.8
2024-08-15T08:00,28.5,85,33.5
2024-08-15T09:00,29.3,81,34.7
2024-08-15T10:00,30.5,77,36.1
2024-08-15T11:00,31.6,73,37.9
2024-08-15T12:00,31.7,74,38.5
2024-08-15T13:00,32.0,74,39.5
2024-08-15T14:00,32.2,75,39.7
2024-08-15T15:00,32.0,75,39.7
2024-08-15T16:00,31.7,76,38.1
2024-08-15T17:00,31.3,77,37.7
2024-08-15T18:00,28.8,87,35.9
2024-08-15T19:00,26.5,95,32.6
2024-08-15T20:00,26.5,94,31.7
2024-08-15T21:00,26.3,93,31.4
2024-08-15T22:00,26.1,95,32.0
2024-08-15T23:00,25.9,97,32.3
2024-08-16T00:00,25.6,97,31.7
2024-08-16T01:00,25.6,97,30.8
2024-08-16T02:00,25.6,97,30.5
2024-08-16T03:00,25.5,98,30.7
2024-08-16T04:00,25.5,98,30.6
2024-08-16T05:00,25.7,96,30.2
2024-08-16T06:00,25.8,94,30.7
2024-08-16T07:00,26.6,90,31.5
2024-08-16T08:00,27.6,87,32.6
2024-08-16T09:00,28.4,84,33.6
2024-08-16T10:00,29.6,79,34.8
2024-08-16T11:00,31.0,74,37.0
2024-08-16T12:00,31.7,72,38.1
2024-08-16T13:00,32.3,68,39.1
2024-08-16T14:00,31.3,74,36.9
2024-08-16T15:00,31.0,77,37.4
2024-08-16T16:00,30.9,78,37.2
2024-08-16T17:00,27.5,90,33.5
2024-08-16T18:00,28.2,86,34.4
2024-08-16T19:00,27.0,91,31.9
2024-08-16T20:00,26.8,93,32.5
2024-08-16T21:00,26.7,94,32.5
2024-08-16T22:00,26.5,95,32.4
2024-08-16T23:00,26.4,95,32.1
2024-08-17T00:00,26.2,97,32.3
2024-08-17T01:00,26.2,97,32.4
2024-08-17T02:00,26.1,97,32.1
2024-08-17T03:00,26.0,98,32.3
2024-08-17T04:00,25.8,99,32.1
2024-08-17T05:00,25.7,99,32.1
2024-08-17T06:00,26.7,94,32.8
2024-08-17T07:00,27.3,91,33.5
2024-08-17T08:00,28.2,86,34.2
2024-08-17T09:00,29.2,81,35.1
2024-08-17T10:00,30.0,77,36.2
2024-08-17T11:00,30.8,74,37.7
2024-08-17T12:00,31.2,73,38.6
2024-08-17T13:00,31.5,73,38.6
2024-08-17T14:00,31.6,73,37.9
2024-08-17T15:00,31.9,72,38.1
2024-08-17T16:00,31.5,73,37.7
2024-08-17T17:00,28.6,82,34.0
2024-08-17T18:00,29.1,82,35.6
2024-08-17T19:00,28.3,89,35.3
2024-08-17T20:00,28.4,84,35.4
2024-08-17T21:00,27.9,90,34.6
2024-08-17T22:00,27.5,92,34.1
2024-08-17T23:00,28.1,87,34.8
2024-08-18T00:00,27.1,93,34.1
2024-08-18T01:00,27.0,93,33.6
2024-08-18T02:00,26.9,94,33.4
2024-08-18T03:00,26.6,96,33.2
2024-08-18T04:00,26.4,97,32.8
2024-08-18T05:00,26.2,96,32.4
2024-08-18T06:00,27.2,93,32.8
2024-08-18T07:00,28.2,86,33.6
2024-08-18T08:00,29.5,81,34.8
2024-08-18T09:00,30.7,76,36.1
2024-08-18T10:00,31.7,72,37.8
2024-08-18T11:00,32.1,69,38.4
2024-08-18T12:00,32.6,68,38.9
2024-08-18T13:00,32.7,67,39.2
2024-08-18T14:00,31.2,70,36.2
2024-08-18T15:00,29.3,79,34.1
2024-08-18T16:00,30.1,78,36.5
2024-08-18T17:00,30.1,79,36.7
2024-08-18T18:00,30.1,78,36.4
2024-08-18T19:00,29.1,82,35.5
2024-08-18T20:00,28.7,85,35.3
2024-08-18T21:00,28.6,84,34.9
2024-08-18T22:00,28.3,85,34.3
2024-08-18T23:00,28.0,86,34.0
2024-08-19T00:00,27.8,87,33.8
2024-08-19T01:00,27.8,86,33.4
2024-08-19T02:00,26.9,88,32.9
2024-08-19T03:00,26.5,93,33.1
2024-08-19T04:00,26.8,92,33.4
2024-08-19T05:00,26.2,96,32.5
2024-08-19T06:00,26.7,92,33.3
2024-08-19T07:00,27.5,89,33.9
2024-08-19T08:00,28.4,83,34.4
2024-08-19T09:00,29.6,78,35.7
2024-08-19T10:00,31.0,72,36.7
2024-08-19T11:00,31.6,71,38.1
2024-08-19T12:00,32.2,69,39.7
2024-08-19T13:00,32.7,67,39.2
2024-08-19T14:00,32.7,67,38.6
2024-08-19T15:00,31.7,69,36.2
2024-08-19T16:00,31.7,68,36.5
2024-08-19T17:00,31.0,72,36.0
2024-08-19T18:00,29.3,82,35.8
2024-08-19T19:00,28.4,85,34.9
2024-08-19T20:00,28.0,87,34.4
2024-08-19T21:00,27.9,88,34.2
2024-08-19T22:00,27.7,89,33.9
2024-08-19T23:00,27.6,90,33.7
2024-08-20T00:00,27.3,90,33.3
2024-08-20T01:00,27.2,90,32.9
2024-08-20T02:00,26.9,91,32.9
2024-08-20T03:00,26.5,93,32.9
2024-08-20T04:00,26.8,92,33.1
2024-08-20T05:00,26.5,93,33.2
2024-08-20T06:00,26.4,93,32.4
2024-08-20T07:00,26.6,91,32.4
2024-08-20T08:00,27.2,89,33.1
2024-08-20T09:00,27.6,87,33.9
2024-08-20T10:00,28.8,82,35.5
2024-08-20T11:00,30.1,76,37.2
2024-08-20T12:00,30.9,74,38.6
2024-08-20T13:00,31.5,74,39.8
2024-08-20T14:00,31.6,74,39.2
2024-08-20T15:00,31.6,72,38.8
2024-08-20T16:00,29.4,79,34.5
2024-08-20T17:00,27.2,90,33.2
2024-08-20T18:00,29.6,79,35.9
2024-08-20T19:00,28.2,85,33.9
2024-08-20T20:00,27.6,87,33.3
2024-08-20T21:00,27.2,89,33.2
2024-08-20T22:00,27.2,90,33.1
2024-08-20T23:00,27.0,92,33.4
2024-08-21T00:00,26.7,95,33.4
2024-08-21T01:00,26.8,93,33.7
2024-08-21T02:00,26.2,97,32.4
2024-08-21T03:00,26.0,97,32.7
2024-08-21T04:00,25.3,97,30.9
2024-08-21T05:00,25.1,98,30.3
2024-08-21T06:00,25.1,96,30.9
2024-08-21T07:00,25.7,93,31.8
2024-08-21T08:00,27.0,88,33.2
2024-08-21T09:00,28.7,82,34.6
2024-08-21T10:00,29.7,78,35.8
2024-08-21T11:00,30.8,74,38.6
2024-08-21T12:00,31.4,73,39.7
2024-08-21T13:00,31.7,72,39.9
2024-08-21T14:00,32.0,71,39.8
2024-08-21T15:00,31.7,71,38.0
2024-08-21T16:00,30.8,72,37.1
2024-08-21T17:00,31.1,71,37.4
2024-08-21T18:00,29.7,81,36.8
2024-08-21T19:00,28.7,87,35.6
2024-08-21T20:00,28.1,90,35.1
2024-08-21T21:00,27.8,93,34.9
2024-08-21T22:00,27.6,93,34.5
2024-08-21T23:00,27.4,94,34.1
2024-08-22T00:00,24.9,99,30.1
2024-08-22T01:00,25.2,96,30.9
2024-08-22T02:00,24.7,99,30.4
2024-08-22T03:00,25.1,94,30.3
2024-08-22T04:00,24.8,97,30.7
2024-08-22T05:00,24.9,96,30.7
2024-08-22T06:00,26.1,93,32.3
2024-08-22T07:00,26.9,92,33.5
2024-08-22T08:00,28.3,87,35.1
2024-08-22T09:00,29.7,81,36.7
2024-08-22T10:00,30.9,77,38.8
2024-08-22T11:00,31.7,74,40.4
2024-08-22T12:00,32.1,73,41.3
2024-08-22T13:00,32.5,73,41.9
2024-08-22T14:00,32.6,73,41.3
2024-08-22T15:00,32.8,72,40.3
2024-08-22T16:00,30.4,76,36.7
2024-08-22T17:00,29.9,79,36.0
2024-08-22T18:00,29.3,80,34.7
2024-08-22T19:00,28.1,86,33.9
2024-08-22T20:00,27.4,88,32.9
2024-08-22T21:00,26.9,90,32.9
2024-08-22T22:00,26.6,91,32.6
2024-08-22T23:00,26.3,95,32.8
2024-08-23T00:00,25.9,98,32.6
2024-08-23T01:00,25.8,99,32.4
2024-08-23T02:00,25.6,99,32.2
2024-08-23T03:00,25.6,99,32.0
2024-08-23T04:00,25.6,98,30.9
2024-08-23T05:00,25.2,97,30.8
2024-08-23T06:00,24.9,93,29.4
2024-08-23T07:00,25.6,90,30.1
2024-08-23T08:00,25.7,89,30.5
2024-08-23T09:00,26.7,84,32.3
2024-08-23T10:00,27.5,82,32.9
2024-08-23T11:00,27.9,82,33.4
2024-08-23T12:00,28.9,79,34.5
2024-08-23T13:00,28.9,78,34.6
2024-08-23T14:00,29.9,74,35.9
2024-08-23T15:00,30.4,72,36.3
2024-08-23T16:00,30.7,70,36.4
2024-08-23T17:00,30.7,70,36.6
2024-08-23T18:00,29.5,79,35.9
2024-08-23T19:00,28.4,83,34.4
2024-08-23T20:00,27.8,86,33.6
2024-08-23T21:00,27.3,88,33.3
2024-08-23T22:00,26.9,90,32.9
2024-08-23T23:00,26.5,93,32.9
2024-08-24T00:00,26.2,95,32.5
2024-08-24T01:00,25.9,96,32.2
2024-08-24T02:00,25.8,96,32.0
2024-08-24T03:00,25.9,94,31.8
2024-08-24T04:00,25.7,96,31.5
2024-08-24T05:00,25.3,98,31.5
2024-08-24T06:00,26.9,92,33.5
2024-08-24T07:00,27.2,90,34.0
2024-08-24T08:00,28.5,86,35.4
2024-08-24T09:00,27.7,83,31.7
2024-08-24T10:00,27.3,85,32.6
2024-08-24T11:00,28.3,83,34.1
2024-08-24T12:00,30.0,74,35.4
2024-08-24T13:00,30.9,72,37.2
2024-08-24T14:00,31.5,71,38.2
2024-08-24T15:00,31.5,69,37.3
2024-08-24T16:00,31.5,69,37.4
2024-08-24T17:00,31.1,71,37.1
2024-08-24T18:00,30.3,76,36.5
2024-08-24T19:00,29.0,84,35.6
2024-08-24T20:00,28.6,86,35.0
2024-08-24T21:00,28.4,86,34.9
2024-08-24T22:00,28.1,87,34.5
2024-08-24T23:00,27.9,88,34.0
2024-08-25T00:00,27.7,89,34.0
2024-08-25T01:00,26.1,92,30.1
2024-08-25T02:00,24.9,95,28.8
2024-08-25T03:00,25.0,95,28.7
2024-08-25T04:00,25.1,94,29.3
2024-08-25T05:00,25.1,94,29.3
2024-08-25T06:00,26.9,85,30.7
2024-08-25T07:00,27.6,82,31.0
2024-08-25T08:00,28.5,79,31.7
2024-08-25T09:00,29.5,75,32.9
2024-08-25T10:00,30.5,71,34.3
2024-08-25T11:00,31.4,68,36.0
2024-08-25T12:00,32.1,67,37.1
2024-08-25T13:00,32.2,66,36.9
2024-08-25T14:00,32.2,66,36.5
2024-08-25T15:00,32.1,66,36.1
2024-08-25T16:00,31.2,72,35.7
2024-08-25T17:00,30.0,76,34.7
2024-08-25T18:00,29.7,75,34.0
2024-08-25T19:00,29.2,75,33.5
2024-08-25T20:00,28.9,76,33.3
2024-08-25T21:00,28.6,79,33.2
2024-08-25T22:00,28.2,81,32.9
2024-08-25T23:00,28.0,83,32.5
2024-08-26T00:00,27.6,84,32.3
2024-08-26T01:00,27.2,86,32.0
2024-08-26T02:00,26.8,89,31.8
2024-08-26T03:00,26.5,91,31.7
2024-08-26T04:00,26.2,92,31.5
2024-08-26T05:00,26.0,93,31.1
2024-08-26T06:00,27.0,86,31.4
2024-08-26T07:00,27.8,82,31.7
2024-08-26T08:00,28.7,80,32.6
2024-08-26T09:00,29.0,74,31.9
2024-08-26T10:00,29.6,78,34.1
2024-08-26T11:00,30.9,73,36.0
2024-08-26T12:00,31.4,70,36.1
2024-08-26T13:00,31.6,69,36.2
2024-08-26T14:00,29.9,75,33.8
2024-08-26T15:00,29.4,79,34.2
2024-08-26T16:00,30.1,76,34.9
2024-08-26T17:00,29.8,75,33.8
2024-08-26T18:00,27.9,86,32.8
2024-08-26T19:00,27.1,89,32.2
2024-08-26T20:00,26.7,89,31.1
2024-08-26T21:00,26.6,88,30.3
2024-08-26T22:00,26.4,88,30.2
2024-08-26T23:00,26.3,89,30.2
2024-08-27T00:00,26.1,90,30.3
2024-08-27T01:00,25.4,92,28.0
2024-08-27T02:00,24.3,93,27.2
2024-08-27T03:00,24.4,94,28.0
2024-08-27T04:00,24.7,95,28.7
2024-08-27T05:00,25.1,95,29.0
2024-08-27T06:00,25.5,94,29.7
2024-08-27T07:00,26.6,88,29.9
2024-08-27T08:00,27.4,84,30.5
2024-08-27T09:00,28.7,80,32.1
2024-08-27T10:00,29.8,75,33.2
2024-08-27T11:00,30.6,73,35.0
2024-08-27T12:00,31.0,71,35.6
2024-08-27T13:00,31.2,70,35.5
2024-08-27T14:00,28.9,78,32.5
2024-08-27T15:00,30.1,74,34.2
2024-08-27T16:00,29.0,77,33.0
2024-08-27T17:00,29.0,77,33.4
2024-08-27T18:00,27.4,87,32.2
2024-08-27T19:00,27.0,89,32.3
2024-08-27T20:00,26.4,90,31.3
2024-08-27T21:00,25.6,93,30.2
2024-08-27T22:00,25.0,94,28.6
2024-08-27T23:00,24.9,95,29.3
2024-08-28T00:00,24.6,95,28.4
2024-08-28T01:00,24.4,96,28.6
2024-08-28T02:00,24.3,96,28.3
2024-08-28T03:00,24.2,97,28.5
2024-08-28T04:00,24.3,97,28.9
2024-08-28T05:00,24.3,97,29.0
2024-08-28T06:00,25.2,95,29.8
2024-08-28T07:00,25.9,90,30.0
2024-08-28T08:00,26.7,87,30.6
2024-08-28T09:00,27.7,84,32.1
2024-08-28T10:00,28.8,78,33.4
2024-08-28T11:00,29.9,73,34.8
2024-08-28T12:00,30.0,72,34.3
2024-08-28T13:00,30.2,72,34.8
2024-08-28T14:00,30.3,74,35.7
2024-08-28T15:00,30.3,73,35.8
2024-08-28T16:00,28.4,80,33.7
2024-08-28T17:00,28.7,80,34.1
2024-08-28T18:00,26.6,91,33.1
2024-08-28T19:00,26.5,95,32.7
2024-08-28T20:00,26.5,94,33.0
2024-08-28T21:00,26.0,93,31.6
2024-08-28T22:00,25.6,94,30.9
2024-08-28T23:00,25.3,94,30.6
2024-08-29T00:00,24.7,96,29.6
2024-08-29T01:00,24.7,95,29.9
2024-08-29T02:00,24.8,94,30.3
2024-08-29T03:00,24.4,96,29.5
2024-08-29T04:00,24.4,96,29.1
2024-08-29T05:00,24.4,97,28.4
2024-08-29T06:00,24.9,94,28.1
2024-08-29T07:00,25.1,95,29.3
2024-08-29T08:00,25.3,95,28.9
2024-08-29T09:00,25.7,94,29.7
2024-08-29T10:00,26.8,92,31.2
2024-08-29T11:00,28.3,84,32.9
2024-08-29T12:00,29.7,77,34.9
2024-08-29T13:00,30.3,71,35.0
2024-08-29T14:00,30.6,70,35.0
2024-08-29T15:00,30.8,69,35.5
2024-08-29T16:00,30.9,67,35.8
2024-08-29T17:00,30.5,70,35.8
2024-08-29T18:00,28.0,85,34.2
2024-08-29T19:00,27.1,89,33.0
2024-08-29T20:00,26.6,91,32.2
2024-08-29T21:00,26.3,92,32.1
2024-08-29T22:00,26.2,93,32.1
2024-08-29T23:00,25.9,93,31.4
2024-08-30T00:00,25.8,93,31.0
2024-08-30T01:00,25.6,93,30.8
2024-08-30T02:00,25.4,94,30.5
2024-08-30T03:00,25.2,96,30.2
2024-08-30T04:00,25.1,97,30.4
2024-08-30T05:00,25.0,98,30.4
2024-08-30T06:00,25.5,96,31.0
2024-08-30T07:00,26.4,93,32.3
2024-08-30T08:00,27.9,88,33.9
2024-08-30T09:00,29.3,82,35.6
2024-08-30T10:00,30.2,79,37.3
2024-08-30T11:00,30.8,77,38.8
2024-08-30T12:00,31.3,74,39.2
2024-08-30T13:00,31.2,73,37.9
2024-08-30T14:00,31.1,73,38.0
2024-08-30T15:00,30.4,76,36.9
2024-08-30T16:00,27.5,87,33.1
2024-08-30T17:00,27.9,87,34.2
2024-08-30T18:00,26.8,89,33.1
2024-08-30T19:00,26.6,95,33.3
2024-08-30T20:00,26.6,94,33.0
2024-08-30T21:00,26.5,94,32.7
2024-08-30T22:00,26.4,94,32.7
2024-08-30T23:00,26.1,95,32.2
2024-08-31T00:00,26.7,91,32.8
2024-08-31T01:00,26.6,91,32.8
2024-08-31T02:00,26.3,93,32.5
2024-08-31T03:00,25.7,96,31.6
2024-08-31T04:00,25.7,96,31.7
2024-08-31T05:00,25.6,96,31.6
2024-08-31T06:00,26.2,93,31.5
2024-08-31T07:00,27.2,90,32.9
2024-08-31T08:00,28.7,84,34.3
2024-08-31T09:00,30.0,77,35.2
2024-08-31T10:00,31.0,72,36.4
2024-08-31T11:00,31.8,67,37.9
2024-08-31T12:00,32.6,63,38.7
2024-08-31T13:00,33.1,61,39.1
2024-08-31T14:00,33.3,60,38.9
2024-08-31T15:00,33.2,60,37.9
2024-08-31T16:00,33.0,61,37.5
2024-08-31T17:00,32.0,67,37.3
2024-08-31T18:00,30.4,74,36.2
2024-08-31T19:00,29.5,77,35.3
2024-08-31T20:00,29.0,79,34.6
2024-08-31T21:00,28.6,80,34.1
2024-08-31T22:00,28.1,82,33.7
2024-08-31T23:00,27.6,85,33.3
2024-09-01T00:00,27.0,88,32.9
2024-09-01T01:00,26.9,88,32.7
2024-09-01T02:00,26.7,89,32.3
2024-09-01T03:00,26.4,90,31.8
2024-09-01T04:00,26.2,91,31.6
2024-09-01T05:00,25.9,93,31.5
2024-09-01T06:00,27.1,88,32.8
2024-09-01T07:00,28.1,85,34.0
2024-09-01T08:00,29.6,78,35.4
2024-09-01T09:00,30.8,71,36.1
2024-09-01T10:00,31.6,66,36.8
2024-09-01T11:00,32.4,63,38.4
2024-09-01T12:00,33.1,60,39.8
2024-09-01T13:00,33.4,59,39.8
2024-09-01T14:00,33.5,58,39.2
2024-09-01T15:00,33.2,60,38.1
2024-09-01T16:00,33.2,60,38.1
2024-09-01T17:00,32.3,66,38.0
2024-09-01T18:00,30.8,72,36.6
2024-09-01T19:00,29.7,77,35.9
2024-09-01T20:00,29.2,80,35.5
2024-09-01T21:00,29.0,79,33.8
2024-09-01T22:00,28.0,84,33.0
2024-09-01T23:00,27.4,88,32.2
2024-09-02T00:00,26.9,91,32.1
2024-09-02T01:00,26.6,94,31.8
2024-09-02T02:00,26.6,94,31.9
2024-09-02T03:00,26.4,94,31.4
2024-09-02T04:00,25.5,95,30.0
2024-09-02T05:00,25.1,94,29.2
2024-09-02T06:00,26.4,90,31.2
2024-09-02T07:00,26.7,88,31.3
2024-09-02T08:00,27.2,86,31.8
2024-09-02T09:00,27.8,85,32.5
2024-09-02T10:00,29.4,81,35.2
2024-09-02T11:00,30.4,74,35.4
2024-09-02T12:00,30.6,72,35.4
2024-09-02T13:00,31.0,71,36.2
2024-09-02T14:00,31.3,71,37.0
2024-09-02T15:00,31.5,71,37.5
2024-09-02T16:00,28.4,83,34.0
2024-09-02T17:00,28.6,83,34.3
2024-09-02T18:00,29.3,76,34.7
2024-09-02T19:00,28.2,81,33.7
2024-09-02T20:00,27.6,83,33.0
2024-09-02T21:00,27.0,86,32.7
2024-09-02T22:00,27.0,85,32.3
2024-09-02T23:00,26.9,85,31.7
2024-09-03T00:00,26.6,87,31.5
2024-09-03T01:00,26.4,89,31.4
2024-09-03T02:00,26.2,90,31.0
2024-09-03T03:00,26.0,91,30.9
2024-09-03T04:00,25.9,92,30.8
2024-09-03T05:00,25.8,93,30.8
2024-09-03T06:00,25.7,95,31.3
2024-09-03T07:00,25.5,95,30.7
2024-09-03T08:00,26.0,91,30.4
2024-09-03T09:00,26.0,90,30.5
2024-09-03T10:00,26.6,87,31.2
2024-09-03T11:00,28.9,80,34.6
2024-09-03T12:00,30.1,74,36.1
2024-09-03T13:00,31.0,73,38.1
2024-09-03T14:00,31.5,72,38.3
2024-09-03T15:00,31.6,72,37.8
2024-09-03T16:00,31.3,71,37.3
2024-09-03T17:00,30.3,76,36.1
2024-09-03T18:00,26.6,93,31.9
2024-09-03T19:00,26.3,93,32.9
2024-09-03T20:00,26.3,94,32.3
2024-09-03T21:00,26.0,96,32.2
2024-09-03T22:00,25.8,94,30.9
2024-09-03T23:00,25.4,92,30.2
2024-09-04T00:00,25.0,95,29.8
2024-09-04T01:00,24.7,97,30.0
2024-09-04T02:00,24.5,97,30.0
2024-09-04T03:00,24.5,97,29.7
2024-09-04T04:00,24.5,96,29.3
2024-09-04T05:00,24.4,97,29.3
2024-09-04T06:00,24.7,95,29.5
2024-09-04T07:00,25.6,92,31.4
2024-09-04T08:00,26.8,88,31.7
2024-09-04T09:00,27.7,84,33.0
2024-09-04T10:00,28.2,81,33.9
2024-09-04T11:00,29.2,78,35.5
2024-09-04T12:00,29.6,75,35.6
2024-09-04T13:00,30.3,73,37.2
2024-09-04T14:00,30.8,73,37.2
2024-09-04T15:00,30.8,73,36.2
2024-09-04T16:00,30.7,73,36.3
2024-09-04T17:00,30.1,74,35.4
2024-09-04T18:00,27.9,84,34.0
2024-09-04T19:00,27.3,91,34.3
2024-09-04T20:00,27.0,90,33.5
2024-09-04T21:00,26.8,91,33.0
2024-09-04T22:00,26.5,92,32.4
2024-09-04T23:00,26.1,93,31.8
2024-09-05T00:00,25.9,95,31.7
2024-09-05T01:00,25.8,95,31.6
2024-09-05T02:00,25.5,96,31.2
2024-09-05T03:00,25.2,97,30.8
2024-09-05T04:00,25.0,97,30.4
2024-09-05T05:00,24.8,98,30.5
2024-09-05T06:00,25.5,94,31.6
2024-09-05T07:00,26.6,89,32.8
2024-09-05T08:00,27.9,82,34.0
2024-09-05T09:00,29.1,74,35.1
2024-09-05T10:00,30.1,68,36.0
2024-09-05T11:00,30.9,65,37.7
2024-09-05T12:00,31.3,63,38.5
2024-09-05T13:00,31.4,64,38.4
2024-09-05T14:00,31.6,64,38.2
2024-09-05T15:00,31.5,65,37.5
2024-09-05T16:00,30.8,69,36.3
2024-09-05T17:00,28.9,80,33.9
2024-09-05T18:00,25.4,92,31.1
2024-09-05T19:00,25.6,94,31.3
2024-09-05T20:00,25.7,94,31.6
2024-09-05T21:00,25.8,94,32.0
2024-09-05T22:00,25.8,95,32.1
2024-09-05T23:00,25.5,96,31.4
2024-09-06T00:00,26.0,93,32.3
2024-09-06T01:00,25.8,95,32.2
2024-09-06T02:00,25.1,98,31.2
2024-09-06T03:00,24.2,100,28.1
2024-09-06T04:00,24.3,98,29.2
2024-09-06T05:00,24.3,98,29.5
2024-09-06T06:00,24.6,96,30.0
2024-09-06T07:00,25.3,92,30.4
2024-09-06T08:00,26.4,88,32.2
2024-09-06T09:00,28.1,80,33.5
2024-09-06T10:00,29.1,76,34.5
2024-09-06T11:00,30.0,75,36.2
2024-09-06T12:00,30.6,71,36.2
2024-09-06T13:00,27.8,82,33.2
2024-09-06T14:00,28.1,82,33.2
2024-09-06T15:00,27.8,83,32.6
2024-09-06T16:00,27.5,84,32.4
2024-09-06T17:00,27.7,82,32.8
2024-09-06T18:00,26.1,90,31.4
2024-09-06T19:00,25.8,94,31.8
2024-09-06T20:00,25.7,96,31.3
2024-09-06T21:00,25.6,97,30.9
2024-09-06T22:00,25.3,97,30.8
2024-09-06T23:00,25.1,97,30.4
2024-09-07T00:00,24.7,98,29.9
2024-09-07T01:00,24.6,96,29.3
2024-09-07T02:00,24.5,97,29.1
2024-09-07T03:00,24.3,97,28.6
2024-09-07T04:00,24.1,98,28.6
2024-09-07T05:00,24.2,97,29.1
2024-09-07T06:00,24.7,94,29.6
2024-09-07T07:00,25.2,90,29.9
2024-09-07T08:00,25.4,90,30.7
2024-09-07T09:00,26.2,88,31.7
2024-09-07T10:00,28.0,81,33.6
2024-09-07T11:00,29.1,79,35.5
2024-09-07T12:00,30.1,73,36.9
2024-09-07T13:00,30.1,72,36.1
2024-09-07T14:00,30.1,73,36.2
2024-09-07T15:00,30.4,71,35.8
2024-09-07T16:00,30.1,72,35.4
2024-09-07T17:00,29.7,75,35.5
2024-09-07T18:00,26.8,93,33.8
2024-09-07T19:00,26.8,94,33.6
2024-09-07T20:00,26.4,96,33.1
2024-09-07T21:00,26.3,97,33.5
2024-09-07T22:00,26.3,96,33.2
2024-09-07T23:00,26.2,97,33.2
2024-09-08T00:00,25.9,94,32.1
2024-09-08T01:00,25.6,94,31.6
2024-09-08T02:00,25.7,94,32.1
2024-09-08T03:00,25.8,91,31.6
2024-09-08T04:00,25.0,95,30.2
2024-09-08T05:00,24.4,96,30.0
2024-09-08T06:00,25.7,95,31.7
2024-09-08T07:00,26.1,94,32.2
2024-09-08T08:00,27.1,90,33.3
2024-09-08T09:00,28.4,84,34.7
2024-09-08T10:00,29.5,81,36.5
2024-09-08T11:00,30.5,77,38.2
2024-09-08T12:00,31.0,74,38.4
2024-09-08T13:00,31.2,74,37.9
2024-09-08T14:00,31.3,73,37.1
2024-09-08T15:00,31.0,72,36.5
2024-09-08T16:00,30.3,75,36.4
2024-09-08T17:00,29.5,80,36.1
2024-09-08T18:00,27.1,91,33.0
2024-09-08T19:00,26.8,91,32.7
2024-09-08T20:00,26.6,92,32.7
2024-09-08T21:00,26.4,93,32.4
2024-09-08T22:00,26.3,93,32.2
2024-09-08T23:00,26.2,93,32.1
2024-09-09T00:00,25.9,94,31.9
2024-09-09T01:00,25.9,93,31.8
2024-09-09T02:00,25.7,94,31.3
2024-09-09T03:00,25.4,95,31.0
2024-09-09T04:00,25.4,95,30.9
2024-09-09T05:00,25.2,96,30.7
2024-09-09T06:00,26.0,93,31.5
2024-09-09T07:00,26.9,91,32.8
2024-09-09T08:00,28.3,85,34.2
2024-09-09T09:00,29.7,75,35.3
2024-09-09T10:00,30.7,69,36.3
2024-09-09T11:00,31.5,65,37.7
2024-09-09T12:00,32.2,63,38.6
2024-09-09T13:00,32.6,61,38.9
2024-09-09T14:00,32.7,60,38.4
2024-09-09T15:00,32.6,61,37.7
2024-09-09T16:00,32.1,63,37.3
2024-09-09T17:00,31.5,69,37.4
2024-09-09T18:00,28.6,84,35.3
2024-09-09T19:00,27.7,87,32.6
2024-09-09T20:00,26.8,89,32.8
2024-09-09T21:00,26.6,91,32.5
2024-09-09T22:00,26.5,92,32.6
2024-09-09T23:00,26.2,94,32.6
2024-09-10T00:00,26.1,95,32.5
2024-09-10T01:00,26.0,95,32.2
2024-09-10T02:00,26.2,93,32.6
2024-09-10T03:00,25.4,97,31.4
2024-09-10T04:00,25.2,98,31.4
2024-09-10T05:00,24.9,98,30.2
2024-09-10T06:00,25.7,93,31.6
2024-09-10T07:00,26.1,91,32.1
2024-09-10T08:00,26.7,89,32.6
2024-09-10T09:00,28.0,83,34.0
2024-09-10T10:00,28.9,81,35.3
2024-09-10T11:00,29.1,81,36.0
2024-09-10T12:00,30.0,79,37.3
2024-09-10T13:00,30.7,78,39.1
2024-09-10T14:00,30.5,79,37.7
2024-09-10T15:00,30.5,78,37.0
2024-09-10T16:00,28.4,84,33.7
2024-09-10T17:00,27.5,86,33.1
2024-09-10T18:00,26.8,89,32.8
2024-09-10T19:00,26.8,90,33.4
2024-09-10T20:00,26.7,90,33.2
2024-09-10T21:00,26.5,92,33.0
2024-09-10T22:00,25.8,97,32.2
2024-09-10T23:00,25.5,98,32.1
2024-09-11T00:00,25.9,97,32.6
2024-09-11T01:00,25.5,99,31.9
2024-09-11T02:00,25.4,99,31.8
2024-09-11T03:00,25.5,98,31.7
2024-09-11T04:00,25.3,99,31.6
2024-09-11T05:00,25.0,99,31.1
2024-09-11T06:00,25.6,98,31.5
2024-09-11T07:00,26.7,91,32.4
2024-09-11T08:00,28.0,87,34.4
2024-09-11T09:00,29.1,81,35.3
2024-09-11T10:00,30.3,78,37.0
2024-09-11T11:00,31.0,74,38.0
2024-09-11T12:00,31.7,73,38.9
2024-09-11T13:00,29.4,79,34.8
2024-09-11T14:00,28.0,86,33.6
2024-09-11T15:00,27.9,86,33.8
2024-09-11T16:00,28.1,87,34.4
2024-09-11T17:00,28.2,89,35.0
2024-09-11T18:00,28.8,85,35.2
2024-09-11T19:00,27.9,89,33.5
2024-09-11T20:00,26.7,94,32.6
2024-09-11T21:00,26.7,93,32.3
2024-09-11T22:00,26.6,93,31.7
2024-09-11T23:00,26.8,92,31.3
2024-09-12T00:00,27.2,89,31.6
2024-09-12T01:00,26.7,91,30.4
2024-09-12T02:00,25.6,93,29.0
2024-09-12T03:00,25.8,91,29.1
2024-09-12T04:00,25.5,92,29.2
2024-09-12T05:00,25.8,92,30.1
2024-09-12T06:00,25.7,92,30.0
2024-09-12T07:00,25.5,93,30.6
2024-09-12T08:00,25.8,92,29.9
2024-09-12T09:00,25.5,93,29.6
2024-09-12T10:00,25.3,93,28.9
2024-09-12T11:00,25.4,92,28.6
2024-09-12T12:00,25.9,91,29.0
2024-09-12T13:00,26.1,90,28.8
2024-09-12T14:00,26.0,90,29.1
2024-09-12T15:00,25.3,90,28.2
2024-09-12T16:00,25.3,90,28.5
2024-09-12T17:00,25.2,91,28.3
2024-09-12T18:00,25.1,90,28.1
2024-09-12T19:00,24.4,90,27.6
2024-09-12T20:00,24.1,92,27.2
2024-09-12T21:00,24.4,93,28.0
2024-09-12T22:00,24.3,92,27.7
2024-09-12T23:00,23.9,94,27.7
2024-09-13T00:00,23.9,94,27.8
2024-09-13T01:00,23.7,94,27.0
2024-09-13T02:00,23.7,94,26.4
2024-09-13T03:00,23.4,93,25.4
2024-09-13T04:00,23.4,92,25.4
2024-09-13T05:00,23.3,91,25.7
2024-09-13T06:00,24.1,93,26.5
2024-09-13T07:00,24.3,94,27.5
2024-09-13T08:00,24.9,91,27.9
2024-09-13T09:00,26.0,85,28.9
2024-09-13T10:00,27.4,83,31.5
2024-09-13T11:00,30.0,75,35.4
2024-09-13T12:00,29.6,77,34.6
2024-09-13T13:00,25.8,90,28.5
2024-09-13T14:00,26.5,88,30.4
2024-09-13T15:00,28.3,83,33.0
2024-09-13T16:00,28.3,80,32.3
2024-09-13T17:00,26.6,86,31.0
2024-09-13T18:00,24.9,92,29.3
2024-09-13T19:00,24.6,94,29.9
2024-09-13T20:00,24.7,94,30.5
2024-09-13T21:00,24.5,93,29.3
2024-09-13T22:00,24.2,94,28.7
2024-09-13T23:00,24.0,95,28.7
2024-09-14T00:00,23.7,95,28.5
2024-09-14T01:00,24.0,94,28.0
2024-09-14T02:00,24.0,94,29.2
2024-09-14T03:00,23.6,97,28.6
2024-09-14T04:00,23.1,99,28.4
2024-09-14T05:00,22.6,99,27.4
2024-09-14T06:00,24.0,87,26.9
2024-09-14T07:00,24.8,84,27.6
2024-09-14T08:00,25.8,81,28.2
2024-09-14T09:00,26.7,78,29.2
2024-09-14T10:00,27.8,76,30.7
2024-09-14T11:00,28.6,75,32.5
2024-09-14T12:00,29.6,72,33.9
2024-09-14T13:00,29.9,69,34.2
2024-09-14T14:00,29.7,66,33.0
2024-09-14T15:00,29.4,67,32.6
2024-09-14T16:00,29.1,70,32.8
2024-09-14T17:00,28.4,76,33.0
2024-09-14T18:00,28.5,76,34.1
2024-09-14T19:00,24.4,92,28.5
2024-09-14T20:00,24.2,92,28.8
2024-09-14T21:00,24.1,93,29.0
2024-09-14T22:00,24.1,89,28.1
2024-09-14T23:00,23.7,91,27.9
2024-09-15T00:00,23.2,94,27.4
2024-09-15T01:00,23.3,93,27.4
2024-09-15T02:00,23.2,94,27.3
2024-09-15T03:00,22.7,96,26.9
2024-09-15T04:00,22.7,95,26.8
2024-09-15T05:00,22.5,96,26.5
2024-09-15T06:00,24.1,88,27.0
2024-09-15T07:00,24.8,84,27.6
2024-09-15T08:00,26.0,78,28.4
2024-09-15T09:00,27.4,72,29.9
2024-09-15T10:00,28.6,69,31.6
2024-09-15T11:00,29.7,66,33.6
2024-09-15T12:00,30.5,64,34.5
2024-09-15T13:00,31.0,62,34.9
2024-09-15T14:00,31.2,60,34.5
2024-09-15T15:00,30.9,61,33.2
2024-09-15T16:00,30.5,64,33.3
2024-09-15T17:00,29.6,68,33.5
2024-09-15T18:00,25.9,80,29.5
2024-09-15T19:00,25.2,87,29.8
2024-09-15T20:00,25.0,85,29.3
2024-09-15T21:00,25.4,81,29.4
2024-09-15T22:00,25.4,82,29.3
2024-09-15T23:00,25.1,84,29.2
2024-09-16T00:00,24.5,88,28.8
2024-09-16T01:00,24.3,88,28.4
2024-09-16T02:00,24.2,85,27.6
2024-09-16T03:00,24.2,82,26.6
2024-09-16T04:00,24.2,78,26.0
2024-09-16T05:00,23.7,78,25.7
2024-09-16T06:00,24.2,81,26.2
2024-09-16T07:00,25.0,79,27.2
2024-09-16T08:00,26.4,75,28.8
2024-09-16T09:00,28.0,70,30.4
2024-09-16T10:00,29.4,65,32.5
2024-09-16T11:00,30.5,62,34.3
2024-09-16T12:00,31.5,56,35.2
2024-09-16T13:00,31.8,54,34.9
2024-09-16T14:00,32.1,53,35.1
2024-09-16T15:00,32.1,53,34.5
2024-09-16T16:00,31.5,59,34.9
2024-09-16T17:00,30.3,66,34.7
2024-09-16T18:00,27.9,70,31.4
2024-09-16T19:00,26.8,75,30.5
2024-09-16T20:00,25.9,79,29.9
2024-09-16T21:00,25.1,82,28.9
2024-09-16T22:00,25.2,80,28.8
2024-09-16T23:00,24.5,83,27.7
2024-09-17T00:00,24.3,84,27.8
2024-09-17T01:00,24.0,86,27.8
2024-09-17T02:00,24.4,83,27.5
2024-09-17T03:00,24.3,83,27.6
2024-09-17T04:00,23.9,85,27.1
2024-09-17T05:00,24.0,82,26.7
2024-09-17T06:00,24.2,82,27.3
2024-09-17T07:00,24.9,82,28.2
2024-09-17T08:00,26.4,78,30.0
2024-09-17T09:00,28.1,74,32.2
2024-09-17T10:00,29.5,67,33.5
2024-09-17T11:00,30.3,63,33.8
2024-09-17T12:00,30.5,63,34.2
2024-09-17T13:00,31.3,61,36.0
2024-09-17T14:00,31.5,60,35.6
2024-09-17T15:00,31.5,59,35.7
2024-09-17T16:00,31.3,60,35.5
2024-09-17T17:00,30.2,70,35.6
2024-09-17T18:00,30.3,63,35.3
2024-09-17T19:00,28.0,78,33.2
2024-09-17T20:00,27.9,78,33.5
2024-09-17T21:00,27.9,76,33.2
2024-09-17T22:00,28.0,75,33.1
2024-09-17T23:00,26.4,86,31.5
2024-09-18T00:00,25.9,86,31.0
2024-09-18T01:00,25.4,88,30.5
2024-09-18T02:00,24.8,91,29.8
2024-09-18T03:00,24.9,90,29.6
2024-09-18T04:00,24.7,91,29.6
2024-09-18T05:00,24.3,92,29.2
2024-09-18T06:00,25.3,93,30.6
2024-09-18T07:00,25.6,92,30.9
2024-09-18T08:00,26.2,88,31.1
2024-09-18T09:00,27.1,84,31.7
2024-09-18T10:00,27.7,77,31.2
2024-09-18T11:00,27.5,69,29.6
2024-09-18T12:00,26.5,69,28.0
2024-09-18T13:00,25.8,75,27.9
2024-09-18T14:00,25.7,76,27.8
2024-09-18T15:00,24.8,82,27.5
2024-09-18T16:00,24.2,90,27.5
2024-09-18T17:00,24.0,90,26.7
2024-09-18T18:00,23.7,89,25.9
2024-09-18T19:00,23.3,90,25.5
2024-09-18T20:00,22.9,89,25.1
2024-09-18T21:00,22.8,91,25.8
2024-09-18T22:00,23.0,92,26.9
2024-09-18T23:00,22.9,92,26.2
2024-09-19T00:00,22.8,94,25.5
2024-09-19T01:00,22.9,93,25.6
2024-09-19T02:00,23.0,93,26.1
2024-09-19T03:00,23.0,94,26.0
2024-09-19T04:00,23.0,95,25.9
2024-09-19T05:00,23.1,96,26.2
2024-09-19T06:00,23.5,96,27.2
2024-09-19T07:00,24.8,91,28.3
2024-09-19T08:00,26.1,85,29.7
2024-09-19T09:00,27.3,82,31.4
2024-09-19T10:00,28.5,78,32.6
2024-09-19T11:00,28.9,74,32.6
2024-09-19T12:00,28.9,75,32.7
2024-09-19T13:00,29.4,75,34.1
2024-09-19T14:00,29.6,73,34.0
2024-09-19T15:00,29.8,70,33.9
2024-09-19T16:00,29.8,70,34.1
2024-09-19T17:00,29.3,73,34.3
2024-09-19T18:00,27.1,85,32.6
2024-09-19T19:00,26.7,87,32.3
2024-09-19T20:00,26.3,90,31.9
2024-09-19T21:00,25.8,93,31.5
2024-09-19T22:00,25.4,94,30.8
2024-09-19T23:00,24.5,96,29.6
2024-09-20T00:00,24.3,96,29.5
2024-09-20T01:00,24.3,96,29.7
2024-09-20T02:00,24.3,97,29.7
2024-09-20T03:00,24.4,98,29.9
2024-09-20T04:00,24.2,98,29.5
2024-09-20T05:00,24.2,98,29.6
2024-09-20T06:00,24.0,99,29.8
2024-09-20T07:00,25.5,93,31.2
2024-09-20T08:00,27.3,79,32.1
2024-09-20T09:00,28.4,73,32.7
2024-09-20T10:00,29.4,69,34.0
2024-09-20T11:00,30.1,66,34.9
2024-09-20T12:00,30.8,63,35.7
2024-09-20T13:00,31.1,59,35.5
2024-09-20T14:00,31.1,58,34.4
2024-09-20T15:00,31.1,59,34.7
2024-09-20T16:00,30.8,61,34.6
2024-09-20T17:00,29.7,70,34.6
2024-09-20T18:00,27.9,78,33.0
2024-09-20T19:00,26.9,81,31.9
2024-09-20T20:00,26.3,83,31.3
2024-09-20T21:00,26.0,84,30.6
2024-09-20T22:00,25.8,85,30.3
2024-09-20T23:00,25.5,87,30.0
2024-09-21T00:00,25.1,88,29.7
2024-09-21T01:00,24.8,90,29.6
2024-09-21T02:00,24.8,90,29.8
2024-09-21T03:00,24.9,90,29.9
2024-09-21T04:00,24.8,94,30.1
2024-09-21T05:00,25.0,91,30.6
2024-09-21T06:00,25.5,89,30.6
2024-09-21T07:00,26.2,89,31.7
2024-09-21T08:00,27.5,83,33.4
2024-09-21T09:00,28.9,76,34.9
2024-09-21T10:00,30.0,71,35.9
2024-09-21T11:00,30.8,67,36.3
2024-09-21T12:00,31.2,65,36.1
2024-09-21T13:00,31.5,64,36.7
2024-09-21T14:00,31.6,62,36.3
2024-09-21T15:00,31.6,62,36.5
2024-09-21T16:00,31.5,63,36.5
2024-09-21T17:00,30.6,73,36.9
2024-09-21T18:00,28.5,82,34.5
2024-09-21T19:00,27.8,81,33.3
2024-09-21T20:00,27.1,82,32.4
2024-09-21T21:00,26.7,84,32.0
2024-09-21T22:00,26.6,83,31.6
2024-09-21T23:00,26.4,83,31.3
2024-09-22T00:00,26.2,83,31.1
2024-09-22T01:00,26.0,84,30.8
2024-09-22T02:00,25.3,88,30.3
2024-09-22T03:00,25.6,87,30.5
2024-09-22T04:00,26.3,83,31.0
2024-09-22T05:00,26.4,83,31.3
2024-09-22T06:00,26.0,89,31.5
2024-09-22T07:00,27.3,86,33.0
2024-09-22T08:00,29.0,80,34.9
2024-09-22T09:00,30.1,76,36.1
2024-09-22T10:00,31.2,70,37.6
2024-09-22T11:00,31.9,66,38.5
2024-09-22T12:00,32.5,64,38.9
2024-09-22T13:00,32.8,62,39.2
2024-09-22T14:00,33.1,60,39.0
2024-09-22T15:00,33.0,59,38.2
2024-09-22T16:00,32.8,60,38.0
2024-09-22T17:00,31.7,72,38.7
2024-09-22T18:00,30.0,78,36.3
2024-09-22T19:00,29.1,80,35.0
2024-09-22T20:00,28.4,82,34.2
2024-09-22T21:00,28.0,83,33.6
2024-09-22T22:00,27.4,86,33.1
2024-09-22T23:00,26.6,90,32.2
2024-09-23T00:00,26.1,92,31.4
2024-09-23T01:00,25.8,92,31.1
2024-09-23T02:00,26.0,90,31.5
2024-09-23T03:00,25.6,92,31.0
2024-09-23T04:00,25.3,93,30.5
2024-09-23T05:00,25.1,93,30.1
2024-09-23T06:00,25.5,92,31.0
2024-09-23T07:00,26.9,88,32.8
2024-09-23T08:00,28.7,80,34.8
2024-09-23T09:00,30.3,73,36.2
2024-09-23T10:00,31.5,67,37.5
2024-09-23T11:00,32.3,65,39.0
2024-09-23T12:00,32.9,63,39.8
2024-09-23T13:00,33.2,62,40.1
2024-09-23T14:00,33.3,61,39.3
2024-09-23T15:00,33.2,61,38.1
2024-09-23T16:00,32.8,62,37.7
2024-09-23T17:00,31.6,69,37.2
2024-09-23T18:00,29.9,73,35.4
2024-09-23T19:00,28.9,78,34.6
2024-09-23T20:00,28.3,81,33.9
2024-09-23T21:00,27.5,85,33.0
2024-09-23T22:00,27.3,83,32.8
2024-09-23T23:00,26.8,85,32.4
2024-09-24T00:00,26.2,89,31.7
2024-09-24T01:00,25.9,90,31.3
2024-09-24T02:00,25.9,88,31.2
2024-09-24T03:00,25.8,89,31.1
2024-09-24T04:00,25.5,91,30.7
2024-09-24T05:00,25.2,93,30.4
2024-09-24T06:00,26.1,91,32.2
2024-09-24T07:00,27.6,87,34.1
2024-09-24T08:00,29.5,78,36.3
2024-09-24T09:00,30.9,71,37.4
2024-09-24T10:00,31.7,66,38.5
2024-09-24T11:00,32.4,63,39.9
2024-09-24T12:00,32.9,61,40.8
2024-09-24T13:00,33.3,59,40.9
2024-09-24T14:00,33.6,56,39.9
2024-09-24T15:00,33.5,56,38.7
2024-09-24T16:00,33.2,58,38.5
2024-09-24T17:00,32.0,71,38.9
2024-09-24T18:00,30.1,81,36.8
2024-09-24T19:00,29.3,83,35.9
2024-09-24T20:00,29.1,81,35.3
2024-09-24T21:00,28.7,82,34.6
2024-09-24T22:00,28.2,83,34.2
2024-09-24T23:00,27.9,84,33.7
2024-09-25T00:00,27.6,85,33.4
2024-09-25T01:00,27.4,87,33.2
2024-09-25T02:00,26.9,90,33.1
2024-09-25T03:00,26.8,92,32.8
2024-09-25T04:00,26.7,91,32.8
2024-09-25T05:00,26.4,93,30.9
2024-09-25T06:00,26.9,93,33.1
2024-09-25T07:00,27.9,91,34.4
2024-09-25T08:00,29.2,86,35.7
2024-09-25T09:00,30.4,79,36.2
2024-09-25T10:00,31.5,74,37.2
2024-09-25T11:00,32.4,66,38.0
2024-09-25T12:00,33.0,63,39.0
2024-09-25T13:00,32.8,62,38.7
2024-09-25T14:00,31.6,68,36.7
2024-09-25T15:00,31.0,75,36.8
2024-09-25T16:00,31.1,75,37.1
2024-09-25T17:00,30.5,77,36.6
2024-09-25T18:00,28.9,79,33.8
2024-09-25T19:00,28.4,82,33.0
2024-09-25T20:00,28.0,85,32.4
2024-09-25T21:00,27.5,87,31.9
2024-09-25T22:00,26.9,87,31.3
2024-09-25T23:00,26.4,88,30.6
2024-09-26T00:00,26.1,90,30.5
2024-09-26T01:00,25.9,91,30.4
2024-09-26T02:00,25.7,93,30.4
2024-09-26T03:00,25.5,94,30.4
2024-09-26T04:00,25.4,95,30.3
2024-09-26T05:00,25.3,96,30.0
2024-09-26T06:00,25.6,91,30.5
2024-09-26T07:00,26.2,90,30.9
2024-09-26T08:00,27.3,85,31.8
2024-09-26T09:00,27.9,84,32.8
2024-09-26T10:00,29.0,79,33.7
2024-09-26T11:00,29.9,74,34.7
2024-09-26T12:00,30.8,71,36.7
2024-09-26T13:00,31.0,70,36.6
2024-09-26T14:00,31.4,66,36.0
2024-09-26T15:00,31.3,66,36.2
2024-09-26T16:00,30.5,68,34.9
2024-09-26T17:00,29.8,74,34.9
2024-09-26T18:00,28.6,78,34.1
2024-09-26T19:00,28.2,79,33.2
2024-09-26T20:00,27.7,81,32.5
2024-09-26T21:00,27.5,81,31.8
2024-09-26T22:00,27.3,82,31.4
2024-09-26T23:00,26.9,83,31.1
2024-09-27T00:00,26.4,85,30.8
2024-09-27T01:00,26.1,86,30.7
2024-09-27T02:00,25.7,88,30.3
2024-09-27T03:00,25.4,89,29.8
2024-09-27T04:00,25.2,89,29.3
2024-09-27T05:00,25.0,88,28.8
2024-09-27T06:00,25.4,88,29.5
2024-09-27T07:00,25.9,84,29.2
2024-09-27T08:00,26.6,81,30.3
2024-09-27T09:00,27.8,78,31.8
2024-09-27T10:00,29.1,71,32.6
2024-09-27T11:00,29.5,69,33.3
2024-09-27T12:00,30.0,68,34.5
2024-09-27T13:00,30.8,65,36.4
2024-09-27T14:00,30.9,65,35.4
2024-09-27T15:00,30.7,64,34.5
2024-09-27T16:00,29.3,73,33.6
2024-09-27T17:00,28.9,75,33.5
2024-09-27T18:00,27.6,79,32.7
2024-09-27T19:00,26.9,83,31.9
2024-09-27T20:00,26.3,86,31.2
2024-09-27T21:00,25.9,88,30.7
2024-09-27T22:00,25.4,86,29.5
2024-09-27T23:00,24.8,84,28.0
2024-09-28T00:00,24.4,86,27.5
2024-09-28T01:00,24.0,88,27.8
2024-09-28T02:00,23.6,91,27.4
2024-09-28T03:00,23.3,93,27.2
2024-09-28T04:00,23.2,94,27.0
2024-09-28T05:00,23.1,95,27.0
2024-09-28T06:00,23.2,95,27.5
2024-09-28T07:00,24.2,91,28.5
2024-09-28T08:00,25.3,86,29.7
2024-09-28T09:00,26.6,81,31.1
2024-09-28T10:00,28.2,73,32.0
2024-09-28T11:00,29.0,71,32.8
2024-09-28T12:00,30.0,65,34.2
2024-09-28T13:00,30.2,64,34.1
2024-09-28T14:00,30.5,63,34.4
2024-09-28T15:00,30.4,63,34.2
2024-09-28T16:00,29.9,65,33.7
2024-09-28T17:00,29.1,71,33.6
2024-09-28T18:00,27.0,79,31.6
2024-09-28T19:00,26.1,84,30.8
2024-09-28T20:00,25.6,86,30.4
2024-09-28T21:00,25.3,87,30.0
2024-09-28T22:00,24.9,89,29.1
2024-09-28T23:00,24.4,91,28.8
2024-09-29T00:00,23.8,93,28.2
2024-09-29T01:00,23.5,93,27.6
2024-09-29T02:00,23.2,94,27.3
2024-09-29T03:00,23.0,96,27.1
2024-09-29T04:00,22.9,97,27.0
2024-09-29T05:00,22.6,98,27.1
2024-09-29T06:00,23.3,96,27.7
2024-09-29T07:00,24.2,93,28.4
2024-09-29T08:00,25.6,85,29.6
2024-09-29T09:00,27.1,78,31.3
2024-09-29T10:00,27.8,75,32.2
2024-09-29T11:00,28.6,72,32.9
2024-09-29T12:00,29.2,70,33.3
2024-09-29T13:00,30.3,65,34.7
2024-09-29T14:00,30.7,64,34.7
2024-09-29T15:00,30.5,64,34.4
2024-09-29T16:00,30.3,65,34.3
2024-09-29T17:00,29.3,72,34.3
2024-09-29T18:00,28.0,80,33.7
2024-09-29T19:00,27.1,85,32.7
2024-09-29T20:00,26.2,89,31.6
2024-09-29T21:00,25.8,89,31.3
2024-09-29T22:00,25.3,91,30.6
2024-09-29T23:00,24.9,92,30.1
2024-09-30T00:00,25.4,88,30.7
2024-09-30T01:00,24.5,91,29.5
2024-09-30T02:00,24.5,91,29.2
2024-09-30T03:00,24.2,92,28.4
2024-09-30T04:00,23.8,94,28.1
2024-09-30T05:00,23.5,95,27.7
2024-09-30T06:00,24.1,94,28.6
2024-09-30T07:00,25.4,91,30.0
2024-09-30T08:00,27.3,83,32.2
2024-09-30T09:00,29.0,74,33.6
2024-09-30T10:00,30.2,67,34.7
2024-09-30T11:00,31.1,62,35.5
2024-09-30T12:00,31.9,58,35.9
2024-09-30T13:00,32.4,54,35.5
2024-09-30T14:00,32.7,54,35.8
2024-09-30T15:00,32.4,55,35.5
2024-09-30T16:00,31.9,60,35.8
2024-09-30T17:00,30.4,68,35.3
2024-09-30T18:00,28.1,77,33.1
2024-09-30T19:00,27.7,80,32.6
2024-09-30T20:00,27.8,77,32.6
2024-09-30T21:00,26.5,83,31.2
2024-09-30T22:00,25.9,85,30.4
2024-09-30T23:00,25.6,86,30.1
2024-10-01T00:00,25.1,89,29.8
2024-10-01T01:00,24.8,91,29.5
2024-10-01T02:00,24.6,92,29.3
2024-10-01T03:00,24.3,94,29.0
2024-10-01T04:00,24.2,93,28.7
2024-10-01T05:00,24.0,93,28.3
2024-10-01T06:00,24.4,91,28.4
2024-10-01T07:00,25.6,87,29.8
2024-10-01T08:00,27.4,80,32.0
2024-10-01T09:00,29.2,73,33.6
2024-10-01T10:00,30.4,66,34.9
2024-10-01T11:00,31.5,61,36.2
2024-10-01T12:00,32.3,59,37.2
2024-10-01T13:00,32.9,58,37.7
2024-10-01T14:00,33.1,58,37.5
2024-10-01T15:00,33.2,57,36.8
2024-10-01T16:00,32.8,60,37.0
2024-10-01T17:00,31.3,67,36.6
2024-10-01T18:00,28.9,76,34.0
2024-10-01T19:00,28.4,78,33.5
2024-10-01T20:00,29.8,69,34.8
2024-10-01T21:00,29.1,72,34.4
2024-10-01T22:00,26.4,85,31.7
2024-10-01T23:00,26.4,83,31.4
2024-10-02T00:00,25.7,87,30.6
2024-10-02T01:00,24.9,92,29.8
2024-10-02T02:00,24.9,91,29.9
2024-10-02T03:00,24.7,92,29.6
2024-10-02T04:00,24.8,91,29.6
2024-10-02T05:00,24.8,89,29.2
2024-10-02T06:00,25.8,87,30.5
2024-10-02T07:00,26.9,85,31.6
2024-10-02T08:00,28.7,80,34.1
2024-10-02T09:00,30.3,73,35.3
2024-10-02T10:00,31.8,63,36.3
2024-10-02T11:00,33.0,57,37.3
2024-10-02T12:00,33.8,52,37.6
2024-10-02T13:00,34.3,49,37.7
2024-10-02T14:00,34.6,47,37.4
2024-10-02T15:00,34.5,47,36.9
2024-10-02T16:00,33.6,53,37.0
2024-10-02T17:00,31.4,63,36.1
2024-10-02T18:00,28.9,74,33.5
2024-10-02T19:00,28.7,73,33.4
2024-10-02T20:00,28.0,74,32.6
2024-10-02T21:00,27.5,72,31.6
2024-10-02T22:00,26.7,75,30.6
2024-10-02T23:00,26.2,76,30.1
2024-10-03T00:00,26.1,75,29.6
2024-10-03T01:00,25.2,79,28.8
2024-10-03T02:00,24.6,83,28.4
2024-10-03T03:00,24.5,83,27.9
2024-10-03T04:00,24.5,81,27.3
2024-10-03T05:00,24.9,70,26.7
2024-10-03T06:00,25.9,59,26.2
2024-10-03T07:00,26.3,63,27.1
2024-10-03T08:00,28.0,64,29.8
2024-10-03T09:00,29.8,59,31.7
2024-10-03T10:00,31.2,55,33.4
2024-10-03T11:00,32.3,52,35.0
2024-10-03T12:00,33.1,49,36.1
2024-10-03T13:00,33.7,47,36.9
2024-10-03T14:00,33.9,47,37.1
2024-10-03T15:00,33.8,47,36.7
2024-10-03T16:00,33.0,55,37.4
2024-10-03T17:00,30.6,74,36.6
2024-10-03T18:00,29.5,67,33.8
2024-10-03T19:00,27.4,76,31.4
2024-10-03T20:00,27.1,77,31.1
2024-10-03T21:00,28.7,69,33.5
2024-10-03T22:00,26.3,77,30.4
2024-10-03T23:00,26.4,75,30.1
2024-10-04T00:00,25.1,81,28.7
2024-10-04T01:00,25.1,81,28.9
2024-10-04T02:00,24.4,84,28.1
2024-10-04T03:00,24.7,82,28.2
2024-10-04T04:00,24.5,82,27.8
2024-10-04T05:00,23.8,82,26.9
2024-10-04T06:00,25.6,61,26.3
2024-10-04T07:00,25.8,64,27.3
2024-10-04T08:00,27.5,62,29.7
2024-10-04T09:00,29.1,56,31.0
2024-10-04T10:00,30.6,54,33.0
2024-10-04T11:00,31.7,53,35.1
2024-10-04T12:00,32.7,52,36.6
2024-10-04T13:00,33.2,51,37.3
2024-10-04T14:00,33.5,51,37.4
2024-10-04T15:00,33.4,52,36.8
2024-10-04T16:00,32.8,57,37.2
2024-10-04T17:00,30.9,75,37.4
2024-10-04T18:00,29.1,72,33.9
2024-10-04T19:00,30.0,65,34.6
2024-10-04T20:00,28.3,73,33.1
2024-10-04T21:00,26.4,82,30.9
2024-10-04T22:00,26.5,79,30.8
2024-10-04T23:00,26.0,81,30.3
2024-10-05T00:00,25.9,81,30.0
2024-10-05T01:00,25.5,83,29.5
2024-10-05T02:00,24.7,86,28.9
2024-10-05T03:00,24.4,87,28.5
2024-10-05T04:00,24.2,82,27.5
2024-10-05T05:00,24.3,75,26.3
2024-10-05T06:00,25.4,68,26.9
2024-10-05T07:00,26.1,68,27.8
2024-10-05T08:00,27.4,67,29.7
2024-10-05T09:00,28.9,65,31.1
2024-10-05T10:00,30.3,62,32.6
2024-10-05T11:00,31.6,58,34.7
2024-10-05T12:00,32.6,54,36.2
2024-10-05T13:00,33.3,51,37.0
2024-10-05T14:00,33.5,49,37.0
2024-10-05T15:00,33.6,48,36.6
2024-10-05T16:00,32.6,54,36.4
2024-10-05T17:00,30.6,63,34.8
2024-10-05T18:00,28.5,67,32.0
2024-10-05T19:00,30.2,56,33.5
2024-10-05T20:00,29.5,57,33.1
2024-10-05T21:00,26.1,72,29.4
2024-10-05T22:00,26.2,67,29.0
2024-10-05T23:00,26.1,68,28.1
2024-10-06T00:00,26.2,69,28.5
2024-10-06T01:00,25.7,71,28.0
2024-10-06T02:00,25.1,72,27.4
2024-10-06T03:00,24.7,72,27.0
2024-10-06T04:00,24.2,74,26.5
2024-10-06T05:00,23.7,75,25.7
2024-10-06T06:00,23.8,81,27.0
2024-10-06T07:00,25.1,78,28.6
2024-10-06T08:00,27.3,72,31.3
2024-10-06T09:00,29.2,65,32.7
2024-10-06T10:00,30.8,59,34.7
2024-10-06T11:00,31.9,55,36.4
2024-10-06T12:00,32.8,49,37.1
2024-10-06T13:00,33.4,45,36.7
2024-10-06T14:00,33.6,42,35.7
2024-10-06T15:00,32.6,43,33.3
2024-10-06T16:00,31.2,51,33.2
2024-10-06T17:00,29.5,60,33.0
2024-10-06T18:00,28.6,62,31.6
2024-10-06T19:00,27.1,68,30.2
2024-10-06T20:00,25.8,75,28.8
2024-10-06T21:00,25.3,77,28.2
2024-10-06T22:00,24.8,78,27.5
2024-10-06T23:00,24.7,77,27.4
2024-10-07T00:00,24.7,77,27.7
2024-10-07T01:00,24.0,80,27.1
2024-10-07T02:00,23.2,83,26.4
2024-10-07T03:00,22.8,86,26.1
2024-10-07T04:00,21.9,90,25.0
2024-10-07T05:00,21.9,90,25.1
2024-10-07T06:00,22.9,88,26.6
2024-10-07T07:00,24.2,84,28.1
2024-10-07T08:00,26.1,76,30.2
2024-10-07T09:00,27.7,69,31.6
2024-10-07T10:00,29.2,63,33.2
2024-10-07T11:00,30.6,56,34.8
2024-10-07T12:00,31.6,52,35.6
2024-10-07T13:00,32.2,49,35.9
2024-10-07T14:00,32.4,48,35.4
2024-10-07T15:00,32.2,48,34.6
2024-10-07T16:00,31.6,51,34.4
2024-10-07T17:00,29.4,63,33.2
2024-10-07T18:00,27.1,68,30.1
2024-10-07T19:00,26.1,73,29.2
2024-10-07T20:00,25.5,76,28.5
2024-10-07T21:00,25.1,76,27.9
2024-10-07T22:00,25.0,75,27.9
2024-10-07T23:00,23.6,84,26.6
2024-10-08T00:00,23.0,88,25.9
2024-10-08T01:00,23.8,84,27.0
2024-10-08T02:00,23.3,87,26.5
2024-10-08T03:00,22.4,91,25.5
2024-10-08T04:00,23.7,86,27.4
2024-10-08T05:00,22.2,92,26.2
2024-10-08T06:00,23.1,91,27.0
2024-10-08T07:00,24.4,85,28.3
2024-10-08T08:00,26.6,78,31.1
2024-10-08T09:00,28.5,72,33.3
2024-10-08T10:00,30.1,62,34.4
2024-10-08T11:00,31.1,55,35.3
2024-10-08T12:00,31.9,50,35.6
2024-10-08T13:00,32.3,47,35.4
2024-10-08T14:00,32.5,44,34.7
2024-10-08T15:00,32.2,45,33.8
2024-10-08T16:00,31.5,48,33.7
2024-10-08T17:00,29.6,56,32.2
2024-10-08T18:00,27.8,61,30.2
2024-10-08T19:00,27.0,64,29.7
2024-10-08T20:00,25.6,71,28.2
2024-10-08T21:00,24.6,77,27.2
2024-10-08T22:00,25.1,74,27.9
2024-10-08T23:00,25.8,69,28.9
2024-10-09T00:00,25.5,69,28.7
2024-10-09T01:00,24.1,75,27.4
2024-10-09T02:00,22.3,83,25.1
2024-10-09T03:00,21.5,86,24.0
2024-10-09T04:00,21.0,89,23.5
2024-10-09T05:00,20.6,89,23.1
2024-10-09T06:00,21.9,83,24.5
2024-10-09T07:00,23.4,79,25.8
2024-10-09T08:00,25.7,71,28.6
2024-10-09T09:00,27.7,63,30.6
2024-10-09T10:00,29.5,55,32.5
2024-10-09T11:00,30.7,49,33.9
2024-10-09T12:00,31.5,46,34.6
2024-10-09T13:00,32.0,45,34.5
2024-10-09T14:00,32.2,43,33.5
2024-10-09T15:00,31.9,42,32.3
2024-10-09T16:00,31.1,45,32.1
2024-10-09T17:00,29.4,50,30.9
2024-10-09T18:00,27.3,60,29.5
2024-10-09T19:00,25.9,69,28.4
2024-10-09T20:00,25.9,69,28.5
2024-10-09T21:00,26.7,63,29.2
2024-10-09T22:00,24.5,72,26.7
2024-10-09T23:00,24.3,71,26.5
2024-10-10T00:00,23.5,74,25.6
2024-10-10T01:00,23.2,76,25.2
2024-10-10T02:00,23.4,76,25.5
2024-10-10T03:00,22.9,79,25.1
2024-10-10T04:00,21.9,82,24.2
2024-10-10T05:00,21.0,83,22.7
2024-10-10T06:00,22.3,77,24.0
2024-10-10T07:00,23.4,76,25.3
2024-10-10T08:00,25.4,68,27.6
2024-10-10T09:00,27.3,59,29.2
2024-10-10T10:00,29.0,53,30.9
2024-10-10T11:00,30.5,46,32.3
2024-10-10T12:00,31.6,41,33.1
2024-10-10T13:00,32.1,38,33.2
2024-10-10T14:00,32.3,36,32.6
2024-10-10T15:00,32.1,35,31.7
2024-10-10T16:00,31.2,38,31.2
2024-10-10T17:00,28.9,45,29.5
2024-10-10T18:00,26.4,52,26.9
2024-10-10T19:00,25.5,58,26.3
2024-10-10T20:00,24.7,62,25.5
2024-10-10T21:00,23.8,62,24.7
2024-10-10T22:00,23.3,63,24.2
2024-10-10T23:00,22.1,68,23.0
2024-10-11T00:00,22.2,67,22.9
2024-10-11T01:00,21.5,67,21.9
2024-10-11T02:00,20.7,66,20.9
2024-10-11T03:00,20.1,67,20.3
2024-10-11T04:00,19.4,69,19.7
2024-10-11T05:00,19.1,69,19.3
2024-10-11T06:00,19.4,72,19.7
2024-10-11T07:00,21.0,68,21.0
2024-10-11T08:00,23.7,62,24.4
2024-10-11T09:00,26.5,54,27.3
2024-10-11T10:00,28.7,48,30.1
2024-10-11T11:00,30.3,41,31.6
2024-10-11T12:00,31.2,37,32.0
2024-10-11T13:00,31.6,36,32.1
2024-10-11T14:00,31.7,36,31.7
2024-10-11T15:00,31.3,37,30.9
2024-10-11T16:00,30.6,40,30.7
2024-10-11T17:00,27.9,51,29.2
2024-10-11T18:00,25.8,54,26.5
2024-10-11T19:00,24.4,61,25.1
2024-10-11T20:00,24.4,61,25.3
2024-10-11T21:00,23.7,61,24.6
2024-10-11T22:00,23.1,64,23.8
2024-10-11T23:00,22.7,65,23.5
2024-10-12T00:00,21.8,71,22.9
2024-10-12T01:00,20.7,78,21.9
2024-10-12T02:00,20.3,80,21.6
2024-10-12T03:00,20.0,80,21.3
2024-10-12T04:00,19.5,81,20.6
2024-10-12T05:00,19.1,82,20.1
2024-10-12T06:00,19.6,83,20.8
2024-10-12T07:00,21.5,76,22.5
2024-10-12T08:00,24.5,69,26.5
2024-10-12T09:00,27.3,57,28.9
2024-10-12T10:00,29.3,48,30.6
2024-10-12T11:00,30.5,43,32.2
2024-10-12T12:00,31.2,40,33.0
2024-10-12T13:00,31.7,37,33.1
2024-10-12T14:00,32.0,35,32.6
2024-10-12T15:00,31.8,35,32.0
2024-10-12T16:00,31.0,40,32.0
2024-10-12T17:00,28.1,54,29.9
2024-10-12T18:00,27.6,49,28.3
2024-10-12T19:00,25.8,59,27.1
2024-10-12T20:00,24.4,66,25.7
2024-10-12T21:00,24.2,66,25.7
2024-10-12T22:00,22.7,71,24.4
2024-10-12T23:00,22.8,68,24.3
2024-10-13T00:00,22.5,69,23.8
2024-10-13T01:00,22.1,71,23.3
2024-10-13T02:00,22.0,70,23.1
2024-10-13T03:00,21.3,72,22.4
2024-10-13T04:00,20.7,76,21.9
2024-10-13T05:00,20.1,78,21.1
2024-10-13T06:00,19.7,84,21.4
2024-10-13T07:00,21.8,77,23.8
2024-10-13T08:00,25.0,68,27.4
2024-10-13T09:00,27.7,56,30.0
2024-10-13T10:00,29.5,45,31.7
2024-10-13T11:00,30.7,38,32.7
2024-10-13T12:00,31.5,34,33.1
2024-10-13T13:00,31.9,32,32.9
2024-10-13T14:00,32.1,31,32.3
2024-10-13T15:00,31.8,32,31.5
2024-10-13T16:00,30.9,37,31.6
2024-10-13T17:00,28.0,56,29.9
2024-10-13T18:00,27.8,43,27.9
2024-10-13T19:00,27.0,49,27.5
2024-10-13T20:00,25.9,54,27.0
2024-10-13T21:00,25.7,56,27.0
2024-10-13T22:00,24.3,65,25.9
2024-10-13T23:00,23.5,66,24.9
2024-10-14T00:00,22.8,68,24.1
2024-10-14T01:00,22.2,68,23.5
2024-10-14T02:00,21.9,69,23.0
2024-10-14T03:00,21.5,69,22.3
2024-10-14T04:00,21.1,70,21.8
2024-10-14T05:00,21.2,69,22.0
2024-10-14T06:00,20.5,79,22.1
2024-10-14T07:00,22.1,76,23.8
2024-10-14T08:00,24.4,69,26.9
2024-10-14T09:00,26.8,59,29.2
2024-10-14T10:00,28.7,51,31.0
2024-10-14T11:00,30.2,42,32.4
2024-10-14T12:00,31.1,36,32.9
2024-10-14T13:00,31.7,34,32.7
2024-10-14T14:00,31.8,32,31.8
2024-10-14T15:00,31.4,34,30.9
2024-10-14T16:00,30.3,38,30.5
2024-10-14T17:00,27.7,46,28.3
2024-10-14T18:00,26.5,47,26.6
2024-10-14T19:00,24.4,57,24.9
2024-10-14T20:00,26.5,47,27.0
2024-10-14T21:00,25.6,50,26.7
2024-10-14T22:00,23.4,59,24.4
2024-10-14T23:00,22.7,61,23.6
2024-10-15T00:00,22.4,62,23.0
2024-10-15T01:00,22.0,62,22.3
2024-10-15T02:00,21.0,66,21.0
2024-10-15T03:00,20.4,68,20.5
2024-10-15T04:00,19.9,70,19.8
2024-10-15T05:00,19.4,70,19.3
2024-10-15T06:00,19.7,74,20.2
2024-10-15T07:00,21.1,71,21.5
2024-10-15T08:00,23.9,64,25.3
2024-10-15T09:00,26.5,56,27.9
2024-10-15T10:00,28.6,48,29.7
2024-10-15T11:00,30.0,44,31.5
2024-10-15T12:00,30.9,42,32.4
2024-10-15T13:00,31.6,39,32.6
2024-10-15T14:00,31.9,36,32.0
2024-10-15T15:00,31.7,35,31.3
2024-10-15T16:00,30.9,39,31.3
2024-10-15T17:00,27.9,50,29.1
2024-10-15T18:00,25.6,56,26.2
2024-10-15T19:00,25.3,58,26.0
2024-10-15T20:00,24.2,62,25.1
2024-10-15T21:00,23.9,60,24.8
2024-10-15T22:00,23.1,63,23.9
2024-10-15T23:00,22.5,66,23.3
2024-10-16T00:00,21.4,70,22.2
2024-10-16T01:00,20.3,74,21.0
2024-10-16T02:00,20.6,70,20.8
2024-10-16T03:00,19.8,70,20.2
2024-10-16T04:00,19.7,70,19.9
2024-10-16T05:00,19.6,69,19.7
2024-10-16T06:00,20.2,71,20.7
2024-10-16T07:00,21.8,69,22.5
2024-10-16T08:00,24.7,63,26.5
2024-10-16T09:00,27.4,54,29.5
2024-10-16T10:00,29.5,46,31.5
2024-10-16T11:00,30.9,41,33.1
2024-10-16T12:00,31.7,37,33.4
2024-10-16T13:00,32.0,35,32.7
2024-10-16T14:00,32.4,34,32.9
2024-10-16T15:00,31.9,35,32.3
2024-10-16T16:00,30.8,45,32.7
2024-10-16T17:00,28.1,58,30.4
2024-10-16T18:00,28.4,52,30.2
2024-10-16T19:00,26.6,59,28.4
2024-10-16T20:00,25.8,62,27.7
2024-10-16T21:00,25.4,62,27.1
2024-10-16T22:00,24.7,66,26.5
2024-10-16T23:00,23.6,68,25.1
2024-10-17T00:00,23.0,70,24.3
2024-10-17T01:00,23.3,68,24.9
2024-10-17T02:00,22.8,70,24.5
2024-10-17T03:00,22.5,72,24.2
2024-10-17T04:00,21.8,76,23.5
2024-10-17T05:00,20.6,83,22.2
2024-10-17T06:00,20.7,85,22.5
2024-10-17T07:00,22.9,77,25.0
2024-10-17T08:00,25.6,70,28.5
2024-10-17T09:00,28.0,61,30.8
2024-10-17T10:00,29.7,52,32.4
2024-10-17T11:00,30.9,47,34.3
2024-10-17T12:00,31.7,44,35.2
2024-10-17T13:00,32.3,41,35.6
2024-10-17T14:00,32.7,38,34.8
2024-10-17T15:00,32.8,35,33.7
2024-10-17T16:00,31.8,41,33.3
2024-10-17T17:00,29.2,53,31.4
2024-10-17T18:00,28.2,57,30.5
2024-10-17T19:00,26.4,64,28.8
2024-10-17T20:00,24.9,71,27.3
2024-10-17T21:00,23.9,75,26.3
2024-10-17T22:00,23.0,79,25.1
2024-10-17T23:00,22.3,81,24.5
2024-10-18T00:00,22.1,80,24.1
2024-10-18T01:00,22.3,78,24.2
2024-10-18T02:00,21.4,82,23.3
2024-10-18T03:00,20.9,85,22.8
2024-10-18T04:00,20.5,87,22.4
2024-10-18T05:00,20.1,89,22.2
2024-10-18T06:00,20.4,87,22.4
2024-10-18T07:00,22.6,79,24.7
2024-10-18T08:00,25.5,71,28.9
2024-10-18T09:00,28.0,64,31.8
2024-10-18T10:00,30.2,52,33.4
2024-10-18T11:00,31.7,44,34.8
2024-10-18T12:00,32.5,40,35.7
2024-10-18T13:00,33.1,36,35.8
2024-10-18T14:00,33.4,34,34.9
2024-10-18T15:00,33.3,33,33.9
2024-10-18T16:00,32.1,41,33.7
2024-10-18T17:00,28.7,59,31.2
2024-10-18T18:00,27.5,57,29.3
2024-10-18T19:00,26.1,65,28.2
2024-10-18T20:00,25.0,69,26.8
2024-10-18T21:00,24.1,73,26.0
2024-10-18T22:00,23.1,77,25.1
2024-10-18T23:00,22.8,78,25.0
2024-10-19T00:00,22.4,79,24.6
2024-10-19T01:00,22.3,79,24.4
2024-10-19T02:00,22.5,77,24.5
2024-10-19T03:00,22.4,78,24.3
2024-10-19T04:00,22.0,79,24.0
2024-10-19T05:00,21.7,80,23.5
2024-10-19T06:00,21.0,85,23.1
2024-10-19T07:00,22.7,80,25.2
2024-10-19T08:00,25.6,73,29.2
2024-10-19T09:00,28.4,59,31.9
2024-10-19T10:00,30.5,50,33.8
2024-10-19T11:00,31.8,45,35.5
2024-10-19T12:00,32.6,41,36.4
2024-10-19T13:00,33.2,38,36.1
2024-10-19T14:00,33.7,34,35.0
2024-10-19T15:00,33.5,33,33.7
2024-10-19T16:00,32.1,41,33.4
2024-10-19T17:00,28.7,60,31.3
2024-10-19T18:00,27.7,62,29.9
2024-10-19T19:00,26.7,67,29.3
2024-10-19T20:00,26.0,69,28.7
2024-10-19T21:00,25.6,71,28.2
2024-10-19T22:00,26.5,66,29.5
2024-10-19T23:00,25.5,70,28.4
2024-10-20T00:00,25.0,72,28.2
2024-10-20T01:00,25.2,70,28.4
2024-10-20T02:00,24.4,74,27.4
2024-10-20T03:00,23.2,80,26.0
2024-10-20T04:00,20.9,91,23.3
2024-10-20T05:00,20.2,95,22.6
2024-10-20T06:00,21.0,94,23.9
2024-10-20T07:00,22.6,87,25.3
2024-10-20T08:00,25.2,79,28.9
2024-10-20T09:00,27.8,69,31.3
2024-10-20T10:00,29.9,59,32.9
2024-10-20T11:00,31.4,49,34.2
2024-10-20T12:00,32.3,43,34.9
2024-10-20T13:00,32.7,40,35.1
2024-10-20T14:00,33.0,37,34.9
2024-10-20T15:00,32.8,35,34.1
2024-10-20T16:00,31.7,43,33.5
2024-10-20T17:00,29.2,49,30.4
2024-10-20T18:00,26.6,69,29.4
2024-10-20T19:00,25.5,73,28.2
2024-10-20T20:00,24.9,74,27.5
2024-10-20T21:00,24.3,76,26.9
2024-10-20T22:00,23.2,82,25.6
2024-10-20T23:00,22.7,84,25.2
2024-10-21T00:00,22.4,85,25.0
2024-10-21T01:00,21.9,86,24.4
2024-10-21T02:00,21.2,89,23.4
2024-10-21T03:00,21.0,89,23.4
2024-10-21T04:00,20.8,89,23.3
2024-10-21T05:00,20.5,89,22.8
2024-10-21T06:00,20.0,95,22.3
2024-10-21T07:00,22.1,85,24.5
2024-10-21T08:00,24.8,75,27.5
2024-10-21T09:00,27.4,65,30.1
2024-10-21T10:00,29.2,58,32.0
2024-10-21T11:00,30.2,54,34.1
2024-10-21T12:00,31.1,51,35.5
2024-10-21T13:00,31.7,46,35.5
2024-10-21T14:00,32.2,41,34.5
2024-10-21T15:00,32.3,38,33.7
2024-10-21T16:00,31.4,43,33.3
2024-10-21T17:00,28.3,55,30.4
2024-10-21T18:00,26.8,63,29.1
2024-10-21T19:00,25.4,71,27.7
2024-10-21T20:00,25.0,73,27.8
2024-10-21T21:00,23.8,81,26.7
2024-10-21T22:00,23.0,85,25.8
2024-10-21T23:00,22.8,85,25.5
2024-10-22T00:00,23.5,80,26.3
2024-10-22T01:00,23.2,80,25.7
2024-10-22T02:00,22.0,84,24.3
2024-10-22T03:00,20.7,89,22.9
2024-10-22T04:00,20.5,91,22.9
2024-10-22T05:00,20.1,92,22.4
2024-10-22T06:00,20.1,93,22.4
2024-10-22T07:00,22.1,84,24.9
2024-10-22T08:00,24.7,75,27.6
2024-10-22T09:00,27.1,65,29.8
2024-10-22T10:00,28.8,55,30.9
2024-10-22T11:00,29.8,50,32.2
2024-10-22T12:00,30.6,46,33.1
2024-10-22T13:00,31.3,42,33.3
2024-10-22T14:00,31.5,41,32.6
2024-10-22T15:00,31.2,41,32.0
2024-10-22T16:00,30.4,44,31.8
2024-10-22T17:00,27.4,58,29.3
2024-10-22T18:00,26.0,63,27.9
2024-10-22T19:00,25.9,63,27.8
2024-10-22T20:00,25.0,66,27.0
2024-10-22T21:00,23.2,77,25.1
2024-10-22T22:00,24.0,73,26.3
2024-10-22T23:00,24.7,69,27.3
2024-10-23T00:00,24.3,71,26.8
2024-10-23T01:00,24.0,72,26.9
2024-10-23T02:00,22.2,80,24.8
2024-10-23T03:00,20.6,89,22.8
2024-10-23T04:00,20.4,91,22.9
2024-10-23T05:00,20.1,91,22.5
2024-10-23T06:00,20.9,89,23.5
2024-10-23T07:00,22.5,82,24.7
2024-10-23T08:00,24.8,73,27.4
2024-10-23T09:00,27.2,65,29.8
2024-10-23T10:00,29.4,55,31.1
2024-10-23T11:00,30.8,46,31.8
2024-10-23T12:00,31.7,40,32.2
2024-10-23T13:00,32.1,36,31.9
2024-10-23T14:00,32.1,34,31.0
2024-10-23T15:00,31.7,34,30.5
2024-10-23T16:00,30.7,38,30.2
2024-10-23T17:00,28.5,44,28.8
2024-10-23T18:00,27.4,55,28.6
2024-10-23T19:00,26.4,56,27.4
2024-10-23T20:00,25.7,56,26.3
2024-10-23T21:00,24.8,57,25.2
2024-10-23T22:00,24.1,58,24.3
2024-10-23T23:00,23.4,59,23.5
2024-10-24T00:00,22.7,62,22.9
2024-10-24T01:00,22.0,65,22.3
2024-10-24T02:00,21.4,67,21.8
2024-10-24T03:00,20.9,70,21.4
2024-10-24T04:00,20.5,72,21.0
2024-10-24T05:00,20.2,74,20.5
2024-10-24T06:00,20.5,77,21.0
2024-10-24T07:00,21.5,76,22.0
2024-10-24T08:00,23.6,71,24.7
2024-10-24T09:00,25.9,65,27.2
2024-10-24T10:00,27.9,59,29.3
2024-10-24T11:00,29.7,53,31.5
2024-10-24T12:00,31.2,46,33.0
2024-10-24T13:00,32.2,42,33.7
2024-10-24T14:00,32.6,39,33.4
2024-10-24T15:00,32.4,39,32.9
2024-10-24T16:00,31.2,44,32.3
2024-10-24T17:00,28.4,53,30.0
2024-10-24T18:00,26.9,59,28.5
2024-10-24T19:00,25.8,60,27.1
2024-10-24T20:00,24.9,58,25.5
2024-10-24T21:00,24.1,56,24.3
2024-10-24T22:00,23.2,58,23.3
2024-10-24T23:00,22.4,62,22.5
2024-10-25T00:00,21.7,65,21.8
2024-10-25T01:00,21.2,68,21.4
2024-10-25T02:00,20.5,71,20.9
2024-10-25T03:00,20.0,73,20.5
2024-10-25T04:00,19.5,76,20.2
2024-10-25T05:00,19.1,79,19.9
2024-10-25T06:00,19.5,80,20.4
2024-10-25T07:00,20.8,77,21.6
2024-10-25T08:00,23.3,71,24.8
2024-10-25T09:00,25.8,64,27.5
2024-10-25T10:00,28.2,58,29.9
2024-10-25T11:00,30.0,51,31.7
2024-10-25T12:00,31.2,45,32.5
2024-10-25T13:00,31.9,41,32.3
2024-10-25T14:00,32.1,39,31.7
2024-10-25T15:00,31.8,39,31.3
2024-10-25T16:00,30.7,43,31.0
2024-10-25T17:00,28.4,50,29.5
2024-10-25T18:00,26.7,57,28.2
2024-10-25T19:00,25.9,56,26.8
2024-10-25T20:00,24.6,56,25.2
2024-10-25T21:00,23.2,61,23.9
2024-10-25T22:00,22.3,66,23.1
2024-10-25T23:00,21.8,70,22.8
2024-10-26T00:00,21.6,73,22.8
2024-10-26T01:00,21.0,76,22.4
2024-10-26T02:00,20.0,82,21.0
2024-10-26T03:00,19.5,84,20.6
2024-10-26T04:00,19.2,85,20.4
2024-10-26T05:00,19.0,85,20.3
2024-10-26T06:00,19.5,85,20.7
2024-10-26T07:00,20.6,81,21.8
2024-10-26T08:00,23.0,72,24.9
2024-10-26T09:00,25.5,64,27.2
2024-10-26T10:00,27.4,57,29.1
2024-10-26T11:00,29.1,51,31.1
2024-10-26T12:00,30.4,46,32.3
2024-10-26T13:00,31.3,42,32.5
2024-10-26T14:00,31.6,40,31.9
2024-10-26T15:00,31.4,41,31.8
2024-10-26T16:00,30.5,45,31.6
2024-10-26T17:00,27.5,55,29.2
2024-10-26T18:00,26.4,58,28.0
2024-10-26T19:00,25.6,62,27.3
2024-10-26T20:00,24.0,70,25.6
2024-10-26T21:00,23.3,73,24.9
2024-10-26T22:00,22.5,76,24.1
2024-10-26T23:00,21.8,80,23.6
2024-10-27T00:00,21.1,84,23.0
2024-10-27T01:00,20.9,88,23.1
2024-10-27T02:00,20.5,92,23.0
2024-10-27T03:00,20.4,93,23.0
2024-10-27T04:00,20.5,93,23.1
2024-10-27T05:00,20.4,94,23.0
2024-10-27T06:00,20.4,96,23.3
2024-10-27T07:00,21.7,92,24.7
2024-10-27T08:00,24.2,83,27.8
2024-10-27T09:00,26.7,72,30.2
2024-10-27T10:00,28.6,62,31.4
2024-10-27T11:00,29.7,55,32.6
2024-10-27T12:00,30.4,52,33.6
2024-10-27T13:00,30.9,49,33.9
2024-10-27T14:00,31.1,47,33.6
2024-10-27T15:00,30.9,47,33.4
2024-10-27T16:00,30.5,49,33.1
2024-10-27T17:00,27.7,62,30.6
2024-10-27T18:00,26.6,69,29.6
2024-10-27T19:00,25.6,73,28.4
2024-10-27T20:00,24.9,74,27.7
2024-10-27T21:00,24.2,77,27.1
2024-10-27T22:00,23.4,82,26.3
2024-10-27T23:00,22.7,85,25.5
2024-10-28T00:00,22.3,87,24.9
2024-10-28T01:00,21.8,88,24.4
2024-10-28T02:00,21.6,88,24.2
2024-10-28T03:00,21.1,91,23.7
2024-10-28T04:00,21.0,91,23.7
2024-10-28T05:00,21.0,91,23.6
2024-10-28T06:00,21.8,90,24.6
2024-10-28T07:00,23.2,84,25.7
2024-10-28T08:00,25.6,75,28.8
2024-10-28T09:00,27.7,64,30.6
2024-10-28T10:00,29.2,56,31.3
2024-10-28T11:00,30.1,52,32.4
2024-10-28T12:00,30.7,49,33.2
2024-10-28T13:00,31.2,47,33.7
2024-10-28T14:00,31.4,46,33.3
2024-10-28T15:00,31.1,47,33.1
2024-10-28T16:00,30.5,49,32.5
2024-10-28T17:00,28.0,59,30.5
2024-10-28T18:00,26.5,67,29.3
2024-10-28T19:00,25.6,70,28.5
2024-10-28T20:00,24.6,75,27.4
2024-10-28T21:00,24.0,77,26.9
2024-10-28T22:00,23.5,80,26.3
2024-10-28T23:00,23.2,81,25.9
2024-10-29T00:00,22.7,84,25.5
2024-10-29T01:00,22.0,88,24.9
2024-10-29T02:00,21.3,92,24.3
2024-10-29T03:00,21.0,92,23.9
2024-10-29T04:00,20.7,92,23.3
2024-10-29T05:00,20.6,92,23.2
2024-10-29T06:00,21.0,92,23.6
2024-10-29T07:00,22.8,84,25.6
2024-10-29T08:00,25.5,75,29.0
2024-10-29T09:00,28.1,65,31.4
2024-10-29T10:00,29.9,57,32.6
2024-10-29T11:00,31.1,51,34.2
2024-10-29T12:00,31.9,48,35.4
2024-10-29T13:00,32.5,46,35.9
2024-10-29T14:00,32.9,44,35.3
2024-10-29T15:00,32.9,43,35.1
2024-10-29T16:00,32.2,46,34.9
2024-10-29T17:00,29.4,59,32.4
2024-10-29T18:00,28.3,63,31.1
2024-10-29T19:00,27.3,66,30.1
2024-10-29T20:00,26.3,70,29.2
2024-10-29T21:00,25.3,74,28.3
2024-10-29T22:00,24.4,79,27.4
2024-10-29T23:00,24.1,80,27.0
2024-10-30T00:00,23.8,81,26.8
2024-10-30T01:00,23.2,83,26.1
2024-10-30T02:00,22.8,85,25.6
2024-10-30T03:00,22.2,89,25.2
2024-10-30T04:00,21.7,91,24.7
2024-10-30T05:00,21.6,91,24.4
2024-10-30T06:00,21.3,93,24.5
2024-10-30T07:00,22.6,86,25.5
2024-10-30T08:00,25.5,67,28.0
2024-10-30T09:00,28.0,48,29.0
2024-10-30T10:00,30.1,41,31.0
2024-10-30T11:00,31.8,39,33.4
2024-10-30T12:00,33.0,39,35.5
2024-10-30T13:00,33.9,39,36.1
2024-10-30T14:00,34.3,33,34.8
2024-10-30T15:00,33.9,33,33.9
2024-10-30T16:00,32.6,39,33.5
2024-10-30T17:00,29.4,49,30.9
2024-10-30T18:00,28.0,61,30.3
2024-10-30T19:00,27.4,65,30.1
2024-10-30T20:00,26.1,72,29.0
2024-10-30T21:00,25.2,77,28.2
2024-10-30T22:00,24.9,78,28.0
2024-10-30T23:00,25.6,73,28.7
2024-10-31T00:00,23.9,80,26.6
2024-10-31T01:00,22.4,86,24.9
2024-10-31T02:00,21.5,89,23.9
2024-10-31T03:00,21.1,89,23.7
2024-10-31T04:00,21.1,88,23.2
2024-10-31T05:00,21.0,89,23.1
2024-10-31T06:00,20.8,90,23.0
2024-10-31T07:00,22.0,84,23.8
2024-10-31T08:00,24.5,74,26.9
2024-10-31T09:00,27.2,64,29.4
2024-10-31T10:00,29.5,54,31.0
2024-10-31T11:00,31.1,47,32.1
2024-10-31T12:00,32.0,43,32.8
2024-10-31T13:00,32.6,39,32.8
2024-10-31T14:00,32.8,36,32.2
2024-10-31T15:00,32.5,35,31.8
2024-10-31T16:00,31.5,38,31.5
2024-10-31T17:00,28.9,46,29.8
2024-10-31T18:00,27.0,58,28.7
2024-10-31T19:00,26.1,61,28.0
2024-10-31T20:00,24.9,62,26.2
2024-10-31T21:00,24.6,54,24.6
2024-10-31T22:00,24.0,52,23.3
2024-10-31T23:00,23.5,52,22.5
2024-11-01T00:00,22.6,54,21.8
2024-11-01T01:00,21.7,58,21.0
2024-11-01T02:00,21.1,61,20.6
2024-11-01T03:00,20.6,65,20.3
2024-11-01T04:00,20.1,68,19.9
2024-11-01T05:00,19.7,71,19.5
2024-11-01T06:00,19.3,81,20.0
2024-11-01T07:00,20.3,78,20.7
2024-11-01T08:00,22.9,70,23.7
2024-11-01T09:00,25.8,60,26.6
2024-11-01T10:00,28.3,50,28.7
2024-11-01T11:00,30.2,39,29.9
2024-11-01T12:00,31.3,32,30.2
2024-11-01T13:00,31.9,28,30.2
2024-11-01T14:00,32.0,27,29.7
2024-11-01T15:00,31.7,26,29.4
2024-11-01T16:00,30.6,29,29.2
2024-11-01T17:00,26.3,42,25.5
2024-11-01T18:00,25.3,50,25.4
2024-11-01T19:00,24.5,53,24.8
2024-11-01T20:00,24.6,51,24.6
2024-11-01T21:00,22.4,58,21.8
2024-11-01T22:00,22.7,54,22.3
2024-11-01T23:00,21.2,59,20.2
2024-11-02T00:00,20.8,61,20.1
2024-11-02T01:00,20.2,61,20.2
2024-11-02T02:00,19.5,63,19.3
2024-11-02T03:00,19.4,62,19.2
2024-11-02T04:00,19.2,63,18.9
2024-11-02T05:00,19.1,63,18.6
2024-11-02T06:00,17.7,78,18.0
2024-11-02T07:00,19.7,71,20.3
2024-11-02T08:00,22.9,63,24.1
2024-11-02T09:00,26.2,53,27.4
2024-11-02T10:00,28.6,45,29.4
2024-11-02T11:00,30.3,39,31.1
2024-11-02T12:00,31.2,36,32.2
2024-11-02T13:00,31.7,33,32.0
2024-11-02T14:00,31.7,32,31.4
2024-11-02T15:00,31.4,33,31.1
2024-11-02T16:00,30.2,38,30.8
2024-11-02T17:00,26.7,49,27.1
2024-11-02T18:00,26.0,49,26.2
2024-11-02T19:00,24.5,54,24.8
2024-11-02T20:00,23.9,55,24.2
2024-11-02T21:00,23.0,59,23.4
2024-11-02T22:00,22.0,63,22.5
2024-11-02T23:00,20.8,68,21.2
2024-11-03T00:00,20.2,70,20.6
2024-11-03T01:00,19.6,73,20.0
2024-11-03T02:00,19.2,74,19.5
2024-11-03T03:00,18.6,76,18.8
2024-11-03T04:00,18.4,76,18.7
2024-11-03T05:00,18.2,76,18.4
2024-11-03T06:00,18.3,81,19.0
2024-11-03T07:00,20.6,73,21.9
2024-11-03T08:00,23.5,65,25.1
2024-11-03T09:00,26.4,55,28.4
2024-11-03T10:00,28.6,42,30.0
2024-11-03T11:00,29.9,35,30.8
2024-11-03T12:00,30.9,30,31.0
2024-11-03T13:00,31.3,27,30.7
2024-11-03T14:00,31.3,27,30.0
2024-11-03T15:00,30.9,28,29.6
2024-11-03T16:00,29.5,33,29.0
2024-11-03T17:00,25.6,44,25.0
2024-11-03T18:00,24.0,53,23.9
2024-11-03T19:00,23.2,57,23.3
2024-11-03T20:00,24.9,50,25.0
2024-11-03T21:00,24.7,50,24.9
2024-11-03T22:00,24.1,53,24.4
2024-11-03T23:00,23.7,54,24.1
2024-11-04T00:00,21.5,64,22.0
2024-11-04T01:00,20.9,67,21.5
2024-11-04T02:00,19.1,75,19.6
2024-11-04T03:00,18.7,77,19.3
2024-11-04T04:00,18.1,80,18.7
2024-11-04T05:00,17.7,82,18.1
2024-11-04T06:00,17.5,87,18.2
2024-11-04T07:00,18.5,82,18.9
2024-11-04T08:00,21.5,71,22.4
2024-11-04T09:00,24.5,60,25.6
2024-11-04T10:00,26.9,51,27.9
2024-11-04T11:00,28.5,45,29.8
2024-11-04T12:00,29.6,41,30.9
2024-11-04T13:00,30.1,39,31.2
2024-11-04T14:00,30.4,38,30.8
2024-11-04T15:00,30.2,38,30.4
2024-11-04T16:00,29.1,42,29.9
2024-11-04T17:00,25.8,54,26.7
2024-11-04T18:00,24.5,60,25.5
2024-11-04T19:00,24.0,63,25.3
2024-11-04T20:00,24.1,64,25.5
2024-11-04T21:00,24.2,63,25.8
2024-11-04T22:00,23.8,64,25.2
2024-11-04T23:00,21.0,77,22.2
2024-11-05T00:00,19.9,82,20.8
2024-11-05T01:00,18.9,87,19.7
2024-11-05T02:00,19.2,87,20.6
2024-11-05T03:00,18.7,92,20.2
2024-11-05T04:00,18.3,94,19.9
2024-11-05T05:00,18.1,94,19.6
2024-11-05T06:00,18.2,94,20.0
2024-11-05T07:00,19.3,90,20.8
2024-11-05T08:00,21.8,82,24.0
2024-11-05T09:00,24.3,72,26.7
2024-11-05T10:00,26.5,64,29.0
2024-11-05T11:00,27.9,56,30.5
2024-11-05T12:00,28.6,54,31.6
2024-11-05T13:00,29.2,51,31.9
2024-11-05T14:00,29.4,50,31.8
2024-11-05T15:00,29.3,50,31.5
2024-11-05T16:00,28.7,52,30.7
2024-11-05T17:00,25.9,61,27.9
2024-11-05T18:00,25.2,59,26.5
2024-11-05T19:00,23.8,64,24.8
2024-11-05T20:00,24.3,60,25.5
2024-11-05T21:00,23.9,62,25.2
2024-11-05T22:00,21.4,74,22.7
2024-11-05T23:00,21.7,73,23.0
2024-11-06T00:00,20.9,78,22.3
2024-11-06T01:00,21.4,77,22.9
2024-11-06T02:00,21.3,77,23.0
2024-11-06T03:00,20.9,79,22.8
2024-11-06T04:00,19.7,84,21.6
2024-11-06T05:00,18.3,90,20.0
2024-11-06T06:00,18.1,94,19.8
2024-11-06T07:00,19.7,88,21.9
2024-11-06T08:00,22.5,76,24.8
2024-11-06T09:00,25.6,62,27.6
2024-11-06T10:00,27.6,53,29.4
2024-11-06T11:00,28.6,49,30.7
2024-11-06T12:00,29.4,44,31.5
2024-11-06T13:00,30.0,41,31.5
2024-11-06T14:00,30.2,40,31.0
2024-11-06T15:00,30.0,41,30.4
2024-11-06T16:00,29.1,44,29.7
2024-11-06T17:00,26.0,56,27.2
2024-11-06T18:00,24.9,65,26.8
2024-11-06T19:00,23.4,73,25.2
2024-11-06T20:00,22.7,74,24.6
2024-11-06T21:00,22.1,76,24.0
2024-11-06T22:00,21.6,77,23.3
2024-11-06T23:00,21.3,78,22.9
2024-11-07T00:00,21.3,77,23.0
2024-11-07T01:00,20.8,79,22.5
2024-11-07T02:00,20.2,81,21.7
2024-11-07T03:00,20.0,81,21.5
2024-11-07T04:00,19.7,83,21.2
2024-11-07T05:00,19.3,85,20.6
2024-11-07T06:00,19.0,90,20.6
2024-11-07T07:00,20.6,83,22.6
2024-11-07T08:00,23.5,73,26.0
2024-11-07T09:00,26.2,63,29.0
2024-11-07T10:00,27.9,55,30.4
2024-11-07T11:00,28.9,50,31.0
2024-11-07T12:00,29.5,47,31.6
2024-11-07T13:00,30.0,44,31.7
2024-11-07T14:00,30.1,42,31.3
2024-11-07T15:00,29.9,41,30.8
2024-11-07T16:00,29.2,44,30.2
2024-11-07T17:00,26.3,55,27.6
2024-11-07T18:00,25.4,63,27.2
2024-11-07T19:00,23.9,69,25.7
2024-11-07T20:00,23.1,72,24.8
2024-11-07T21:00,22.6,73,24.3
2024-11-07T22:00,22.2,74,23.7
2024-11-07T23:00,21.7,75,23.2
2024-11-08T00:00,21.8,74,23.5
2024-11-08T01:00,22.8,69,24.6
2024-11-08T02:00,21.9,74,23.8
2024-11-08T03:00,21.4,77,23.2
2024-11-08T04:00,19.0,88,20.6
2024-11-08T05:00,19.2,86,20.8
2024-11-08T06:00,19.6,85,21.1
2024-11-08T07:00,21.0,81,22.5
2024-11-08T08:00,23.8,72,25.9
2024-11-08T09:00,26.4,62,28.7
2024-11-08T10:00,28.2,53,30.1
2024-11-08T11:00,29.1,49,31.4
2024-11-08T12:00,29.7,47,32.1
2024-11-08T13:00,30.1,45,32.4
2024-11-08T14:00,30.3,44,32.1
2024-11-08T15:00,30.1,44,31.9
2024-11-08T16:00,29.5,48,31.6
2024-11-08T17:00,26.1,62,27.9
2024-11-08T18:00,25.7,64,27.7
2024-11-08T19:00,24.4,69,26.6
2024-11-08T20:00,23.8,72,25.8
2024-11-08T21:00,23.2,72,25.1
2024-11-08T22:00,22.7,75,24.6
2024-11-08T23:00,22.0,79,24.0
2024-11-09T00:00,21.3,83,23.5
2024-11-09T01:00,20.9,86,23.0
2024-11-09T02:00,20.7,86,22.7
2024-11-09T03:00,20.2,87,22.2
2024-11-09T04:00,19.8,89,21.9
2024-11-09T05:00,19.7,90,21.6
2024-11-09T06:00,20.1,87,21.8
2024-11-09T07:00,21.0,83,22.3
2024-11-09T08:00,23.3,75,25.0
2024-11-09T09:00,25.8,64,27.3
2024-11-09T10:00,27.8,55,28.9
2024-11-09T11:00,29.1,49,30.3
2024-11-09T12:00,29.9,46,31.5
2024-11-09T13:00,30.3,45,32.0
2024-11-09T14:00,30.6,44,32.0
2024-11-09T15:00,30.3,43,31.7
2024-11-09T16:00,29.6,46,31.0
2024-11-09T17:00,26.7,57,28.5
2024-11-09T18:00,25.9,60,27.1
2024-11-09T19:00,25.1,63,26.3
2024-11-09T20:00,24.2,66,25.5
2024-11-09T21:00,23.1,70,24.6
2024-11-09T22:00,22.3,73,23.8
2024-11-09T23:00,21.8,75,23.3
2024-11-10T00:00,21.3,77,22.7
2024-11-10T01:00,20.7,80,22.1
2024-11-10T02:00,20.1,84,21.6
2024-11-10T03:00,19.7,87,21.1
2024-11-10T04:00,19.5,87,20.7
2024-11-10T05:00,19.3,87,20.5
2024-11-10T06:00,19.3,90,20.9
2024-11-10T07:00,20.1,86,21.4
2024-11-10T08:00,22.2,78,24.2
2024-11-10T09:00,24.7,69,26.8
2024-11-10T10:00,26.6,61,28.8
2024-11-10T11:00,28.1,55,30.5
2024-11-10T12:00,29.2,51,31.6
2024-11-10T13:00,29.9,47,31.9
2024-11-10T14:00,30.2,45,31.8
2024-11-10T15:00,30.0,45,31.6
2024-11-10T16:00,29.3,48,31.0
2024-11-10T17:00,26.5,58,28.2
2024-11-10T18:00,26.7,62,29.3
2024-11-10T19:00,26.1,65,28.9
2024-11-10T20:00,25.7,66,28.6
2024-11-10T21:00,24.4,71,26.9
2024-11-10T22:00,22.4,80,24.8
2024-11-10T23:00,21.6,86,24.0
2024-11-11T00:00,21.1,88,23.5
2024-11-11T01:00,20.5,91,22.9
2024-11-11T02:00,20.0,93,22.2
2024-11-11T03:00,19.3,95,21.2
2024-11-11T04:00,18.8,96,20.6
2024-11-11T05:00,18.5,97,20.4
2024-11-11T06:00,18.9,98,21.1
2024-11-11T07:00,20.2,94,22.5
2024-11-11T08:00,22.7,83,25.4
2024-11-11T09:00,25.3,72,28.2
2024-11-11T10:00,27.3,62,29.9
2024-11-11T11:00,28.4,55,30.8
2024-11-11T12:00,29.2,50,31.6
2024-11-11T13:00,29.6,48,31.9
2024-11-11T14:00,29.8,47,31.7
2024-11-11T15:00,29.7,47,31.6
2024-11-11T16:00,29.0,49,31.1
2024-11-11T17:00,26.1,61,27.9
2024-11-11T18:00,24.5,71,26.7
2024-11-11T19:00,25.6,65,28.0
2024-11-11T20:00,23.2,76,25.7
2024-11-11T21:00,22.3,80,24.7
2024-11-11T22:00,22.0,82,24.5
2024-11-11T23:00,21.3,86,23.7
2024-11-12T00:00,20.3,90,22.3
2024-11-12T01:00,20.0,91,22.2
2024-11-12T02:00,19.8,90,21.8
2024-11-12T03:00,21.1,84,23.6
2024-11-12T04:00,20.8,85,23.4
2024-11-12T05:00,20.4,87,22.9
2024-11-12T06:00,19.0,96,21.3
2024-11-12T07:00,20.1,93,22.3
2024-11-12T08:00,23.5,79,26.0
2024-11-12T09:00,26.2,66,28.5
2024-11-12T10:00,27.9,58,30.0
2024-11-12T11:00,29.3,49,31.2
2024-11-12T12:00,30.6,37,31.1
2024-11-12T13:00,31.2,28,29.5
2024-11-12T14:00,31.1,25,28.5
2024-11-12T15:00,30.5,26,28.0
2024-11-12T16:00,29.2,32,27.8
2024-11-12T17:00,25.8,42,25.2
2024-11-12T18:00,27.8,36,27.4
2024-11-12T19:00,26.8,42,26.7
2024-11-12T20:00,25.8,47,26.1
2024-11-12T21:00,24.7,51,25.1
2024-11-12T22:00,23.9,53,24.2
2024-11-12T23:00,23.2,54,23.4
2024-11-13T00:00,22.4,56,22.6
2024-11-13T01:00,21.4,60,21.8
2024-11-13T02:00,20.9,62,21.3
2024-11-13T03:00,20.5,63,20.8
2024-11-13T04:00,19.8,67,20.2
2024-11-13T05:00,19.1,70,19.6
2024-11-13T06:00,18.8,88,20.6
2024-11-13T07:00,19.5,84,21.2
2024-11-13T08:00,21.4,76,23.2
2024-11-13T09:00,23.9,66,25.9
2024-11-13T10:00,26.3,55,27.8
2024-11-13T11:00,28.0,45,28.7
2024-11-13T12:00,29.2,37,29.2
2024-11-13T13:00,29.8,34,29.2
2024-11-13T14:00,30.0,31,28.8
2024-11-13T15:00,29.8,29,28.3
2024-11-13T16:00,29.0,30,27.6
2024-11-13T17:00,27.5,36,26.8
2024-11-13T18:00,25.3,51,26.0
2024-11-13T19:00,24.4,55,25.4
2024-11-13T20:00,23.6,60,24.8
2024-11-13T21:00,23.0,62,24.5
2024-11-13T22:00,22.3,65,23.6
2024-11-13T23:00,22.1,65,23.7
2024-11-14T00:00,21.5,68,23.2
2024-11-14T01:00,20.9,70,22.6
2024-11-14T02:00,19.9,74,20.9
2024-11-14T03:00,19.7,75,21.1
2024-11-14T04:00,19.3,77,20.8
2024-11-14T05:00,19.0,79,20.4
2024-11-14T06:00,19.1,86,21.2
2024-11-14T07:00,19.7,84,22.0
2024-11-14T08:00,21.7,74,23.9
2024-11-14T09:00,24.1,63,26.1
2024-11-14T10:00,26.5,50,28.1
2024-11-14T11:00,28.1,41,29.0
2024-11-14T12:00,29.3,34,29.7
2024-11-14T13:00,30.0,30,29.5
2024-11-14T14:00,30.0,29,28.8
2024-11-14T15:00,29.4,30,28.0
2024-11-14T16:00,28.5,32,27.2
2024-11-14T17:00,27.2,37,26.9
2024-11-14T18:00,25.8,44,26.2
2024-11-14T19:00,25.3,45,25.5
2024-11-14T20:00,24.5,47,24.7
2024-11-14T21:00,23.6,51,24.0
2024-11-14T22:00,23.0,53,23.6
2024-11-14T23:00,22.2,57,22.9
2024-11-15T00:00,21.5,59,22.3
2024-11-15T01:00,20.9,61,21.6
2024-11-15T02:00,20.5,63,21.3
2024-11-15T03:00,20.0,64,20.7
2024-11-15T04:00,19.4,67,20.0
2024-11-15T05:00,19.0,69,19.6
2024-11-15T06:00,18.7,77,19.5
2024-11-15T07:00,19.2,74,20.1
2024-11-15T08:00,21.3,65,22.2
2024-11-15T09:00,23.8,56,24.8
2024-11-15T10:00,26.2,46,26.7
2024-11-15T11:00,27.8,36,27.2
2024-11-15T12:00,28.6,32,27.4
2024-11-15T13:00,28.9,30,27.3
2024-11-15T14:00,29.0,29,27.0
2024-11-15T15:00,28.7,28,26.4
2024-11-15T16:00,27.9,30,25.6
2024-11-15T17:00,26.5,34,25.1
2024-11-15T18:00,25.9,41,25.4
2024-11-15T19:00,25.0,45,24.6
2024-11-15T20:00,24.1,50,23.9
2024-11-15T21:00,23.3,54,23.5
2024-11-15T22:00,22.6,57,22.9
2024-11-15T23:00,21.8,61,22.3
2024-11-16T00:00,20.8,66,21.5
2024-11-16T01:00,20.3,69,21.2
2024-11-16T02:00,19.8,71,20.8
2024-11-16T03:00,19.0,74,19.8
2024-11-16T04:00,18.4,77,19.2
2024-11-16T05:00,18.0,78,18.7
2024-11-16T06:00,17.6,85,18.5
2024-11-16T07:00,18.1,82,18.9
2024-11-16T08:00,20.1,72,21.1
2024-11-16T09:00,23.0,60,23.9
2024-11-16T10:00,25.5,51,26.1
2024-11-16T11:00,27.0,43,27.0
2024-11-16T12:00,28.1,37,27.7
2024-11-16T13:00,28.7,33,27.6
2024-11-16T14:00,28.8,32,27.3
2024-11-16T15:00,28.4,32,27.0
2024-11-16T16:00,27.7,34,26.3
2024-11-16T17:00,26.4,38,25.8
2024-11-16T18:00,25.5,41,25.3
2024-11-16T19:00,24.9,43,24.7
2024-11-16T20:00,24.7,45,24.3
2024-11-16T21:00,23.4,52,23.6
2024-11-16T22:00,22.7,57,23.5
2024-11-16T23:00,22.3,61,23.7
2024-11-17T00:00,21.7,61,22.8
2024-11-17T01:00,21.0,64,22.0
2024-11-17T02:00,20.3,67,21.2
2024-11-17T03:00,19.5,71,20.2
2024-11-17T04:00,18.9,73,19.6
2024-11-17T05:00,18.5,76,19.1
2024-11-17T06:00,18.0,84,19.5
2024-11-17T07:00,18.4,83,19.9
2024-11-17T08:00,20.4,73,21.9
2024-11-17T09:00,23.1,62,24.6
2024-11-17T10:00,25.3,52,26.3
2024-11-17T11:00,26.8,45,27.3
2024-11-17T12:00,27.7,41,28.1
2024-11-17T13:00,28.4,37,28.1
2024-11-17T14:00,28.5,34,27.5
2024-11-17T15:00,27.9,36,27.0
2024-11-17T16:00,27.0,39,26.3
2024-11-17T17:00,25.9,43,25.6
2024-11-17T18:00,24.5,49,24.4
2024-11-17T19:00,23.5,55,23.6
2024-11-17T20:00,22.6,58,23.0
2024-11-17T21:00,21.7,60,22.2
2024-11-17T22:00,21.0,62,21.4
2024-11-17T23:00,20.1,65,20.4
2024-11-18T00:00,19.3,68,19.5
2024-11-18T01:00,18.6,69,18.7
2024-11-18T02:00,18.0,70,18.0
2024-11-18T03:00,17.3,72,17.2
2024-11-18T04:00,16.7,74,16.6
2024-11-18T05:00,16.3,76,16.2
2024-11-18T06:00,15.9,91,16.6
2024-11-18T07:00,16.2,89,16.8
2024-11-18T08:00,17.9,81,18.7
2024-11-18T09:00,20.3,70,21.2
2024-11-18T10:00,22.6,61,23.2
2024-11-18T11:00,24.2,50,24.2
2024-11-18T12:00,25.3,42,25.1
2024-11-18T13:00,26.1,37,25.3
2024-11-18T14:00,26.4,35,25.2
2024-11-18T15:00,26.1,35,24.8
2024-11-18T16:00,25.4,36,24.0
2024-11-18T17:00,24.1,39,23.0
2024-11-18T18:00,22.6,49,22.4
2024-11-18T19:00,21.8,52,21.6
2024-11-18T20:00,21.1,54,20.8
2024-11-18T21:00,20.2,57,19.8
2024-11-18T22:00,19.2,61,18.9
2024-11-18T23:00,18.5,63,18.2
2024-11-19T00:00,18.1,64,17.7
2024-11-19T01:00,17.5,65,17.1
2024-11-19T02:00,17.0,66,16.4
2024-11-19T03:00,16.5,67,15.9
2024-11-19T04:00,15.9,68,15.3
2024-11-19T05:00,15.4,71,14.7
2024-11-19T06:00,14.2,80,13.7
2024-11-19T07:00,14.5,78,13.7
2024-11-19T08:00,16.5,69,15.8
2024-11-19T09:00,19.4,56,18.7
2024-11-19T10:00,22.1,46,21.2
2024-11-19T11:00,24.1,39,23.0
2024-11-19T12:00,25.3,31,23.6
2024-11-19T13:00,25.8,29,23.8
2024-11-19T14:00,25.9,28,23.7
2024-11-19T15:00,25.6,29,23.3
2024-11-19T16:00,24.8,31,22.6
2024-11-19T17:00,23.4,34,21.7
2024-11-19T18:00,22.4,37,21.0
2024-11-19T19:00,21.4,41,20.2
2024-11-19T20:00,20.4,45,19.3
2024-11-19T21:00,19.5,50,18.4
2024-11-19T22:00,18.7,53,17.7
2024-11-19T23:00,18.1,54,17.0
2024-11-20T00:00,17.4,55,16.3
2024-11-20T01:00,16.8,57,15.6
2024-11-20T02:00,16.2,59,15.0
2024-11-20T03:00,15.7,61,14.5
2024-11-20T04:00,15.0,65,13.8
2024-11-20T05:00,14.4,67,13.1
2024-11-20T06:00,13.6,78,12.8
2024-11-20T07:00,13.8,77,12.9
2024-11-20T08:00,15.9,67,15.0
2024-11-20T09:00,18.8,55,18.0
2024-11-20T10:00,21.7,46,20.9
2024-11-20T11:00,23.9,38,22.8
2024-11-20T12:00,25.2,30,23.6
2024-11-20T13:00,25.8,28,23.7
2024-11-20T14:00,25.9,27,23.6
2024-11-20T15:00,25.6,28,23.4
2024-11-20T16:00,25.0,29,22.8
2024-11-20T17:00,23.2,34,21.6
2024-11-20T18:00,22.4,39,21.2
2024-11-20T19:00,21.5,42,20.4
2024-11-20T20:00,20.7,46,19.6
2024-11-20T21:00,19.7,50,18.8
2024-11-20T22:00,18.7,54,17.8
2024-11-20T23:00,18.0,57,17.2
2024-11-21T00:00,17.6,58,16.7
2024-11-21T01:00,17.1,59,16.1
2024-11-21T02:00,16.5,61,15.5
2024-11-21T03:00,15.7,63,14.7
2024-11-21T04:00,15.2,65,14.1
2024-11-21T05:00,14.5,67,13.4
2024-11-21T06:00,13.6,74,12.4
2024-11-21T07:00,13.7,73,12.5
2024-11-21T08:00,15.7,64,14.5
2024-11-21T09:00,18.8,52,17.8
2024-11-21T10:00,21.7,44,20.7
2024-11-21T11:00,23.7,40,22.7
2024-11-21T12:00,24.9,34,23.6
2024-11-21T13:00,25.5,31,23.8
2024-11-21T14:00,25.8,29,23.7
2024-11-21T15:00,25.4,30,23.4
2024-11-21T16:00,24.7,31,22.8
2024-11-21T17:00,23.0,36,21.6
2024-11-21T18:00,22.7,40,21.6
2024-11-21T19:00,21.6,45,20.6
2024-11-21T20:00,20.6,49,19.7
2024-11-21T21:00,19.6,53,18.8
2024-11-21T22:00,18.8,56,18.2
2024-11-21T23:00,18.3,58,17.7
2024-11-22T00:00,17.9,60,17.4
2024-11-22T01:00,17.7,61,17.2
2024-11-22T02:00,16.9,64,16.3
2024-11-22T03:00,16.0,68,15.4
2024-11-22T04:00,15.3,71,14.6
2024-11-22T05:00,14.7,72,14.1
2024-11-22T06:00,14.0,79,13.5
2024-11-22T07:00,14.3,76,13.5
2024-11-22T08:00,16.4,66,15.5
2024-11-22T09:00,19.6,53,18.9
2024-11-22T10:00,22.6,44,22.0
2024-11-22T11:00,24.4,40,23.8
2024-11-22T12:00,25.5,36,24.6
2024-11-22T13:00,26.1,34,24.8
2024-11-22T14:00,26.3,32,24.8
2024-11-22T15:00,26.0,33,24.6
2024-11-22T16:00,25.3,36,24.0
2024-11-22T17:00,23.5,42,22.9
2024-11-22T18:00,23.2,45,22.9
2024-11-22T19:00,22.4,49,22.2
2024-11-22T20:00,21.4,52,21.2
2024-11-22T21:00,20.5,56,20.3
2024-11-22T22:00,19.5,60,19.4
2024-11-22T23:00,18.7,64,18.6
2024-11-23T00:00,18.1,66,18.2
2024-11-23T01:00,17.6,68,17.6
2024-11-23T02:00,16.8,70,16.6
2024-11-23T03:00,16.2,71,15.9
2024-11-23T04:00,15.5,73,15.2
2024-11-23T05:00,15.0,74,14.6
2024-11-23T06:00,14.1,80,13.7
2024-11-23T07:00,14.7,76,14.1
2024-11-23T08:00,16.9,65,16.2
2024-11-23T09:00,20.1,52,19.5
2024-11-23T10:00,23.3,41,22.4
2024-11-23T11:00,25.4,34,24.1
2024-11-23T12:00,26.6,30,25.3
2024-11-23T13:00,27.3,27,25.8
2024-11-23T14:00,27.5,26,25.9
2024-11-23T15:00,27.2,27,25.7
2024-11-23T16:00,26.5,28,25.0
2024-11-23T17:00,24.4,35,23.2
2024-11-23T18:00,24.0,37,23.3
2024-11-23T19:00,22.7,40,21.6
2024-11-23T20:00,21.8,47,21.1
2024-11-23T21:00,20.8,52,20.3
2024-11-23T22:00,19.9,56,19.6
2024-11-23T23:00,19.4,57,18.8
2024-11-24T00:00,18.9,58,18.2
2024-11-24T01:00,18.3,60,17.4
2024-11-24T02:00,17.8,61,16.8
2024-11-24T03:00,17.4,62,16.4
2024-11-24T04:00,17.2,62,16.0
2024-11-24T05:00,16.8,62,15.4
2024-11-24T06:00,15.8,67,14.4
2024-11-24T07:00,15.7,67,14.2
2024-11-24T08:00,17.2,61,15.8
2024-11-24T09:00,19.8,52,18.7
2024-11-24T10:00,22.6,42,21.2
2024-11-24T11:00,24.8,36,23.3
2024-11-24T12:00,26.4,32,24.8
2024-11-24T13:00,27.3,29,25.3
2024-11-24T14:00,27.7,28,25.5
2024-11-24T15:00,27.4,28,25.3
2024-11-24T16:00,26.6,31,24.7
2024-11-24T17:00,24.9,36,23.6
2024-11-24T18:00,24.3,39,23.4
2024-11-24T19:00,23.1,44,22.4
2024-11-24T20:00,22.3,46,21.6
2024-11-24T21:00,21.9,47,21.1
2024-11-24T22:00,21.0,51,20.3
2024-11-24T23:00,20.2,55,19.6
2024-11-25T00:00,19.4,58,18.9
2024-11-25T01:00,18.6,62,18.0
2024-11-25T02:00,17.9,65,17.1
2024-11-25T03:00,17.4,67,16.6
2024-11-25T04:00,16.8,69,16.2
2024-11-25T05:00,16.3,72,15.6
2024-11-25T06:00,15.1,81,14.7
2024-11-25T07:00,15.3,82,14.8
2024-11-25T08:00,16.9,75,16.5
2024-11-25T09:00,19.7,64,19.6
2024-11-25T10:00,22.6,55,22.6
2024-11-25T11:00,24.4,45,23.5
2024-11-25T12:00,25.2,38,23.8
2024-11-25T13:00,25.7,38,24.3
2024-11-25T14:00,25.9,38,24.5
2024-11-25T15:00,25.6,40,24.3
2024-11-25T16:00,24.8,43,23.6
2024-11-25T17:00,23.5,47,22.9
2024-11-25T18:00,23.0,49,22.5
2024-11-25T19:00,21.9,52,21.4
2024-11-25T20:00,20.9,55,20.2
2024-11-25T21:00,20.0,57,19.4
2024-11-25T22:00,19.1,60,18.7
2024-11-25T23:00,18.4,63,18.0
2024-11-26T00:00,17.8,65,17.4
2024-11-26T01:00,17.0,69,16.7
2024-11-26T02:00,16.3,73,16.0
2024-11-26T03:00,15.7,76,15.4
2024-11-26T04:00,15.1,79,14.6
2024-11-26T05:00,14.5,81,14.1
2024-11-26T06:00,13.9,86,13.6
2024-11-26T07:00,14.1,83,13.6
2024-11-26T08:00,15.9,73,15.3
2024-11-26T09:00,18.8,59,18.3
2024-11-26T10:00,21.7,49,21.0
2024-11-26T11:00,23.8,41,22.6
2024-11-26T12:00,24.9,35,23.4
2024-11-26T13:00,25.5,33,23.5
2024-11-26T14:00,25.6,32,23.4
2024-11-26T15:00,25.3,30,22.9
2024-11-26T16:00,24.5,32,22.2
2024-11-26T17:00,22.8,38,21.3
2024-11-26T18:00,22.2,42,21.1
2024-11-26T19:00,21.2,47,20.2
2024-11-26T20:00,20.2,51,19.2
2024-11-26T21:00,19.3,53,18.3
2024-11-26T22:00,18.6,54,17.5
2024-11-26T23:00,17.8,57,16.8
2024-11-27T00:00,17.3,59,16.3
2024-11-27T01:00,16.9,60,16.1
2024-11-27T02:00,16.2,62,15.4
2024-11-27T03:00,15.5,65,14.5
2024-11-27T04:00,15.0,67,13.9
2024-11-27T05:00,14.4,70,13.3
2024-11-27T06:00,13.6,77,12.8
2024-11-27T07:00,14.0,75,13.3
2024-11-27T08:00,16.2,66,15.6
2024-11-27T09:00,19.0,55,18.7
2024-11-27T10:00,21.8,45,21.3
2024-11-27T11:00,23.9,37,22.9
2024-11-27T12:00,25.1,33,23.9
2024-11-27T13:00,25.8,29,23.9
2024-11-27T14:00,26.0,27,23.7
2024-11-27T15:00,25.6,27,23.2
2024-11-27T16:00,24.8,27,22.4
2024-11-27T17:00,22.8,32,21.0
2024-11-27T18:00,22.0,35,20.4
2024-11-27T19:00,21.3,39,20.2
2024-11-27T20:00,20.5,43,19.5
2024-11-27T21:00,19.7,46,18.7
2024-11-27T22:00,18.9,49,17.9
2024-11-27T23:00,18.2,52,17.4
2024-11-28T00:00,18.0,53,17.4
2024-11-28T01:00,17.6,55,17.1
2024-11-28T02:00,16.9,57,16.1
2024-11-28T03:00,16.3,60,15.6
2024-11-28T04:00,15.5,64,15.0
2024-11-28T05:00,14.2,69,13.5
2024-11-28T06:00,12.8,80,12.2
2024-11-28T07:00,12.8,80,12.1
2024-11-28T08:00,15.2,68,14.4
2024-11-28T09:00,18.5,55,17.8
2024-11-28T10:00,21.3,47,20.7
2024-11-28T11:00,23.3,38,22.2
2024-11-28T12:00,24.5,32,23.2
2024-11-28T13:00,25.3,27,23.4
2024-11-28T14:00,25.5,26,23.2
2024-11-28T15:00,25.2,27,22.9
2024-11-28T16:00,24.4,29,22.3
2024-11-28T17:00,22.0,36,20.4
2024-11-28T18:00,21.9,39,20.6
2024-11-28T19:00,20.8,46,19.8
2024-11-28T20:00,19.9,50,19.1
2024-11-28T21:00,19.2,53,18.6
2024-11-28T22:00,18.5,56,18.0
2024-11-28T23:00,17.7,59,17.4
2024-11-29T00:00,17.2,62,16.9
2024-11-29T01:00,16.7,65,16.4
2024-11-29T02:00,15.8,70,15.4
2024-11-29T03:00,15.1,74,14.9
2024-11-29T04:00,14.5,78,14.4
2024-11-29T05:00,13.7,82,13.6
2024-11-29T06:00,12.5,86,12.2
2024-11-29T07:00,12.7,86,12.7
2024-11-29T08:00,14.8,77,14.8
2024-11-29T09:00,17.7,68,18.0
2024-11-29T10:00,20.3,58,20.5
2024-11-29T11:00,22.2,49,22.0
2024-11-29T12:00,23.4,43,23.1
2024-11-29T13:00,24.2,38,23.5
2024-11-29T14:00,24.6,35,23.7
2024-11-29T15:00,24.5,34,23.6
2024-11-29T16:00,24.0,35,22.9
2024-11-29T17:00,22.0,43,21.2
2024-11-29T18:00,21.9,45,20.9
2024-11-29T19:00,20.5,53,20.2
2024-11-29T20:00,20.1,54,19.9
2024-11-29T21:00,19.4,57,19.3
2024-11-29T22:00,18.7,60,18.7
2024-11-29T23:00,18.2,63,18.3
2024-11-30T00:00,17.6,65,17.8
2024-11-30T01:00,16.9,68,17.1
2024-11-30T02:00,15.9,73,15.9
2024-11-30T03:00,15.0,78,14.9
2024-11-30T04:00,13.9,83,13.7
2024-11-30T05:00,13.2,86,12.8
2024-11-30T06:00,12.4,88,11.9
2024-11-30T07:00,12.7,86,12.3
2024-11-30T08:00,14.7,76,14.2
2024-11-30T09:00,17.6,63,17.3
2024-11-30T10:00,20.4,54,20.0
2024-11-30T11:00,22.5,44,21.6
2024-11-30T12:00,23.9,38,22.7
2024-11-30T13:00,24.6,35,23.1
2024-11-30T14:00,24.9,33,23.2
2024-11-30T15:00,24.7,34,22.9
2024-11-30T16:00,23.9,38,22.3
2024-11-30T17:00,22.1,45,21.4
2024-11-30T18:00,21.8,46,21.1
2024-11-30T19:00,20.8,52,20.4
2024-11-30T20:00,20.0,57,19.7
2024-11-30T21:00,19.1,62,18.9
2024-11-30T22:00,18.4,66,18.3
2024-11-30T23:00,17.6,70,17.6
2024-12-01T00:00,17.2,73,17.1
2024-12-01T01:00,16.5,76,16.6
2024-12-01T02:00,16.1,78,16.1
2024-12-01T03:00,15.6,80,15.7
2024-12-01T04:00,15.2,81,15.2
2024-12-01T05:00,15.0,81,15.1
2024-12-01T06:00,14.1,85,14.2
2024-12-01T07:00,14.0,85,14.0
2024-12-01T08:00,16.1,74,16.0
2024-12-01T09:00,18.4,64,18.3
2024-12-01T10:00,20.6,54,20.4
2024-12-01T11:00,22.5,45,22.0
2024-12-01T12:00,23.8,39,23.0
2024-12-01T13:00,24.6,37,23.3
2024-12-01T14:00,24.8,38,23.5
2024-12-01T15:00,24.4,40,23.3
2024-12-01T16:00,23.6,44,22.6
2024-12-01T17:00,22.3,49,21.8
2024-12-01T18:00,22.2,49,21.4
2024-12-01T19:00,21.5,52,20.9
2024-12-01T20:00,20.5,56,20.1
2024-12-01T21:00,19.5,61,19.3
2024-12-01T22:00,18.6,65,18.6
2024-12-01T23:00,17.8,69,17.8
2024-12-02T00:00,17.1,72,17.0
2024-12-02T01:00,16.5,74,16.3
2024-12-02T02:00,15.8,77,15.6
2024-12-02T03:00,15.1,80,14.9
2024-12-02T04:00,14.6,82,14.4
2024-12-02T05:00,14.2,82,13.9
2024-12-02T06:00,13.3,87,13.1
2024-12-02T07:00,13.5,85,13.4
2024-12-02T08:00,15.8,73,15.4
2024-12-02T09:00,18.3,61,18.0
2024-12-02T10:00,20.7,51,20.2
2024-12-02T11:00,22.8,42,21.9
2024-12-02T12:00,24.4,35,23.1
2024-12-02T13:00,25.4,32,23.7
2024-12-02T14:00,25.8,32,24.2
2024-12-02T15:00,25.5,33,24.1
2024-12-02T16:00,24.7,36,23.4
2024-12-02T17:00,22.7,43,21.9
2024-12-02T18:00,22.5,45,21.7
2024-12-02T19:00,21.5,48,20.8
2024-12-02T20:00,20.7,52,20.0
2024-12-02T21:00,19.9,55,19.3
2024-12-02T22:00,19.0,60,18.6
2024-12-02T23:00,18.2,64,17.9
2024-12-03T00:00,17.5,68,17.2
2024-12-03T01:00,17.1,70,16.7
2024-12-03T02:00,16.7,73,16.3
2024-12-03T03:00,16.1,74,15.8
2024-12-03T04:00,15.5,76,15.1
2024-12-03T05:00,14.8,78,14.5
2024-12-03T06:00,13.5,87,13.3
2024-12-03T07:00,13.8,85,13.5
2024-12-03T08:00,15.9,74,15.5
2024-12-03T09:00,18.7,60,18.3
2024-12-03T10:00,21.3,50,20.8
2024-12-03T11:00,23.7,41,22.7
2024-12-03T12:00,25.3,35,23.9
2024-12-03T13:00,26.3,31,24.3
2024-12-03T14:00,26.5,30,24.3
2024-12-03T15:00,26.1,31,23.9
2024-12-03T16:00,25.1,35,23.2
2024-12-03T17:00,23.4,41,22.2
2024-12-03T18:00,23.4,43,22.5
2024-12-03T19:00,22.4,47,21.5
2024-12-03T20:00,21.4,51,20.6
2024-12-03T21:00,20.4,54,19.6
2024-12-03T22:00,19.6,57,18.8
2024-12-03T23:00,18.9,59,18.0
2024-12-04T00:00,18.4,58,17.1
2024-12-04T01:00,17.9,55,16.3
2024-12-04T02:00,17.6,54,15.8
2024-12-04T03:00,17.2,55,15.3
2024-12-04T04:00,16.8,56,14.9
2024-12-04T05:00,16.4,59,14.6
2024-12-04T06:00,15.3,74,14.1
2024-12-04T07:00,15.2,75,14.0
2024-12-04T08:00,16.5,69,15.3
2024-12-04T09:00,18.6,61,17.5
2024-12-04T10:00,20.9,53,19.8
2024-12-04T11:00,23.2,44,21.7
2024-12-04T12:00,24.8,37,22.7
2024-12-04T13:00,25.5,35,23.1
2024-12-04T14:00,25.6,34,23.1
2024-12-04T15:00,25.1,34,22.6
2024-12-04T16:00,24.3,36,21.9
2024-12-04T17:00,22.8,39,21.0
2024-12-04T18:00,22.4,40,20.6
2024-12-04T19:00,21.3,43,19.6
2024-12-04T20:00,20.3,44,18.6
2024-12-04T21:00,19.5,45,17.8
2024-12-04T22:00,18.8,46,16.9
2024-12-04T23:00,17.9,48,16.1
2024-12-05T00:00,17.0,50,15.1
2024-12-05T01:00,16.2,53,14.2
2024-12-05T02:00,15.2,58,13.4
2024-12-05T03:00,14.6,61,12.8
2024-12-05T04:00,14.1,64,12.2
2024-12-05T05:00,13.6,64,11.7
2024-12-05T06:00,12.0,68,10.1
2024-12-05T07:00,12.0,66,9.8
2024-12-05T08:00,13.5,59,11.0
2024-12-05T09:00,15.9,48,13.5
2024-12-05T10:00,18.7,40,16.2
2024-12-05T11:00,21.1,34,18.5
2024-12-05T12:00,22.8,28,19.8
2024-12-05T13:00,23.5,25,20.1
2024-12-05T14:00,23.6,25,20.0
2024-12-05T15:00,23.2,26,19.6
2024-12-05T16:00,22.4,28,19.0
2024-12-05T17:00,20.7,32,18.2
2024-12-05T18:00,20.2,35,17.8
2024-12-05T19:00,19.2,38,16.8
2024-12-05T20:00,18.3,39,15.9
2024-12-05T21:00,17.6,41,15.3
2024-12-05T22:00,16.9,43,14.6
2024-12-05T23:00,16.5,44,14.2
2024-12-06T00:00,16.1,44,13.8
2024-12-06T01:00,15.3,46,13.0
2024-12-06T02:00,14.4,50,12.3
2024-12-06T03:00,13.8,53,11.6
2024-12-06T04:00,13.3,56,11.0
2024-12-06T05:00,12.5,61,10.3
2024-12-06T06:00,11.3,73,9.5
2024-12-06T07:00,11.3,73,9.4
2024-12-06T08:00,13.2,64,11.0
2024-12-06T09:00,16.2,52,14.4
2024-12-06T10:00,19.2,41,17.2
2024-12-06T11:00,21.6,35,19.2
2024-12-06T12:00,22.8,34,20.4
2024-12-06T13:00,23.4,34,20.8
2024-12-06T14:00,23.5,34,20.9
2024-12-06T15:00,23.1,35,20.6
2024-12-06T16:00,22.4,36,20.0
2024-12-06T17:00,20.7,40,19.0
2024-12-06T18:00,20.2,41,18.6
2024-12-06T19:00,19.1,45,17.5
2024-12-06T20:00,18.2,46,16.4
2024-12-06T21:00,17.3,44,15.2
2024-12-06T22:00,16.5,45,14.4
2024-12-06T23:00,16.1,45,14.0
2024-12-07T00:00,15.7,45,13.7
2024-12-07T01:00,15.0,47,12.9
2024-12-07T02:00,14.4,49,12.5
2024-12-07T03:00,13.4,52,11.4
2024-12-07T04:00,12.2,57,10.1
2024-12-07T05:00,11.4,62,9.3
2024-12-07T06:00,9.7,73,7.8
2024-12-07T07:00,9.9,74,8.2
2024-12-07T08:00,12.4,65,10.6
2024-12-07T09:00,15.8,53,14.6
2024-12-07T10:00,19.0,43,17.8
2024-12-07T11:00,21.2,33,19.7
2024-12-07T12:00,22.3,25,20.3
2024-12-07T13:00,22.9,22,20.4
2024-12-07T14:00,23.1,20,20.4
2024-12-07T15:00,22.9,20,20.1
2024-12-07T16:00,22.3,21,19.6
2024-12-07T17:00,20.4,27,18.2
2024-12-07T18:00,19.9,29,17.3
2024-12-07T19:00,18.8,35,16.5
2024-12-07T20:00,17.1,44,15.2
2024-12-07T21:00,16.1,49,14.3
2024-12-07T22:00,15.3,54,13.6
2024-12-07T23:00,14.4,58,12.8
2024-12-08T00:00,13.5,62,11.9
2024-12-08T01:00,12.9,64,11.2
2024-12-08T02:00,12.6,64,10.7
2024-12-08T03:00,12.2,65,10.3
2024-12-08T04:00,11.9,66,9.8
2024-12-08T05:00,11.7,67,9.4
2024-12-08T06:00,11.0,71,8.8
2024-12-08T07:00,11.1,70,8.8
2024-12-08T08:00,12.5,63,10.1
2024-12-08T09:00,14.9,54,12.6
2024-12-08T10:00,17.8,45,15.3
2024-12-08T11:00,20.3,37,17.2
2024-12-08T12:00,21.5,35,18.5
2024-12-08T13:00,22.1,35,19.3
2024-12-08T14:00,22.3,36,19.6
2024-12-08T15:00,21.8,38,19.3
2024-12-08T16:00,20.9,41,18.4
2024-12-08T17:00,19.0,50,18.2
2024-12-08T18:00,17.9,56,15.9
2024-12-08T19:00,17.3,61,15.8
2024-12-08T20:00,16.4,59,14.4
2024-12-08T21:00,15.7,65,14.5
2024-12-08T22:00,14.9,72,14.8
2024-12-08T23:00,14.6,72,14.2
2024-12-09T00:00,13.8,72,12.6
2024-12-09T01:00,13.2,76,11.8
2024-12-09T02:00,12.4,82,10.9
2024-12-09T03:00,11.7,86,10.4
2024-12-09T04:00,11.2,89,10.2
2024-12-09T05:00,10.4,91,9.5
2024-12-09T06:00,11.3,85,10.8
2024-12-09T07:00,11.2,86,10.6
2024-12-09T08:00,12.8,77,12.1
2024-12-09T09:00,14.6,70,14.0
2024-12-09T10:00,16.2,64,15.7
2024-12-09T11:00,17.8,58,17.3
2024-12-09T12:00,19.0,52,18.6
2024-12-09T13:00,19.8,47,19.3
2024-12-09T14:00,20.2,43,19.3
2024-12-09T15:00,20.2,42,19.1
2024-12-09T16:00,19.6,44,18.1
2024-12-09T17:00,17.7,54,16.6
2024-12-09T18:00,17.6,51,16.0
2024-12-09T19:00,16.9,56,15.5
2024-12-09T20:00,16.4,58,14.9
2024-12-09T21:00,15.5,61,13.9
2024-12-09T22:00,14.7,62,13.1
2024-12-09T23:00,14.1,63,12.4
2024-12-10T00:00,13.3,66,11.7
2024-12-10T01:00,12.7,69,11.0
2024-12-10T02:00,12.4,69,10.5
2024-12-10T03:00,11.8,69,9.9
2024-12-10T04:00,11.3,71,9.2
2024-12-10T05:00,10.7,74,8.7
2024-12-10T06:00,9.8,86,8.1
2024-12-10T07:00,9.8,85,8.0
2024-12-10T08:00,11.1,79,9.2
2024-12-10T09:00,13.1,70,11.3
2024-12-10T10:00,15.3,61,13.5
2024-12-10T11:00,17.5,51,15.5
2024-12-10T12:00,19.2,35,16.2
2024-12-10T13:00,20.1,22,15.8
2024-12-10T14:00,20.1,21,15.6
2024-12-10T15:00,19.7,22,15.2
2024-12-10T16:00,18.6,26,14.7
2024-12-10T17:00,16.6,33,13.4
2024-12-10T18:00,16.6,36,13.6
2024-12-10T19:00,15.7,38,12.8
2024-12-10T20:00,14.7,42,11.8
2024-12-10T21:00,13.6,46,10.9
2024-12-10T22:00,12.8,48,10.1
2024-12-10T23:00,12.2,50,9.4
2024-12-11T00:00,11.5,51,8.6
2024-12-11T01:00,10.9,53,8.0
2024-12-11T02:00,10.4,53,7.4
2024-12-11T03:00,10.1,52,6.9
2024-12-11T04:00,9.8,51,6.5
2024-12-11T05:00,9.4,52,6.0
2024-12-11T06:00,8.4,59,5.1
2024-12-11T07:00,8.2,61,4.9
2024-12-11T08:00,9.5,58,6.1
2024-12-11T09:00,11.8,52,8.9
2024-12-11T10:00,14.4,45,11.5
2024-12-11T11:00,16.9,39,13.8
2024-12-11T12:00,18.6,34,15.6
2024-12-11T13:00,19.7,31,16.6
2024-12-11T14:00,20.2,30,16.8
2024-12-11T15:00,20.0,31,16.7
2024-12-11T16:00,19.2,33,16.1
2024-12-11T17:00,16.9,41,14.5
2024-12-11T18:00,16.9,42,14.5
2024-12-11T19:00,15.9,46,13.5
2024-12-11T20:00,15.0,48,12.6
2024-12-11T21:00,14.2,50,11.8
2024-12-11T22:00,13.3,53,10.9
2024-12-11T23:00,12.5,56,10.2
2024-12-12T00:00,11.7,59,9.4
2024-12-12T01:00,10.8,63,8.6
2024-12-12T02:00,10.1,66,7.9
2024-12-12T03:00,9.6,68,7.4
2024-12-12T04:00,9.1,71,6.9
2024-12-12T05:00,8.8,72,6.5
2024-12-12T06:00,7.7,75,5.3
2024-12-12T07:00,8.0,74,5.5
2024-12-12T08:00,9.9,66,7.1
2024-12-12T09:00,12.5,57,10.2
2024-12-12T10:00,15.4,47,13.1
2024-12-12T11:00,17.9,39,15.3
2024-12-12T12:00,19.4,33,16.5
2024-12-12T13:00,20.2,31,17.1
2024-12-12T14:00,20.5,30,17.3
2024-12-12T15:00,20.2,31,17.1
2024-12-12T16:00,19.3,34,16.2
2024-12-12T17:00,17.8,39,15.3
2024-12-12T18:00,17.7,42,15.2
2024-12-12T19:00,16.7,47,14.3
2024-12-12T20:00,15.7,50,13.3
2024-12-12T21:00,15.0,52,12.5
2024-12-12T22:00,14.6,52,12.0
2024-12-12T23:00,13.8,53,11.2
2024-12-13T00:00,13.0,57,10.4
2024-12-13T01:00,12.5,59,9.9
2024-12-13T02:00,11.9,61,9.3
2024-12-13T03:00,11.3,63,8.7
2024-12-13T04:00,10.8,65,8.1
2024-12-13T05:00,10.4,65,7.5
2024-12-13T06:00,9.4,71,6.5
2024-12-13T07:00,9.2,70,6.3
2024-12-13T08:00,10.4,65,7.4
2024-12-13T09:00,12.5,55,9.6
2024-12-13T10:00,15.1,46,12.0
2024-12-13T11:00,17.5,38,14.0
2024-12-13T12:00,19.2,33,15.6
2024-12-13T13:00,20.3,29,16.3
2024-12-13T14:00,20.6,29,16.6
2024-12-13T15:00,20.2,30,16.2
2024-12-13T16:00,19.4,33,15.6
2024-12-13T17:00,17.8,39,14.5
2024-12-13T18:00,17.7,40,14.3
2024-12-13T19:00,16.9,39,13.2
2024-12-13T20:00,16.2,38,12.3
2024-12-13T21:00,15.4,39,11.5
2024-12-13T22:00,14.7,40,10.7
2024-12-13T23:00,14.0,41,10.1
2024-12-14T00:00,13.3,43,9.5
2024-12-14T01:00,12.6,45,8.9
2024-12-14T02:00,12.0,47,8.3
2024-12-14T03:00,11.4,48,7.8
2024-12-14T04:00,10.9,49,7.3
2024-12-14T05:00,10.5,50,6.9
2024-12-14T06:00,8.9,60,5.5
2024-12-14T07:00,8.6,61,5.1
2024-12-14T08:00,9.8,56,6.2
2024-12-14T09:00,11.9,49,8.5
2024-12-14T10:00,14.5,42,11.2
2024-12-14T11:00,17.0,35,13.8
2024-12-14T12:00,19.0,31,15.8
2024-12-14T13:00,20.2,29,16.8
2024-12-14T14:00,20.7,29,17.3
2024-12-14T15:00,20.5,30,17.2
2024-12-14T16:00,19.8,32,16.5
2024-12-14T17:00,18.0,38,15.2
2024-12-14T18:00,17.8,41,15.2
2024-12-14T19:00,16.7,44,14.2
2024-12-14T20:00,15.7,47,13.4
2024-12-14T21:00,14.9,49,12.6
2024-12-14T22:00,14.1,52,11.8
2024-12-14T23:00,13.4,54,11.1
2024-12-15T00:00,12.8,55,10.4
2024-12-15T01:00,12.0,57,9.6
2024-12-15T02:00,11.3,58,8.8
2024-12-15T03:00,10.6,60,8.0
2024-12-15T04:00,9.9,62,7.4
2024-12-15T05:00,9.3,64,6.7
2024-12-15T06:00,7.3,76,5.1
2024-12-15T07:00,7.3,76,5.1
2024-12-15T08:00,9.2,66,6.8
2024-12-15T09:00,12.0,55,9.8
2024-12-15T10:00,14.8,46,12.7
2024-12-15T11:00,17.3,38,15.2
2024-12-15T12:00,19.2,32,17.1
2024-12-15T13:00,20.5,28,18.1
2024-12-15T14:00,21.1,26,18.5
2024-12-15T15:00,21.0,26,18.4
2024-12-15T16:00,20.1,28,17.5
2024-12-15T17:00,17.5,38,15.3
2024-12-15T18:00,17.3,46,15.5
2024-12-15T19:00,16.2,52,14.7
2024-12-15T20:00,15.3,56,13.9
2024-12-15T21:00,14.4,60,13.1
2024-12-15T22:00,13.6,64,12.4
2024-12-15T23:00,12.8,67,11.6
2024-12-16T00:00,12.1,71,10.8
2024-12-16T01:00,11.4,76,10.2
2024-12-16T02:00,10.6,80,9.4
2024-12-16T03:00,9.6,84,8.4
2024-12-16T04:00,8.8,88,7.3
2024-12-16T05:00,8.2,90,6.7
2024-12-16T06:00,7.0,92,5.3
2024-12-16T07:00,7.0,92,5.2
2024-12-16T08:00,8.7,85,6.9
2024-12-16T09:00,11.4,74,10.1
2024-12-16T10:00,14.3,66,13.3
2024-12-16T11:00,16.8,57,15.7
2024-12-16T12:00,18.7,48,17.6
2024-12-16T13:00,20.1,42,18.8
2024-12-16T14:00,20.9,38,19.5
2024-12-16T15:00,21.0,38,19.5
2024-12-16T16:00,20.3,41,18.9
2024-12-16T17:00,17.9,52,16.9
2024-12-16T18:00,17.5,56,16.6
2024-12-16T19:00,16.8,61,16.2
2024-12-16T20:00,16.2,64,15.7
2024-12-16T21:00,15.9,67,15.5
2024-12-16T22:00,15.2,71,15.1
2024-12-16T23:00,14.0,76,13.7
2024-12-17T00:00,12.7,83,12.2
2024-12-17T01:00,11.5,90,11.1
2024-12-17T02:00,10.4,96,9.9
2024-12-17T03:00,9.4,100,8.8
2024-12-17T04:00,9.0,100,8.3
2024-12-17T05:00,9.0,99,8.2
2024-12-17T06:00,8.0,99,7.0
2024-12-17T07:00,7.7,98,6.6
2024-12-17T08:00,9.1,96,8.3
2024-12-17T09:00,11.1,92,10.7
2024-12-17T10:00,13.7,80,13.6
2024-12-17T11:00,16.6,67,16.5
2024-12-17T12:00,18.9,54,18.5
2024-12-17T13:00,20.1,48,19.3
2024-12-17T14:00,20.6,44,19.6
2024-12-17T15:00,20.5,43,19.3
2024-12-17T16:00,19.9,44,18.5
2024-12-17T17:00,17.7,52,16.4
2024-12-17T18:00,18.1,55,17.4
2024-12-17T19:00,16.8,62,16.2
2024-12-17T20:00,16.1,66,15.7
2024-12-17T21:00,15.5,68,15.0
2024-12-17T22:00,14.7,69,13.9
2024-12-17T23:00,13.8,71,12.9
2024-12-18T00:00,12.8,77,12.0
2024-12-18T01:00,11.8,82,11.0
2024-12-18T02:00,10.8,87,9.8
2024-12-18T03:00,10.1,89,9.0
2024-12-18T04:00,9.6,91,8.4
2024-12-18T05:00,9.2,92,7.9
2024-12-18T06:00,8.0,98,6.5
2024-12-18T07:00,7.6,99,6.1
2024-12-18T08:00,8.1,96,6.7
2024-12-18T09:00,10.1,86,9.0
2024-12-18T10:00,13.4,70,12.4
2024-12-18T11:00,17.0,56,16.0
2024-12-18T12:00,19.1,45,18.1
2024-12-18T13:00,20.4,38,19.1
2024-12-18T14:00,20.9,35,19.3
2024-12-18T15:00,20.8,36,18.9
2024-12-18T16:00,19.7,42,17.7
2024-12-18T17:00,17.7,50,16.1
2024-12-18T18:00,17.5,52,16.2
2024-12-18T19:00,16.2,59,15.1
2024-12-18T20:00,15.3,64,14.4
2024-12-18T21:00,14.5,68,13.5
2024-12-18T22:00,13.5,72,12.5
2024-12-18T23:00,12.4,76,11.4
2024-12-19T00:00,11.5,79,10.4
2024-12-19T01:00,10.7,82,9.7
2024-12-19T02:00,10.0,85,8.9
2024-12-19T03:00,9.5,87,8.4
2024-12-19T04:00,9.1,87,8.1
2024-12-19T05:00,9.1,86,8.1
2024-12-19T06:00,8.0,88,6.9
2024-12-19T07:00,8.0,89,6.7
2024-12-19T08:00,10.3,80,8.7
2024-12-19T09:00,13.5,67,12.2
2024-12-19T10:00,16.3,56,14.7
2024-12-19T11:00,18.1,47,16.0
2024-12-19T12:00,19.5,38,17.1
2024-12-19T13:00,20.4,34,17.8
2024-12-19T14:00,20.8,33,18.3
2024-12-19T15:00,20.8,33,18.4
2024-12-19T16:00,20.1,35,17.9
2024-12-19T17:00,18.2,43,16.3
2024-12-19T18:00,17.6,48,16.0
2024-12-19T19:00,16.6,54,15.2
2024-12-19T20:00,16.2,57,15.0
2024-12-19T21:00,15.6,60,14.5
2024-12-19T22:00,14.8,64,13.8
2024-12-19T23:00,14.0,69,13.0
2024-12-20T00:00,13.1,73,12.0
2024-12-20T01:00,12.3,77,11.1
2024-12-20T02:00,11.8,79,10.7
2024-12-20T03:00,11.5,81,10.5
2024-12-20T04:00,11.2,82,10.3
2024-12-20T05:00,10.9,83,9.9
2024-12-20T06:00,10.5,87,9.6
2024-12-20T07:00,10.2,88,9.3
2024-12-20T08:00,12.1,79,11.0
2024-12-20T09:00,14.9,66,14.1
2024-12-20T10:00,17.8,55,17.0
2024-12-20T11:00,20.0,46,19.0
2024-12-20T12:00,21.6,38,20.3
2024-12-20T13:00,22.6,33,20.9
2024-12-20T14:00,23.2,29,21.3
2024-12-20T15:00,23.2,29,21.0
2024-12-20T16:00,22.3,32,20.1
2024-12-20T17:00,20.0,42,18.5
2024-12-20T18:00,19.2,49,18.0
2024-12-20T19:00,18.3,57,17.3
2024-12-20T20:00,17.2,66,16.6
2024-12-20T21:00,16.2,71,15.7
2024-12-20T22:00,15.4,74,14.9
2024-12-20T23:00,14.5,78,13.9
2024-12-21T00:00,13.5,82,12.9
2024-12-21T01:00,12.7,85,12.0
2024-12-21T02:00,12.1,86,11.3
2024-12-21T03:00,11.5,86,10.6
2024-12-21T04:00,11.0,86,10.0
2024-12-21T05:00,10.6,86,9.5
2024-12-21T06:00,9.3,92,8.3
2024-12-21T07:00,9.2,92,8.1
2024-12-21T08:00,10.6,86,9.2
2024-12-21T09:00,13.3,73,12.2
2024-12-21T10:00,16.1,61,15.0
2024-12-21T11:00,18.7,49,17.5
2024-12-21T12:00,20.8,39,19.2
2024-12-21T13:00,21.8,34,19.8
2024-12-21T14:00,22.1,33,19.9
2024-12-21T15:00,21.8,35,19.7
2024-12-21T16:00,20.9,39,19.0
2024-12-21T17:00,18.5,51,17.4
2024-12-21T18:00,18.5,48,17.2
2024-12-21T19:00,17.5,53,16.3
2024-12-21T20:00,16.6,58,15.4
2024-12-21T21:00,15.6,63,14.6
2024-12-21T22:00,14.9,65,14.0
2024-12-21T23:00,14.2,69,13.3
2024-12-22T00:00,13.5,71,12.7
2024-12-22T01:00,13.1,73,12.3
2024-12-22T02:00,13.0,73,12.4
2024-12-22T03:00,13.1,71,12.4
2024-12-22T04:00,12.6,74,11.8
2024-12-22T05:00,12.1,77,11.2
2024-12-22T06:00,10.6,83,9.6
2024-12-22T07:00,10.5,83,9.6
2024-12-22T08:00,12.1,75,11.3
2024-12-22T09:00,15.2,62,14.3
2024-12-22T10:00,18.1,49,17.1
2024-12-22T11:00,20.1,42,19.0
2024-12-22T12:00,21.4,38,20.2
2024-12-22T13:00,22.2,35,20.6
2024-12-22T14:00,22.5,34,20.7
2024-12-22T15:00,22.2,35,20.2
2024-12-22T16:00,21.4,37,19.4
2024-12-22T17:00,19.8,43,18.1
2024-12-22T18:00,19.0,50,17.8
2024-12-22T19:00,17.5,58,16.7
2024-12-22T20:00,16.7,62,16.2
2024-12-22T21:00,15.5,66,14.6
2024-12-22T22:00,14.8,68,13.8
2024-12-22T23:00,14.3,70,13.2
2024-12-23T00:00,14.0,69,12.3
2024-12-23T01:00,13.4,69,11.8
2024-12-23T02:00,12.9,70,11.2
2024-12-23T03:00,12.4,71,10.4
2024-12-23T04:00,12.0,72,10.1
2024-12-23T05:00,11.6,73,9.9
2024-12-23T06:00,12.8,72,11.4
2024-12-23T07:00,12.1,75,11.1
2024-12-23T08:00,13.0,71,11.8
2024-12-23T09:00,14.3,68,13.1
2024-12-23T10:00,15.3,65,14.1
2024-12-23T11:00,15.5,67,14.2
2024-12-23T12:00,16.9,61,15.4
2024-12-23T13:00,17.6,57,16.0
2024-12-23T14:00,16.9,60,15.3
2024-12-23T15:00,16.3,63,14.6
2024-12-23T16:00,16.6,64,15.2
2024-12-23T17:00,16.4,65,15.3
2024-12-23T18:00,16.3,66,15.2
2024-12-23T19:00,15.6,69,14.8
2024-12-23T20:00,15.1,70,14.1
2024-12-23T21:00,14.5,70,13.3
2024-12-23T22:00,13.5,76,12.7
2024-12-23T23:00,12.8,80,12.1
2024-12-24T00:00,12.3,83,11.6
2024-12-24T01:00,11.8,86,11.1
2024-12-24T02:00,12.1,85,11.4
2024-12-24T03:00,12.3,82,11.4
2024-12-24T04:00,12.1,82,11.1
2024-12-24T05:00,11.4,86,10.0
2024-12-24T06:00,11.9,85,10.9
2024-12-24T07:00,11.9,84,10.6
2024-12-24T08:00,12.7,83,11.4
2024-12-24T09:00,13.8,78,12.8
2024-12-24T10:00,15.3,71,14.3
2024-12-24T11:00,17.1,64,16.4
2024-12-24T12:00,18.2,58,17.2
2024-12-24T13:00,18.2,59,17.2
2024-12-24T14:00,18.7,58,17.9
2024-12-24T15:00,18.3,61,17.8
2024-12-24T16:00,18.2,62,17.7
2024-12-24T17:00,16.9,72,16.9
2024-12-24T18:00,15.9,80,15.8
2024-12-24T19:00,15.6,80,15.9
2024-12-24T20:00,15.3,82,15.2
2024-12-24T21:00,14.8,84,14.9
2024-12-24T22:00,14.2,86,14.1
2024-12-24T23:00,13.7,87,13.4
2024-12-25T00:00,13.0,91,12.6
2024-12-25T01:00,12.4,93,12.1
2024-12-25T02:00,12.1,94,11.7
2024-12-25T03:00,11.7,95,11.2
2024-12-25T04:00,11.2,95,10.6
2024-12-25T05:00,10.8,94,10.2
2024-12-25T06:00,10.8,96,10.3
2024-12-25T07:00,10.9,96,10.2
2024-12-25T08:00,11.8,93,10.9
2024-12-25T09:00,13.6,85,13.1
2024-12-25T10:00,16.1,73,15.8
2024-12-25T11:00,18.0,63,17.4
2024-12-25T12:00,19.3,56,18.6
2024-12-25T13:00,20.2,51,19.3
2024-12-25T14:00,20.6,49,19.5
2024-12-25T15:00,20.6,49,19.3
2024-12-25T16:00,20.0,51,18.7
2024-12-25T17:00,18.0,64,17.7
2024-12-25T18:00,17.1,73,17.1
2024-12-25T19:00,16.3,76,16.3
2024-12-25T20:00,15.6,78,15.5
2024-12-25T21:00,14.8,80,14.6
2024-12-25T22:00,14.0,83,13.7
2024-12-25T23:00,13.3,85,12.9
2024-12-26T00:00,12.7,86,12.1
2024-12-26T01:00,12.0,88,11.3
2024-12-26T02:00,11.5,89,10.7
2024-12-26T03:00,10.9,90,10.1
2024-12-26T04:00,10.5,91,9.6
2024-12-26T05:00,10.1,92,9.1
2024-12-26T06:00,9.9,92,9.0
2024-12-26T07:00,9.9,92,9.1
2024-12-26T08:00,11.6,86,10.8
2024-12-26T09:00,14.0,77,13.8
2024-12-26T10:00,16.8,67,16.6
2024-12-26T11:00,19.4,56,19.1
2024-12-26T12:00,21.2,46,20.6
2024-12-26T13:00,22.2,41,21.4
2024-12-26T14:00,22.6,39,21.7
2024-12-26T15:00,22.5,40,21.6
2024-12-26T16:00,21.9,42,20.9
2024-12-26T17:00,20.0,57,20.1
2024-12-26T18:00,19.5,51,18.8
2024-12-26T19:00,18.6,54,17.9
2024-12-26T20:00,18.0,56,17.3
2024-12-26T21:00,17.4,60,16.9
2024-12-26T22:00,16.9,64,16.4
2024-12-26T23:00,16.5,67,16.2
2024-12-27T00:00,15.7,72,15.2
2024-12-27T01:00,15.7,71,15.2
2024-12-27T02:00,15.3,71,15.1
2024-12-27T03:00,15.6,70,15.5
2024-12-27T04:00,15.1,72,14.9
2024-12-27T05:00,14.9,73,13.7
2024-12-27T06:00,14.4,84,13.8
2024-12-27T07:00,14.4,85,13.6
2024-12-27T08:00,14.9,83,14.8
2024-12-27T09:00,15.0,85,14.2
2024-12-27T10:00,15.5,86,15.6
2024-12-27T11:00,16.6,84,16.6
2024-12-27T12:00,17.1,81,16.7
2024-12-27T13:00,16.8,81,16.5
2024-12-27T14:00,16.3,85,16.4
2024-12-27T15:00,15.6,92,15.9
2024-12-27T16:00,15.0,90,14.5
2024-12-27T17:00,14.3,94,13.9
2024-12-27T18:00,14.3,96,14.0
2024-12-27T19:00,14.4,95,14.1
2024-12-27T20:00,14.4,95,14.1
2024-12-27T21:00,14.4,93,13.8
2024-12-27T22:00,14.2,93,13.5
2024-12-27T23:00,13.8,93,13.3
2024-12-28T00:00,13.6,93,13.3
2024-12-28T01:00,13.2,93,13.1
2024-12-28T02:00,13.6,91,13.7
2024-12-28T03:00,13.0,94,12.8
2024-12-28T04:00,12.8,94,12.2
2024-12-28T05:00,12.3,94,12.0
2024-12-28T06:00,13.0,95,13.1
2024-12-28T07:00,13.8,93,14.2
2024-12-28T08:00,14.7,90,14.8
2024-12-28T09:00,15.1,91,15.6
2024-12-28T10:00,16.3,87,16.9
2024-12-28T11:00,17.3,83,17.7
2024-12-28T12:00,17.5,82,17.8
2024-12-28T13:00,17.4,82,17.6
2024-12-28T14:00,17.9,79,18.3
2024-12-28T15:00,18.1,77,18.5
2024-12-28T16:00,17.8,78,18.4
2024-12-28T17:00,16.6,85,17.3
2024-12-28T18:00,15.8,91,16.3
2024-12-28T19:00,15.4,92,16.0
2024-12-28T20:00,14.7,93,15.2
2024-12-28T21:00,13.3,95,13.4
2024-12-28T22:00,12.8,96,12.7
2024-12-28T23:00,12.9,96,12.6
2024-12-29T00:00,12.5,96,12.0
2024-12-29T01:00,12.0,96,11.3
2024-12-29T02:00,11.6,96,10.7
2024-12-29T03:00,11.3,96,10.2
2024-12-29T04:00,10.9,96,9.7
2024-12-29T05:00,10.6,97,9.2
2024-12-29T06:00,12.5,98,11.7
2024-12-29T07:00,12.5,97,11.8
2024-12-29T08:00,12.8,94,12.0
2024-12-29T09:00,13.4,91,12.7
2024-12-29T10:00,14.7,84,14.3
2024-12-29T11:00,16.0,78,15.6
2024-12-29T12:00,17.0,74,16.6
2024-12-29T13:00,17.8,70,17.3
2024-12-29T14:00,18.3,66,17.4
2024-12-29T15:00,18.2,64,17.1
2024-12-29T16:00,17.5,67,16.8
2024-12-29T17:00,15.8,75,15.4
2024-12-29T18:00,13.9,83,13.1
2024-12-29T19:00,13.2,86,12.3
2024-12-29T20:00,12.5,88,11.6
2024-12-29T21:00,11.9,90,10.8
2024-12-29T22:00,11.5,91,10.3
2024-12-29T23:00,11.1,92,9.8
2024-12-30T00:00,10.8,93,9.5
2024-12-30T01:00,10.6,94,9.2
2024-12-30T02:00,10.4,94,8.9
2024-12-30T03:00,10.1,95,8.6
2024-12-30T04:00,9.9,96,8.4
2024-12-30T05:00,9.6,96,8.0
2024-12-30T06:00,10.9,99,9.5
2024-12-30T07:00,11.0,99,9.8
2024-12-30T08:00,11.2,98,10.1
2024-12-30T09:00,12.1,93,11.0
2024-12-30T10:00,13.3,87,12.2
2024-12-30T11:00,14.9,79,14.1
2024-12-30T12:00,16.2,75,15.7
2024-12-30T13:00,17.3,71,16.8
2024-12-30T14:00,17.9,70,17.5
2024-12-30T15:00,18.1,68,17.5
2024-12-30T16:00,17.6,71,17.4
2024-12-30T17:00,15.9,79,15.7
2024-12-30T18:00,12.6,86,12.1
2024-12-30T19:00,12.0,87,11.3
2024-12-30T20:00,11.5,88,10.6
2024-12-30T21:00,10.9,90,10.0
2024-12-30T22:00,10.2,92,9.2
2024-12-30T23:00,9.6,94,8.6
2024-12-31T00:00,9.2,96,8.1
2024-12-31T01:00,8.7,97,7.5
2024-12-31T02:00,8.5,99,7.2
2024-12-31T03:00,8.4,98,7.2
2024-12-31T04:00,8.4,97,7.2
2024-12-31T05:00,7.5,97,6.1
2024-12-31T06:00,9.7,97,9.1
2024-12-31T07:00,9.8,97,9.2
2024-12-31T08:00,9.9,98,9.3
2024-12-31T09:00,10.3,98,9.8
2024-12-31T10:00,11.9,90,11.5
2024-12-31T11:00,13.3,83,13.0
2024-12-31T12:00,14.7,78,14.5
2024-12-31T13:00,15.5,74,15.1
2024-12-31T14:00,16.0,69,15.5
2024-12-31T15:00,16.1,69,15.5
2024-12-31T16:00,15.7,72,15.3
2024-12-31T17:00,14.0,81,13.8
2024-12-31T18:00,12.1,85,11.7
2024-12-31T19:00,11.5,87,11.0
2024-12-31T20:00,11.0,89,10.4
2024-12-31T21:00,10.4,91,9.7
2024-12-31T22:00,9.9,93,9.1
2024-12-31T23:00,9.2,96,8.4
2025-01-01T00:00,8.3,100,7.4
2025-01-01T01:00,8.0,100,7.0
2025-01-01T02:00,7.8,100,6.5
2025-01-01T03:00,8.0,99,6.5
2025-01-01T04:00,7.7,98,6.1
2025-01-01T05:00,7.8,97,6.0
2025-01-01T06:00,8.4,96,7.2
2025-01-01T07:00,8.5,95,7.2
2025-01-01T08:00,8.9,93,7.4
2025-01-01T09:00,9.5,97,7.9
2025-01-01T10:00,11.3,89,9.8
2025-01-01T11:00,13.2,82,11.9
2025-01-01T12:00,14.6,78,13.8
2025-01-01T13:00,15.8,73,15.2
2025-01-01T14:00,16.6,71,16.0
2025-01-01T15:00,16.8,70,16.1
2025-01-01T16:00,16.3,73,15.7
2025-01-01T17:00,14.7,80,14.2
2025-01-01T18:00,12.2,86,11.7
2025-01-01T19:00,11.6,88,10.8
2025-01-01T20:00,11.1,90,10.3
2025-01-01T21:00,10.7,91,9.8
2025-01-01T22:00,10.3,93,9.3
2025-01-01T23:00,9.8,94,8.8
2025-01-02T00:00,9.5,95,8.4
2025-01-02T01:00,9.1,96,7.9
2025-01-02T02:00,8.9,96,7.4
2025-01-02T03:00,8.5,97,6.8
2025-01-02T04:00,8.5,97,6.7
2025-01-02T05:00,8.8,97,6.8
2025-01-02T06:00,8.7,97,7.0
2025-01-02T07:00,8.7,96,7.0
2025-01-02T08:00,9.9,93,8.2
2025-01-02T09:00,11.7,90,10.6
2025-01-02T10:00,13.6,82,12.7
2025-01-02T11:00,15.2,76,14.5
2025-01-02T12:00,16.5,71,15.9
2025-01-02T13:00,17.6,66,16.9
2025-01-02T14:00,18.2,65,17.3
2025-01-02T15:00,18.2,65,17.4
2025-01-02T16:00,17.6,69,17.3
2025-01-02T17:00,15.7,78,15.5
2025-01-02T18:00,13.6,81,13.0
2025-01-02T19:00,13.1,83,12.5
2025-01-02T20:00,12.6,84,12.0
2025-01-02T21:00,11.8,87,11.2
2025-01-02T22:00,11.0,90,10.2
2025-01-02T23:00,10.2,92,9.3
2025-01-03T00:00,9.7,93,8.6
2025-01-03T01:00,9.4,93,8.2
2025-01-03T02:00,9.0,94,7.8
2025-01-03T03:00,9.2,94,7.9
2025-01-03T04:00,8.9,96,7.6
2025-01-03T05:00,8.6,98,7.2
2025-01-03T06:00,9.3,99,8.3
2025-01-03T07:00,9.2,96,8.0
2025-01-03T08:00,9.8,96,8.8
2025-01-03T09:00,11.0,95,10.5
2025-01-03T10:00,12.8,92,12.9
2025-01-03T11:00,15.2,82,15.4
2025-01-03T12:00,17.3,72,17.3
2025-01-03T13:00,18.7,64,18.6
2025-01-03T14:00,19.4,62,19.4
2025-01-03T15:00,19.6,61,19.6
2025-01-03T16:00,19.0,70,19.7
2025-01-03T17:00,16.7,78,16.9
2025-01-03T18:00,14.7,82,14.7
2025-01-03T19:00,13.7,86,13.8
2025-01-03T20:00,12.8,89,12.6
2025-01-03T21:00,12.0,90,11.6
2025-01-03T22:00,11.4,91,10.8
2025-01-03T23:00,10.9,91,10.1
2025-01-04T00:00,10.3,92,9.3
2025-01-04T01:00,9.7,95,8.7
2025-01-04T02:00,9.3,97,8.3
2025-01-04T03:00,9.0,96,7.9
2025-01-04T04:00,8.4,97,7.3
2025-01-04T05:00,8.6,99,7.7
2025-01-04T06:00,9.0,98,8.4
2025-01-04T07:00,9.2,98,8.8
2025-01-04T08:00,10.0,98,9.6
2025-01-04T09:00,11.9,97,12.0
2025-01-04T10:00,14.4,91,15.0
2025-01-04T11:00,17.0,82,18.0
2025-01-04T12:00,19.3,74,20.4
2025-01-04T13:00,20.4,70,21.6
2025-01-04T14:00,21.0,69,22.1
2025-01-04T15:00,21.1,69,22.2
2025-01-04T16:00,20.3,74,21.5
2025-01-04T17:00,17.7,84,18.5
2025-01-04T18:00,14.5,86,14.3
2025-01-04T19:00,13.9,89,13.5
2025-01-04T20:00,13.2,92,12.8
2025-01-04T21:00,12.6,94,12.0
2025-01-04T22:00,12.0,95,11.3
2025-01-04T23:00,11.1,96,10.2
2025-01-05T00:00,10.4,96,9.5
2025-01-05T01:00,9.3,97,8.2
2025-01-05T02:00,9.3,98,8.3
2025-01-05T03:00,9.2,98,8.3
2025-01-05T04:00,9.3,99,8.5
2025-01-05T05:00,9.9,100,9.0
2025-01-05T06:00,9.9,98,8.8
2025-01-05T07:00,9.7,98,8.3
2025-01-05T08:00,9.7,97,8.2
2025-01-05T09:00,10.1,97,8.7
2025-01-05T10:00,11.7,91,10.5
2025-01-05T11:00,14.0,84,13.4
2025-01-05T12:00,15.7,79,15.6
2025-01-05T13:00,17.1,75,17.2
2025-01-05T14:00,17.9,71,17.9
2025-01-05T15:00,18.1,71,18.1
2025-01-05T16:00,17.6,74,17.4
2025-01-05T17:00,16.0,81,15.8
2025-01-05T18:00,13.8,87,13.1
2025-01-05T19:00,13.2,90,12.5
2025-01-05T20:00,12.6,91,11.9
2025-01-05T21:00,12.2,92,11.4
2025-01-05T22:00,11.5,94,10.9
2025-01-05T23:00,10.8,95,10.2
2025-01-06T00:00,10.3,97,9.6
2025-01-06T01:00,9.8,98,9.1
2025-01-06T02:00,9.7,99,8.9
2025-01-06T03:00,8.8,100,7.8
2025-01-06T04:00,9.1,99,8.6
2025-01-06T05:00,9.0,100,8.6
2025-01-06T06:00,9.9,100,9.6
2025-01-06T07:00,10.6,98,10.0
2025-01-06T08:00,10.9,98,10.3
2025-01-06T09:00,12.5,92,12.6
2025-01-06T10:00,14.0,88,14.4
2025-01-06T11:00,15.7,81,16.3
2025-01-06T12:00,16.8,77,17.4
2025-01-06T13:00,17.5,74,17.7
2025-01-06T14:00,17.9,71,17.9
2025-01-06T15:00,18.0,73,17.8
2025-01-06T16:00,17.4,75,16.9
2025-01-06T17:00,16.1,80,15.8
2025-01-06T18:00,14.2,86,13.8
2025-01-06T19:00,13.6,87,13.2
2025-01-06T20:00,13.5,87,12.8
2025-01-06T21:00,13.0,88,12.1
2025-01-06T22:00,12.4,91,11.3
2025-01-06T23:00,11.9,94,10.8
2025-01-07T00:00,11.5,95,10.3
2025-01-07T01:00,11.3,95,10.0
2025-01-07T02:00,11.0,95,9.7
2025-01-07T03:00,10.7,96,9.4
2025-01-07T04:00,10.4,97,8.9
2025-01-07T05:00,10.2,97,8.6
2025-01-07T06:00,11.3,98,9.9
2025-01-07T07:00,11.1,98,9.6
2025-01-07T08:00,11.2,99,10.1
2025-01-07T09:00,11.7,97,10.6
2025-01-07T10:00,12.9,92,11.9
2025-01-07T11:00,14.2,86,13.1
2025-01-07T12:00,15.6,79,14.2
2025-01-07T13:00,16.9,69,15.3
2025-01-07T14:00,17.5,69,16.5
2025-01-07T15:00,17.5,69,16.5
2025-01-07T16:00,16.8,72,15.9
2025-01-07T17:00,15.5,78,14.6
2025-01-07T18:00,13.8,86,13.3
2025-01-07T19:00,13.3,87,12.7
2025-01-07T20:00,12.8,89,11.9
2025-01-07T21:00,12.2,91,11.2
2025-01-07T22:00,11.7,91,10.6
2025-01-07T23:00,11.2,90,9.8
2025-01-08T00:00,10.7,89,9.0
2025-01-08T01:00,10.2,88,8.4
2025-01-08T02:00,9.8,88,7.8
2025-01-08T03:00,9.5,88,7.3
2025-01-08T04:00,9.2,87,6.9
2025-01-08T05:00,9.0,86,6.6
2025-01-08T06:00,8.9,88,6.6
2025-01-08T07:00,8.7,88,6.4
2025-01-08T08:00,9.6,84,7.3
2025-01-08T09:00,11.3,80,9.4
2025-01-08T10:00,13.2,73,11.4
2025-01-08T11:00,15.0,67,13.3
2025-01-08T12:00,16.7,62,15.1
2025-01-08T13:00,17.8,56,16.1
2025-01-08T14:00,18.4,52,16.3
2025-01-08T15:00,18.3,52,16.3
2025-01-08T16:00,17.6,57,16.2
2025-01-08T17:00,15.4,67,14.2
2025-01-08T18:00,14.7,71,13.6
2025-01-08T19:00,13.8,73,12.7
2025-01-08T20:00,13.0,75,11.7
2025-01-08T21:00,12.3,76,10.9
2025-01-08T22:00,11.7,76,10.3
2025-01-08T23:00,10.9,79,9.6
2025-01-09T00:00,10.1,82,8.8
2025-01-09T01:00,9.3,85,7.8
2025-01-09T02:00,8.9,85,7.3
2025-01-09T03:00,8.5,85,6.8
2025-01-09T04:00,8.2,86,6.6
2025-01-09T05:00,8.0,86,6.5
2025-01-09T06:00,8.3,87,7.1
2025-01-09T07:00,8.3,87,7.1
2025-01-09T08:00,9.1,90,8.0
2025-01-09T09:00,11.8,87,11.5
2025-01-09T10:00,14.8,77,14.7
2025-01-09T11:00,16.5,67,16.2
2025-01-09T12:00,17.5,62,17.4
2025-01-09T13:00,18.3,58,18.1
2025-01-09T14:00,18.7,56,18.2
2025-01-09T15:00,18.7,55,18.1
2025-01-09T16:00,18.2,61,18.1
2025-01-09T17:00,16.4,66,16.2
2025-01-09T18:00,15.1,72,14.6
2025-01-09T19:00,13.8,77,13.3
2025-01-09T20:00,12.9,81,12.2
2025-01-09T21:00,12.6,81,12.2
2025-01-09T22:00,12.1,82,11.7
2025-01-09T23:00,11.1,86,10.5
2025-01-10T00:00,10.3,90,9.5
2025-01-10T01:00,9.7,92,8.9
2025-01-10T02:00,9.2,93,8.4
2025-01-10T03:00,8.8,94,7.9
2025-01-10T04:00,8.6,94,7.7
2025-01-10T05:00,8.4,93,7.2
2025-01-10T06:00,8.5,96,7.2
2025-01-10T07:00,7.9,99,6.6
2025-01-10T08:00,8.8,98,7.5
2025-01-10T09:00,10.9,94,10.1
2025-01-10T10:00,12.7,91,12.6
2025-01-10T11:00,15.1,81,15.0
2025-01-10T12:00,16.6,72,16.6
2025-01-10T13:00,17.5,66,17.3
2025-01-10T14:00,17.9,62,17.3
2025-01-10T15:00,17.9,60,17.1
2025-01-10T16:00,17.2,63,16.4
2025-01-10T17:00,15.2,75,14.7
2025-01-10T18:00,13.4,82,12.7
2025-01-10T19:00,12.8,84,12.0
2025-01-10T20:00,11.8,88,11.0
2025-01-10T21:00,11.3,91,10.4
2025-01-10T22:00,10.7,92,9.7
2025-01-10T23:00,10.4,92,9.2
2025-01-11T00:00,9.8,93,8.6
2025-01-11T01:00,9.5,93,8.1
2025-01-11T02:00,8.6,95,7.1
2025-01-11T03:00,8.3,96,6.7
2025-01-11T04:00,8.0,96,6.4
2025-01-11T05:00,8.0,96,6.3
2025-01-11T06:00,9.1,97,7.4
2025-01-11T07:00,9.1,97,7.1
2025-01-11T08:00,10.1,97,8.3
2025-01-11T09:00,11.6,92,9.9
2025-01-11T10:00,13.6,84,11.8
2025-01-11T11:00,15.3,79,14.6
2025-01-11T12:00,16.2,75,16.3
2025-01-11T13:00,16.8,73,17.3
2025-01-11T14:00,16.8,71,17.1
2025-01-11T15:00,16.5,73,16.7
2025-01-11T16:00,16.2,76,15.9
2025-01-11T17:00,14.9,84,14.7
2025-01-11T18:00,13.6,93,14.1
2025-01-11T19:00,13.0,93,11.6
2025-01-11T20:00,12.7,86,11.5
2025-01-11T21:00,12.3,85,11.1
2025-01-11T22:00,11.6,89,10.7
2025-01-11T23:00,11.3,91,10.6
2025-01-12T00:00,11.0,90,10.2
2025-01-12T01:00,9.9,93,8.7
2025-01-12T02:00,10.4,94,9.3
2025-01-12T03:00,9.9,95,8.9
2025-01-12T04:00,9.8,93,8.8
2025-01-12T05:00,10.4,93,9.3
2025-01-12T06:00,10.5,96,10.0
2025-01-12T07:00,10.2,96,9.6
2025-01-12T08:00,12.0,95,11.5
2025-01-12T09:00,13.9,91,13.9
2025-01-12T10:00,15.1,87,15.2
2025-01-12T11:00,16.4,82,16.8
2025-01-12T12:00,17.4,77,18.1
2025-01-12T13:00,17.8,73,18.3
2025-01-12T14:00,18.0,70,18.2
2025-01-12T15:00,18.0,67,18.3
2025-01-12T16:00,17.9,67,18.1
2025-01-12T17:00,16.3,77,16.4
2025-01-12T18:00,13.4,91,13.5
2025-01-12T19:00,12.9,92,12.7
2025-01-12T20:00,12.8,93,12.4
2025-01-12T21:00,12.3,94,11.8
2025-01-12T22:00,11.7,95,11.1
2025-01-12T23:00,10.6,96,9.9
2025-01-13T00:00,9.9,96,9.1
2025-01-13T01:00,9.8,96,8.9
2025-01-13T02:00,9.7,97,8.7
2025-01-13T03:00,9.5,97,8.5
2025-01-13T04:00,9.4,98,8.1
2025-01-13T05:00,9.2,99,7.8
2025-01-13T06:00,9.9,98,8.7
2025-01-13T07:00,9.8,97,8.6
2025-01-13T08:00,10.8,94,9.5
2025-01-13T09:00,12.2,92,11.5
2025-01-13T10:00,14.1,83,13.5
2025-01-13T11:00,15.7,77,15.2
2025-01-13T12:00,17.2,73,17.2
2025-01-13T13:00,18.3,68,18.3
2025-01-13T14:00,18.9,65,18.6
2025-01-13T15:00,19.0,65,18.6
2025-01-13T16:00,18.5,69,18.3
2025-01-13T17:00,16.8,77,16.8
2025-01-13T18:00,15.5,82,15.2
2025-01-13T19:00,14.8,83,14.3
2025-01-13T20:00,14.1,85,13.3
2025-01-13T21:00,13.4,86,12.4
2025-01-13T22:00,12.8,88,11.8
2025-01-13T23:00,12.2,90,11.1
2025-01-14T00:00,11.6,91,10.6
2025-01-14T01:00,11.1,93,9.9
2025-01-14T02:00,10.7,94,9.4
2025-01-14T03:00,9.9,95,8.6
2025-01-14T04:00,9.5,95,8.1
2025-01-14T05:00,9.0,95,7.5
2025-01-14T06:00,9.1,96,7.7
2025-01-14T07:00,8.7,97,7.3
2025-01-14T08:00,10.0,95,8.6
2025-01-14T09:00,11.9,90,11.2
2025-01-14T10:00,13.7,83,13.3
2025-01-14T11:00,15.4,75,15.1
2025-01-14T12:00,16.7,70,16.9
2025-01-14T13:00,17.6,67,17.9
2025-01-14T14:00,18.1,64,18.0
2025-01-14T15:00,18.2,64,18.0
2025-01-14T16:00,17.8,66,17.7
2025-01-14T17:00,16.2,74,16.4
2025-01-14T18:00,15.4,76,15.4
2025-01-14T19:00,14.4,80,14.4
2025-01-14T20:00,14.1,80,14.1
2025-01-14T21:00,13.3,82,12.8
2025-01-14T22:00,13.3,82,13.1
2025-01-14T23:00,12.4,85,12.1
2025-01-15T00:00,11.9,88,11.8
2025-01-15T01:00,11.4,90,11.3
2025-01-15T02:00,10.6,93,10.4
2025-01-15T03:00,9.5,99,9.3
2025-01-15T04:00,9.3,99,9.0
2025-01-15T05:00,9.1,99,8.6
2025-01-15T06:00,9.1,99,8.5
2025-01-15T07:00,9.2,98,8.5
2025-01-15T08:00,9.7,98,9.1
2025-01-15T09:00,11.0,93,10.4
2025-01-15T10:00,12.6,94,12.4
2025-01-15T11:00,15.2,87,15.6
2025-01-15T12:00,17.1,79,17.5
2025-01-15T13:00,18.0,69,17.9
2025-01-15T14:00,18.3,67,18.1
2025-01-15T15:00,18.4,66,18.1
2025-01-15T16:00,18.0,67,17.7
2025-01-15T17:00,16.3,78,16.4
2025-01-15T18:00,14.2,82,13.7
2025-01-15T19:00,13.6,86,13.3
2025-01-15T20:00,12.9,89,12.5
2025-01-15T21:00,13.0,89,12.8
2025-01-15T22:00,12.9,90,12.3
2025-01-15T23:00,12.2,93,12.2
2025-01-16T00:00,12.0,92,11.8
2025-01-16T01:00,11.6,93,11.3
2025-01-16T02:00,11.1,95,10.5
2025-01-16T03:00,11.7,95,11.3
2025-01-16T04:00,11.6,95,11.3
2025-01-16T05:00,11.8,94,11.4
2025-01-16T06:00,12.2,94,11.6
2025-01-16T07:00,12.3,94,11.8
2025-01-16T08:00,12.6,93,12.4
2025-01-16T09:00,13.1,93,12.9
2025-01-16T10:00,14.5,87,14.3
2025-01-16T11:00,16.2,75,15.9
2025-01-16T12:00,17.0,70,16.8
2025-01-16T13:00,17.4,67,17.2
2025-01-16T14:00,18.0,63,17.8
2025-01-16T15:00,18.0,62,17.7
2025-01-16T16:00,17.8,63,17.4
2025-01-16T17:00,17.0,73,17.3
2025-01-16T18:00,14.7,80,14.6
2025-01-16T19:00,13.8,83,13.5
2025-01-16T20:00,13.3,85,12.8
2025-01-16T21:00,12.6,86,12.0
2025-01-16T22:00,12.1,88,11.3
2025-01-16T23:00,11.5,89,10.8
2025-01-17T00:00,11.1,91,10.2
2025-01-17T01:00,11.0,90,10.0
2025-01-17T02:00,11.0,89,9.8
2025-01-17T03:00,10.7,90,9.4
2025-01-17T04:00,10.3,89,8.8
2025-01-17T05:00,9.8,89,8.3
2025-01-17T06:00,9.3,94,8.0
2025-01-17T07:00,9.2,94,7.9
2025-01-17T08:00,10.7,91,9.4
2025-01-17T09:00,12.4,87,11.6
2025-01-17T10:00,14.3,81,13.9
2025-01-17T11:00,16.2,74,15.8
2025-01-17T12:00,17.6,67,17.4
2025-01-17T13:00,18.5,62,18.1
2025-01-17T14:00,18.9,58,17.8
2025-01-17T15:00,18.8,58,17.5
2025-01-17T16:00,18.0,61,16.9
2025-01-17T17:00,16.2,69,15.2
2025-01-17T18:00,14.2,76,13.0
2025-01-17T19:00,13.3,79,12.0
2025-01-17T20:00,12.6,82,11.4
2025-01-17T21:00,11.8,85,10.7
2025-01-17T22:00,10.7,89,9.6
2025-01-17T23:00,10.2,91,9.1
2025-01-18T00:00,9.7,93,8.5
2025-01-18T01:00,8.8,96,7.6
2025-01-18T02:00,8.4,97,7.1
2025-01-18T03:00,8.2,99,6.6
2025-01-18T04:00,7.9,100,6.0
2025-01-18T05:00,7.8,99,6.0
2025-01-18T06:00,9.5,99,8.3
2025-01-18T07:00,9.7,97,8.5
2025-01-18T08:00,10.0,98,8.8
2025-01-18T09:00,10.7,96,9.7
2025-01-18T10:00,12.7,89,12.4
2025-01-18T11:00,14.0,84,14.1
2025-01-18T12:00,15.6,77,15.6
2025-01-18T13:00,17.1,69,17.6
2025-01-18T14:00,17.8,65,17.4
2025-01-18T15:00,17.8,62,17.4
2025-01-18T16:00,17.6,63,17.4
2025-01-18T17:00,16.0,72,16.1
2025-01-18T18:00,15.1,79,15.4
2025-01-18T19:00,14.1,81,14.2
2025-01-18T20:00,13.2,84,13.3
2025-01-18T21:00,12.3,87,12.1
2025-01-18T22:00,11.1,92,10.5
2025-01-18T23:00,10.1,96,9.4
2025-01-19T00:00,9.7,98,8.9
2025-01-19T01:00,9.4,100,8.7
2025-01-19T02:00,9.2,100,8.5
2025-01-19T03:00,8.9,100,8.4
2025-01-19T04:00,9.1,98,8.5
2025-01-19T05:00,9.0,99,8.5
2025-01-19T06:00,10.4,95,10.0
2025-01-19T07:00,10.4,96,9.9
2025-01-19T08:00,10.9,95,10.6
2025-01-19T09:00,12.3,96,12.5
2025-01-19T10:00,14.3,90,14.9
2025-01-19T11:00,16.5,84,17.3
2025-01-19T12:00,18.7,73,19.6
2025-01-19T13:00,20.2,67,21.2
2025-01-19T14:00,21.1,65,21.8
2025-01-19T15:00,21.3,65,22.0
2025-01-19T16:00,20.8,68,21.8
2025-01-19T17:00,19.0,78,20.2
2025-01-19T18:00,18.1,81,19.0
2025-01-19T19:00,17.7,80,18.6
2025-01-19T20:00,17.2,80,18.0
2025-01-19T21:00,16.6,80,17.2
2025-01-19T22:00,15.6,84,16.0
2025-01-19T23:00,14.7,88,14.7
2025-01-20T00:00,14.3,89,14.3
2025-01-20T01:00,13.7,91,13.6
2025-01-20T02:00,13.3,91,12.9
2025-01-20T03:00,13.0,91,12.5
2025-01-20T04:00,12.8,91,12.1
2025-01-20T05:00,12.5,91,11.8
2025-01-20T06:00,12.0,93,11.1
2025-01-20T07:00,11.7,94,10.8
2025-01-20T08:00,12.6,93,11.9
2025-01-20T09:00,14.4,90,14.4
2025-01-20T10:00,16.5,84,16.8
2025-01-20T11:00,18.5,77,18.8
2025-01-20T12:00,20.1,72,20.8
2025-01-20T13:00,21.2,70,22.1
2025-01-20T14:00,21.9,66,22.1
2025-01-20T15:00,21.9,65,22.1
2025-01-20T16:00,21.4,68,21.8
2025-01-20T17:00,19.6,75,20.3
2025-01-20T18:00,18.5,79,19.1
2025-01-20T19:00,17.9,81,18.3
2025-01-20T20:00,17.1,84,17.5
2025-01-20T21:00,16.4,86,16.7
2025-01-20T22:00,15.9,87,16.0
2025-01-20T23:00,15.3,88,15.2
2025-01-21T00:00,14.6,88,14.4
2025-01-21T01:00,14.1,89,13.8
2025-01-21T02:00,13.6,90,13.1
2025-01-21T03:00,12.7,91,12.1
2025-01-21T04:00,12.3,91,11.5
2025-01-21T05:00,11.8,92,11.0
2025-01-21T06:00,11.3,90,10.2
2025-01-21T07:00,11.1,91,9.8
2025-01-21T08:00,12.4,87,11.0
2025-01-21T09:00,14.2,84,13.6
2025-01-21T10:00,16.6,75,16.2
2025-01-21T11:00,18.7,68,18.5
2025-01-21T12:00,20.3,62,20.5
2025-01-21T13:00,21.4,58,21.5
2025-01-21T14:00,21.9,55,21.4
2025-01-21T15:00,21.7,55,21.1
2025-01-21T16:00,20.9,60,20.5
2025-01-21T17:00,19.0,69,19.0
2025-01-21T18:00,17.7,74,17.7
2025-01-21T19:00,17.0,77,16.8
2025-01-21T20:00,16.1,79,15.9
2025-01-21T21:00,15.4,81,15.0
2025-01-21T22:00,14.7,82,14.1
2025-01-21T23:00,14.2,83,13.5
2025-01-22T00:00,13.6,84,12.9
2025-01-22T01:00,13.1,86,12.4
2025-01-22T02:00,12.4,89,11.8
2025-01-22T03:00,11.9,90,11.2
2025-01-22T04:00,11.3,91,10.5
2025-01-22T05:00,10.8,92,10.0
2025-01-22T06:00,10.5,94,9.6
2025-01-22T07:00,10.4,94,9.5
2025-01-22T08:00,11.9,91,11.0
2025-01-22T09:00,14.3,85,14.2
2025-01-22T10:00,16.9,76,17.3
2025-01-22T11:00,19.3,68,19.9
2025-01-22T12:00,21.2,58,22.1
2025-01-22T13:00,22.3,49,22.7
2025-01-22T14:00,22.8,45,22.5
2025-01-22T15:00,22.8,45,22.3
2025-01-22T16:00,22.0,53,22.0
2025-01-22T17:00,20.0,65,20.2
2025-01-22T18:00,18.6,67,18.6
2025-01-22T19:00,17.8,73,17.9
2025-01-22T20:00,17.0,76,17.0
2025-01-22T21:00,16.6,77,16.7
2025-01-22T22:00,15.9,78,15.8
2025-01-22T23:00,15.1,80,14.8
2025-01-23T00:00,14.8,81,14.5
2025-01-23T01:00,14.9,81,14.3
2025-01-23T02:00,14.2,80,13.6
2025-01-23T03:00,13.5,89,13.5
2025-01-23T04:00,13.5,89,13.7
2025-01-23T05:00,12.7,91,12.4
2025-01-23T06:00,13.0,90,12.7
2025-01-23T07:00,11.7,93,11.2
2025-01-23T08:00,13.5,91,13.2
2025-01-23T09:00,15.3,87,15.4
2025-01-23T10:00,17.4,77,17.6
2025-01-23T11:00,19.3,67,19.3
2025-01-23T12:00,20.8,55,20.6
2025-01-23T13:00,21.7,45,20.6
2025-01-23T14:00,21.9,40,19.9
2025-01-23T15:00,21.6,40,19.3
2025-01-23T16:00,20.7,47,18.9
2025-01-23T17:00,18.8,57,17.6
2025-01-23T18:00,17.4,60,15.9
2025-01-23T19:00,16.3,61,14.7
2025-01-23T20:00,15.5,63,13.8
2025-01-23T21:00,14.8,68,13.2
2025-01-23T22:00,14.3,70,12.7
2025-01-23T23:00,13.8,71,12.3
2025-01-24T00:00,13.1,73,11.6
2025-01-24T01:00,12.5,74,10.9
2025-01-24T02:00,11.9,75,10.3
2025-01-24T03:00,11.4,77,9.8
2025-01-24T04:00,11.1,78,9.3
2025-01-24T05:00,10.6,80,8.6
2025-01-24T06:00,10.8,85,9.1
2025-01-24T07:00,10.4,85,8.5
2025-01-24T08:00,11.3,83,9.4
2025-01-24T09:00,13.2,77,11.7
2025-01-24T10:00,15.5,69,14.2
2025-01-24T11:00,17.8,61,16.8
2025-01-24T12:00,19.6,53,18.6
2025-01-24T13:00,20.6,45,18.9
2025-01-24T14:00,20.9,42,18.5
2025-01-24T15:00,20.7,42,18.1
2025-01-24T16:00,19.9,47,17.7
2025-01-24T17:00,18.1,56,16.5
2025-01-24T18:00,17.1,61,15.6
2025-01-24T19:00,16.1,65,14.7
2025-01-24T20:00,15.2,68,13.7
2025-01-24T21:00,14.4,70,12.8
2025-01-24T22:00,13.6,71,11.9
2025-01-24T23:00,12.9,72,11.1
2025-01-25T00:00,12.3,73,10.3
2025-01-25T01:00,11.6,73,9.6
2025-01-25T02:00,11.1,74,8.9
2025-01-25T03:00,10.6,74,8.2
2025-01-25T04:00,10.2,74,7.5
2025-01-25T05:00,9.7,73,7.0
2025-01-25T06:00,9.4,78,6.8
2025-01-25T07:00,9.0,78,6.3
2025-01-25T08:00,10.1,74,7.3
2025-01-25T09:00,12.1,68,9.8
2025-01-25T10:00,14.6,60,12.4
2025-01-25T11:00,16.8,54,14.9
2025-01-25T12:00,18.7,48,17.2
2025-01-25T13:00,20.1,43,18.5
2025-01-25T14:00,20.8,40,18.6
2025-01-25T15:00,20.7,40,18.2
2025-01-25T16:00,19.8,46,17.9
2025-01-25T17:00,17.7,56,16.3
2025-01-25T18:00,16.6,59,15.2
2025-01-25T19:00,15.6,61,14.0
2025-01-25T20:00,14.5,63,12.8
2025-01-25T21:00,13.7,64,11.9
2025-01-25T22:00,13.0,65,11.1
2025-01-25T23:00,12.3,66,10.3
2025-01-26T00:00,11.6,67,9.5
2025-01-26T01:00,10.9,69,8.7
2025-01-26T02:00,10.4,70,8.2
2025-01-26T03:00,10.0,72,7.7
2025-01-26T04:00,9.6,74,7.3
2025-01-26T05:00,9.1,76,6.7
2025-01-26T06:00,8.5,82,6.3
2025-01-26T07:00,8.2,82,5.8
2025-01-26T08:00,9.5,76,6.8
2025-01-26T09:00,11.9,67,9.8
2025-01-26T10:00,14.8,56,12.8
2025-01-26T11:00,17.3,49,15.4
2025-01-26T12:00,19.1,42,17.6
2025-01-26T13:00,20.4,39,18.9
2025-01-26T14:00,21.0,38,19.1
2025-01-26T15:00,21.0,37,18.8
2025-01-26T16:00,20.2,42,18.2
2025-01-26T17:00,18.0,56,17.0
2025-01-26T18:00,16.9,60,15.7
2025-01-26T19:00,15.9,62,14.6
2025-01-26T20:00,14.8,64,13.4
2025-01-26T21:00,13.7,68,12.3
2025-01-26T22:00,12.9,70,11.4
2025-01-26T23:00,12.3,71,10.7
2025-01-27T00:00,11.4,73,9.7
2025-01-27T01:00,10.7,74,8.9
2025-01-27T02:00,10.0,76,8.2
2025-01-27T03:00,9.4,78,7.5
2025-01-27T04:00,8.8,80,6.8
2025-01-27T05:00,8.4,80,6.3
2025-01-27T06:00,8.1,90,6.3
2025-01-27T07:00,7.8,90,5.9
2025-01-27T08:00,9.4,82,7.3
2025-01-27T09:00,12.3,69,10.6
2025-01-27T10:00,15.4,56,13.7
2025-01-27T11:00,17.9,47,16.2
2025-01-27T12:00,19.7,38,18.1
2025-01-27T13:00,20.9,34,19.0
2025-01-27T14:00,21.5,31,19.0
2025-01-27T15:00,21.4,32,18.6
2025-01-27T16:00,20.7,37,18.1
2025-01-27T17:00,19.0,46,17.3
2025-01-27T18:00,17.8,53,16.4
2025-01-27T19:00,16.7,59,15.3
2025-01-27T20:00,15.7,64,14.3
2025-01-27T21:00,14.7,68,13.2
2025-01-27T22:00,14.1,67,12.4
2025-01-27T23:00,13.6,64,11.6
2025-01-28T00:00,12.9,64,10.8
2025-01-28T01:00,12.2,66,10.0
2025-01-28T02:00,11.5,69,9.2
2025-01-28T03:00,10.8,71,8.5
2025-01-28T04:00,10.1,72,7.8
2025-01-28T05:00,9.4,74,7.1
2025-01-28T06:00,8.5,82,6.6
2025-01-28T07:00,8.0,84,6.1
2025-01-28T08:00,9.9,74,7.9
2025-01-28T09:00,12.9,61,11.2
2025-01-28T10:00,16.0,51,14.3
2025-01-28T11:00,18.7,42,17.3
2025-01-28T12:00,20.8,34,19.5
2025-01-28T13:00,22.2,28,20.5
2025-01-28T14:00,22.9,26,20.6
2025-01-28T15:00,22.8,26,20.2
2025-01-28T16:00,22.0,31,19.8
2025-01-28T17:00,20.3,42,18.7
2025-01-28T18:00,19.0,53,18.1
2025-01-28T19:00,17.5,61,16.9
2025-01-28T20:00,16.3,67,15.9
2025-01-28T21:00,15.1,72,14.8
2025-01-28T22:00,14.1,75,13.4
2025-01-28T23:00,13.4,74,12.4
2025-01-29T00:00,12.7,75,11.5
2025-01-29T01:00,11.9,79,10.7
2025-01-29T02:00,11.5,82,10.2
2025-01-29T03:00,11.2,84,9.9
2025-01-29T04:00,11.2,85,9.9
2025-01-29T05:00,10.7,87,9.3
2025-01-29T06:00,10.4,87,9.1
2025-01-29T07:00,10.2,89,8.9
2025-01-29T08:00,11.9,83,10.4
2025-01-29T09:00,14.8,70,13.7
2025-01-29T10:00,18.1,56,16.8
2025-01-29T11:00,20.7,45,19.0
2025-01-29T12:00,22.5,36,20.8
2025-01-29T13:00,23.6,32,21.8
2025-01-29T14:00,24.0,31,21.8
2025-01-29T15:00,23.8,33,21.5
2025-01-29T16:00,23.0,36,20.8
2025-01-29T17:00,21.5,43,19.8
2025-01-29T18:00,20.1,52,19.0
2025-01-29T19:00,18.9,59,18.1
2025-01-29T20:00,18.0,64,17.3
2025-01-29T21:00,17.2,66,16.5
2025-01-29T22:00,16.4,68,15.6
2025-01-29T23:00,15.7,71,14.8
2025-01-30T00:00,14.8,74,14.0
2025-01-30T01:00,14.1,78,13.2
2025-01-30T02:00,13.4,82,12.6
2025-01-30T03:00,12.7,85,11.8
2025-01-30T04:00,12.1,88,11.2
2025-01-30T05:00,11.7,90,10.8
2025-01-30T06:00,11.4,92,10.5
2025-01-30T07:00,11.3,91,10.4
2025-01-30T08:00,13.0,83,11.9
2025-01-30T09:00,15.8,70,15.2
2025-01-30T10:00,19.0,57,18.1
2025-01-30T11:00,21.4,46,20.4
2025-01-30T12:00,23.0,40,22.2
2025-01-30T13:00,24.1,37,23.4
2025-01-30T14:00,24.7,35,23.7
2025-01-30T15:00,24.8,36,23.5
2025-01-30T16:00,24.2,38,23.0
2025-01-30T17:00,22.9,43,21.9
2025-01-30T18:00,21.3,54,21.0
2025-01-30T19:00,19.9,63,20.1
2025-01-30T20:00,18.7,71,19.1
2025-01-30T21:00,17.8,77,18.3
2025-01-30T22:00,17.2,80,17.6
2025-01-30T23:00,16.6,82,17.0
2025-01-31T00:00,16.1,83,16.6
2025-01-31T01:00,15.5,85,16.0
2025-01-31T02:00,14.6,89,15.0
2025-01-31T03:00,14.1,91,14.4
2025-01-31T04:00,13.5,92,13.8
2025-01-31T05:00,12.9,94,12.7
2025-01-31T06:00,12.5,99,12.5
2025-01-31T07:00,12.1,99,12.0
2025-01-31T08:00,13.0,97,13.1
2025-01-31T09:00,14.8,90,15.2
2025-01-31T10:00,18.4,72,19.2
2025-01-31T11:00,22.1,57,22.9
2025-01-31T12:00,24.4,43,24.9
2025-01-31T13:00,25.8,29,24.9
2025-01-31T14:00,26.3,25,24.3
2025-01-31T15:00,26.1,25,23.6
2025-01-31T16:00,25.5,26,22.9
2025-01-31T17:00,24.2,30,21.9
2025-01-31T18:00,22.2,46,21.5
2025-01-31T19:00,21.0,57,21.6
2025-01-31T20:00,20.2,58,20.4
2025-01-31T21:00,19.3,58,18.9
2025-01-31T22:00,18.7,59,18.4
2025-01-31T23:00,17.6,64,17.2
2025-02-01T00:00,16.8,72,16.5
2025-02-01T01:00,16.5,75,16.3
2025-02-01T02:00,16.0,75,15.5
2025-02-01T03:00,15.4,74,14.5
2025-02-01T04:00,14.8,76,14.0
2025-02-01T05:00,14.5,77,13.7
2025-02-01T06:00,12.7,91,12.4
2025-02-01T07:00,12.9,91,12.6
2025-02-01T08:00,14.7,82,14.4
2025-02-01T09:00,17.6,70,17.5
2025-02-01T10:00,20.6,58,20.4
2025-02-01T11:00,23.0,46,22.3
2025-02-01T12:00,24.4,38,23.7
2025-02-01T13:00,25.3,34,24.3
2025-02-01T14:00,25.5,32,23.8
2025-02-01T15:00,25.5,32,23.8
2025-02-01T16:00,25.1,33,23.3
2025-02-01T17:00,24.1,36,22.5
2025-02-01T18:00,21.3,60,21.9
2025-02-01T19:00,20.8,61,21.7
2025-02-01T20:00,19.6,64,19.8
2025-02-01T21:00,17.7,77,16.6
2025-02-01T22:00,17.3,80,16.9
2025-02-01T23:00,17.1,79,16.9
2025-02-02T00:00,16.4,81,16.1
2025-02-02T01:00,15.5,84,15.2
2025-02-02T02:00,15.0,85,14.8
2025-02-02T03:00,14.7,86,14.7
2025-02-02T04:00,14.8,84,14.8
2025-02-02T05:00,14.2,85,14.0
2025-02-02T06:00,13.7,91,13.8
2025-02-02T07:00,13.7,91,13.5
2025-02-02T08:00,14.9,86,14.7
2025-02-02T09:00,17.1,75,17.2
2025-02-02T10:00,19.6,64,19.6
2025-02-02T11:00,21.7,51,21.2
2025-02-02T12:00,22.8,45,22.3
2025-02-02T13:00,23.5,40,22.4
2025-02-02T14:00,23.6,38,21.8
2025-02-02T15:00,23.3,39,21.4
2025-02-02T16:00,22.6,42,20.7
2025-02-02T17:00,21.3,48,19.8
2025-02-02T18:00,19.0,68,18.9
2025-02-02T19:00,18.1,74,18.2
2025-02-02T20:00,17.2,79,17.3
2025-02-02T21:00,16.3,81,16.3
2025-02-02T22:00,15.5,83,15.3
2025-02-02T23:00,14.8,83,14.4
2025-02-03T00:00,14.1,82,13.4
2025-02-03T01:00,13.3,82,12.5
2025-02-03T02:00,12.6,83,11.8
2025-02-03T03:00,11.9,86,11.0
2025-02-03T04:00,11.3,86,10.4
2025-02-03T05:00,10.8,87,9.8
2025-02-03T06:00,11.0,91,10.2
2025-02-03T07:00,10.9,91,10.0
2025-02-03T08:00,12.7,84,11.8
2025-02-03T09:00,15.1,73,14.5
2025-02-03T10:00,17.8,60,17.2
2025-02-03T11:00,20.0,46,19.0
2025-02-03T12:00,21.4,37,20.3
2025-02-03T13:00,22.4,34,21.2
2025-02-03T14:00,22.7,34,21.2
2025-02-03T15:00,22.8,35,21.0
2025-02-03T16:00,22.3,37,20.8
2025-02-03T17:00,20.7,57,20.9
2025-02-03T18:00,18.8,59,18.5
2025-02-03T19:00,17.5,64,16.9
2025-02-03T20:00,16.5,68,16.0
2025-02-03T21:00,16.2,70,15.7
2025-02-03T22:00,15.6,69,14.8
2025-02-03T23:00,14.8,72,14.2
2025-02-04T00:00,14.3,73,13.5
2025-02-04T01:00,14.3,73,13.5
2025-02-04T02:00,13.9,73,13.3
2025-02-04T03:00,13.6,74,12.9
2025-02-04T04:00,13.2,75,12.5
2025-02-04T05:00,13.0,76,12.1
2025-02-04T06:00,15.1,75,15.0
2025-02-04T07:00,14.9,71,14.4
2025-02-04T08:00,15.2,70,14.3
2025-02-04T09:00,16.4,68,16.0
2025-02-04T10:00,18.0,63,17.3
2025-02-04T11:00,20.2,53,19.5
2025-02-04T12:00,21.8,51,21.8
2025-02-04T13:00,22.4,52,22.9
2025-02-04T14:00,22.9,51,23.4
2025-02-04T15:00,22.8,51,23.2
2025-02-04T16:00,22.7,52,23.2
2025-02-04T17:00,21.5,67,22.8
2025-02-04T18:00,19.2,79,20.3
2025-02-04T19:00,18.4,84,19.8
2025-02-04T20:00,17.8,86,18.9
2025-02-04T21:00,17.1,88,18.2
2025-02-04T22:00,16.7,90,17.7
2025-02-04T23:00,16.9,86,17.1
2025-02-05T00:00,15.7,87,16.0
2025-02-05T01:00,14.9,89,15.1
2025-02-05T02:00,14.4,91,14.6
2025-02-05T03:00,13.6,95,13.8
2025-02-05T04:00,13.4,96,13.4
2025-02-05T05:00,12.8,96,12.7
2025-02-05T06:00,12.2,95,11.4
2025-02-05T07:00,11.9,95,11.0
2025-02-05T08:00,13.0,88,12.3
2025-02-05T09:00,15.1,78,14.6
2025-02-05T10:00,17.4,65,16.6
2025-02-05T11:00,19.2,54,18.3
2025-02-05T12:00,20.5,42,19.0
2025-02-05T13:00,21.2,37,19.4
2025-02-05T14:00,21.4,34,18.9
2025-02-05T15:00,21.1,33,18.0
2025-02-05T16:00,20.3,36,17.5
2025-02-05T17:00,19.1,43,17.1
2025-02-05T18:00,17.8,50,16.3
2025-02-05T19:00,16.8,58,15.5
2025-02-05T20:00,15.5,65,14.5
2025-02-05T21:00,14.5,69,13.5
2025-02-05T22:00,13.8,70,12.7
2025-02-05T23:00,13.2,68,11.8
2025-02-06T00:00,13.0,62,11.1
2025-02-06T01:00,13.4,56,10.9
2025-02-06T02:00,13.1,57,10.4
2025-02-06T03:00,13.0,56,10.1
2025-02-06T04:00,13.0,56,9.9
2025-02-06T05:00,12.8,56,9.7
2025-02-06T06:00,11.7,75,9.7
2025-02-06T07:00,11.4,75,9.4
2025-02-06T08:00,12.8,69,10.6
2025-02-06T09:00,15.2,62,13.5
2025-02-06T10:00,17.7,53,15.8
2025-02-06T11:00,19.6,39,17.0
2025-02-06T12:00,20.7,31,17.6
2025-02-06T13:00,21.1,28,17.7
2025-02-06T14:00,21.1,29,17.4
2025-02-06T15:00,20.6,33,16.7
2025-02-06T16:00,19.8,38,16.1
2025-02-06T17:00,18.6,43,15.6
2025-02-06T18:00,17.8,47,15.1
2025-02-06T19:00,16.6,51,13.8
2025-02-06T20:00,15.6,52,12.7
2025-02-06T21:00,14.8,54,12.0
2025-02-06T22:00,14.2,55,11.3
2025-02-06T23:00,13.5,57,10.4
2025-02-07T00:00,13.1,59,9.9
2025-02-07T01:00,12.6,60,9.6
2025-02-07T02:00,12.2,60,9.1
2025-02-07T03:00,11.7,61,8.7
2025-02-07T04:00,11.2,62,8.3
2025-02-07T05:00,10.8,64,7.7
2025-02-07T06:00,10.7,73,8.0
2025-02-07T07:00,10.6,71,7.5
2025-02-07T08:00,11.9,66,8.9
2025-02-07T09:00,14.1,58,11.3
2025-02-07T10:00,16.2,51,13.5
2025-02-07T11:00,18.2,45,15.9
2025-02-07T12:00,19.7,39,17.3
2025-02-07T13:00,20.6,35,17.7
2025-02-07T14:00,20.8,32,17.3
2025-02-07T15:00,20.7,31,16.6
2025-02-07T16:00,20.0,36,16.3
2025-02-07T17:00,18.7,41,15.6
2025-02-07T18:00,17.9,45,15.1
2025-02-07T19:00,16.8,50,14.1
2025-02-07T20:00,15.9,52,13.2
2025-02-07T21:00,15.1,53,12.3
2025-02-07T22:00,14.5,54,11.6
2025-02-07T23:00,13.9,54,10.9
2025-02-08T00:00,13.5,54,10.5
2025-02-08T01:00,13.1,55,10.1
2025-02-08T02:00,12.8,55,9.7
2025-02-08T03:00,12.5,55,9.4
2025-02-08T04:00,12.3,55,9.2
2025-02-08T05:00,12.0,56,8.9
2025-02-08T06:00,11.2,66,8.3
2025-02-08T07:00,11.1,66,8.1
2025-02-08T08:00,12.3,63,9.4
2025-02-08T09:00,14.5,56,11.8
2025-02-08T10:00,17.2,48,14.6
2025-02-08T11:00,19.6,42,17.4
2025-02-08T12:00,21.5,36,19.6
2025-02-08T13:00,22.8,32,20.7
2025-02-08T14:00,23.3,30,20.7
2025-02-08T15:00,23.2,31,20.3
2025-02-08T16:00,22.4,35,19.9
2025-02-08T17:00,20.8,45,19.3
2025-02-08T18:00,19.8,47,18.6
2025-02-08T19:00,18.8,54,17.8
2025-02-08T20:00,17.7,61,16.8
2025-02-08T21:00,16.7,65,15.8
2025-02-08T22:00,16.2,66,15.1
2025-02-08T23:00,15.5,67,14.3
2025-02-09T00:00,14.9,68,13.6
2025-02-09T01:00,14.5,69,13.2
2025-02-09T02:00,14.0,71,12.7
2025-02-09T03:00,13.2,75,12.0
2025-02-09T04:00,12.5,78,11.3
2025-02-09T05:00,11.9,80,10.7
2025-02-09T06:00,10.9,86,9.9
2025-02-09T07:00,10.8,86,9.7
2025-02-09T08:00,12.9,76,11.7
2025-02-09T09:00,15.9,63,15.1
2025-02-09T10:00,19.0,50,18.1
2025-02-09T11:00,21.8,38,20.8
2025-02-09T12:00,23.8,29,22.6
2025-02-09T13:00,24.8,25,23.3
2025-02-09T14:00,25.2,26,23.3
2025-02-09T15:00,24.9,28,22.6
2025-02-09T16:00,24.1,32,22.0
2025-02-09T17:00,22.5,41,21.1
2025-02-09T18:00,20.9,50,20.2
2025-02-09T19:00,19.5,59,19.2
2025-02-09T20:00,18.6,65,18.7
2025-02-09T21:00,17.9,68,18.1
2025-02-09T22:00,17.3,71,17.5
2025-02-09T23:00,16.8,73,17.2
2025-02-10T00:00,15.9,76,16.1
2025-02-10T01:00,14.7,81,14.6
2025-02-10T02:00,13.7,84,13.2
2025-02-10T03:00,12.9,86,12.4
2025-02-10T04:00,12.3,87,11.9
2025-02-10T05:00,11.8,89,11.3
2025-02-10T06:00,11.7,92,11.2
2025-02-10T07:00,11.8,91,11.3
2025-02-10T08:00,13.9,81,13.4
2025-02-10T09:00,17.5,65,17.2
2025-02-10T10:00,21.4,48,20.9
2025-02-10T11:00,24.4,31,23.3
2025-02-10T12:00,26.2,24,24.9
2025-02-10T13:00,26.8,22,24.8
2025-02-10T14:00,27.2,21,24.8
2025-02-10T15:00,27.2,22,24.6
2025-02-10T16:00,26.6,23,24.1
2025-02-10T17:00,25.1,29,23.1
2025-02-10T18:00,22.3,47,21.7
2025-02-10T19:00,21.1,57,21.2
2025-02-10T20:00,20.5,60,20.9
2025-02-10T21:00,19.6,64,19.9
2025-02-10T22:00,18.7,69,19.0
2025-02-10T23:00,17.9,74,18.4
2025-02-11T00:00,17.3,77,17.9
2025-02-11T01:00,16.6,79,17.1
2025-02-11T02:00,16.4,80,17.1
2025-02-11T03:00,16.4,78,17.0
2025-02-11T04:00,15.3,82,15.6
2025-02-11T05:00,14.4,86,14.2
2025-02-11T06:00,12.8,90,12.4
2025-02-11T07:00,12.3,93,12.0
2025-02-11T08:00,14.3,83,14.1
2025-02-11T09:00,18.2,68,18.4
2025-02-11T10:00,22.0,51,22.0
2025-02-11T11:00,24.6,41,24.8
2025-02-11T12:00,26.2,37,26.6
2025-02-11T13:00,27.3,32,27.3
2025-02-11T14:00,27.9,25,26.4
2025-02-11T15:00,27.7,25,25.4
2025-02-11T16:00,26.5,32,24.7
2025-02-11T17:00,24.9,40,24.0
2025-02-11T18:00,23.5,44,23.1
2025-02-11T19:00,22.5,52,22.8
2025-02-11T20:00,21.4,56,21.6
2025-02-11T21:00,20.5,58,20.2
2025-02-11T22:00,19.3,66,19.3
2025-02-11T23:00,18.4,69,18.8
2025-02-12T00:00,18.3,67,18.8
2025-02-12T01:00,17.1,70,16.9
2025-02-12T02:00,15.9,71,15.3
2025-02-12T03:00,15.3,72,14.8
2025-02-12T04:00,14.6,72,13.8
2025-02-12T05:00,14.1,71,13.0
2025-02-12T06:00,13.8,81,12.9
2025-02-12T07:00,13.6,79,12.4
2025-02-12T08:00,15.2,70,13.9
2025-02-12T09:00,17.8,59,16.5
2025-02-12T10:00,20.6,47,19.2
2025-02-12T11:00,23.3,36,21.6
2025-02-12T12:00,24.9,27,22.1
2025-02-12T13:00,25.3,25,22.4
2025-02-12T14:00,25.3,24,22.2
2025-02-12T15:00,24.8,24,20.8
2025-02-12T16:00,23.8,29,20.1
2025-02-12T17:00,22.5,36,19.6
2025-02-12T18:00,21.3,44,19.0
2025-02-12T19:00,20.3,49,18.0
2025-02-12T20:00,19.7,46,17.1
2025-02-12T21:00,19.0,46,16.3
2025-02-12T22:00,18.3,45,15.6
2025-02-12T23:00,17.8,43,14.8
2025-02-13T00:00,17.2,43,14.0
2025-02-13T01:00,16.6,45,13.5
2025-02-13T02:00,16.0,46,12.8
2025-02-13T03:00,15.3,51,12.4
2025-02-13T04:00,14.7,55,12.1
2025-02-13T05:00,14.3,57,11.7
2025-02-13T06:00,13.9,66,11.5
2025-02-13T07:00,13.7,66,11.3
2025-02-13T08:00,14.6,66,12.6
2025-02-13T09:00,16.6,60,14.6
2025-02-13T10:00,19.0,52,16.9
2025-02-13T11:00,21.0,42,18.9
2025-02-13T12:00,22.3,37,20.3
2025-02-13T13:00,23.2,32,20.8
2025-02-13T14:00,23.6,28,20.5
2025-02-13T15:00,23.4,28,19.6
2025-02-13T16:00,22.6,33,19.3
2025-02-13T17:00,21.3,39,18.5
2025-02-13T18:00,20.5,46,18.3
2025-02-13T19:00,19.4,49,17.2
2025-02-13T20:00,18.6,48,16.1
2025-02-13T21:00,17.9,46,15.2
2025-02-13T22:00,17.3,45,14.5
2025-02-13T23:00,16.8,43,13.9
2025-02-14T00:00,16.2,42,13.4
2025-02-14T01:00,15.5,43,12.7
2025-02-14T02:00,14.8,45,11.9
2025-02-14T03:00,14.1,47,11.2
2025-02-14T04:00,13.4,50,10.6
2025-02-14T05:00,12.9,52,10.0
2025-02-14T06:00,12.4,61,9.5
2025-02-14T07:00,12.3,60,9.5
2025-02-14T08:00,13.8,55,10.9
2025-02-14T09:00,16.3,48,13.5
2025-02-14T10:00,19.0,41,16.2
2025-02-14T11:00,21.4,34,18.9
2025-02-14T12:00,23.2,27,20.6
2025-02-14T13:00,24.2,27,21.7
2025-02-14T14:00,24.6,27,21.8
2025-02-14T15:00,24.5,28,21.3
2025-02-14T16:00,24.0,30,21.0
2025-02-14T17:00,22.7,36,20.4
2025-02-14T18:00,21.7,41,19.9
2025-02-14T19:00,20.9,44,19.1
2025-02-14T20:00,20.2,44,18.4
2025-02-14T21:00,19.6,43,17.7
2025-02-14T22:00,18.8,44,17.0
2025-02-14T23:00,17.8,48,16.2
2025-02-15T00:00,16.9,52,15.4
2025-02-15T01:00,16.1,56,14.7
2025-02-15T02:00,15.6,60,14.5
2025-02-15T03:00,15.0,60,13.6
2025-02-15T04:00,14.2,66,13.0
2025-02-15T05:00,14.0,68,13.0
2025-02-15T06:00,13.0,74,12.0
2025-02-15T07:00,13.3,73,12.4
2025-02-15T08:00,15.8,61,14.9
2025-02-15T09:00,19.6,46,18.8
2025-02-15T10:00,22.9,35,21.9
2025-02-15T11:00,25.1,27,23.6
2025-02-15T12:00,25.6,27,24.2
2025-02-15T13:00,25.6,27,24.0
2025-02-15T14:00,25.6,26,23.7
2025-02-15T15:00,25.6,26,22.9
2025-02-15T16:00,24.9,28,22.1
2025-02-15T17:00,23.7,31,21.2
2025-02-15T18:00,24.1,31,22.0
2025-02-15T19:00,22.6,36,21.0
2025-02-15T20:00,21.3,43,20.1
2025-02-15T21:00,20.2,49,19.2
2025-02-15T22:00,19.1,50,17.9
2025-02-15T23:00,18.1,53,16.9
2025-02-16T00:00,17.5,57,17.0
2025-02-16T01:00,17.2,59,16.7
2025-02-16T02:00,17.3,59,17.1
2025-02-16T03:00,15.8,63,14.9
2025-02-16T04:00,15.4,65,14.7
2025-02-16T05:00,14.8,68,14.1
2025-02-16T06:00,13.5,79,13.0
2025-02-16T07:00,13.6,81,13.2
2025-02-16T08:00,16.1,69,15.7
2025-02-16T09:00,19.5,56,19.4
2025-02-16T10:00,22.5,44,22.0
2025-02-16T11:00,24.6,34,24.3
2025-02-16T12:00,25.8,30,25.7
2025-02-16T13:00,26.4,29,25.7
2025-02-16T14:00,26.6,30,25.3
2025-02-16T15:00,26.5,30,24.9
2025-02-16T16:00,26.0,32,24.4
2025-02-16T17:00,24.9,36,23.3
2025-02-16T18:00,23.8,40,22.5
2025-02-16T19:00,22.5,48,21.7
2025-02-16T20:00,21.5,53,21.1
2025-02-16T21:00,20.2,59,20.2
2025-02-16T22:00,19.0,64,18.9
2025-02-16T23:00,18.1,69,18.1
2025-02-17T00:00,17.4,71,17.4
2025-02-17T01:00,17.0,73,17.2
2025-02-17T02:00,16.7,75,17.0
2025-02-17T03:00,16.9,74,17.3
2025-02-17T04:00,16.5,76,16.6
2025-02-17T05:00,16.7,76,17.2
2025-02-17T06:00,16.4,79,17.1
2025-02-17T07:00,16.2,81,17.0
2025-02-17T08:00,18.1,70,18.5
2025-02-17T09:00,20.6,57,20.9
2025-02-17T10:00,23.4,41,22.8
2025-02-17T11:00,25.6,31,25.5
2025-02-17T12:00,27.0,26,26.9
2025-02-17T13:00,28.1,21,27.7
2025-02-17T14:00,28.7,19,27.3
2025-02-17T15:00,28.8,19,26.7
2025-02-17T16:00,28.0,23,25.7
2025-02-17T17:00,26.4,29,24.4
2025-02-17T18:00,24.5,31,23.1
2025-02-17T19:00,23.3,42,23.0
2025-02-17T20:00,22.4,49,22.7
2025-02-17T21:00,21.4,52,21.5
2025-02-17T22:00,20.6,59,20.9
2025-02-17T23:00,19.4,65,19.5
2025-02-18T00:00,19.8,64,20.0
2025-02-18T01:00,19.3,65,19.4
2025-02-18T02:00,18.1,67,17.9
2025-02-18T03:00,18.2,63,17.5
2025-02-18T04:00,17.1,69,16.8
2025-02-18T05:00,17.3,70,17.5
2025-02-18T06:00,17.0,74,17.6
2025-02-18T07:00,16.8,75,17.0
2025-02-18T08:00,18.9,65,18.8
2025-02-18T09:00,19.8,62,19.7
2025-02-18T10:00,21.0,58,20.7
2025-02-18T11:00,22.0,53,21.1
2025-02-18T12:00,23.3,45,22.6
2025-02-18T13:00,24.8,35,23.5
2025-02-18T14:00,26.3,29,25.1
2025-02-18T15:00,26.4,27,24.0
2025-02-18T16:00,25.9,26,23.4
2025-02-18T17:00,24.8,30,22.8
2025-02-18T18:00,23.4,36,21.9
2025-02-18T19:00,22.0,46,21.4
2025-02-18T20:00,21.3,52,21.0
2025-02-18T21:00,20.8,55,20.7
2025-02-18T22:00,19.9,56,19.4
2025-02-18T23:00,18.9,59,18.4
2025-02-19T00:00,17.9,61,17.2
2025-02-19T01:00,17.0,63,16.3
2025-02-19T02:00,16.2,66,15.4
2025-02-19T03:00,15.6,68,14.7
2025-02-19T04:00,15.1,69,14.2
2025-02-19T05:00,14.7,69,13.7
2025-02-19T06:00,14.2,76,13.4
2025-02-19T07:00,14.3,75,13.4
2025-02-19T08:00,16.1,68,15.3
2025-02-19T09:00,19.2,56,18.7
2025-02-19T10:00,21.9,45,21.1
2025-02-19T11:00,24.3,36,23.4
2025-02-19T12:00,25.7,29,24.6
2025-02-19T13:00,26.6,26,25.0
2025-02-19T14:00,27.0,25,25.1
2025-02-19T15:00,27.0,26,24.7
2025-02-19T16:00,26.5,28,24.3
2025-02-19T17:00,25.5,31,23.9
2025-02-19T18:00,24.1,38,23.2
2025-02-19T19:00,23.7,42,23.1
2025-02-19T20:00,22.8,49,22.6
2025-02-19T21:00,21.8,49,20.9
2025-02-19T22:00,20.0,61,19.8
2025-02-19T23:00,18.2,72,18.7
2025-02-20T00:00,18.2,73,18.0
2025-02-20T01:00,17.0,78,17.6
2025-02-20T02:00,16.9,75,16.2
2025-02-20T03:00,16.4,79,15.8
2025-02-20T04:00,15.9,86,15.3
2025-02-20T05:00,15.1,83,14.0
2025-02-20T06:00,16.3,87,16.1
2025-02-20T07:00,16.4,82,16.0
2025-02-20T08:00,17.9,73,17.3
2025-02-20T09:00,19.8,64,19.1
2025-02-20T10:00,20.3,62,19.3
2025-02-20T11:00,20.8,59,19.8
2025-02-20T12:00,21.6,57,20.5
2025-02-20T13:00,22.9,53,22.1
2025-02-20T14:00,23.5,48,22.1
2025-02-20T15:00,23.7,46,21.7
2025-02-20T16:00,23.1,49,21.5
2025-02-20T17:00,21.9,54,20.5
2025-02-20T18:00,21.0,61,19.8
2025-02-20T19:00,20.0,67,19.0
2025-02-20T20:00,19.6,67,19.2
2025-02-20T21:00,15.9,89,15.3
2025-02-20T22:00,16.2,87,16.3
2025-02-20T23:00,16.1,87,16.1
2025-02-21T00:00,15.6,88,15.4
2025-02-21T01:00,15.3,90,15.4
2025-02-21T02:00,14.8,91,15.1
2025-02-21T03:00,14.4,93,14.6
2025-02-21T04:00,14.2,93,14.3
2025-02-21T05:00,13.7,93,13.7
2025-02-21T06:00,14.3,90,14.5
2025-02-21T07:00,14.5,89,14.9
2025-02-21T08:00,16.1,82,16.6
2025-02-21T09:00,18.2,71,18.9
2025-02-21T10:00,20.5,62,21.2
2025-02-21T11:00,22.5,53,23.7
2025-02-21T12:00,23.7,49,25.5
2025-02-21T13:00,24.6,47,26.3
2025-02-21T14:00,25.1,44,25.6
2025-02-21T15:00,24.9,44,24.3
2025-02-21T16:00,24.1,46,23.1
2025-02-21T17:00,22.7,52,21.8
2025-02-21T18:00,21.7,58,21.2
2025-02-21T19:00,20.8,65,20.7
2025-02-21T20:00,19.9,70,20.2
2025-02-21T21:00,18.9,75,19.3
2025-02-21T22:00,18.0,80,18.4
2025-02-21T23:00,17.1,84,17.4
2025-02-22T00:00,16.3,86,16.4
2025-02-22T01:00,15.8,85,15.5
2025-02-22T02:00,15.1,86,14.8
2025-02-22T03:00,14.6,87,14.1
2025-02-22T04:00,14.1,89,13.5
2025-02-22T05:00,13.6,89,13.0
2025-02-22T06:00,13.5,92,13.0
2025-02-22T07:00,13.5,90,12.8
2025-02-22T08:00,15.1,81,14.6
2025-02-22T09:00,17.3,69,16.7
2025-02-22T10:00,19.7,58,19.0
2025-02-22T11:00,21.7,48,21.2
2025-02-22T12:00,23.0,43,22.5
2025-02-22T13:00,23.6,40,22.4
2025-02-22T14:00,23.9,36,22.0
2025-02-22T15:00,23.8,37,21.6
2025-02-22T16:00,23.2,38,21.0
2025-02-22T17:00,22.1,42,20.0
2025-02-22T18:00,20.4,53,19.5
2025-02-22T19:00,19.4,60,19.0
2025-02-22T20:00,18.7,64,18.3
2025-02-22T21:00,18.0,68,17.8
2025-02-22T22:00,17.2,73,17.2
2025-02-22T23:00,16.5,76,16.5
2025-02-23T00:00,15.9,78,15.8
2025-02-23T01:00,15.3,78,15.1
2025-02-23T02:00,14.9,78,14.6
2025-02-23T03:00,14.5,80,14.0
2025-02-23T04:00,14.0,81,13.5
2025-02-23T05:00,13.6,83,13.0
2025-02-23T06:00,13.3,87,12.9
2025-02-23T07:00,13.8,84,13.4
2025-02-23T08:00,15.5,77,15.1
2025-02-23T09:00,18.0,66,17.7
2025-02-23T10:00,20.5,56,20.1
2025-02-23T11:00,22.5,47,22.5
2025-02-23T12:00,23.8,41,23.9
2025-02-23T13:00,24.6,39,24.7
2025-02-23T14:00,25.1,37,24.7
2025-02-23T15:00,24.9,37,23.5
2025-02-23T16:00,24.4,37,22.7
2025-02-23T17:00,23.3,40,21.7
2025-02-23T18:00,21.9,47,21.1
2025-02-23T19:00,20.5,54,20.2
2025-02-23T20:00,19.5,59,19.4
2025-02-23T21:00,18.9,63,18.9
2025-02-23T22:00,18.3,65,18.3
2025-02-23T23:00,17.8,66,17.8
2025-02-24T00:00,17.1,68,17.0
2025-02-24T01:00,16.5,70,16.3
2025-02-24T02:00,15.9,73,15.8
2025-02-24T03:00,15.3,75,15.1
2025-02-24T04:00,14.2,80,13.8
2025-02-24T05:00,13.3,83,12.8
2025-02-24T06:00,13.5,89,13.2
2025-02-24T07:00,13.7,87,13.4
2025-02-24T08:00,16.1,75,15.9
2025-02-24T09:00,19.4,59,19.2
2025-02-24T10:00,22.2,49,21.9
2025-02-24T11:00,24.3,38,24.2
2025-02-24T12:00,25.7,30,25.3
2025-02-24T13:00,26.5,27,25.5
2025-02-24T14:00,26.9,24,25.0
2025-02-24T15:00,26.8,23,23.9
2025-02-24T16:00,26.1,24,23.1
2025-02-24T17:00,24.9,30,22.4
2025-02-24T18:00,23.0,44,22.0
2025-02-24T19:00,21.6,54,21.6
2025-02-24T20:00,20.7,60,21.0
2025-02-24T21:00,20.1,65,20.6
2025-02-24T22:00,19.6,65,20.2
2025-02-24T23:00,19.0,67,19.4
2025-02-25T00:00,18.3,68,18.7
2025-02-25T01:00,18.0,68,18.2
2025-02-25T02:00,16.8,73,16.9
2025-02-25T03:00,15.9,77,15.7
2025-02-25T04:00,15.0,82,15.0
2025-02-25T05:00,14.5,85,14.5
2025-02-25T06:00,14.4,89,14.7
2025-02-25T07:00,15.1,85,15.0
2025-02-25T08:00,17.6,73,17.7
2025-02-25T09:00,21.0,58,21.1
2025-02-25T10:00,23.9,43,23.6
2025-02-25T11:00,25.7,32,25.4
2025-02-25T12:00,27.1,27,26.9
2025-02-25T13:00,27.9,25,27.4
2025-02-25T14:00,28.1,25,26.8
2025-02-25T15:00,27.6,26,25.8
2025-02-25T16:00,27.1,28,25.2
2025-02-25T17:00,26.0,30,24.4
2025-02-25T18:00,24.2,43,24.0
2025-02-25T19:00,23.3,48,23.5
2025-02-25T20:00,22.3,48,22.0
2025-02-25T21:00,21.7,51,21.7
2025-02-25T22:00,20.8,51,20.4
2025-02-25T23:00,20.7,51,19.9
2025-02-26T00:00,19.9,58,19.5
2025-02-26T01:00,18.7,64,18.6
2025-02-26T02:00,18.3,68,18.4
2025-02-26T03:00,18.2,69,18.6
2025-02-26T04:00,17.9,70,18.0
2025-02-26T05:00,18.2,67,18.2
2025-02-26T06:00,18.7,73,19.5
2025-02-26T07:00,19.0,75,20.1
2025-02-26T08:00,19.9,67,20.2
2025-02-26T09:00,22.8,56,23.2
2025-02-26T10:00,26.0,46,26.2
2025-02-26T11:00,27.8,40,28.5
2025-02-26T12:00,29.0,36,29.9
2025-02-26T13:00,29.8,33,30.6
2025-02-26T14:00,30.1,32,30.1
2025-02-26T15:00,29.8,31,29.0
2025-02-26T16:00,29.4,33,28.6
2025-02-26T17:00,28.2,39,27.8
2025-02-26T18:00,26.6,48,27.7
2025-02-26T19:00,25.7,58,27.8
2025-02-26T20:00,25.3,60,27.5
2025-02-26T21:00,24.5,62,26.5
2025-02-26T22:00,23.5,62,24.8
2025-02-26T23:00,22.6,66,23.9
2025-02-27T00:00,21.9,69,23.2
2025-02-27T01:00,21.7,70,23.4
2025-02-27T02:00,22.2,68,24.1
2025-02-27T03:00,21.6,70,23.3
2025-02-27T04:00,20.6,72,21.9
2025-02-27T05:00,20.6,69,21.5
2025-02-27T06:00,21.1,75,22.8
2025-02-27T07:00,21.0,72,20.5
2025-02-27T08:00,19.1,73,19.2
2025-02-27T09:00,19.7,78,20.1
2025-02-27T10:00,20.4,82,21.3
2025-02-27T11:00,20.2,84,20.7
2025-02-27T12:00,20.7,76,21.2
2025-02-27T13:00,22.1,67,22.1
2025-02-27T14:00,23.4,62,23.6
2025-02-27T15:00,23.0,63,23.6
2025-02-27T16:00,22.4,64,22.8
2025-02-27T17:00,22.1,60,22.0
2025-02-27T18:00,21.7,62,22.1
2025-02-27T19:00,21.2,64,21.2
2025-02-27T20:00,20.2,69,20.3
2025-02-27T21:00,20.1,70,20.1
2025-02-27T22:00,20.0,68,19.7
2025-02-27T23:00,19.8,65,18.9
2025-02-28T00:00,19.5,63,18.4
2025-02-28T01:00,19.3,62,18.5
2025-02-28T02:00,19.3,64,18.8
2025-02-28T03:00,19.2,66,18.5
2025-02-28T04:00,19.1,69,18.4
2025-02-28T05:00,18.9,70,18.1
2025-02-28T06:00,19.4,68,18.9
2025-02-28T07:00,19.1,69,19.2
2025-02-28T08:00,18.8,70,18.8
2025-02-28T09:00,18.2,76,18.1
2025-02-28T10:00,18.3,82,18.3
2025-02-28T11:00,19.6,77,19.6
2025-02-28T12:00,20.0,74,19.9
2025-02-28T13:00,21.1,71,21.3
2025-02-28T14:00,22.1,69,22.6
2025-02-28T15:00,23.3,65,24.1
2025-02-28T16:00,23.4,65,24.4
2025-02-28T17:00,22.9,69,24.3
2025-02-28T18:00,22.3,74,23.8
2025-02-28T19:00,21.4,83,23.1
2025-02-28T20:00,20.9,85,23.0
2025-02-28T21:00,18.5,90,19.6
2025-02-28T22:00,18.5,90,20.0
2025-02-28T23:00,18.4,91,19.3
2025-03-01T00:00,17.4,87,17.6
2025-03-01T01:00,16.8,87,17.0
2025-03-01T02:00,16.3,89,16.4
2025-03-01T03:00,15.9,90,16.1
2025-03-01T04:00,15.7,90,15.7
2025-03-01T05:00,15.5,89,15.1
2025-03-01T06:00,16.8,93,16.6
2025-03-01T07:00,16.6,91,16.0
2025-03-01T08:00,17.4,90,17.6
2025-03-01T09:00,18.5,83,19.2
2025-03-01T10:00,19.5,79,20.1
2025-03-01T11:00,21.1,75,22.8
2025-03-01T12:00,22.6,71,25.4
2025-03-01T13:00,23.7,67,26.5
2025-03-01T14:00,24.0,65,26.6
2025-03-01T15:00,24.1,66,26.2
2025-03-01T16:00,23.3,67,25.2
2025-03-01T17:00,22.6,70,24.6
2025-03-01T18:00,21.9,77,23.9
2025-03-01T19:00,21.0,81,22.9
2025-03-01T20:00,20.3,83,22.1
2025-03-01T21:00,20.0,84,21.4
2025-03-01T22:00,19.2,85,20.2
2025-03-01T23:00,18.4,86,19.4
2025-03-02T00:00,17.7,88,18.8
2025-03-02T01:00,17.2,89,18.2
2025-03-02T02:00,16.8,89,17.6
2025-03-02T03:00,16.5,88,17.0
2025-03-02T04:00,16.0,88,16.4
2025-03-02T05:00,15.4,89,15.7
2025-03-02T06:00,16.0,88,16.4
2025-03-02T07:00,16.1,87,16.4
2025-03-02T08:00,17.5,82,18.0
2025-03-02T09:00,19.3,74,19.8
2025-03-02T10:00,21.3,63,21.9
2025-03-02T11:00,23.3,44,23.2
2025-03-02T12:00,24.2,37,23.6
2025-03-02T13:00,24.6,35,23.7
2025-03-02T14:00,24.5,35,23.1
2025-03-02T15:00,24.0,37,22.1
2025-03-02T16:00,23.2,41,21.4
2025-03-02T17:00,21.9,48,20.8
2025-03-02T18:00,19.6,59,19.0
2025-03-02T19:00,18.3,65,18.0
2025-03-02T20:00,17.1,71,16.9
2025-03-02T21:00,16.4,73,16.0
2025-03-02T22:00,15.9,71,15.3
2025-03-02T23:00,15.5,69,14.6
2025-03-03T00:00,14.9,69,13.8
2025-03-03T01:00,14.3,70,13.2
2025-03-03T02:00,13.6,73,12.4
2025-03-03T03:00,13.3,73,12.0
2025-03-03T04:00,13.0,74,11.9
2025-03-03T05:00,12.8,75,11.7
2025-03-03T06:00,13.1,77,12.2
2025-03-03T07:00,13.8,78,13.2
2025-03-03T08:00,16.4,69,16.2
2025-03-03T09:00,19.4,60,19.7
2025-03-03T10:00,22.1,44,21.8
2025-03-03T11:00,24.2,34,24.2
2025-03-03T12:00,25.7,31,26.0
2025-03-03T13:00,26.6,34,27.1
2025-03-03T14:00,26.9,37,27.2
2025-03-03T15:00,26.3,40,25.7
2025-03-03T16:00,25.6,45,25.4
2025-03-03T17:00,24.3,54,24.8
2025-03-03T18:00,23.2,57,23.4
2025-03-03T19:00,22.2,60,22.5
2025-03-03T20:00,21.5,64,21.9
2025-03-03T21:00,21.3,63,21.4
2025-03-03T22:00,20.4,67,20.7
2025-03-03T23:00,19.7,69,20.1
2025-03-04T00:00,19.0,71,19.2
2025-03-04T01:00,18.6,72,18.7
2025-03-04T02:00,18.3,72,18.0
2025-03-04T03:00,17.1,78,17.3
2025-03-04T04:00,15.9,83,16.2
2025-03-04T05:00,15.6,83,15.5
2025-03-04T06:00,16.5,82,16.5
2025-03-04T07:00,16.9,80,16.5
2025-03-04T08:00,18.2,76,18.0
2025-03-04T09:00,19.8,67,19.4
2025-03-04T10:00,21.5,57,20.9
2025-03-04T11:00,22.9,53,23.2
2025-03-04T12:00,24.0,47,24.3
2025-03-04T13:00,24.4,42,23.5
2025-03-04T14:00,24.4,40,22.7
2025-03-04T15:00,24.4,41,22.4
2025-03-04T16:00,23.8,41,21.6
2025-03-04T17:00,22.5,45,19.9
2025-03-04T18:00,21.0,51,18.9
2025-03-04T19:00,20.1,52,18.1
2025-03-04T20:00,19.2,50,16.7
2025-03-04T21:00,18.1,51,15.5
2025-03-04T22:00,17.3,53,14.7
2025-03-04T23:00,16.6,55,13.9
2025-03-05T00:00,15.8,57,13.1
2025-03-05T01:00,15.2,60,12.5
2025-03-05T02:00,14.6,62,11.7
2025-03-05T03:00,13.9,63,11.0
2025-03-05T04:00,13.3,61,10.1
2025-03-05T05:00,13.0,56,9.4
2025-03-05T06:00,12.6,63,9.3
2025-03-05T07:00,12.7,63,9.3
2025-03-05T08:00,13.9,60,10.8
2025-03-05T09:00,15.9,53,12.4
2025-03-05T10:00,18.1,46,14.7
2025-03-05T11:00,19.8,40,16.7
2025-03-05T12:00,21.3,34,18.1
2025-03-05T13:00,22.2,30,18.7
2025-03-05T14:00,22.8,27,18.8
2025-03-05T15:00,22.8,28,18.4
2025-03-05T16:00,22.3,31,17.9
2025-03-05T17:00,21.6,30,17.3
2025-03-05T18:00,20.9,34,16.9
2025-03-05T19:00,20.2,35,16.3
2025-03-05T20:00,19.3,36,15.4
2025-03-05T21:00,18.6,38,14.6
2025-03-05T22:00,18.3,38,14.2
2025-03-05T23:00,17.7,39,13.9
2025-03-06T00:00,16.9,42,13.4
2025-03-06T01:00,15.8,45,12.4
2025-03-06T02:00,15.1,46,11.6
2025-03-06T03:00,14.7,46,11.2
2025-03-06T04:00,14.3,47,10.8
2025-03-06T05:00,13.8,48,10.3
2025-03-06T06:00,12.8,58,9.7
2025-03-06T07:00,13.2,56,9.9
2025-03-06T08:00,15.0,54,11.9
2025-03-06T09:00,17.5,47,14.7
2025-03-06T10:00,20.2,41,17.7
2025-03-06T11:00,22.5,34,20.6
2025-03-06T12:00,24.2,29,22.5
2025-03-06T13:00,25.5,25,23.7
2025-03-06T14:00,26.3,24,24.2
2025-03-06T15:00,26.6,23,23.8
2025-03-06T16:00,26.2,23,23.1
2025-03-06T17:00,24.9,30,22.9
2025-03-06T18:00,22.8,42,22.1
2025-03-06T19:00,22.2,43,21.7
2025-03-06T20:00,21.6,43,20.8
2025-03-06T21:00,20.5,46,19.8
2025-03-06T22:00,19.6,49,18.8
2025-03-06T23:00,18.6,52,17.7
2025-03-07T00:00,17.7,55,16.6
2025-03-07T01:00,16.7,59,15.8
2025-03-07T02:00,15.5,62,14.5
2025-03-07T03:00,15.2,61,14.2
2025-03-07T04:00,15.1,60,14.3
2025-03-07T05:00,13.8,66,12.7
2025-03-07T06:00,12.5,75,11.3
2025-03-07T07:00,13.2,72,11.9
2025-03-07T08:00,16.0,61,14.9
2025-03-07T09:00,19.8,47,18.8
2025-03-07T10:00,23.4,33,22.1
2025-03-07T11:00,25.7,24,24.7
2025-03-07T12:00,27.2,20,26.3
2025-03-07T13:00,28.1,19,27.0
2025-03-07T14:00,28.4,21,26.8
2025-03-07T15:00,28.3,22,25.9
2025-03-07T16:00,27.8,23,25.1
2025-03-07T17:00,26.6,25,24.2
2025-03-07T18:00,24.2,33,22.7
2025-03-07T19:00,22.9,39,21.8
2025-03-07T20:00,22.3,38,20.8
2025-03-07T21:00,21.4,45,20.5
2025-03-07T22:00,20.2,46,19.0
2025-03-07T23:00,19.2,49,17.8
2025-03-08T00:00,18.4,51,17.0
2025-03-08T01:00,17.4,54,16.1
2025-03-08T02:00,16.6,56,15.3
2025-03-08T03:00,15.7,59,14.4
2025-03-08T04:00,15.2,61,13.7
2025-03-08T05:00,14.6,62,13.0
2025-03-08T06:00,14.7,66,13.3
2025-03-08T07:00,15.5,62,14.1
2025-03-08T08:00,18.0,54,16.6
2025-03-08T09:00,21.4,43,19.9
2025-03-08T10:00,24.6,36,23.3
2025-03-08T11:00,27.4,27,26.5
2025-03-08T12:00,29.1,21,27.6
2025-03-08T13:00,29.8,20,28.3
2025-03-08T14:00,30.1,20,28.3
2025-03-08T15:00,29.9,21,27.5
2025-03-08T16:00,29.3,23,26.8
2025-03-08T17:00,28.3,25,26.0
2025-03-08T18:00,26.2,35,24.9
2025-03-08T19:00,24.7,42,24.2
2025-03-08T20:00,23.3,50,23.6
2025-03-08T21:00,22.6,51,22.8
2025-03-08T22:00,22.5,50,22.7
2025-03-08T23:00,21.9,51,21.9
2025-03-09T00:00,20.9,53,20.8
2025-03-09T01:00,21.3,54,21.8
2025-03-09T02:00,20.5,55,20.7
2025-03-09T03:00,18.8,60,18.7
2025-03-09T04:00,17.6,65,17.3
2025-03-09T05:00,17.2,64,16.5
2025-03-09T06:00,16.8,73,16.6
2025-03-09T07:00,18.2,66,17.8
2025-03-09T08:00,21.1,56,20.8
2025-03-09T09:00,24.6,45,24.3
2025-03-09T10:00,27.5,33,26.6
2025-03-09T11:00,29.3,27,28.8
2025-03-09T12:00,30.6,24,30.4
2025-03-09T13:00,31.4,22,31.1
2025-03-09T14:00,31.8,21,31.1
2025-03-09T15:00,31.8,22,30.2
2025-03-09T16:00,31.3,23,29.2
2025-03-09T17:00,30.2,26,28.1
2025-03-09T18:00,28.5,31,27.2
2025-03-09T19:00,26.8,36,26.0
2025-03-09T20:00,25.8,40,25.1
2025-03-09T21:00,25.1,43,24.5
2025-03-09T22:00,24.0,47,23.4
2025-03-09T23:00,22.7,51,22.5
2025-03-10T00:00,21.9,53,21.3
2025-03-10T01:00,21.0,55,20.3
2025-03-10T02:00,20.4,58,19.6
2025-03-10T03:00,19.9,61,19.2
2025-03-10T04:00,19.4,62,18.7
2025-03-10T05:00,19.0,64,18.3
2025-03-10T06:00,19.3,66,18.9
2025-03-10T07:00,19.7,64,19.2
2025-03-10T08:00,21.4,58,21.1
2025-03-10T09:00,24.1,50,23.7
2025-03-10T10:00,26.8,42,26.5
2025-03-10T11:00,29.0,35,28.7
2025-03-10T12:00,30.3,31,29.9
2025-03-10T13:00,31.1,29,31.1
2025-03-10T14:00,31.6,28,31.4
2025-03-10T15:00,31.7,27,30.6
2025-03-10T16:00,31.2,28,29.9
2025-03-10T17:00,30.3,30,29.1
2025-03-10T18:00,29.3,31,28.5
2025-03-10T19:00,27.4,39,27.5
2025-03-10T20:00,26.2,44,26.5
2025-03-10T21:00,25.3,46,25.5
2025-03-10T22:00,24.9,47,25.0
2025-03-10T23:00,24.1,50,24.3
2025-03-11T00:00,23.2,53,23.6
2025-03-11T01:00,22.2,57,22.5
2025-03-11T02:00,21.3,62,21.9
2025-03-11T03:00,20.6,64,21.2
2025-03-11T04:00,19.9,67,20.5
2025-03-11T05:00,19.5,70,20.4
2025-03-11T06:00,19.7,75,21.2
2025-03-11T07:00,20.8,70,22.1
2025-03-11T08:00,23.7,56,24.7
2025-03-11T09:00,27.2,42,27.8
2025-03-11T10:00,30.1,32,30.4
2025-03-11T11:00,32.2,26,33.4
2025-03-11T12:00,33.6,23,35.1
2025-03-11T13:00,34.3,22,35.0
2025-03-11T14:00,34.3,22,33.7
2025-03-11T15:00,34.4,21,33.3
2025-03-11T16:00,34.0,21,32.8
2025-03-11T17:00,32.6,24,31.5
2025-03-11T18:00,29.8,35,29.8
2025-03-11T19:00,28.8,39,29.0
2025-03-11T20:00,27.5,49,28.4
2025-03-11T21:00,26.3,54,27.8
2025-03-11T22:00,25.3,59,27.1
2025-03-11T23:00,24.4,60,26.0
2025-03-12T00:00,23.7,62,25.1
2025-03-12T01:00,22.9,64,24.0
2025-03-12T02:00,22.0,68,23.1
2025-03-12T03:00,21.3,72,22.4
2025-03-12T04:00,20.7,74,21.8
2025-03-12T05:00,20.4,73,21.3
2025-03-12T06:00,19.8,79,20.9
2025-03-12T07:00,20.7,75,21.6
2025-03-12T08:00,22.9,66,24.1
2025-03-12T09:00,26.0,52,26.7
2025-03-12T10:00,28.8,39,28.6
2025-03-12T11:00,30.5,32,30.4
2025-03-12T12:00,31.8,28,31.9
2025-03-12T13:00,32.8,25,32.7
2025-03-12T14:00,32.9,25,32.3
2025-03-12T15:00,32.7,25,31.2
2025-03-12T16:00,31.8,27,30.2
2025-03-12T17:00,30.7,30,29.5
2025-03-12T18:00,29.3,37,29.2
2025-03-12T19:00,28.4,42,28.9
2025-03-12T20:00,27.1,47,28.2
2025-03-12T21:00,26.2,50,27.3
2025-03-12T22:00,25.5,51,26.3
2025-03-12T23:00,25.0,52,25.6
2025-03-13T00:00,23.9,54,24.6
2025-03-13T01:00,23.1,56,23.6
2025-03-13T02:00,22.6,57,23.1
2025-03-13T03:00,22.5,58,23.3
2025-03-13T04:00,21.8,58,22.2
2025-03-13T05:00,21.5,58,21.8
2025-03-13T06:00,21.0,71,22.2
2025-03-13T07:00,21.4,69,22.4
2025-03-13T08:00,23.4,63,24.7
2025-03-13T09:00,26.2,53,27.5
2025-03-13T10:00,28.3,44,29.3
2025-03-13T11:00,26.4,51,26.3
2025-03-13T12:00,29.6,36,31.4
2025-03-13T13:00,31.2,32,33.3
2025-03-13T14:00,32.0,31,33.1
2025-03-13T15:00,31.0,33,30.6
2025-03-13T16:00,30.5,33,30.4
2025-03-13T17:00,22.5,72,23.1
2025-03-13T18:00,26.3,54,27.9
2025-03-13T19:00,25.5,54,26.6
2025-03-13T20:00,24.4,58,25.6
2025-03-13T21:00,23.9,58,24.8
2025-03-13T22:00,23.3,62,24.6
2025-03-13T23:00,22.8,62,23.9
2025-03-14T00:00,22.1,65,23.1
2025-03-14T01:00,21.9,64,22.8
2025-03-14T02:00,21.1,66,22.1
2025-03-14T03:00,20.5,68,21.5
2025-03-14T04:00,19.6,71,20.3
2025-03-14T05:00,19.0,75,19.9
2025-03-14T06:00,19.5,83,21.2
2025-03-14T07:00,20.4,79,22.0
2025-03-14T08:00,23.3,70,25.6
2025-03-14T09:00,26.5,55,28.4
2025-03-14T10:00,28.9,44,30.4
2025-03-14T11:00,30.7,37,32.6
2025-03-14T12:00,32.1,26,33.2
2025-03-14T13:00,32.8,22,33.1
2025-03-14T14:00,33.0,20,32.2
2025-03-14T15:00,33.2,19,30.9
2025-03-14T16:00,31.7,21,28.8
2025-03-14T17:00,30.4,26,29.0
2025-03-14T18:00,28.0,41,28.5
2025-03-14T19:00,27.3,49,28.6
2025-03-14T20:00,26.3,42,25.4
2025-03-14T21:00,24.2,58,24.9
2025-03-14T22:00,22.9,61,22.9
2025-03-14T23:00,22.6,59,22.7
2025-03-15T00:00,21.7,64,21.7
2025-03-15T01:00,20.9,66,20.7
2025-03-15T02:00,20.3,66,20.3
2025-03-15T03:00,19.9,66,20.2
2025-03-15T04:00,19.6,65,19.4
2025-03-15T05:00,19.0,66,18.9
2025-03-15T06:00,19.1,71,18.0
2025-03-15T07:00,19.5,68,18.8
2025-03-15T08:00,20.9,63,20.6
2025-03-15T09:00,23.0,55,22.5
2025-03-15T10:00,25.4,46,25.0
2025-03-15T11:00,27.2,42,27.6
2025-03-15T12:00,28.8,40,29.6
2025-03-15T13:00,30.2,36,31.0
2025-03-15T14:00,30.3,38,31.3
2025-03-15T15:00,30.3,38,30.7
2025-03-15T16:00,29.6,36,29.3
2025-03-15T17:00,28.9,38,29.2
2025-03-15T18:00,26.6,52,28.1
2025-03-15T19:00,25.9,51,26.8
2025-03-15T20:00,24.6,57,24.6
2025-03-15T21:00,23.2,62,23.4
2025-03-15T22:00,22.4,63,22.4
2025-03-15T23:00,21.6,64,21.5
2025-03-16T00:00,20.8,66,20.8
2025-03-16T01:00,20.2,67,20.2
2025-03-16T02:00,19.4,70,19.4
2025-03-16T03:00,18.9,72,19.1
2025-03-16T04:00,18.3,74,18.8
2025-03-16T05:00,18.0,73,17.9
2025-03-16T06:00,19.2,73,19.7
2025-03-16T07:00,19.7,70,19.9
2025-03-16T08:00,21.5,63,22.1
2025-03-16T09:00,23.0,57,23.3
2025-03-16T10:00,25.5,49,26.7
2025-03-16T11:00,27.4,42,29.2
2025-03-16T12:00,29.0,32,30.7
2025-03-16T13:00,29.9,24,29.8
2025-03-16T14:00,29.7,23,27.6
2025-03-16T15:00,29.4,24,26.9
2025-03-16T16:00,28.5,25,25.8
2025-03-16T17:00,27.3,28,24.9
2025-03-16T18:00,26.5,30,24.5
2025-03-16T19:00,25.3,35,23.7
2025-03-16T20:00,24.2,38,22.9
2025-03-16T21:00,23.4,40,22.2
2025-03-16T22:00,22.5,41,21.3
2025-03-16T23:00,21.4,43,20.2
2025-03-17T00:00,20.8,44,19.4
2025-03-17T01:00,20.0,46,18.6
2025-03-17T02:00,19.2,49,17.9
2025-03-17T03:00,18.6,51,17.4
2025-03-17T04:00,17.7,57,16.8
2025-03-17T05:00,17.6,56,16.5
2025-03-17T06:00,18.6,76,19.5
2025-03-17T07:00,19.3,72,19.7
2025-03-17T08:00,21.0,64,21.4
2025-03-17T09:00,23.5,54,23.7
2025-03-17T10:00,25.9,42,25.7
2025-03-17T11:00,27.3,32,26.5
2025-03-17T12:00,27.9,28,26.6
2025-03-17T13:00,28.2,28,26.8
2025-03-17T14:00,28.3,29,26.8
2025-03-17T15:00,27.9,29,25.7
2025-03-17T16:00,27.4,30,25.0
2025-03-17T17:00,26.4,32,24.2
2025-03-17T18:00,25.6,33,23.6
2025-03-17T19:00,24.5,38,23.2
2025-03-17T20:00,23.6,41,22.5
2025-03-17T21:00,22.7,43,21.8
2025-03-17T22:00,22.3,44,21.2
2025-03-17T23:00,21.2,47,20.3
2025-03-18T00:00,20.2,51,19.3
2025-03-18T01:00,19.7,52,18.7
2025-03-18T02:00,18.7,55,17.8
2025-03-18T03:00,18.1,57,17.0
2025-03-18T04:00,17.6,59,16.3
2025-03-18T05:00,17.1,60,15.8
2025-03-18T06:00,17.6,73,17.7
2025-03-18T07:00,18.6,68,18.5
2025-03-18T08:00,20.8,59,20.6
2025-03-18T09:00,23.5,47,22.9
2025-03-18T10:00,26.2,35,25.0
2025-03-18T11:00,27.8,29,27.0
2025-03-18T12:00,28.9,26,28.3
2025-03-18T13:00,29.6,24,28.9
2025-03-18T14:00,29.9,23,28.6
2025-03-18T15:00,29.7,23,27.5
2025-03-18T16:00,29.0,25,26.5
2025-03-18T17:00,27.9,28,25.7
2025-03-18T18:00,26.8,33,25.3
2025-03-18T19:00,25.5,39,24.5
2025-03-18T20:00,24.3,43,23.5
2025-03-18T21:00,23.4,44,22.7
2025-03-18T22:00,22.6,44,21.8
2025-03-18T23:00,22.3,43,21.3
2025-03-19T00:00,22.1,42,20.8
2025-03-19T01:00,21.0,46,19.9
2025-03-19T02:00,19.7,52,18.9
2025-03-19T03:00,18.9,55,18.2
2025-03-19T04:00,18.3,58,17.7
2025-03-19T05:00,17.8,61,17.3
2025-03-19T06:00,17.7,68,17.7
2025-03-19T07:00,19.0,63,18.5
2025-03-19T08:00,22.1,51,21.8
2025-03-19T09:00,25.7,39,25.1
2025-03-19T10:00,28.4,28,27.6
2025-03-19T11:00,30.2,22,29.6
2025-03-19T12:00,31.5,19,30.8
2025-03-19T13:00,32.1,18,31.3
2025-03-19T14:00,32.3,17,30.7
2025-03-19T15:00,31.8,18,29.1
2025-03-19T16:00,30.8,22,28.1
2025-03-19T17:00,29.6,26,27.6
2025-03-19T18:00,28.9,23,26.7
2025-03-19T19:00,27.5,29,26.1
2025-03-19T20:00,25.9,34,25.0
2025-03-19T21:00,24.9,36,24.1
2025-03-19T22:00,24.6,35,23.8
2025-03-19T23:00,24.0,35,23.0
2025-03-20T00:00,23.1,37,21.9
2025-03-20T01:00,22.3,38,21.0
2025-03-20T02:00,21.0,41,19.7
2025-03-20T03:00,20.2,44,19.1
2025-03-20T04:00,19.6,45,18.4
2025-03-20T05:00,19.1,46,17.8
2025-03-20T06:00,20.6,62,21.4
2025-03-20T07:00,21.6,55,21.9
2025-03-20T08:00,24.0,47,24.3
2025-03-20T09:00,27.5,35,27.5
2025-03-20T10:00,30.3,22,29.3
2025-03-20T11:00,31.8,17,30.9
2025-03-20T12:00,32.9,15,31.5
2025-03-20T13:00,33.0,14,31.0
2025-03-20T14:00,32.6,15,30.2
2025-03-20T15:00,32.1,17,29.2
2025-03-20T16:00,31.4,18,27.9
2025-03-20T17:00,30.1,21,26.9
2025-03-20T18:00,29.1,19,26.3
2025-03-20T19:00,27.3,23,25.3
2025-03-20T20:00,26.4,29,24.7
2025-03-20T21:00,25.2,39,24.3
2025-03-20T22:00,24.6,41,23.4
2025-03-20T23:00,23.6,37,21.9
2025-03-21T00:00,22.7,35,20.8
2025-03-21T01:00,21.8,36,19.9
2025-03-21T02:00,21.3,37,19.4
2025-03-21T03:00,20.6,39,18.8
2025-03-21T04:00,20.2,40,18.4
2025-03-21T05:00,19.9,41,17.9
2025-03-21T06:00,19.4,60,18.9
2025-03-21T07:00,20.4,57,19.9
2025-03-21T08:00,22.5,50,22.1
2025-03-21T09:00,25.1,42,24.6
2025-03-21T10:00,27.7,34,27.4
2025-03-21T11:00,30.0,24,29.3
2025-03-21T12:00,31.5,18,30.0
2025-03-21T13:00,31.9,16,29.6
2025-03-21T14:00,32.0,15,28.9
2025-03-21T15:00,31.6,15,27.9
2025-03-21T16:00,30.9,17,27.0
2025-03-21T17:00,29.7,20,26.2
2025-03-21T18:00,28.4,23,25.6
2025-03-21T19:00,26.9,27,24.7
2025-03-21T20:00,25.7,30,23.9
2025-03-21T21:00,24.6,32,22.6
2025-03-21T22:00,23.5,33,21.5
2025-03-21T23:00,22.8,34,20.8
2025-03-22T00:00,21.7,36,19.9
2025-03-22T01:00,21.0,37,19.2
2025-03-22T02:00,20.6,39,19.0
2025-03-22T03:00,20.1,38,17.9
2025-03-22T04:00,18.6,44,16.7
2025-03-22T05:00,18.0,46,16.0
2025-03-22T06:00,19.4,52,18.3
2025-03-22T07:00,20.7,48,19.3
2025-03-22T08:00,23.1,41,22.0
2025-03-22T09:00,26.2,33,25.0
2025-03-22T10:00,28.9,27,27.8
2025-03-22T11:00,30.5,23,29.5
2025-03-22T12:00,31.3,20,29.3
2025-03-22T13:00,30.8,20,28.9
2025-03-22T14:00,31.2,19,28.7
2025-03-22T15:00,31.2,19,28.1
2025-03-22T16:00,30.9,19,27.5
2025-03-22T17:00,29.6,20,26.2
2025-03-22T18:00,28.5,22,25.7
2025-03-22T19:00,26.9,27,25.2
2025-03-22T20:00,25.4,34,24.3
2025-03-22T21:00,24.5,39,23.9
2025-03-22T22:00,23.6,40,22.7
2025-03-22T23:00,22.9,43,22.1
2025-03-23T00:00,22.3,44,21.5
2025-03-23T01:00,21.5,46,20.9
2025-03-23T02:00,20.5,49,20.0
2025-03-23T03:00,19.8,51,19.2
2025-03-23T04:00,18.9,53,18.2
2025-03-23T05:00,18.5,54,17.7
2025-03-23T06:00,18.6,62,18.4
2025-03-23T07:00,20.8,52,20.3
2025-03-23T08:00,24.1,41,23.9
2025-03-23T09:00,27.3,31,26.4
2025-03-23T10:00,29.3,25,28.3
2025-03-23T11:00,30.4,23,30.0
2025-03-23T12:00,31.3,21,31.2
2025-03-23T13:00,32.1,19,32.0
2025-03-23T14:00,32.6,18,31.9
2025-03-23T15:00,32.7,17,30.8
2025-03-23T16:00,32.3,17,29.4
2025-03-23T17:00,31.1,17,28.1
2025-03-23T18:00,29.7,21,27.2
2025-03-23T19:00,28.3,23,26.3
2025-03-23T20:00,27.0,27,25.5
2025-03-23T21:00,25.8,30,24.5
2025-03-23T22:00,25.2,32,23.7
2025-03-23T23:00,24.1,37,23.3
2025-03-24T00:00,23.3,39,22.7
2025-03-24T01:00,22.5,42,21.7
2025-03-24T02:00,22.2,42,21.5
2025-03-24T03:00,22.2,43,21.9
2025-03-24T04:00,21.5,44,21.0
2025-03-24T05:00,20.0,49,19.3
2025-03-24T06:00,20.1,55,19.5
2025-03-24T07:00,21.1,52,20.2
2025-03-24T08:00,24.0,43,23.4
2025-03-24T09:00,27.5,34,26.6
2025-03-24T10:00,30.1,26,29.1
2025-03-24T11:00,31.6,21,31.2
2025-03-24T12:00,32.7,19,32.6
2025-03-24T13:00,33.5,17,33.4
2025-03-24T14:00,33.9,16,33.3
2025-03-24T15:00,33.9,16,32.4
2025-03-24T16:00,33.5,16,31.2
2025-03-24T17:00,32.7,17,30.3
2025-03-24T18:00,31.1,19,29.5
2025-03-24T19:00,29.4,21,27.6
2025-03-24T20:00,28.3,26,26.8
2025-03-24T21:00,27.3,30,25.9
2025-03-24T22:00,26.4,34,25.1
2025-03-24T23:00,25.0,39,24.2
2025-03-25T00:00,24.2,41,23.5
2025-03-25T01:00,23.5,43,22.7
2025-03-25T02:00,22.6,47,22.0
2025-03-25T03:00,21.8,51,21.3
2025-03-25T04:00,21.2,53,20.8
2025-03-25T05:00,20.9,53,20.3
2025-03-25T06:00,21.0,55,20.3
2025-03-25T07:00,22.2,49,21.3
2025-03-25T08:00,25.2,41,24.8
2025-03-25T09:00,29.0,30,28.2
2025-03-25T10:00,31.8,22,31.1
2025-03-25T11:00,33.6,19,33.6
2025-03-25T12:00,34.9,17,35.3
2025-03-25T13:00,35.8,15,36.2
2025-03-25T14:00,36.4,14,35.8
2025-03-25T15:00,36.4,13,34.3
2025-03-25T16:00,35.9,12,32.8
2025-03-25T17:00,35.2,12,32.2
2025-03-25T18:00,33.1,16,30.7
2025-03-25T19:00,31.3,23,29.6
2025-03-25T20:00,29.9,26,28.4
2025-03-25T21:00,28.8,31,27.9
2025-03-25T22:00,27.2,37,26.9
2025-03-25T23:00,26.5,39,26.0
2025-03-26T00:00,25.1,43,24.9
2025-03-26T01:00,24.1,45,23.9
2025-03-26T02:00,23.6,45,23.2
2025-03-26T03:00,22.7,47,22.4
2025-03-26T04:00,22.6,48,22.7
2025-03-26T05:00,22.3,49,22.4
2025-03-26T06:00,21.8,56,22.4
2025-03-26T07:00,23.4,50,23.5
2025-03-26T08:00,27.6,38,27.7
2025-03-26T09:00,31.2,29,30.8
2025-03-26T10:00,34.0,20,33.2
2025-03-26T11:00,35.7,16,35.2
2025-03-26T12:00,36.8,14,36.7
2025-03-26T13:00,37.6,12,37.3
2025-03-26T14:00,37.9,12,36.8
2025-03-26T15:00,37.8,11,35.3
2025-03-26T16:00,37.0,11,33.5
2025-03-26T17:00,36.0,13,32.7
2025-03-26T18:00,34.2,16,32.5
2025-03-26T19:00,32.8,16,30.5
2025-03-26T20:00,31.3,18,29.3
2025-03-26T21:00,30.2,24,28.4
2025-03-26T22:00,28.5,29,27.4
2025-03-26T23:00,27.2,32,26.3
2025-03-27T00:00,26.5,34,25.7
2025-03-27T01:00,26.0,35,25.3
2025-03-27T02:00,25.6,36,24.7
2025-03-27T03:00,25.2,37,24.7
2025-03-27T04:00,25.0,36,23.9
2025-03-27T05:00,24.2,37,23.0
2025-03-27T06:00,24.1,41,23.3
2025-03-27T07:00,24.7,39,23.7
2025-03-27T08:00,27.2,33,26.3
2025-03-27T09:00,30.4,27,29.0
2025-03-27T10:00,32.6,23,31.5
2025-03-27T11:00,34.3,21,33.8
2025-03-27T12:00,35.6,19,35.2
2025-03-27T13:00,36.2,17,35.5
2025-03-27T14:00,36.2,16,34.7
2025-03-27T15:00,35.9,16,34.0
2025-03-27T16:00,35.7,17,33.8
2025-03-27T17:00,34.9,18,33.3
2025-03-27T18:00,33.4,20,32.1
2025-03-27T19:00,31.9,22,30.5
2025-03-27T20:00,30.4,26,29.3
2025-03-27T21:00,29.3,28,28.3
2025-03-27T22:00,29.1,30,28.8
2025-03-27T23:00,28.1,31,27.7
2025-03-28T00:00,26.7,33,25.6
2025-03-28T01:00,25.1,38,24.1
2025-03-28T02:00,24.0,44,22.8
2025-03-28T03:00,23.6,39,21.3
2025-03-28T04:00,22.7,29,19.3
2025-03-28T05:00,22.0,31,18.9
2025-03-28T06:00,21.8,37,19.6
2025-03-28T07:00,22.8,34,20.5
2025-03-28T08:00,24.6,30,22.1
2025-03-28T09:00,26.3,28,23.5
2025-03-28T10:00,27.9,25,25.7
2025-03-28T11:00,29.7,19,28.1
2025-03-28T12:00,30.7,14,28.8
2025-03-28T13:00,31.0,12,28.8
2025-03-28T14:00,31.0,12,28.2
2025-03-28T15:00,30.5,12,26.9
2025-03-28T16:00,29.8,12,25.3
2025-03-28T17:00,28.7,13,24.2
2025-03-28T18:00,27.7,19,24.0
2025-03-28T19:00,26.3,23,22.6
2025-03-28T20:00,25.2,24,21.4
2025-03-28T21:00,24.0,22,19.8
2025-03-28T22:00,23.0,20,18.5
2025-03-28T23:00,22.1,19,17.5
2025-03-29T00:00,21.2,18,16.5
2025-03-29T01:00,20.3,18,15.6
2025-03-29T02:00,19.5,19,14.8
2025-03-29T03:00,18.6,21,14.0
2025-03-29T04:00,17.9,23,13.4
2025-03-29T05:00,17.4,24,12.9
2025-03-29T06:00,16.2,32,12.1
2025-03-29T07:00,16.8,32,13.1
2025-03-29T08:00,18.9,29,15.1
2025-03-29T09:00,21.4,26,17.4
2025-03-29T10:00,23.9,22,20.5
2025-03-29T11:00,25.9,19,23.0
2025-03-29T12:00,27.3,17,24.5
2025-03-29T13:00,28.5,16,25.7
2025-03-29T14:00,28.8,17,25.5
2025-03-29T15:00,28.9,19,25.4
2025-03-29T16:00,28.5,20,24.7
2025-03-29T17:00,27.5,19,23.5
2025-03-29T18:00,26.0,21,22.6
2025-03-29T19:00,25.3,23,21.9
2025-03-29T20:00,24.7,22,21.0
2025-03-29T21:00,24.0,20,20.0
2025-03-29T22:00,23.1,21,19.2
2025-03-29T23:00,22.6,21,18.9
2025-03-30T00:00,22.0,22,18.2
2025-03-30T01:00,21.1,23,17.2
2025-03-30T02:00,20.2,25,16.5
2025-03-30T03:00,19.4,26,15.9
2025-03-30T04:00,18.6,27,15.1
2025-03-30T05:00,18.0,28,14.5
2025-03-30T06:00,17.5,33,14.1
2025-03-30T07:00,18.7,31,15.3
2025-03-30T08:00,21.1,28,18.1
2025-03-30T09:00,24.1,23,21.0
2025-03-30T10:00,27.0,18,24.4
2025-03-30T11:00,29.1,14,26.7
2025-03-30T12:00,30.4,13,28.3
2025-03-30T13:00,31.1,14,29.0
2025-03-30T14:00,31.5,14,29.2
2025-03-30T15:00,31.4,14,28.2
2025-03-30T16:00,30.7,16,27.1
2025-03-30T17:00,29.7,17,26.2
2025-03-30T18:00,28.2,19,25.0
2025-03-30T19:00,27.0,21,24.1
2025-03-30T20:00,25.9,23,23.3
2025-03-30T21:00,25.0,24,22.4
2025-03-30T22:00,24.3,24,21.5
2025-03-30T23:00,23.7,24,20.6
2025-03-31T00:00,22.4,25,19.4
2025-03-31T01:00,21.3,26,18.3
2025-03-31T02:00,20.6,27,17.5
2025-03-31T03:00,19.8,27,16.8
2025-03-31T04:00,19.1,28,16.1
2025-03-31T05:00,18.3,30,15.3
2025-03-31T06:00,17.6,37,15.1
2025-03-31T07:00,19.2,34,16.6
2025-03-31T08:00,22.0,30,19.7
2025-03-31T09:00,25.5,25,23.2
2025-03-31T10:00,28.8,20,27.0
2025-03-31T11:00,31.1,15,29.6
2025-03-31T12:00,32.7,13,31.4
2025-03-31T13:00,33.6,12,32.0
2025-03-31T14:00,33.9,12,31.7
2025-03-31T15:00,33.7,11,30.4
2025-03-31T16:00,33.0,11,28.7
2025-03-31T17:00,31.8,13,27.6
2025-03-31T18:00,30.6,14,26.9
2025-03-31T19:00,28.5,19,25.6
2025-03-31T20:00,27.3,21,24.5
2025-03-31T21:00,26.5,20,23.6
2025-03-31T22:00,26.4,18,22.7
2025-03-31T23:00,25.0,20,21.7
2025-04-01T00:00,23.4,23,20.5
2025-04-01T01:00,22.4,25,19.5
2025-04-01T02:00,21.5,26,18.6
2025-04-01T03:00,20.7,27,17.9
2025-04-01T04:00,20.2,28,17.4
2025-04-01T05:00,19.7,31,17.2
2025-04-01T06:00,19.0,37,16.8
2025-04-01T07:00,21.3,31,18.8
2025-04-01T08:00,23.8,27,21.5
2025-04-01T09:00,26.7,22,24.1
2025-04-01T10:00,29.6,17,27.6
2025-04-01T11:00,31.7,12,29.4
2025-04-01T12:00,32.7,11,30.5
2025-04-01T13:00,33.1,12,31.0
2025-04-01T14:00,33.3,11,30.7
2025-04-01T15:00,33.2,11,29.6
2025-04-01T16:00,32.7,11,28.3
2025-04-01T17:00,31.7,11,27.4
2025-04-01T18:00,30.2,14,26.7
2025-04-01T19:00,28.2,18,25.5
2025-04-01T20:00,26.8,20,24.2
2025-04-01T21:00,25.8,21,23.1
2025-04-01T22:00,24.8,22,22.1
2025-04-01T23:00,23.7,24,21.1
2025-04-02T00:00,22.9,26,20.3
2025-04-02T01:00,21.9,28,19.4
2025-04-02T02:00,21.2,30,18.8
2025-04-02T03:00,20.9,31,18.9
2025-04-02T04:00,21.2,37,20.1
2025-04-02T05:00,20.2,32,18.1
2025-04-02T06:00,18.6,39,16.6
2025-04-02T07:00,20.4,35,18.2
2025-04-02T08:00,24.4,28,22.4
2025-04-02T09:00,28.4,20,26.3
2025-04-02T10:00,31.5,14,29.9
2025-04-02T11:00,33.4,12,32.3
2025-04-02T12:00,34.6,11,33.5
2025-04-02T13:00,35.4,10,33.9
2025-04-02T14:00,35.7,9,33.5
2025-04-02T15:00,35.4,10,32.3
2025-04-02T16:00,34.8,11,30.8
2025-04-02T17:00,33.7,12,30.0
2025-04-02T18:00,32.0,13,29.1
2025-04-02T19:00,29.6,17,27.1
2025-04-02T20:00,29.1,23,27.8
2025-04-02T21:00,27.5,21,25.3
2025-04-02T22:00,26.9,23,25.2
2025-04-02T23:00,26.1,25,24.5
2025-04-03T00:00,25.1,27,23.3
2025-04-03T01:00,24.7,29,23.3
2025-04-03T02:00,23.9,32,22.9
2025-04-03T03:00,22.9,31,21.1
2025-04-03T04:00,22.7,32,20.9
2025-04-03T05:00,21.9,34,20.2
2025-04-03T06:00,20.4,41,19.1
2025-04-03T07:00,22.5,34,20.4
2025-04-03T08:00,26.5,26,24.7
2025-04-03T09:00,30.7,19,28.7
2025-04-03T10:00,33.5,14,31.8
2025-04-03T11:00,35.2,10,34.2
2025-04-03T12:00,36.3,9,35.5
2025-04-03T13:00,36.7,7,34.7
2025-04-03T14:00,37.4,6,35.5
2025-04-03T15:00,37.4,6,33.9
2025-04-03T16:00,36.6,7,32.8
2025-04-03T17:00,35.6,8,32.4
2025-04-03T18:00,34.2,8,30.0
2025-04-03T19:00,32.1,10,28.6
2025-04-03T20:00,31.1,12,27.4
2025-04-03T21:00,29.2,15,26.3
2025-04-03T22:00,27.9,17,25.0
2025-04-03T23:00,27.1,19,24.8
2025-04-04T00:00,26.3,20,24.1
2025-04-04T01:00,25.8,21,23.6
2025-04-04T02:00,24.3,22,21.6
2025-04-04T03:00,23.6,25,21.6
2025-04-04T04:00,22.2,27,20.0
2025-04-04T05:00,21.7,29,19.7
2025-04-04T06:00,22.8,33,21.2
2025-04-04T07:00,25.1,27,22.9
2025-04-04T08:00,28.4,22,26.5
2025-04-04T09:00,31.6,17,29.3
2025-04-04T10:00,34.4,12,32.6
2025-04-04T11:00,35.6,10,34.3
2025-04-04T12:00,36.4,10,35.3
2025-04-04T13:00,36.9,10,35.5
2025-04-04T14:00,37.0,10,34.6
2025-04-04T15:00,36.6,10,33.2
2025-04-04T16:00,35.8,11,31.7
2025-04-04T17:00,35.0,11,31.0
2025-04-04T18:00,34.0,12,30.2
2025-04-04T19:00,32.3,14,28.8
2025-04-04T20:00,31.1,15,28.1
2025-04-04T21:00,30.0,17,27.0
2025-04-04T22:00,29.0,18,25.9
2025-04-04T23:00,28.0,19,24.9
2025-04-05T00:00,26.2,22,23.7
2025-04-05T01:00,25.3,23,22.9
2025-04-05T02:00,24.5,25,22.2
2025-04-05T03:00,23.6,26,21.3
2025-04-05T04:00,22.9,27,20.4
2025-04-05T05:00,22.2,28,19.6
2025-04-05T06:00,22.0,32,19.9
2025-04-05T07:00,23.5,30,21.2
2025-04-05T08:00,26.0,27,24.0
2025-04-05T09:00,28.9,24,26.7
2025-04-05T10:00,31.4,20,29.9
2025-04-05T11:00,33.2,17,31.8
2025-04-05T12:00,34.3,16,32.9
2025-04-05T13:00,34.8,16,33.5
2025-04-05T14:00,35.2,15,33.5
2025-04-05T15:00,35.1,15,32.5
2025-04-05T16:00,34.6,16,31.3
2025-04-05T17:00,33.8,16,30.7
2025-04-05T18:00,32.8,15,29.7
2025-04-05T19:00,31.3,18,28.5
2025-04-05T20:00,29.9,20,27.7
2025-04-05T21:00,29.1,22,27.0
2025-04-05T22:00,28.7,22,26.4
2025-04-05T23:00,27.4,25,25.3
2025-04-06T00:00,25.7,28,23.9
2025-04-06T01:00,25.0,29,23.2
2025-04-06T02:00,24.4,28,22.6
2025-04-06T03:00,23.7,28,21.6
2025-04-06T04:00,22.9,30,20.7
2025-04-06T05:00,22.2,32,20.0
2025-04-06T06:00,22.0,35,20.0
2025-04-06T07:00,23.5,32,21.5
2025-04-06T08:00,26.8,27,25.3
2025-04-06T09:00,30.7,21,28.9
2025-04-06T10:00,33.6,17,32.3
2025-04-06T11:00,35.4,14,34.7
2025-04-06T12:00,36.7,13,36.3
2025-04-06T13:00,37.6,12,37.0
2025-04-06T14:00,38.1,11,36.8
2025-04-06T15:00,38.0,12,35.7
2025-04-06T16:00,37.3,13,34.3
2025-04-06T17:00,36.4,14,33.8
2025-04-06T18:00,35.0,15,32.7
2025-04-06T19:00,33.3,17,31.3
2025-04-06T20:00,31.9,21,30.4
2025-04-06T21:00,31.7,23,31.0
2025-04-06T22:00,30.9,24,30.3
2025-04-06T23:00,30.0,22,28.4
2025-04-07T00:00,28.5,24,26.6
2025-04-07T01:00,27.6,27,26.3
2025-04-07T02:00,26.7,29,25.4
2025-04-07T03:00,25.6,31,24.2
2025-04-07T04:00,24.9,31,23.3
2025-04-07T05:00,24.4,31,22.7
2025-04-07T06:00,24.6,38,23.4
2025-04-07T07:00,26.2,35,24.9
2025-04-07T08:00,29.2,29,28.5
2025-04-07T09:00,32.9,24,32.2
2025-04-07T10:00,35.8,18,35.5
2025-04-07T11:00,37.5,15,37.6
2025-04-07T12:00,38.6,14,39.1
2025-04-07T13:00,39.3,13,39.8
2025-04-07T14:00,39.7,13,39.6
2025-04-07T15:00,39.9,12,38.8
2025-04-07T16:00,39.9,12,38.1
2025-04-07T17:00,39.3,12,37.8
2025-04-07T18:00,37.1,15,35.4
2025-04-07T19:00,35.2,17,33.4
2025-04-07T20:00,33.8,19,32.2
2025-04-07T21:00,33.0,21,31.2
2025-04-07T22:00,31.0,25,30.0
2025-04-07T23:00,30.3,26,29.2
2025-04-08T00:00,29.2,28,28.0
2025-04-08T01:00,28.2,30,27.3
2025-04-08T02:00,27.4,31,26.4
2025-04-08T03:00,26.6,32,25.4
2025-04-08T04:00,25.8,33,24.2
2025-04-08T05:00,25.2,33,23.5
2025-04-08T06:00,25.5,34,23.7
2025-04-08T07:00,26.9,32,25.1
2025-04-08T08:00,29.3,27,27.6
2025-04-08T09:00,32.1,22,30.1
2025-04-08T10:00,34.8,18,33.5
2025-04-08T11:00,37.0,16,36.4
2025-04-08T12:00,38.6,14,38.4
2025-04-08T13:00,39.5,13,39.5
2025-04-08T14:00,39.9,13,39.5
2025-04-08T15:00,39.8,12,38.5
2025-04-08T16:00,39.6,12,37.5
2025-04-08T17:00,39.0,13,37.2
2025-04-08T18:00,37.2,14,35.4
2025-04-08T19:00,35.8,15,33.8
2025-04-08T20:00,34.0,19,32.4
2025-04-08T21:00,33.3,21,32.3
2025-04-08T22:00,32.3,22,31.2
2025-04-08T23:00,31.1,24,29.9
2025-04-09T00:00,30.2,25,28.7
2025-04-09T01:00,28.9,27,27.4
2025-04-09T02:00,28.3,29,26.8
2025-04-09T03:00,27.8,31,26.4
2025-04-09T04:00,26.9,33,25.6
2025-04-09T05:00,26.1,35,24.8
2025-04-09T06:00,27.3,44,27.4
2025-04-09T07:00,28.4,41,28.5
2025-04-09T08:00,30.4,36,30.5
2025-04-09T09:00,33.0,32,33.0
2025-04-09T10:00,35.4,28,36.3
2025-04-09T11:00,37.6,23,38.9
2025-04-09T12:00,39.2,18,40.6
2025-04-09T13:00,40.0,16,41.1
2025-04-09T14:00,40.7,14,41.6
2025-04-09T15:00,40.6,14,39.2
2025-04-09T16:00,39.9,14,38.3
2025-04-09T17:00,38.6,15,36.0
2025-04-09T18:00,38.1,13,35.4
2025-04-09T19:00,36.2,18,34.2
2025-04-09T20:00,34.2,23,33.7
2025-04-09T21:00,33.1,25,32.6
2025-04-09T22:00,32.5,26,32.1
2025-04-09T23:00,31.9,26,30.5
2025-04-10T00:00,30.0,30,29.5
2025-04-10T01:00,29.1,34,29.1
2025-04-10T02:00,28.9,39,29.9
2025-04-10T03:00,27.9,36,27.6
2025-04-10T04:00,26.9,39,27.2
2025-04-10T05:00,26.6,40,27.0
2025-04-10T06:00,27.1,45,26.9
2025-04-10T07:00,27.5,45,27.9
2025-04-10T08:00,29.0,42,29.4
2025-04-10T09:00,31.8,35,32.4
2025-04-10T10:00,35.0,27,36.2
2025-04-10T11:00,37.4,21,39.0
2025-04-10T12:00,38.9,18,40.3
2025-04-10T13:00,37.3,19,36.1
2025-04-10T14:00,37.1,17,34.6
2025-04-10T15:00,37.5,17,36.1
2025-04-10T16:00,27.3,58,26.9
2025-04-10T17:00,29.6,45,30.9
2025-04-10T18:00,34.0,23,32.6
2025-04-10T19:00,33.1,31,34.1
2025-04-10T20:00,32.5,25,31.4
2025-04-10T21:00,32.3,22,30.8
2025-04-10T22:00,30.6,29,28.7
2025-04-10T23:00,28.6,44,28.5
2025-04-11T00:00,27.7,49,28.0
2025-04-11T01:00,26.9,52,27.5
2025-04-11T02:00,26.4,54,27.2
2025-04-11T03:00,25.8,57,26.5
2025-04-11T04:00,25.4,61,26.1
2025-04-11T05:00,24.9,64,25.8
2025-04-11T06:00,23.3,75,24.7
2025-04-11T07:00,23.9,72,25.1
2025-04-11T08:00,25.4,66,26.5
2025-04-11T09:00,27.2,58,28.5
2025-04-11T10:00,29.2,50,30.8
2025-04-11T11:00,31.2,43,33.1
2025-04-11T12:00,33.0,37,35.0
2025-04-11T13:00,34.2,33,36.3
2025-04-11T14:00,28.0,46,28.9
2025-04-11T15:00,27.1,49,28.0
2025-04-11T16:00,28.3,48,28.9
2025-04-11T17:00,27.9,52,29.1
2025-04-11T18:00,22.5,79,21.9
2025-04-11T19:00,23.0,81,26.2
2025-04-11T20:00,22.9,84,25.3
2025-04-11T21:00,22.6,82,24.4
2025-04-11T22:00,22.7,79,24.8
2025-04-11T23:00,22.8,76,24.6
2025-04-12T00:00,22.9,72,24.1
2025-04-12T01:00,22.6,73,24.4
2025-04-12T02:00,21.5,81,23.8
2025-04-12T03:00,21.0,84,23.4
2025-04-12T04:00,20.6,86,22.8
2025-04-12T05:00,20.5,86,22.6
2025-04-12T06:00,21.2,76,22.6
2025-04-12T07:00,22.4,71,24.1
2025-04-12T08:00,24.5,62,26.5
2025-04-12T09:00,27.1,53,28.9
2025-04-12T10:00,29.6,43,31.9
2025-04-12T11:00,31.6,34,33.8
2025-04-12T12:00,33.1,27,35.0
2025-04-12T13:00,34.0,25,35.7
2025-04-12T14:00,34.8,24,36.2
2025-04-12T15:00,32.4,33,33.0
2025-04-12T16:00,29.3,40,29.7
2025-04-12T17:00,28.8,46,29.9
2025-04-12T18:00,26.2,53,27.5
2025-04-12T19:00,25.9,67,29.1
2025-04-12T20:00,25.9,59,27.8
2025-04-12T21:00,25.4,57,26.9
2025-04-12T22:00,24.8,60,26.3
2025-04-12T23:00,24.4,56,25.1
2025-04-13T00:00,23.3,63,24.4
2025-04-13T01:00,22.6,67,23.9
2025-04-13T02:00,22.2,68,23.7
2025-04-13T03:00,21.6,70,23.0
2025-04-13T04:00,21.3,71,22.8
2025-04-13T05:00,21.1,72,22.6
2025-04-13T06:00,22.6,72,25.0
2025-04-13T07:00,24.3,63,26.4
2025-04-13T08:00,27.0,54,29.2
2025-04-13T09:00,29.6,42,30.8
2025-04-13T10:00,31.4,35,32.8
2025-04-13T11:00,32.6,30,34.4
2025-04-13T12:00,33.5,26,35.1
2025-04-13T13:00,34.2,24,36.1
2025-04-13T14:00,34.7,23,35.9
2025-04-13T15:00,35.2,21,35.6
2025-04-13T16:00,35.3,20,34.9
2025-04-13T17:00,35.2,19,34.0
2025-04-13T18:00,31.9,43,34.3
2025-04-13T19:00,30.7,44,32.8
2025-04-13T20:00,29.2,49,31.2
2025-04-13T21:00,28.3,50,30.1
2025-04-13T22:00,27.1,52,28.7
2025-04-13T23:00,25.7,53,26.7
2025-04-14T00:00,24.9,57,26.1
2025-04-14T01:00,24.4,59,25.5
2025-04-14T02:00,23.8,59,24.8
2025-04-14T03:00,23.4,59,24.3
2025-04-14T04:00,22.8,61,23.5
2025-04-14T05:00,22.3,63,23.2
2025-04-14T06:00,23.2,61,24.1
2025-04-14T07:00,24.6,57,25.7
2025-04-14T08:00,26.7,50,27.7
2025-04-14T09:00,28.7,45,29.5
2025-04-14T10:00,30.7,40,32.4
2025-04-14T11:00,32.5,34,34.6
2025-04-14T12:00,33.8,29,35.9
2025-04-14T13:00,34.7,27,36.7
2025-04-14T14:00,35.3,25,36.9
2025-04-14T15:00,35.6,24,36.3
2025-04-14T16:00,35.6,23,35.6
2025-04-14T17:00,35.0,24,34.7
2025-04-14T18:00,34.2,25,33.5
2025-04-14T19:00,33.0,28,32.5
2025-04-14T20:00,31.6,33,31.3
2025-04-14T21:00,30.4,37,30.3
2025-04-14T22:00,29.4,39,29.4
2025-04-14T23:00,28.5,41,28.3
2025-04-15T00:00,27.6,43,27.3
2025-04-15T01:00,26.9,43,26.5
2025-04-15T02:00,26.2,44,25.8
2025-04-15T03:00,25.6,45,25.2
2025-04-15T04:00,25.0,47,24.7
2025-04-15T05:00,24.7,49,24.5
2025-04-15T06:00,25.5,49,25.9
2025-04-15T07:00,27.0,46,27.4
2025-04-15T08:00,29.2,41,29.6
2025-04-15T09:00,31.4,37,31.7
2025-04-15T10:00,33.3,33,34.2
2025-04-15T11:00,34.8,28,36.1
2025-04-15T12:00,35.6,26,37.0
2025-04-15T13:00,36.2,25,37.5
2025-04-15T14:00,36.5,24,37.6
2025-04-15T15:00,36.6,24,37.1
2025-04-15T16:00,36.2,24,35.9
2025-04-15T17:00,35.8,25,35.7
2025-04-15T18:00,33.9,30,34.0
2025-04-15T19:00,32.3,36,33.2
2025-04-15T20:00,31.1,41,32.6
2025-04-15T21:00,30.2,46,32.2
2025-04-15T22:00,29.6,41,30.3
2025-04-15T23:00,28.8,42,29.5
2025-04-16T00:00,28.0,44,28.7
2025-04-16T01:00,27.2,48,28.0
2025-04-16T02:00,26.6,49,27.3
2025-04-16T03:00,26.2,49,26.7
2025-04-16T04:00,25.8,50,26.3
2025-04-16T05:00,25.6,50,25.9
2025-04-16T06:00,26.9,49,27.6
2025-04-16T07:00,28.1,46,29.0
2025-04-16T08:00,30.4,39,31.1
2025-04-16T09:00,32.7,34,33.1
2025-04-16T10:00,34.6,28,35.2
2025-04-16T11:00,35.9,25,37.4
2025-04-16T12:00,37.0,23,39.1
2025-04-16T13:00,37.5,22,39.5
2025-04-16T14:00,37.8,21,39.2
2025-04-16T15:00,38.2,21,38.6
2025-04-16T16:00,38.1,21,38.2
2025-04-16T17:00,37.4,22,36.9
2025-04-16T18:00,36.8,21,36.0
2025-04-16T19:00,34.7,25,34.0
2025-04-16T20:00,33.7,28,33.2
2025-04-16T21:00,32.6,31,32.3
2025-04-16T22:00,31.6,32,31.6
2025-04-16T23:00,30.6,35,30.8
2025-04-17T00:00,29.7,38,29.9
2025-04-17T01:00,28.8,40,29.0
2025-04-17T02:00,28.0,41,28.1
2025-04-17T03:00,27.5,41,27.3
2025-04-17T04:00,27.0,41,26.9
2025-04-17T05:00,26.5,42,26.5
2025-04-17T06:00,26.2,54,27.4
2025-04-17T07:00,27.4,51,28.6
2025-04-17T08:00,29.9,44,30.8
2025-04-17T09:00,33.0,34,33.5
2025-04-17T10:00,35.8,27,36.5
2025-04-17T11:00,37.7,22,38.7
2025-04-17T12:00,39.2,19,40.3
2025-04-17T13:00,40.1,17,40.5
2025-04-17T14:00,40.4,16,39.3
2025-04-17T15:00,40.5,15,38.7
2025-04-17T16:00,40.0,14,36.9
2025-04-17T17:00,38.6,16,36.0
2025-04-17T18:00,37.5,21,36.4
2025-04-17T19:00,35.9,26,36.2
2025-04-17T20:00,34.5,30,35.1
2025-04-17T21:00,32.8,35,34.0
2025-04-17T22:00,31.7,38,32.8
2025-04-17T23:00,30.7,41,31.7
2025-04-18T00:00,29.4,45,30.4
2025-04-18T01:00,28.1,48,29.4
2025-04-18T02:00,27.5,50,28.6
2025-04-18T03:00,27.0,51,27.9
2025-04-18T04:00,26.3,55,27.4
2025-04-18T05:00,25.7,57,26.9
2025-04-18T06:00,26.6,62,28.7
2025-04-18T07:00,27.7,59,29.9
2025-04-18T08:00,29.6,54,31.9
2025-04-18T09:00,32.0,48,34.5
2025-04-18T10:00,34.5,40,37.7
2025-04-18T11:00,36.7,32,40.2
2025-04-18T12:00,38.3,27,41.8
2025-04-18T13:00,39.5,24,42.6
2025-04-18T14:00,40.2,21,42.3
2025-04-18T15:00,40.8,19,41.4
2025-04-18T16:00,40.8,17,40.4
2025-04-18T17:00,40.6,15,39.5
2025-04-18T18:00,37.3,22,35.6
2025-04-18T19:00,33.1,39,33.4
2025-04-18T20:00,32.9,40,33.8
2025-04-18T21:00,32.4,41,33.7
2025-04-18T22:00,32.0,42,32.9
2025-04-18T23:00,30.9,45,32.1
2025-04-19T00:00,30.2,47,31.5
2025-04-19T01:00,29.4,49,30.9
2025-04-19T02:00,28.9,50,30.1
2025-04-19T03:00,28.5,52,29.6
2025-04-19T04:00,28.2,54,29.4
2025-04-19T05:00,27.7,58,29.2
2025-04-19T06:00,27.4,64,29.3
2025-04-19T07:00,28.2,62,30.7
2025-04-19T08:00,30.0,57,32.5
2025-04-19T09:00,32.2,50,34.6
2025-04-19T10:00,34.3,43,37.0
2025-04-19T11:00,36.3,34,39.0
2025-04-19T12:00,38.0,26,40.0
2025-04-19T13:00,39.1,20,39.7
2025-04-19T14:00,39.6,17,38.8
2025-04-19T15:00,39.8,16,38.0
2025-04-19T16:00,39.9,15,37.9
2025-04-19T17:00,38.6,15,36.7
2025-04-19T18:00,32.7,38,32.1
2025-04-19T19:00,32.5,39,32.4
2025-04-19T20:00,31.4,40,31.4
2025-04-19T21:00,30.8,43,31.2
2025-04-19T22:00,29.8,48,30.4
2025-04-19T23:00,29.3,51,30.2
2025-04-20T00:00,28.8,52,29.9
2025-04-20T01:00,28.3,54,29.4
2025-04-20T02:00,28.1,55,29.3
2025-04-20T03:00,27.9,56,29.1
2025-04-20T04:00,27.4,58,28.8
2025-04-20T05:00,27.0,60,28.4
2025-04-20T06:00,27.3,65,29.7
2025-04-20T07:00,28.4,61,30.7
2025-04-20T08:00,30.5,54,33.1
2025-04-20T09:00,33.2,42,35.3
2025-04-20T10:00,35.9,32,38.0
2025-04-20T11:00,37.9,24,39.8
2025-04-20T12:00,38.9,18,39.3
2025-04-20T13:00,39.4,17,39.5
2025-04-20T14:00,40.0,15,39.9
2025-04-20T15:00,39.3,16,38.0
2025-04-20T16:00,36.0,30,35.4
2025-04-20T17:00,35.6,27,34.4
2025-04-20T18:00,38.8,14,36.8
2025-04-20T19:00,35.9,17,34.6
2025-04-20T20:00,34.4,24,33.2
2025-04-20T21:00,33.0,30,32.9
2025-04-20T22:00,32.0,35,32.1
2025-04-20T23:00,31.2,37,32.0
2025-04-21T00:00,30.0,41,31.3
2025-04-21T01:00,29.4,41,30.5
2025-04-21T02:00,28.8,43,29.6
2025-04-21T03:00,28.0,46,29.0
2025-04-21T04:00,27.3,48,28.4
2025-04-21T05:00,26.3,52,27.8
2025-04-21T06:00,29.1,54,32.2
2025-04-21T07:00,30.3,46,32.2
2025-04-21T08:00,31.9,38,33.0
2025-04-21T09:00,34.1,30,34.7
2025-04-21T10:00,36.6,20,36.9
2025-04-21T11:00,38.5,14,38.3
2025-04-21T12:00,39.6,10,38.7
2025-04-21T13:00,40.3,8,38.9
2025-04-21T14:00,40.4,7,38.0
2025-04-21T15:00,40.2,6,36.8
2025-04-21T16:00,39.8,6,35.8
2025-04-21T17:00,39.3,6,35.2
2025-04-21T18:00,37.7,6,33.8
2025-04-21T19:00,36.0,5,31.2
2025-04-21T20:00,34.4,6,29.5
2025-04-21T21:00,32.8,8,28.5
2025-04-21T22:00,31.6,9,27.4
2025-04-21T23:00,30.3,9,26.3
2025-04-22T00:00,29.3,9,25.5
2025-04-22T01:00,28.6,10,24.6
2025-04-22T02:00,27.4,11,23.3
2025-04-22T03:00,26.2,13,22.5
2025-04-22T04:00,25.0,14,21.4
2025-04-22T05:00,24.6,15,20.7
2025-04-22T06:00,25.4,19,22.0
2025-04-22T07:00,26.9,17,23.3
2025-04-22T08:00,30.1,15,26.8
2025-04-22T09:00,33.5,13,30.3
2025-04-22T10:00,36.2,11,34.0
2025-04-22T11:00,38.1,6,35.5
2025-04-22T12:00,38.8,6,36.5
2025-04-22T13:00,39.3,5,36.9
2025-04-22T14:00,39.5,6,36.8
2025-04-22T15:00,39.2,7,35.8
2025-04-22T16:00,38.7,7,34.4
2025-04-22T17:00,37.8,7,33.4
2025-04-22T18:00,36.4,7,32.6
2025-04-22T19:00,34.2,9,30.8
2025-04-22T20:00,33.3,9,29.8
2025-04-22T21:00,32.7,10,28.7
2025-04-22T22:00,31.1,10,27.1
2025-04-22T23:00,29.6,10,25.5
2025-04-23T00:00,28.5,10,24.5
2025-04-23T01:00,27.3,11,23.4
2025-04-23T02:00,26.2,12,22.4
2025-04-23T03:00,25.1,14,21.5
2025-04-23T04:00,24.4,15,20.9
2025-04-23T05:00,23.8,16,20.4
2025-04-23T06:00,24.9,21,22.2
2025-04-23T07:00,26.9,20,24.1
2025-04-23T08:00,29.7,18,27.0
2025-04-23T09:00,32.6,17,30.2
2025-04-23T10:00,35.6,15,34.3
2025-04-23T11:00,37.6,9,35.5
2025-04-23T12:00,38.6,7,36.2
2025-04-23T13:00,39.1,6,36.4
2025-04-23T14:00,39.2,7,36.2
2025-04-23T15:00,39.0,7,35.3
2025-04-23T16:00,38.6,7,34.2
2025-04-23T17:00,37.8,7,33.4
2025-04-23T18:00,36.5,8,32.6
2025-04-23T19:00,34.5,9,31.2
2025-04-23T20:00,33.6,10,30.2
2025-04-23T21:00,32.7,10,29.1
2025-04-23T22:00,32.0,10,28.1
2025-04-23T23:00,29.9,11,26.3
2025-04-24T00:00,29.0,12,25.3
2025-04-24T01:00,27.3,13,24.0
2025-04-24T02:00,26.6,14,23.3
2025-04-24T03:00,26.2,14,22.9
2025-04-24T04:00,25.6,14,21.9
2025-04-24T05:00,24.4,15,20.8
2025-04-24T06:00,25.2,18,22.1
2025-04-24T07:00,27.0,17,23.8
2025-04-24T08:00,29.9,14,26.8
2025-04-24T09:00,33.0,11,30.0
2025-04-24T10:00,36.3,10,34.6
2025-04-24T11:00,38.4,7,37.1
2025-04-24T12:00,39.7,6,38.2
2025-04-24T13:00,40.4,5,37.9
2025-04-24T14:00,40.3,5,36.6
2025-04-24T15:00,39.9,5,35.7
2025-04-24T16:00,39.5,5,34.9
2025-04-24T17:00,38.7,5,33.9
2025-04-24T18:00,37.7,7,33.8
2025-04-24T19:00,35.6,10,33.0
2025-04-24T20:00,33.9,15,32.4
2025-04-24T21:00,32.4,11,29.1
2025-04-24T22:00,31.4,16,29.5
2025-04-24T23:00,29.8,14,26.2
2025-04-25T00:00,29.4,14,26.2
2025-04-25T01:00,29.3,13,25.9
2025-04-25T02:00,28.1,15,25.7
2025-04-25T03:00,27.0,20,25.0
2025-04-25T04:00,25.6,20,23.0
2025-04-25T05:00,25.3,21,22.5
2025-04-25T06:00,26.4,24,24.2
2025-04-25T07:00,29.0,20,26.4
2025-04-25T08:00,31.4,16,28.7
2025-04-25T09:00,34.9,12,32.5
2025-04-25T10:00,37.3,10,35.7
2025-04-25T11:00,39.7,7,38.3
2025-04-25T12:00,41.0,4,39.1
2025-04-25T13:00,41.6,5,39.1
2025-04-25T14:00,41.4,5,38.1
2025-04-25T15:00,41.0,6,36.9
2025-04-25T16:00,40.2,6,35.6
2025-04-25T17:00,39.8,6,35.1
2025-04-25T18:00,38.5,6,34.2
2025-04-25T19:00,35.9,11,32.6
2025-04-25T20:00,33.9,15,32.2
2025-04-25T21:00,32.7,18,31.3
2025-04-25T22:00,32.2,23,31.7
2025-04-25T23:00,31.0,16,28.4
2025-04-26T00:00,31.8,13,28.4
2025-04-26T01:00,30.7,12,27.3
2025-04-26T02:00,29.6,13,26.2
2025-04-26T03:00,29.1,15,26.7
2025-04-26T04:00,27.7,15,24.4
2025-04-26T05:00,26.0,18,23.2
2025-04-26T06:00,26.8,28,25.6
2025-04-26T07:00,28.9,23,27.2
2025-04-26T08:00,33.2,17,31.4
2025-04-26T09:00,37.0,11,34.6
2025-04-26T10:00,39.2,7,37.2
2025-04-26T11:00,40.4,6,38.7
2025-04-26T12:00,41.5,5,39.7
2025-04-26T13:00,41.4,7,38.9
2025-04-26T14:00,38.6,10,34.0
2025-04-26T15:00,39.5,8,35.6
2025-04-26T16:00,39.5,8,35.2
2025-04-26T17:00,38.6,8,33.6
2025-04-26T18:00,37.1,10,32.9
2025-04-26T19:00,35.9,11,32.1
2025-04-26T20:00,34.7,12,31.6
2025-04-26T21:00,33.4,14,30.8
2025-04-26T22:00,32.2,16,29.7
2025-04-26T23:00,31.5,17,29.1
2025-04-27T00:00,31.1,18,28.6
2025-04-27T01:00,30.5,19,28.1
2025-04-27T02:00,29.7,20,27.3
2025-04-27T03:00,29.1,19,26.7
2025-04-27T04:00,28.6,19,26.1
2025-04-27T05:00,28.3,19,25.7
2025-04-27T06:00,29.4,25,28.1
2025-04-27T07:00,30.5,24,29.1
2025-04-27T08:00,32.9,20,31.4
2025-04-27T09:00,35.1,14,33.2
2025-04-27T10:00,37.1,11,36.0
2025-04-27T11:00,38.5,10,38.1
2025-04-27T12:00,39.8,8,39.0
2025-04-27T13:00,40.6,7,39.4
2025-04-27T14:00,40.8,7,38.7
2025-04-27T15:00,40.8,7,38.3
2025-04-27T16:00,40.5,7,37.4
2025-04-27T17:00,39.2,7,35.1
2025-04-27T18:00,38.1,7,34.8
2025-04-27T19:00,36.2,13,34.5
2025-04-27T20:00,35.0,11,32.4
2025-04-27T21:00,34.2,10,30.4
2025-04-27T22:00,32.1,13,29.2
2025-04-27T23:00,30.9,15,28.4
2025-04-28T00:00,30.1,16,27.9
2025-04-28T01:00,28.9,17,26.3
2025-04-28T02:00,28.5,19,26.4
2025-04-28T03:00,27.9,18,25.2
2025-04-28T04:00,26.5,21,24.2
2025-04-28T05:00,26.5,22,24.8
2025-04-28T06:00,27.9,27,26.4
2025-04-28T07:00,28.9,26,27.0
2025-04-28T08:00,30.6,24,28.5
2025-04-28T09:00,33.3,20,31.4
2025-04-28T10:00,35.7,17,34.9
2025-04-28T11:00,37.6,15,37.5
2025-04-28T12:00,39.2,13,39.5
2025-04-28T13:00,40.0,11,39.8
2025-04-28T14:00,40.7,9,40.2
2025-04-28T15:00,41.1,8,39.1
2025-04-28T16:00,40.0,9,36.2
2025-04-28T17:00,37.2,15,33.8
2025-04-28T18:00,35.3,19,32.3
2025-04-28T19:00,33.6,23,31.5
2025-04-28T20:00,32.3,27,31.4
2025-04-28T21:00,31.4,30,30.3
2025-04-28T22:00,30.4,32,29.0
2025-04-28T23:00,29.6,33,28.2
2025-04-29T00:00,28.8,33,27.4
2025-04-29T01:00,28.0,34,26.4
2025-04-29T02:00,27.4,35,25.7
2025-04-29T03:00,26.7,37,24.9
2025-04-29T04:00,25.9,40,24.3
2025-04-29T05:00,25.0,45,23.9
2025-04-29T06:00,25.1,59,25.5
2025-04-29T07:00,25.9,58,26.3
2025-04-29T08:00,27.5,53,27.8
2025-04-29T09:00,29.8,45,29.8
2025-04-29T10:00,32.1,38,32.9
2025-04-29T11:00,34.0,32,35.4
2025-04-29T12:00,35.5,29,37.3
2025-04-29T13:00,36.6,26,38.5
2025-04-29T14:00,37.2,24,38.7
2025-04-29T15:00,37.5,22,38.1
2025-04-29T16:00,37.3,20,36.6
2025-04-29T17:00,36.9,19,35.7
2025-04-29T18:00,35.4,22,34.8
2025-04-29T19:00,34.4,25,33.5
2025-04-29T20:00,32.8,30,32.0
2025-04-29T21:00,31.9,32,31.6
2025-04-29T22:00,30.8,35,30.5
2025-04-29T23:00,29.9,39,30.1
2025-04-30T00:00,29.1,41,29.5
2025-04-30T01:00,28.3,43,28.7
2025-04-30T02:00,27.8,45,28.0
2025-04-30T03:00,27.4,46,27.6
2025-04-30T04:00,26.9,48,27.0
2025-04-30T05:00,26.3,50,26.5
2025-04-30T06:00,26.7,54,27.7
2025-04-30T07:00,27.5,53,28.6
2025-04-30T08:00,29.1,50,30.3
2025-04-30T09:00,31.2,45,32.3
2025-04-30T10:00,33.2,38,35.0
2025-04-30T11:00,34.8,32,37.1
2025-04-30T12:00,35.8,28,37.7
2025-04-30T13:00,36.5,26,38.2
2025-04-30T14:00,36.8,24,38.0
2025-04-30T15:00,36.4,24,36.5
2025-04-30T16:00,35.3,26,34.9
2025-04-30T17:00,34.7,27,33.9
2025-04-30T18:00,34.6,25,33.5
2025-04-30T19:00,33.6,26,32.5
2025-04-30T20:00,32.6,28,32.0
2025-04-30T21:00,31.8,29,31.1
2025-04-30T22:00,30.9,33,30.0
2025-04-30T23:00,29.6,39,29.3
2025-05-01T00:00,28.6,42,28.5
2025-05-01T01:00,28.0,44,27.8
2025-05-01T02:00,27.4,45,27.2
2025-05-01T03:00,26.9,47,26.7
2025-05-01T04:00,26.4,49,26.3
2025-05-01T05:00,25.9,51,25.8
2025-05-01T06:00,27.4,61,29.6
2025-05-01T07:00,28.4,58,30.4
2025-05-01T08:00,30.0,53,31.5
2025-05-01T09:00,32.0,45,33.2
2025-05-01T10:00,34.0,36,35.3
2025-05-01T11:00,35.4,29,36.8
2025-05-01T12:00,36.2,26,37.5
2025-05-01T13:00,36.6,25,37.5
2025-05-01T14:00,37.6,19,38.5
2025-05-01T15:00,36.3,19,35.1
2025-05-01T16:00,36.5,20,35.1
2025-05-01T17:00,35.4,23,34.0
2025-05-01T18:00,35.4,22,34.6
2025-05-01T19:00,34.2,24,33.2
2025-05-01T20:00,33.0,26,31.9
2025-05-01T21:00,32.0,28,30.9
2025-05-01T22:00,30.2,37,29.4
2025-05-01T23:00,28.9,45,28.6
2025-05-02T00:00,28.4,46,28.3
2025-05-02T01:00,27.9,47,27.9
2025-05-02T02:00,27.5,48,27.6
2025-05-02T03:00,26.9,50,27.0
2025-05-02T04:00,26.5,50,26.4
2025-05-02T05:00,26.0,52,26.1
2025-05-02T06:00,22.5,93,26.3
2025-05-02T07:00,22.5,94,26.3
2025-05-02T08:00,22.2,95,25.2
2025-05-02T09:00,21.7,95,24.3
2025-05-02T10:00,22.7,90,25.5
2025-05-02T11:00,24.0,82,26.8
2025-05-02T12:00,25.6,73,28.3
2025-05-02T13:00,26.6,68,29.4
2025-05-02T14:00,27.7,64,31.0
2025-05-02T15:00,28.2,63,31.5
2025-05-02T16:00,28.3,61,31.3
2025-05-02T17:00,28.2,61,31.0
2025-05-02T18:00,28.6,53,30.6
2025-05-02T19:00,28.1,55,30.5
2025-05-02T20:00,27.9,56,30.2
2025-05-02T21:00,27.7,56,30.0
2025-05-02T22:00,27.3,58,29.8
2025-05-02T23:00,26.8,61,29.4
2025-05-03T00:00,26.1,64,28.9
2025-05-03T01:00,25.5,66,27.8
2025-05-03T02:00,24.9,68,27.2
2025-05-03T03:00,24.5,69,26.8
2025-05-03T04:00,24.0,72,26.9
2025-05-03T05:00,24.0,72,27.0
2025-05-03T06:00,24.6,77,27.9
2025-05-03T07:00,25.5,73,28.2
2025-05-03T08:00,27.9,59,30.7
2025-05-03T09:00,29.8,50,31.5
2025-05-03T10:00,32.0,40,34.7
2025-05-03T11:00,32.3,34,33.6
2025-05-03T12:00,33.9,31,35.3
2025-05-03T13:00,35.4,29,38.1
2025-05-03T14:00,28.4,56,32.1
2025-05-03T15:00,29.6,48,31.8
2025-05-03T16:00,30.5,45,32.0
2025-05-03T17:00,30.3,45,32.1
2025-05-03T18:00,28.4,49,29.0
2025-05-03T19:00,28.8,49,30.2
2025-05-03T20:00,28.9,48,30.5
2025-05-03T21:00,28.5,49,30.3
2025-05-03T22:00,28.1,50,29.9
2025-05-03T23:00,27.6,51,29.0
2025-05-04T00:00,27.1,52,28.5
2025-05-04T01:00,26.8,53,28.5
2025-05-04T02:00,26.2,55,27.9
2025-05-04T03:00,25.6,58,27.0
2025-05-04T04:00,24.9,62,26.5
2025-05-04T05:00,24.4,64,26.0
2025-05-04T06:00,27.4,64,30.8
2025-05-04T07:00,28.1,65,31.9
2025-05-04T08:00,30.0,59,33.9
2025-05-04T09:00,32.1,49,35.1
2025-05-04T10:00,34.0,39,37.0
2025-05-04T11:00,34.8,35,38.5
2025-05-04T12:00,32.0,41,33.9
2025-05-04T13:00,32.3,40,33.3
2025-05-04T14:00,31.1,49,34.4
2025-05-04T15:00,31.5,45,33.6
2025-05-04T16:00,32.5,41,34.5
2025-05-04T17:00,32.3,41,34.0
2025-05-04T18:00,32.7,36,33.1
2025-05-04T19:00,31.5,40,32.9
2025-05-04T20:00,31.0,43,32.7
2025-05-04T21:00,30.7,45,33.1
2025-05-04T22:00,30.2,46,32.2
2025-05-04T23:00,29.1,52,31.3
2025-05-05T00:00,27.8,62,30.5
2025-05-05T01:00,26.8,68,29.8
2025-05-05T02:00,26.1,72,29.0
2025-05-05T03:00,25.7,73,28.6
2025-05-05T04:00,25.3,74,28.5
2025-05-05T05:00,25.0,74,27.9
2025-05-05T06:00,24.2,71,26.1
2025-05-05T07:00,25.4,65,27.0
2025-05-05T08:00,27.0,60,28.5
2025-05-05T09:00,29.0,53,30.5
2025-05-05T10:00,31.2,45,33.1
2025-05-05T11:00,32.8,39,35.0
2025-05-05T12:00,33.8,34,36.1
2025-05-05T13:00,35.0,30,36.9
2025-05-05T14:00,35.6,28,37.3
2025-05-05T15:00,33.0,36,33.2
2025-05-05T16:00,32.9,37,33.5
2025-05-05T17:00,32.0,40,32.3
2025-05-05T18:00,28.4,60,31.0
2025-05-05T19:00,27.0,66,29.3
2025-05-05T20:00,25.9,71,28.8
2025-05-05T21:00,25.3,75,28.1
2025-05-05T22:00,24.7,77,27.9
2025-05-05T23:00,24.2,79,27.1
2025-05-06T00:00,23.8,80,26.7
2025-05-06T01:00,23.4,82,26.6
2025-05-06T02:00,23.1,83,26.4
2025-05-06T03:00,22.9,83,26.1
2025-05-06T04:00,22.6,85,25.6
2025-05-06T05:00,22.2,87,25.4
2025-05-06T06:00,23.6,81,26.8
2025-05-06T07:00,24.9,75,28.1
2025-05-06T08:00,26.7,66,29.7
2025-05-06T09:00,28.7,57,31.0
2025-05-06T10:00,30.4,49,33.1
2025-05-06T11:00,31.6,44,34.6
2025-05-06T12:00,32.8,40,35.7
2025-05-06T13:00,33.5,38,35.9
2025-05-06T14:00,34.4,33,36.0
2025-05-06T15:00,28.1,59,28.8
2025-05-06T16:00,30.3,48,32.1
2025-05-06T17:00,30.6,47,31.9
2025-05-06T18:00,29.4,52,31.3
2025-05-06T19:00,28.0,58,30.0
2025-05-06T20:00,27.4,57,29.2
2025-05-06T21:00,26.8,60,28.6
2025-05-06T22:00,26.1,62,28.0
2025-05-06T23:00,25.6,64,27.4
2025-05-07T00:00,25.2,67,27.1
2025-05-07T01:00,24.9,69,27.0
2025-05-07T02:00,24.6,71,26.9
2025-05-07T03:00,24.3,73,26.8
2025-05-07T04:00,24.0,75,26.4
2025-05-07T05:00,23.7,77,25.8
2025-05-07T06:00,24.8,78,27.8
2025-05-07T07:00,25.8,74,28.9
2025-05-07T08:00,27.6,64,30.3
2025-05-07T09:00,29.0,57,31.5
2025-05-07T10:00,30.0,52,32.2
2025-05-07T11:00,31.0,46,33.0
2025-05-07T12:00,32.3,41,34.6
2025-05-07T13:00,33.2,38,35.2
2025-05-07T14:00,33.3,37,34.9
2025-05-07T15:00,32.8,39,33.8
2025-05-07T16:00,32.8,39,33.8
2025-05-07T17:00,31.4,42,32.3
2025-05-07T18:00,27.1,74,31.5
2025-05-07T19:00,26.9,74,31.4
2025-05-07T20:00,26.7,76,31.1
2025-05-07T21:00,26.2,74,30.1
2025-05-07T22:00,25.8,77,29.9
2025-05-07T23:00,25.3,79,29.4
2025-05-08T00:00,25.1,80,29.4
2025-05-08T01:00,24.8,81,28.9
2025-05-08T02:00,24.6,82,28.6
2025-05-08T03:00,24.3,82,28.1
2025-05-08T04:00,24.2,81,27.7
2025-05-08T05:00,23.9,81,27.2
2025-05-08T06:00,24.4,82,28.3
2025-05-08T07:00,25.0,81,28.2
2025-05-08T08:00,26.7,68,29.8
2025-05-08T09:00,29.4,57,32.0
2025-05-08T10:00,31.0,51,33.8
2025-05-08T11:00,30.7,51,33.9
2025-05-08T12:00,31.2,48,33.9
2025-05-08T13:00,31.6,47,34.5
2025-05-08T14:00,31.3,49,33.7
2025-05-08T15:00,31.9,48,34.9
2025-05-08T16:00,29.8,54,32.4
2025-05-08T17:00,29.8,56,32.7
2025-05-08T18:00,32.4,36,33.7
2025-05-08T19:00,31.2,43,33.2
2025-05-08T20:00,30.3,46,32.1
2025-05-08T21:00,29.2,52,31.5
2025-05-08T22:00,28.4,56,30.8
2025-05-08T23:00,27.9,57,30.2
2025-05-09T00:00,26.9,63,28.9
2025-05-09T01:00,26.3,65,28.5
2025-05-09T02:00,26.0,66,28.4
2025-05-09T03:00,25.8,67,28.4
2025-05-09T04:00,25.5,69,28.4
2025-05-09T05:00,25.1,71,28.0
2025-05-09T06:00,26.3,67,29.2
2025-05-09T07:00,27.5,62,30.3
2025-05-09T08:00,29.6,55,32.9
2025-05-09T09:00,31.6,48,34.5
2025-05-09T10:00,32.8,44,36.0
2025-05-09T11:00,34.0,39,37.3
2025-05-09T12:00,35.2,35,38.6
2025-05-09T13:00,36.3,31,39.4
2025-05-09T14:00,37.0,29,39.0
2025-05-09T15:00,37.1,28,38.0
2025-05-09T16:00,32.9,43,34.7
2025-05-09T17:00,31.9,45,34.0
2025-05-09T18:00,34.1,34,35.3
2025-05-09T19:00,33.0,37,34.3
2025-05-09T20:00,32.1,39,33.6
2025-05-09T21:00,31.1,44,33.3
2025-05-09T22:00,30.4,46,32.7
2025-05-09T23:00,29.9,54,33.2
2025-05-10T00:00,29.5,54,32.7
2025-05-10T01:00,28.9,55,31.9
2025-05-10T02:00,28.7,54,31.5
2025-05-10T03:00,28.1,52,30.2
2025-05-10T04:00,27.5,54,29.4
2025-05-10T05:00,26.6,59,29.0
2025-05-10T06:00,28.3,60,31.3
2025-05-10T07:00,29.7,55,33.0
2025-05-10T08:00,32.0,47,34.9
2025-05-10T09:00,33.8,39,36.1
2025-05-10T10:00,35.1,35,37.7
2025-05-10T11:00,36.2,32,39.3
2025-05-10T12:00,37.1,30,40.3
2025-05-10T13:00,36.2,30,37.3
2025-05-10T14:00,29.1,60,30.6
2025-05-10T15:00,32.2,45,34.3
2025-05-10T16:00,32.9,45,35.2
2025-05-10T17:00,31.5,50,34.0
2025-05-10T18:00,31.6,51,35.2
2025-05-10T19:00,30.2,57,33.7
2025-05-10T20:00,29.4,68,34.3
2025-05-10T21:00,29.3,69,34.5
2025-05-10T22:00,29.1,67,34.1
2025-05-10T23:00,28.6,69,33.5
2025-05-11T00:00,28.2,70,32.9
2025-05-11T01:00,27.4,73,32.1
2025-05-11T02:00,26.7,73,30.7
2025-05-11T03:00,26.1,76,30.1
2025-05-11T04:00,25.5,78,29.5
2025-05-11T05:00,25.1,79,29.1
2025-05-11T06:00,26.3,80,30.8
2025-05-11T07:00,27.7,71,32.2
2025-05-11T08:00,29.7,60,33.6
2025-05-11T09:00,31.7,49,34.6
2025-05-11T10:00,33.3,43,36.6
2025-05-11T11:00,34.8,38,38.3
2025-05-11T12:00,36.1,33,39.2
2025-05-11T13:00,37.2,29,39.8
2025-05-11T14:00,37.8,26,38.8
2025-05-11T15:00,38.0,23,37.5
2025-05-11T16:00,38.2,22,37.9
2025-05-11T17:00,37.9,22,37.2
2025-05-11T18:00,35.8,40,39.7
2025-05-11T19:00,34.1,43,37.6
2025-05-11T20:00,32.8,32,32.0
2025-05-11T21:00,31.0,38,31.7
2025-05-11T22:00,30.0,44,31.5
2025-05-11T23:00,29.7,43,30.7
2025-05-12T00:00,28.8,44,29.7
2025-05-12T01:00,27.9,50,29.3
2025-05-12T02:00,27.8,52,29.9
2025-05-12T03:00,27.6,51,29.8
2025-05-12T04:00,26.8,54,28.7
2025-05-12T05:00,25.5,56,26.9
2025-05-12T06:00,26.2,57,27.9
2025-05-12T07:00,27.9,52,29.6
2025-05-12T08:00,30.7,42,32.1
2025-05-12T09:00,33.1,34,33.7
2025-05-12T10:00,35.1,28,35.9
2025-05-12T11:00,36.9,24,37.6
2025-05-12T12:00,38.2,22,39.0
2025-05-12T13:00,39.2,19,39.6
2025-05-12T14:00,39.6,18,38.9
2025-05-12T15:00,39.4,17,37.7
2025-05-12T16:00,39.2,17,37.4
2025-05-12T17:00,38.6,18,37.0
2025-05-12T18:00,36.9,19,36.0
2025-05-12T19:00,35.3,28,36.4
2025-05-12T20:00,34.7,34,36.9
2025-05-12T21:00,33.6,31,34.8
2025-05-12T22:00,31.7,31,31.9
2025-05-12T23:00,31.1,32,31.1
2025-05-13T00:00,30.5,33,30.3
2025-05-13T01:00,29.6,34,29.4
2025-05-13T02:00,29.5,33,29.0
2025-05-13T03:00,28.7,35,28.0
2025-05-13T04:00,28.4,35,27.3
2025-05-13T05:00,28.1,35,26.9
2025-05-13T06:00,30.1,37,29.9
2025-05-13T07:00,31.2,35,31.1
2025-05-13T08:00,32.9,31,32.7
2025-05-13T09:00,34.9,28,34.5
2025-05-13T10:00,37.0,24,36.9
2025-05-13T11:00,39.0,19,38.7
2025-05-13T12:00,40.3,16,39.9
2025-05-13T13:00,41.0,15,40.3
2025-05-13T14:00,41.3,14,40.1
2025-05-13T15:00,40.7,14,38.0
2025-05-13T16:00,40.5,14,37.9
2025-05-13T17:00,38.9,16,35.7
2025-05-13T18:00,38.2,17,36.4
2025-05-13T19:00,36.8,18,34.7
2025-05-13T20:00,35.2,21,33.9
2025-05-13T21:00,33.9,22,32.9
2025-05-13T22:00,33.6,22,32.4
2025-05-13T23:00,32.9,22,31.7
2025-05-14T00:00,32.2,23,30.9
2025-05-14T01:00,31.8,23,30.3
2025-05-14T02:00,31.2,25,29.3
2025-05-14T03:00,30.2,27,28.6
2025-05-14T04:00,29.1,28,27.2
2025-05-14T05:00,28.5,29,26.6
2025-05-14T06:00,28.6,36,28.0
2025-05-14T07:00,30.2,33,29.8
2025-05-14T08:00,32.6,29,32.2
2025-05-14T09:00,35.1,25,34.5
2025-05-14T10:00,37.2,23,37.4
2025-05-14T11:00,38.9,20,39.4
2025-05-14T12:00,40.3,16,40.3
2025-05-14T13:00,41.0,13,40.0
2025-05-14T14:00,41.2,12,39.4
2025-05-14T15:00,41.1,12,38.5
2025-05-14T16:00,40.9,12,37.8
2025-05-14T17:00,40.2,12,36.7
2025-05-14T18:00,39.6,13,37.1
2025-05-14T19:00,37.9,15,36.2
2025-05-14T20:00,37.0,17,35.5
2025-05-14T21:00,35.5,20,34.7
2025-05-14T22:00,34.3,23,33.7
2025-05-14T23:00,34.0,23,33.9
2025-05-15T00:00,33.2,30,34.1
2025-05-15T01:00,31.9,27,31.8
2025-05-15T02:00,31.2,29,31.3
2025-05-15T03:00,30.7,30,30.9
2025-05-15T04:00,30.0,32,30.4
2025-05-15T05:00,29.7,33,30.1
2025-05-15T06:00,30.3,32,29.7
2025-05-15T07:00,31.8,30,31.4
2025-05-15T08:00,34.1,26,33.9
2025-05-15T09:00,36.8,22,36.4
2025-05-15T10:00,38.6,19,38.6
2025-05-15T11:00,39.8,17,39.9
2025-05-15T12:00,40.8,15,40.7
2025-05-15T13:00,41.6,13,41.0
2025-05-15T14:00,41.9,12,40.6
2025-05-15T15:00,41.7,12,39.7
2025-05-15T16:00,41.3,13,38.8
2025-05-15T17:00,41.0,13,38.6
2025-05-15T18:00,40.1,13,37.9
2025-05-15T19:00,38.6,14,36.6
2025-05-15T20:00,37.8,15,35.8
2025-05-15T21:00,36.8,15,34.8
2025-05-15T22:00,36.1,15,34.2
2025-05-15T23:00,34.6,17,32.8
2025-05-16T00:00,33.1,20,31.5
2025-05-16T01:00,31.8,23,30.5
2025-05-16T02:00,31.3,24,30.0
2025-05-16T03:00,30.3,26,29.2
2025-05-16T04:00,29.4,28,28.1
2025-05-16T05:00,28.8,29,27.6
2025-05-16T06:00,31.2,30,31.2
2025-05-16T07:00,33.7,25,32.9
2025-05-16T08:00,35.9,22,34.9
2025-05-16T09:00,37.4,20,36.2
2025-05-16T10:00,39.4,18,38.6
2025-05-16T11:00,40.7,17,40.3
2025-05-16T12:00,41.8,15,40.8
2025-05-16T13:00,42.4,13,40.8
2025-05-16T14:00,42.4,13,39.6
2025-05-16T15:00,42.7,13,39.9
2025-05-16T16:00,41.9,13,39.8
2025-05-16T17:00,39.8,17,37.8
2025-05-16T18:00,36.7,30,36.5
2025-05-16T19:00,35.2,35,36.4
2025-05-16T20:00,34.6,35,35.8
2025-05-16T21:00,33.6,36,34.7
2025-05-16T22:00,33.0,36,33.6
2025-05-16T23:00,32.4,37,32.8
2025-05-17T00:00,31.4,41,32.6
2025-05-17T01:00,30.7,44,32.1
2025-05-17T02:00,29.7,46,31.6
2025-05-17T03:00,29.8,44,31.1
2025-05-17T04:00,29.7,41,30.4
2025-05-17T05:00,29.2,39,29.8
2025-05-17T06:00,32.9,28,31.9
2025-05-17T07:00,33.4,28,33.7
2025-05-17T08:00,34.8,27,34.3
2025-05-17T09:00,36.5,25,36.6
2025-05-17T10:00,39.1,22,39.6
2025-05-17T11:00,40.6,21,41.4
2025-05-17T12:00,41.5,19,42.1
2025-05-17T13:00,41.3,17,40.6
2025-05-17T14:00,42.8,14,40.9
2025-05-17T15:00,42.1,14,39.0
2025-05-17T16:00,42.0,14,39.1
2025-05-17T17:00,41.4,15,38.6
2025-05-17T18:00,38.8,21,38.4
2025-05-17T19:00,36.1,26,35.1
2025-05-17T20:00,34.8,29,34.9
2025-05-17T21:00,33.6,32,34.4
2025-05-17T22:00,32.6,35,33.3
2025-05-17T23:00,31.7,37,32.1
2025-05-18T00:00,30.9,37,31.1
2025-05-18T01:00,30.1,39,30.2
2025-05-18T02:00,29.5,39,29.6
2025-05-18T03:00,29.7,34,28.9
2025-05-18T04:00,30.3,27,28.4
2025-05-18T05:00,29.9,27,28.8
2025-05-18T06:00,31.4,30,30.9
2025-05-18T07:00,32.4,30,32.9
2025-05-18T08:00,34.2,28,34.9
2025-05-18T09:00,36.4,26,36.8
2025-05-18T10:00,38.4,24,39.2
2025-05-18T11:00,39.6,24,40.9
2025-05-18T12:00,40.8,22,42.3
2025-05-18T13:00,41.4,21,42.7
2025-05-18T14:00,41.8,20,42.1
2025-05-18T15:00,41.9,18,40.5
2025-05-18T16:00,42.1,16,40.6
2025-05-18T17:00,41.8,16,40.7
2025-05-18T18:00,36.4,37,37.7
2025-05-18T19:00,35.4,38,37.3
2025-05-18T20:00,34.3,43,36.3
2025-05-18T21:00,33.1,49,36.0
2025-05-18T22:00,32.3,52,35.3
2025-05-18T23:00,31.9,52,34.6
2025-05-19T00:00,31.3,52,33.7
2025-05-19T01:00,30.6,54,33.0
2025-05-19T02:00,29.9,57,32.6
2025-05-19T03:00,29.4,60,32.3
2025-05-19T04:00,28.8,63,31.9
2025-05-19T05:00,28.2,66,31.4
2025-05-19T06:00,29.3,64,32.7
2025-05-19T07:00,30.2,61,33.6
2025-05-19T08:00,31.8,56,35.3
2025-05-19T09:00,34.1,48,37.6
2025-05-19T10:00,36.2,41,40.4
2025-05-19T11:00,38.3,35,42.9
2025-05-19T12:00,39.7,30,43.9
2025-05-19T13:00,40.8,27,45.0
2025-05-19T14:00,42.0,22,43.3
2025-05-19T15:00,41.7,19,41.1
2025-05-19T16:00,41.3,21,41.6
2025-05-19T17:00,40.2,24,41.1
2025-05-19T18:00,37.0,39,39.5
2025-05-19T19:00,35.9,42,38.7
2025-05-19T20:00,34.1,48,37.1
2025-05-19T21:00,33.3,51,36.7
2025-05-19T22:00,32.6,54,36.3
2025-05-19T23:00,32.1,55,35.8
2025-05-20T00:00,31.6,56,35.1
2025-05-20T01:00,31.2,57,34.8
2025-05-20T02:00,30.6,59,34.2
2025-05-20T03:00,29.9,62,33.4
2025-05-20T04:00,29.0,67,32.7
2025-05-20T05:00,28.0,71,31.7
2025-05-20T06:00,29.6,66,33.3
2025-05-20T07:00,30.5,61,34.1
2025-05-20T08:00,32.3,55,36.0
2025-05-20T09:00,34.5,47,38.1
2025-05-20T10:00,36.8,38,41.1
2025-05-20T11:00,39.0,31,43.5
2025-05-20T12:00,41.1,24,44.0
2025-05-20T13:00,42.2,21,43.3
2025-05-20T14:00,42.4,19,42.4
2025-05-20T15:00,42.6,17,41.0
2025-05-20T16:00,39.0,24,37.5
2025-05-20T17:00,39.0,24,38.9
2025-05-20T18:00,39.8,23,39.8
2025-05-20T19:00,35.9,47,39.6
2025-05-20T20:00,34.4,52,38.5
2025-05-20T21:00,33.8,54,38.2
2025-05-20T22:00,33.0,56,37.2
2025-05-20T23:00,32.3,58,36.4
2025-05-21T00:00,32.0,56,35.5
2025-05-21T01:00,31.8,55,35.0
2025-05-21T02:00,31.5,55,34.7
2025-05-21T03:00,30.8,57,34.2
2025-05-21T04:00,30.3,59,33.6
2025-05-21T05:00,29.8,60,33.1
2025-05-21T06:00,31.9,59,36.2
2025-05-21T07:00,31.0,61,34.2
2025-05-21T08:00,32.4,52,35.1
2025-05-21T09:00,34.6,43,37.0
2025-05-21T10:00,36.9,36,40.2
2025-05-21T11:00,38.8,30,42.8
2025-05-21T12:00,40.3,26,44.1
2025-05-21T13:00,41.3,24,44.6
2025-05-21T14:00,42.2,21,44.6
2025-05-21T15:00,43.0,18,43.9
2025-05-21T16:00,41.3,17,38.3
2025-05-21T17:00,37.7,26,37.3
2025-05-21T18:00,35.0,48,38.2
2025-05-21T19:00,34.4,48,37.0
2025-05-21T20:00,33.2,53,36.3
2025-05-21T21:00,32.4,57,35.8
2025-05-21T22:00,31.7,60,35.5
2025-05-21T23:00,31.2,61,34.7
2025-05-22T00:00,30.9,61,34.4
2025-05-22T01:00,30.5,62,34.0
2025-05-22T02:00,30.1,63,33.5
2025-05-22T03:00,29.7,64,33.1
2025-05-22T04:00,29.2,66,32.7
2025-05-22T05:00,28.4,70,31.6
2025-05-22T06:00,25.0,78,28.2
2025-05-22T07:00,26.3,71,29.2
2025-05-22T08:00,28.2,64,30.6
2025-05-22T09:00,30.0,58,32.1
2025-05-22T10:00,31.9,53,35.0
2025-05-22T11:00,33.5,48,36.9
2025-05-22T12:00,34.9,44,38.4
2025-05-22T13:00,36.0,39,39.8
2025-05-22T14:00,36.8,36,40.1
2025-05-22T15:00,37.0,36,39.6
2025-05-22T16:00,36.8,36,38.9
2025-05-22T17:00,36.3,37,38.3
2025-05-22T18:00,32.4,50,34.9
2025-05-22T19:00,31.5,53,34.1
2025-05-22T20:00,30.6,56,33.2
2025-05-22T21:00,29.8,59,32.7
2025-05-22T22:00,29.4,60,32.1
2025-05-22T23:00,28.9,61,31.6
2025-05-23T00:00,28.4,62,30.9
2025-05-23T01:00,28.0,64,30.4
2025-05-23T02:00,27.5,66,30.0
2025-05-23T03:00,27.1,68,29.7
2025-05-23T04:00,26.7,71,29.4
2025-05-23T05:00,26.4,74,29.1
2025-05-23T06:00,27.5,70,30.6
2025-05-23T07:00,28.6,68,31.9
2025-05-23T08:00,30.4,62,33.5
2025-05-23T09:00,32.4,52,35.0
2025-05-23T10:00,34.2,45,37.2
2025-05-23T11:00,35.7,41,39.2
2025-05-23T12:00,36.7,38,40.4
2025-05-23T13:00,37.6,36,41.3
2025-05-23T14:00,38.1,35,41.4
2025-05-23T15:00,38.2,35,40.8
2025-05-23T16:00,37.1,38,39.5
2025-05-23T17:00,36.2,40,38.6
2025-05-23T18:00,35.5,39,37.3
2025-05-23T19:00,34.4,42,36.0
2025-05-23T20:00,33.5,45,35.5
2025-05-23T21:00,32.7,48,35.0
2025-05-23T22:00,32.1,49,34.3
2025-05-23T23:00,31.4,52,33.9
2025-05-24T00:00,30.8,54,33.2
2025-05-24T01:00,30.2,56,32.6
2025-05-24T02:00,29.7,58,32.2
2025-05-24T03:00,29.3,60,31.9
2025-05-24T04:00,28.9,62,31.6
2025-05-24T05:00,28.5,64,31.1
2025-05-24T06:00,30.7,59,33.7
2025-05-24T07:00,31.4,57,34.4
2025-05-24T08:00,32.9,53,35.7
2025-05-24T09:00,34.3,48,36.6
2025-05-24T10:00,35.6,44,38.6
2025-05-24T11:00,36.5,42,40.2
2025-05-24T12:00,37.0,41,40.9
2025-05-24T13:00,37.7,39,41.3
2025-05-24T14:00,37.7,38,41.1
2025-05-24T15:00,36.2,40,38.3
2025-05-24T16:00,35.6,42,38.8
2025-05-24T17:00,35.8,41,38.4
2025-05-24T18:00,36.3,36,37.4
2025-05-24T19:00,35.4,38,36.8
2025-05-24T20:00,34.2,42,35.7
2025-05-24T21:00,33.6,43,34.9
2025-05-24T22:00,32.7,46,34.3
2025-05-24T23:00,31.8,49,33.5
2025-05-25T00:00,31.1,52,32.7
2025-05-25T01:00,30.7,54,32.5
2025-05-25T02:00,30.1,56,32.2
2025-05-25T03:00,29.6,58,31.7
2025-05-25T04:00,29.0,62,31.5
2025-05-25T05:00,28.4,65,31.1
2025-05-25T06:00,23.0,90,26.2
2025-05-25T07:00,24.0,82,27.4
2025-05-25T08:00,25.3,73,28.0
2025-05-25T09:00,26.2,68,28.3
2025-05-25T10:00,27.1,54,28.1
2025-05-25T11:00,28.2,58,30.5
2025-05-25T12:00,28.5,60,31.8
2025-05-25T13:00,30.4,58,35.6
2025-05-25T14:00,30.8,58,34.9
2025-05-25T15:00,31.1,58,35.2
2025-05-25T16:00,30.8,58,34.5
2025-05-25T17:00,31.2,57,35.2
2025-05-25T18:00,30.2,65,34.4
2025-05-25T19:00,29.0,73,34.1
2025-05-25T20:00,28.4,74,32.9
2025-05-25T21:00,26.4,81,30.6
2025-05-25T22:00,26.4,85,30.9
2025-05-25T23:00,26.3,83,30.7
2025-05-26T00:00,26.3,81,30.5
2025-05-26T01:00,25.5,82,29.1
2025-05-26T02:00,25.3,83,28.8
2025-05-26T03:00,24.2,87,27.0
2025-05-26T04:00,24.3,84,27.1
2025-05-26T05:00,24.1,84,27.0
2025-05-26T06:00,26.7,79,29.7
2025-05-26T07:00,27.8,76,32.1
2025-05-26T08:00,28.7,70,32.4
2025-05-26T09:00,30.0,66,34.1
2025-05-26T10:00,31.4,59,35.6
2025-05-26T11:00,32.3,55,36.4
2025-05-26T12:00,33.9,48,38.8
2025-05-26T13:00,34.9,43,39.8
2025-05-26T14:00,35.5,40,39.8
2025-05-26T15:00,35.7,39,39.3
2025-05-26T16:00,35.6,39,38.8
2025-05-26T17:00,35.3,40,38.2
2025-05-26T18:00,32.3,57,37.0
2025-05-26T19:00,30.7,63,35.1
2025-05-26T20:00,29.6,67,34.1
2025-05-26T21:00,29.1,70,33.9
2025-05-26T22:00,28.5,74,33.6
2025-05-26T23:00,28.2,76,33.3
2025-05-27T00:00,27.8,77,32.8
2025-05-27T01:00,27.5,78,32.4
2025-05-27T02:00,27.1,79,31.8
2025-05-27T03:00,26.8,79,31.3
2025-05-27T04:00,26.5,80,30.8
2025-05-27T05:00,26.2,80,30.2
2025-05-27T06:00,27.5,80,32.5
2025-05-27T07:00,28.7,76,34.1
2025-05-27T08:00,30.2,70,35.5
2025-05-27T09:00,31.6,63,36.1
2025-05-27T10:00,32.8,56,37.8
2025-05-27T11:00,33.7,51,39.3
2025-05-27T12:00,34.5,48,40.3
2025-05-27T13:00,35.2,45,40.9
2025-05-27T14:00,35.8,41,40.8
2025-05-27T15:00,36.1,40,40.2
2025-05-27T16:00,36.0,40,39.5
2025-05-27T17:00,35.4,42,39.0
2025-05-27T18:00,34.2,48,38.3
2025-05-27T19:00,32.6,55,37.0
2025-05-27T20:00,31.6,60,35.9
2025-05-27T21:00,30.8,63,35.2
2025-05-27T22:00,30.2,65,34.7
2025-05-27T23:00,29.6,67,34.1
2025-05-28T00:00,29.0,69,33.5
2025-05-28T01:00,28.6,70,33.0
2025-05-28T02:00,28.3,71,32.6
2025-05-28T03:00,28.1,72,32.3
2025-05-28T04:00,27.9,73,31.9
2025-05-28T05:00,27.4,75,31.5
2025-05-28T06:00,29.8,70,34.7
2025-05-28T07:00,31.2,64,36.7
2025-05-28T08:00,32.7,59,37.7
2025-05-28T09:00,34.0,53,38.9
2025-05-28T10:00,35.4,46,40.5
2025-05-28T11:00,36.6,42,42.1
2025-05-28T12:00,37.6,39,43.4
2025-05-28T13:00,38.7,36,44.3
2025-05-28T14:00,39.4,33,44.3
2025-05-28T15:00,39.5,32,43.0
2025-05-28T16:00,39.1,32,41.2
2025-05-28T17:00,37.7,33,39.2
2025-05-28T18:00,36.5,38,39.7
2025-05-28T19:00,34.5,46,38.2
2025-05-28T20:00,32.6,56,37.1
2025-05-28T21:00,31.4,62,36.2
2025-05-28T22:00,30.6,67,35.5
2025-05-28T23:00,29.8,71,34.6
2025-05-29T00:00,29.1,75,34.1
2025-05-29T01:00,28.4,79,33.7
2025-05-29T02:00,28.0,81,33.5
2025-05-29T03:00,27.8,82,33.5
2025-05-29T04:00,27.8,82,33.3
2025-05-29T05:00,27.6,82,33.1
2025-05-29T06:00,30.3,68,35.9
2025-05-29T07:00,31.4,65,36.7
2025-05-29T08:00,32.7,58,37.5
2025-05-29T09:00,34.8,50,38.7
2025-05-29T10:00,36.3,41,39.5
2025-05-29T11:00,38.3,35,42.8
2025-05-29T12:00,39.0,32,43.1
2025-05-29T13:00,39.8,29,43.1
2025-05-29T14:00,40.1,28,42.3
2025-05-29T15:00,39.5,27,41.1
2025-05-29T16:00,39.7,25,41.0
2025-05-29T17:00,39.0,25,40.4
2025-05-29T18:00,35.7,41,38.6
2025-05-29T19:00,34.3,46,37.9
2025-05-29T20:00,33.3,47,36.1
2025-05-29T21:00,32.6,48,35.5
2025-05-29T22:00,31.4,53,34.8
2025-05-29T23:00,30.6,54,33.7
2025-05-30T00:00,29.9,54,32.6
2025-05-30T01:00,29.5,53,31.9
2025-05-30T02:00,28.8,55,31.2
2025-05-30T03:00,28.2,60,31.3
2025-05-30T04:00,28.0,61,31.3
2025-05-30T05:00,27.1,69,30.9
2025-05-30T06:00,28.3,65,32.0
2025-05-30T07:00,29.3,62,33.4
2025-05-30T08:00,31.6,55,35.8
2025-05-30T09:00,34.5,39,36.7
2025-05-30T10:00,35.2,34,35.8
2025-05-30T11:00,34.6,33,35.1
2025-05-30T12:00,34.3,36,36.0
2025-05-30T13:00,35.5,37,37.7
2025-05-30T14:00,34.3,42,36.9
2025-05-30T15:00,35.4,38,38.1
2025-05-30T16:00,36.1,34,38.5
2025-05-30T17:00,36.0,31,37.9
2025-05-30T18:00,33.0,46,35.8
2025-05-30T19:00,31.5,51,34.6
2025-05-30T20:00,30.5,54,33.5
2025-05-30T21:00,29.6,55,32.3
2025-05-30T22:00,29.1,55,31.7
2025-05-30T23:00,28.4,59,31.3
2025-05-31T00:00,27.5,64,30.8
2025-05-31T01:00,26.8,65,29.8
2025-05-31T02:00,26.5,62,28.9
2025-05-31T03:00,26.3,63,28.8
2025-05-31T04:00,26.1,64,28.7
2025-05-31T05:00,26.3,60,28.2
2025-05-31T06:00,28.3,65,31.9
2025-05-31T07:00,30.3,60,34.2
2025-05-31T08:00,32.5,53,36.6
2025-05-31T09:00,34.7,42,37.8
2025-05-31T10:00,36.5,34,39.8
2025-05-31T11:00,37.9,30,41.6
2025-05-31T12:00,39.1,27,42.5
2025-05-31T13:00,39.7,24,41.6
2025-05-31T14:00,39.0,23,38.7
2025-05-31T15:00,39.5,20,39.1
2025-05-31T16:00,38.9,19,37.9
2025-05-31T17:00,35.4,28,34.6
2025-05-31T18:00,28.5,67,31.8
2025-05-31T19:00,29.8,56,32.8
2025-05-31T20:00,29.9,52,32.0
2025-05-31T21:00,29.0,54,31.0
2025-05-31T22:00,28.7,57,31.6
2025-05-31T23:00,28.6,54,30.7
2025-06-01T00:00,28.2,62,31.7
2025-06-01T01:00,27.3,64,30.4
2025-06-01T02:00,27.2,58,29.2
2025-06-01T03:00,27.4,54,28.6
2025-06-01T04:00,27.1,53,27.9
2025-06-01T05:00,27.0,55,27.7
2025-06-01T06:00,29.5,51,31.0
2025-06-01T07:00,31.6,45,33.1
2025-06-01T08:00,33.7,43,35.1
2025-06-01T09:00,34.8,41,35.7
2025-06-01T10:00,35.3,35,35.4
2025-06-01T11:00,34.9,34,35.6
2025-06-01T12:00,36.2,30,37.7
2025-06-01T13:00,37.3,27,39.4
2025-06-01T14:00,35.4,31,36.4
2025-06-01T15:00,36.3,30,37.0
2025-06-01T16:00,36.0,30,36.6
2025-06-01T17:00,36.0,27,35.8
2025-06-01T18:00,26.4,71,28.4
2025-06-01T19:00,27.0,67,29.4
2025-06-01T20:00,26.9,64,28.9
2025-06-01T21:00,27.3,61,29.6
2025-06-01T22:00,27.7,60,30.2
2025-06-01T23:00,27.4,62,30.2
2025-06-02T00:00,27.2,62,29.9
2025-06-02T01:00,26.8,60,28.7
2025-06-02T02:00,26.1,59,27.2
2025-06-02T03:00,25.6,59,26.7
2025-06-02T04:00,25.1,66,27.8
2025-06-02T05:00,24.1,73,27.0
2025-06-02T06:00,28.3,60,31.7
2025-06-02T07:00,29.1,57,32.0
2025-06-02T08:00,30.4,53,33.4
2025-06-02T09:00,32.0,48,35.1
2025-06-02T10:00,33.7,43,37.7
2025-06-02T11:00,35.3,38,39.7
2025-06-02T12:00,36.4,33,39.7
2025-06-02T13:00,37.1,29,38.5
2025-06-02T14:00,36.7,30,37.5
2025-06-02T15:00,36.1,32,38.1
2025-06-02T16:00,36.3,32,38.4
2025-06-02T17:00,35.3,32,36.6
2025-06-02T18:00,32.1,43,33.4
2025-06-02T19:00,31.5,45,33.2
2025-06-02T20:00,30.5,44,31.7
2025-06-02T21:00,29.4,46,30.3
2025-06-02T22:00,28.9,47,30.3
2025-06-02T23:00,28.4,55,31.3
2025-06-03T00:00,28.1,61,31.6
2025-06-03T01:00,27.7,60,31.1
2025-06-03T02:00,27.0,58,29.4
2025-06-03T03:00,26.8,50,27.5
2025-06-03T04:00,26.3,50,26.6
2025-06-03T05:00,25.8,55,26.7
2025-06-03T06:00,26.7,57,28.3
2025-06-03T07:00,27.5,55,29.5
2025-06-03T08:00,29.6,47,31.2
2025-06-03T09:00,31.7,39,33.3
2025-06-03T10:00,33.3,34,35.1
2025-06-03T11:00,34.6,31,36.1
2025-06-03T12:00,34.2,31,34.1
2025-06-03T13:00,34.0,33,34.0
2025-06-03T14:00,34.5,33,34.9
2025-06-03T15:00,33.5,35,34.3
2025-06-03T16:00,33.7,34,35.0
2025-06-03T17:00,34.0,32,35.4
2025-06-03T18:00,31.1,41,32.1
2025-06-03T19:00,30.2,46,32.0
2025-06-03T20:00,29.7,56,33.1
2025-06-03T21:00,29.1,58,32.4
2025-06-03T22:00,28.5,57,31.2
2025-06-03T23:00,27.1,60,29.1
2025-06-04T00:00,25.9,65,28.0
2025-06-04T01:00,25.3,70,27.7
2025-06-04T02:00,25.0,71,27.6
2025-06-04T03:00,24.7,74,27.7
2025-06-04T04:00,24.5,76,27.9
2025-06-04T05:00,24.5,75,27.8
2025-06-04T06:00,26.3,67,29.5
2025-06-04T07:00,26.6,67,29.6
2025-06-04T08:00,27.6,63,30.6
2025-06-04T09:00,28.2,61,31.4
2025-06-04T10:00,31.2,50,34.9
2025-06-04T11:00,33.3,42,37.2
2025-06-04T12:00,34.9,36,39.3
2025-06-04T13:00,36.4,29,39.8
2025-06-04T14:00,29.5,51,30.1
2025-06-04T15:00,30.3,49,32.4
2025-06-04T16:00,31.5,43,33.4
2025-06-04T17:00,31.3,44,33.2
2025-06-04T18:00,32.4,32,32.3
2025-06-04T19:00,30.8,38,31.3
2025-06-04T20:00,29.6,44,30.4
2025-06-04T21:00,28.3,52,30.4
2025-06-04T22:00,27.4,60,30.3
2025-06-04T23:00,27.1,59,29.8
2025-06-05T00:00,26.9,59,29.0
2025-06-05T01:00,26.1,63,28.5
2025-06-05T02:00,25.7,65,27.9
2025-06-05T03:00,25.3,67,27.7
2025-06-05T04:00,24.8,70,27.3
2025-06-05T05:00,24.4,72,27.2
2025-06-05T06:00,26.4,67,29.9
2025-06-05T07:00,27.8,59,30.7
2025-06-05T08:00,29.6,48,31.4
2025-06-05T09:00,31.3,40,32.8
2025-06-05T10:00,33.0,35,35.6
2025-06-05T11:00,34.4,31,37.3
2025-06-05T12:00,35.6,28,38.6
2025-06-05T13:00,36.3,26,38.9
2025-06-05T14:00,36.9,25,38.7
2025-06-05T15:00,37.2,24,37.8
2025-06-05T16:00,37.0,24,37.5
2025-06-05T17:00,35.9,25,35.8
2025-06-05T18:00,34.0,29,33.7
2025-06-05T19:00,32.4,36,33.4
2025-06-05T20:00,31.2,52,34.7
2025-06-05T21:00,31.1,52,34.8
2025-06-05T22:00,30.3,54,33.8
2025-06-05T23:00,29.1,54,32.0
2025-06-06T00:00,28.5,51,30.5
2025-06-06T01:00,28.2,51,29.8
2025-06-06T02:00,27.6,54,29.5
2025-06-06T03:00,27.0,56,29.0
2025-06-06T04:00,26.5,58,28.4
2025-06-06T05:00,25.9,60,28.2
2025-06-06T06:00,29.0,58,32.2
2025-06-06T07:00,30.5,50,33.5
2025-06-06T08:00,32.6,40,35.0
2025-06-06T09:00,34.1,34,35.9
2025-06-06T10:00,35.6,29,37.8
2025-06-06T11:00,36.1,29,37.8
2025-06-06T12:00,36.5,29,38.4
2025-06-06T13:00,37.2,28,39.1
2025-06-06T14:00,37.7,27,39.3
2025-06-06T15:00,37.8,27,38.4
2025-06-06T16:00,37.7,27,38.3
2025-06-06T17:00,37.4,27,38.1
2025-06-06T18:00,36.7,26,37.3
2025-06-06T19:00,34.8,33,35.7
2025-06-06T20:00,33.6,38,35.1
2025-06-06T21:00,32.5,41,34.6
2025-06-06T22:00,31.7,45,34.0
2025-06-06T23:00,30.8,48,33.3
2025-06-07T00:00,30.3,49,32.5
2025-06-07T01:00,29.7,50,31.5
2025-06-07T02:00,29.1,51,30.9
2025-06-07T03:00,28.6,52,30.3
2025-06-07T04:00,28.3,52,29.8
2025-06-07T05:00,28.0,52,29.5
2025-06-07T06:00,30.2,51,32.3
2025-06-07T07:00,31.9,46,34.5
2025-06-07T08:00,34.4,40,36.8
2025-06-07T09:00,36.9,30,37.9
2025-06-07T10:00,38.1,26,40.1
2025-06-07T11:00,39.4,24,41.8
2025-06-07T12:00,40.9,22,42.8
2025-06-07T13:00,41.2,22,43.0
2025-06-07T14:00,40.3,23,41.8
2025-06-07T15:00,40.2,24,41.1
2025-06-07T16:00,39.8,24,40.4
2025-06-07T17:00,38.8,27,39.8
2025-06-07T18:00,37.0,33,38.4
2025-06-07T19:00,35.8,35,37.5
2025-06-07T20:00,34.9,37,36.6
2025-06-07T21:00,34.1,40,36.5
2025-06-07T22:00,33.4,43,36.0
2025-06-07T23:00,32.9,44,35.7
2025-06-08T00:00,32.3,46,34.9
2025-06-08T01:00,31.2,50,33.8
2025-06-08T02:00,30.5,52,33.1
2025-06-08T03:00,29.9,53,32.2
2025-06-08T04:00,29.6,52,31.7
2025-06-08T05:00,29.6,51,31.6
2025-06-08T06:00,31.3,49,33.8
2025-06-08T07:00,32.8,45,35.4
2025-06-08T08:00,35.0,40,38.1
2025-06-08T09:00,37.2,34,40.0
2025-06-08T10:00,39.1,29,42.1
2025-06-08T11:00,40.6,25,43.7
2025-06-08T12:00,41.8,23,44.3
2025-06-08T13:00,42.6,21,44.4
2025-06-08T14:00,42.8,20,43.8
2025-06-08T15:00,42.8,20,43.0
2025-06-08T16:00,42.0,21,41.8
2025-06-08T17:00,41.0,23,40.9
2025-06-08T18:00,41.6,20,40.9
2025-06-08T19:00,40.2,23,40.7
2025-06-08T20:00,38.6,29,40.4
2025-06-08T21:00,37.0,41,41.4
2025-06-08T22:00,35.8,41,39.4
2025-06-08T23:00,34.7,43,38.2
2025-06-09T00:00,33.9,45,37.5
2025-06-09T01:00,33.4,42,35.3
2025-06-09T02:00,31.8,43,33.5
2025-06-09T03:00,30.9,43,32.6
2025-06-09T04:00,30.2,46,32.3
2025-06-09T05:00,30.0,44,31.5
2025-06-09T06:00,32.5,45,35.0
2025-06-09T07:00,33.7,42,36.2
2025-06-09T08:00,35.8,36,38.1
2025-06-09T09:00,37.8,31,39.3
2025-06-09T10:00,39.9,25,41.1
2025-06-09T11:00,41.4,21,42.6
2025-06-09T12:00,42.5,19,43.7
2025-06-09T13:00,43.3,17,44.2
2025-06-09T14:00,43.7,16,43.6
2025-06-09T15:00,43.4,16,42.3
2025-06-09T16:00,42.4,19,41.1
2025-06-09T17:00,41.7,21,41.0
2025-06-09T18:00,41.5,18,40.0
2025-06-09T19:00,40.0,18,38.4
2025-06-09T20:00,39.2,17,37.3
2025-06-09T21:00,37.9,18,36.6
2025-06-09T22:00,36.7,21,35.8
2025-06-09T23:00,36.0,22,35.0
2025-06-10T00:00,34.4,25,33.6
2025-06-10T01:00,32.8,28,32.0
2025-06-10T02:00,31.8,28,31.0
2025-06-10T03:00,31.1,28,30.1
2025-06-10T04:00,30.5,28,29.4
2025-06-10T05:00,30.1,28,28.6
2025-06-10T06:00,32.0,29,31.3
2025-06-10T07:00,33.7,26,33.0
2025-06-10T08:00,35.7,22,34.6
2025-06-10T09:00,37.8,20,36.3
2025-06-10T10:00,39.5,19,39.0
2025-06-10T11:00,41.0,18,41.2
2025-06-10T12:00,42.2,17,42.6
2025-06-10T13:00,42.7,16,42.7
2025-06-10T14:00,43.1,15,42.5
2025-06-10T15:00,42.9,15,41.6
2025-06-10T16:00,42.3,16,40.8
2025-06-10T17:00,41.6,18,40.6
2025-06-10T18:00,41.6,17,40.3
2025-06-10T19:00,40.3,19,39.8
2025-06-10T20:00,39.7,19,39.4
2025-06-10T21:00,38.6,22,39.4
2025-06-10T22:00,36.5,26,37.3
2025-06-10T23:00,35.9,28,37.1
2025-06-11T00:00,34.2,30,34.9
2025-06-11T01:00,32.7,36,34.0
2025-06-11T02:00,31.8,39,33.1
2025-06-11T03:00,31.0,41,32.6
2025-06-11T04:00,30.4,45,32.5
2025-06-11T05:00,30.1,44,32.1
2025-06-11T06:00,32.9,29,32.0
2025-06-11T07:00,34.2,27,33.5
2025-06-11T08:00,36.1,25,35.5
2025-06-11T09:00,38.1,24,37.8
2025-06-11T10:00,39.8,23,40.6
2025-06-11T11:00,41.2,22,42.9
2025-06-11T12:00,42.3,20,44.4
2025-06-11T13:00,43.1,19,45.1
2025-06-11T14:00,43.6,19,45.1
2025-06-11T15:00,43.4,19,44.2
2025-06-11T16:00,42.7,21,43.1
2025-06-11T17:00,41.5,24,42.5
2025-06-11T18:00,40.8,24,42.2
2025-06-11T19:00,38.6,35,40.8
2025-06-11T20:00,36.8,45,40.6
2025-06-11T21:00,36.0,50,40.4
2025-06-11T22:00,34.9,55,40.1
2025-06-11T23:00,34.2,58,39.7
2025-06-12T00:00,33.5,60,38.9
2025-06-12T01:00,33.0,61,38.4
2025-06-12T02:00,32.6,62,37.7
2025-06-12T03:00,32.1,63,37.0
2025-06-12T04:00,31.6,64,36.5
2025-06-12T05:00,31.1,65,35.9
2025-06-12T06:00,32.4,62,37.5
2025-06-12T07:00,33.7,55,38.5
2025-06-12T08:00,35.6,47,39.9
2025-06-12T09:00,37.6,40,41.5
2025-06-12T10:00,39.3,36,43.5
2025-06-12T11:00,40.8,33,45.3
2025-06-12T12:00,41.5,30,45.6
2025-06-12T13:00,41.9,29,46.2
2025-06-12T14:00,42.6,27,46.4
2025-06-12T15:00,43.1,25,46.2
2025-06-12T16:00,41.9,27,44.3
2025-06-12T17:00,38.6,40,42.8
2025-06-12T18:00,40.0,30,41.8
2025-06-12T19:00,38.3,39,41.3
2025-06-12T20:00,37.2,42,40.7
2025-06-12T21:00,36.5,45,40.2
2025-06-12T22:00,35.5,49,39.5
2025-06-12T23:00,34.7,51,38.9
2025-06-13T00:00,34.0,52,37.6
2025-06-13T01:00,33.2,53,36.9
2025-06-13T02:00,32.6,55,36.3
2025-06-13T03:00,32.1,56,35.8
2025-06-13T04:00,31.7,58,35.6
2025-06-13T05:00,31.3,60,35.2
2025-06-13T06:00,33.2,60,38.4
2025-06-13T07:00,34.4,55,39.3
2025-06-13T08:00,36.0,48,40.1
2025-06-13T09:00,37.8,41,41.6
2025-06-13T10:00,39.6,36,43.6
2025-06-13T11:00,40.8,32,44.6
2025-06-13T12:00,41.1,33,45.6
2025-06-13T13:00,39.4,41,44.2
2025-06-13T14:00,39.8,39,45.2
2025-06-13T15:00,40.3,37,44.8
2025-06-13T16:00,40.5,36,44.6
2025-06-13T17:00,40.0,37,43.9
2025-06-13T18:00,36.3,47,39.9
2025-06-13T19:00,35.2,51,39.1
2025-06-13T20:00,34.5,55,38.9
2025-06-13T21:00,33.9,58,38.9
2025-06-13T22:00,33.3,60,38.5
2025-06-13T23:00,32.7,62,37.8
2025-06-14T00:00,32.2,64,37.3
2025-06-14T01:00,31.9,64,36.7
2025-06-14T02:00,31.6,64,36.5
2025-06-14T03:00,31.3,64,36.3
2025-06-14T04:00,31.0,65,35.8
2025-06-14T05:00,30.6,67,35.5
2025-06-14T06:00,31.3,65,36.4
2025-06-14T07:00,32.5,61,37.8
2025-06-14T08:00,34.4,55,39.6
2025-06-14T09:00,36.3,49,41.4
2025-06-14T10:00,38.1,43,43.5
2025-06-14T11:00,39.6,37,45.4
2025-06-14T12:00,40.8,33,46.6
2025-06-14T13:00,41.6,30,46.5
2025-06-14T14:00,42.3,28,46.1
2025-06-14T15:00,42.9,25,45.6
2025-06-14T16:00,42.3,25,44.1
2025-06-14T17:00,38.4,43,42.4
2025-06-14T18:00,39.2,32,41.4
2025-06-14T19:00,37.8,35,40.2
2025-06-14T20:00,37.1,36,39.8
2025-06-14T21:00,36.3,39,38.8
2025-06-14T22:00,35.3,44,38.4
2025-06-14T23:00,34.8,46,37.9
2025-06-15T00:00,34.2,46,37.2
2025-06-15T01:00,33.6,47,36.7
2025-06-15T02:00,32.9,50,36.2
2025-06-15T03:00,32.2,53,35.8
2025-06-15T04:00,31.8,54,35.6
2025-06-15T05:00,31.5,55,35.2
2025-06-15T06:00,29.6,70,33.4
2025-06-15T07:00,30.8,62,33.3
2025-06-15T08:00,31.2,56,34.8
2025-06-15T09:00,33.7,48,37.0
2025-06-15T10:00,35.7,41,37.9
2025-06-15T11:00,33.3,58,37.2
2025-06-15T12:00,35.3,50,39.9
2025-06-15T13:00,37.5,43,42.7
2025-06-15T14:00,37.9,41,42.5
2025-06-15T15:00,37.8,41,42.0
2025-06-15T16:00,37.5,42,41.6
2025-06-15T17:00,37.4,43,41.8
2025-06-15T18:00,33.9,58,39.2
2025-06-15T19:00,33.2,60,38.7
2025-06-15T20:00,32.9,62,38.9
2025-06-15T21:00,32.8,64,39.1
2025-06-15T22:00,32.6,66,38.8
2025-06-15T23:00,32.2,68,38.3
2025-06-16T00:00,31.6,70,37.8
2025-06-16T01:00,30.9,73,36.8
2025-06-16T02:00,30.1,78,36.4
2025-06-16T03:00,29.7,81,36.1
2025-06-16T04:00,29.1,83,34.3
2025-06-16T05:00,25.4,92,29.5
2025-06-16T06:00,24.8,98,30.1
2025-06-16T07:00,25.6,96,31.6
2025-06-16T08:00,26.9,90,33.3
2025-06-16T09:00,27.4,90,34.0
2025-06-16T10:00,27.5,89,33.8
2025-06-16T11:00,29.7,79,35.8
2025-06-16T12:00,30.7,76,37.2
2025-06-16T13:00,31.5,73,38.1
2025-06-16T14:00,31.8,71,38.1
2025-06-16T15:00,32.0,69,38.4
2025-06-16T16:00,32.0,69,38.2
2025-06-16T17:00,31.8,70,38.1
2025-06-16T18:00,31.8,74,39.2
2025-06-16T19:00,30.7,77,37.5
2025-06-16T20:00,30.0,79,36.3
2025-06-16T21:00,29.7,79,36.0
2025-06-16T22:00,28.1,84,34.2
2025-06-16T23:00,27.2,95,34.0
2025-06-17T00:00,26.7,96,33.0
2025-06-17T01:00,26.3,99,32.4
2025-06-17T02:00,26.2,97,32.3
2025-06-17T03:00,26.2,93,31.9
2025-06-17T04:00,25.6,96,31.6
2025-06-17T05:00,25.2,95,29.8
2025-06-17T06:00,26.1,95,32.5
2025-06-17T07:00,27.0,90,33.3
2025-06-17T08:00,27.4,89,33.9
2025-06-17T09:00,29.2,83,35.7
2025-06-17T10:00,30.8,76,38.0
2025-06-17T11:00,31.9,72,39.8
2025-06-17T12:00,32.6,69,40.9
2025-06-17T13:00,33.2,67,41.4
2025-06-17T14:00,33.4,65,40.8
2025-06-17T15:00,33.7,64,40.4
2025-06-17T16:00,33.5,64,39.6
2025-06-17T17:00,32.9,67,39.3
2025-06-17T18:00,30.9,73,37.5
2025-06-17T19:00,30.0,78,36.3
2025-06-17T20:00,28.8,80,34.4
2025-06-17T21:00,27.8,84,33.2
2025-06-17T22:00,27.2,83,32.4
2025-06-17T23:00,26.2,89,31.9
2025-06-18T00:00,25.6,90,31.0
2025-06-18T01:00,25.2,94,30.8
2025-06-18T02:00,24.9,94,30.2
2025-06-18T03:00,24.5,93,29.3
2025-06-18T04:00,24.0,94,28.3
2025-06-18T05:00,24.0,94,28.5
2025-06-18T06:00,25.8,90,31.4
2025-06-18T07:00,26.3,90,31.6
2025-06-18T08:00,27.4,85,33.1
2025-06-18T09:00,28.8,80,34.9
2025-06-18T10:00,30.3,74,37.3
2025-06-18T11:00,31.3,71,39.0
2025-06-18T12:00,32.0,67,39.9
2025-06-18T13:00,32.8,64,40.5
2025-06-18T14:00,33.1,62,40.2
2025-06-18T15:00,33.2,59,38.9
2025-06-18T16:00,33.2,57,38.5
2025-06-18T17:00,33.1,56,38.2
2025-06-18T18:00,31.4,71,37.9
2025-06-18T19:00,30.2,76,36.2
2025-06-18T20:00,29.5,77,35.4
2025-06-18T21:00,29.1,80,35.3
2025-06-18T22:00,28.9,82,35.2
2025-06-18T23:00,28.6,83,34.9
2025-06-19T00:00,28.3,85,34.7
2025-06-19T01:00,28.0,86,34.2
2025-06-19T02:00,27.7,88,34.1
2025-06-19T03:00,27.5,88,33.8
2025-06-19T04:00,27.4,88,33.3
2025-06-19T05:00,27.2,86,32.5
2025-06-19T06:00,27.0,88,32.9
2025-06-19T07:00,28.0,84,34.4
2025-06-19T08:00,29.3,78,35.6
2025-06-19T09:00,30.5,74,36.7
2025-06-19T10:00,31.1,73,37.1
2025-06-19T11:00,31.5,70,37.3
2025-06-19T12:00,32.0,68,38.4
2025-06-19T13:00,32.3,64,38.0
2025-06-19T14:00,32.7,61,38.2
2025-06-19T15:00,32.7,61,37.5
2025-06-19T16:00,32.5,62,37.4
2025-06-19T17:00,31.9,65,36.8
2025-06-19T18:00,31.3,69,37.1
2025-06-19T19:00,30.0,76,36.1
2025-06-19T20:00,29.6,80,36.3
2025-06-19T21:00,29.0,82,35.5
2025-06-19T22:00,28.6,85,35.0
2025-06-19T23:00,28.1,87,34.6
2025-06-20T00:00,27.7,88,34.0
2025-06-20T01:00,27.4,89,33.5
2025-06-20T02:00,27.2,90,33.5
2025-06-20T03:00,26.4,92,31.0
2025-06-20T04:00,25.5,93,30.6
2025-06-20T05:00,25.5,94,30.7
2025-06-20T06:00,27.2,93,33.7
2025-06-20T07:00,28.0,89,34.7
2025-06-20T08:00,29.0,83,35.2
2025-06-20T09:00,29.8,79,35.5
2025-06-20T10:00,30.2,77,35.9
2025-06-20T11:00,31.2,75,37.6
2025-06-20T12:00,31.7,72,37.6
2025-06-20T13:00,30.1,76,35.4
2025-06-20T14:00,30.4,74,35.9
2025-06-20T15:00,30.9,72,36.5
2025-06-20T16:00,30.8,73,36.6
2025-06-20T17:00,30.7,73,36.4
2025-06-20T18:00,30.0,80,36.5
2025-06-20T19:00,29.0,84,35.6
2025-06-20T20:00,28.4,87,35.1
2025-06-20T21:00,28.1,89,34.6
2025-06-20T22:00,27.7,91,34.2
2025-06-20T23:00,27.5,92,33.8
2025-06-21T00:00,27.2,93,33.6
2025-06-21T01:00,27.0,94,33.3
2025-06-21T02:00,26.8,94,33.0
2025-06-21T03:00,26.5,94,32.9
2025-06-21T04:00,26.3,95,32.7
2025-06-21T05:00,26.2,95,32.8
2025-06-21T06:00,26.8,95,33.1
2025-06-21T07:00,27.8,92,35.0
2025-06-21T08:00,29.3,84,36.2
2025-06-21T09:00,30.8,73,36.8
2025-06-21T10:00,32.1,65,38.0
2025-06-21T11:00,33.1,62,39.8
2025-06-21T12:00,33.8,59,40.8
2025-06-21T13:00,34.3,56,40.9
2025-06-21T14:00,34.6,57,41.5
2025-06-21T15:00,34.7,57,41.1
2025-06-21T16:00,34.7,58,41.0
2025-06-21T17:00,34.3,59,40.8
2025-06-21T18:00,31.9,71,38.7
2025-06-21T19:00,31.4,74,38.4
2025-06-21T20:00,30.8,79,37.9
2025-06-21T21:00,30.3,81,37.6
2025-06-21T22:00,30.0,83,37.4
2025-06-21T23:00,29.6,84,36.7
2025-06-22T00:00,29.2,85,36.0
2025-06-22T01:00,28.9,86,35.6
2025-06-22T02:00,28.5,87,35.2
2025-06-22T03:00,28.4,86,34.7
2025-06-22T04:00,28.2,86,34.6
2025-06-22T05:00,28.0,87,34.4
2025-06-22T06:00,29.5,83,36.2
2025-06-22T07:00,30.3,81,37.7
2025-06-22T08:00,31.5,74,38.8
2025-06-22T09:00,32.5,66,38.9
2025-06-22T10:00,33.6,62,40.1
2025-06-22T11:00,34.0,60,40.9
2025-06-22T12:00,33.6,60,38.9
2025-06-22T13:00,31.9,68,38.1
2025-06-22T14:00,32.7,66,39.0
2025-06-22T15:00,33.8,62,40.3
2025-06-22T16:00,33.9,61,40.1
2025-06-22T17:00,33.5,63,39.7
2025-06-22T18:00,32.1,68,37.9
2025-06-22T19:00,30.9,74,37.2
2025-06-22T20:00,30.3,78,36.8
2025-06-22T21:00,29.8,80,36.3
2025-06-22T22:00,29.4,82,36.1
2025-06-22T23:00,29.1,83,35.8
2025-06-23T00:00,28.9,84,35.3
2025-06-23T01:00,28.6,86,35.0
2025-06-23T02:00,28.3,87,35.0
2025-06-23T03:00,28.1,89,34.9
2025-06-23T04:00,27.8,91,34.9
2025-06-23T05:00,27.9,90,35.3
2025-06-23T06:00,29.4,88,37.2
2025-06-23T07:00,30.0,83,36.9
2025-06-23T08:00,30.9,77,38.1
2025-06-23T09:00,32.2,71,39.5
2025-06-23T10:00,33.6,62,40.6
2025-06-23T11:00,34.4,59,41.6
2025-06-23T12:00,35.1,56,42.2
2025-06-23T13:00,35.7,53,42.8
2025-06-23T14:00,35.6,53,41.9
2025-06-23T15:00,35.7,53,41.2
2025-06-23T16:00,35.5,53,40.9
2025-06-23T17:00,34.8,56,40.0
2025-06-23T18:00,32.1,70,38.4
2025-06-23T19:00,31.3,76,38.2
2025-06-23T20:00,30.9,79,38.2
2025-06-23T21:00,30.4,80,37.4
2025-06-23T22:00,29.7,83,36.5
2025-06-23T23:00,29.2,84,35.7
2025-06-24T00:00,28.7,86,35.4
2025-06-24T01:00,28.4,88,35.0
2025-06-24T02:00,28.1,89,34.6
2025-06-24T03:00,27.8,91,34.1
2025-06-24T04:00,27.5,92,34.1
2025-06-24T05:00,27.3,93,33.8
2025-06-24T06:00,27.9,88,34.1
2025-06-24T07:00,28.5,84,35.0
2025-06-24T08:00,30.1,78,36.7
2025-06-24T09:00,31.6,72,38.3
2025-06-24T10:00,32.5,68,39.0
2025-06-24T11:00,33.4,65,40.1
2025-06-24T12:00,34.9,59,42.6
2025-06-24T13:00,35.6,56,43.7
2025-06-24T14:00,36.0,53,43.6
2025-06-24T15:00,36.1,52,42.6
2025-06-24T16:00,36.0,52,42.0
2025-06-24T17:00,35.6,52,41.2
2025-06-24T18:00,31.1,81,38.9
2025-06-24T19:00,30.9,83,38.9
2025-06-24T20:00,30.8,84,38.6
2025-06-24T21:00,30.6,84,38.3
2025-06-24T22:00,30.5,81,37.4
2025-06-24T23:00,30.2,80,36.9
2025-06-25T00:00,29.9,81,36.5
2025-06-25T01:00,29.6,82,35.9
2025-06-25T02:00,28.9,82,34.5
2025-06-25T03:00,26.9,93,32.3
2025-06-25T04:00,26.5,96,32.5
2025-06-25T05:00,26.6,97,33.2
2025-06-25T06:00,27.3,94,34.2
2025-06-25T07:00,27.9,93,34.6
2025-06-25T08:00,28.8,88,35.1
2025-06-25T09:00,28.8,86,34.9
2025-06-25T10:00,28.6,87,34.6
2025-06-25T11:00,28.3,87,34.0
2025-06-25T12:00,28.7,85,34.3
2025-06-25T13:00,30.0,78,35.6
2025-06-25T14:00,31.5,70,36.9
2025-06-25T15:00,32.0,67,37.4
2025-06-25T16:00,32.1,68,37.6
2025-06-25T17:00,31.9,69,37.7
2025-06-25T18:00,30.9,78,37.8
2025-06-25T19:00,29.9,83,36.5
2025-06-25T20:00,29.2,86,35.8
2025-06-25T21:00,28.7,88,34.9
2025-06-25T22:00,28.4,89,34.7
2025-06-25T23:00,28.3,89,34.5
2025-06-26T00:00,28.1,90,34.3
2025-06-26T01:00,28.0,91,34.6
2025-06-26T02:00,26.5,93,32.2
2025-06-26T03:00,26.0,95,31.7
2025-06-26T04:00,26.3,95,31.9
2025-06-26T05:00,26.3,95,31.6
2025-06-26T06:00,28.3,87,34.4
2025-06-26T07:00,29.0,85,35.5
2025-06-26T08:00,30.2,81,37.0
2025-06-26T09:00,31.4,73,37.5
2025-06-26T10:00,32.5,68,38.8
2025-06-26T11:00,33.3,64,39.9
2025-06-26T12:00,33.8,61,40.4
2025-06-26T13:00,34.3,60,40.9
2025-06-26T14:00,34.4,58,40.7
2025-06-26T15:00,34.5,58,40.2
2025-06-26T16:00,34.0,59,39.3
2025-06-26T17:00,33.4,63,39.0
2025-06-26T18:00,32.6,68,39.0
2025-06-26T19:00,31.3,75,37.9
2025-06-26T20:00,30.7,78,37.2
2025-06-26T21:00,30.4,79,36.7
2025-06-26T22:00,30.0,78,35.9
2025-06-26T23:00,29.6,79,35.4
2025-06-27T00:00,29.2,81,35.0
2025-06-27T01:00,28.8,83,34.8
2025-06-27T02:00,28.4,84,34.4
2025-06-27T03:00,28.1,86,34.0
2025-06-27T04:00,27.8,87,33.6
2025-06-27T05:00,27.7,87,33.3
2025-06-27T06:00,29.0,84,35.2
2025-06-27T07:00,29.8,80,36.1
2025-06-27T08:00,30.5,77,36.7
2025-06-27T09:00,30.9,75,37.1
2025-06-27T10:00,31.0,74,37.4
2025-06-27T11:00,32.1,70,39.1
2025-06-27T12:00,32.7,68,40.4
2025-06-27T13:00,33.4,64,40.9
2025-06-27T14:00,33.7,62,40.3
2025-06-27T15:00,33.6,62,39.4
2025-06-27T16:00,33.5,63,39.3
2025-06-27T17:00,33.2,64,39.0
2025-06-27T18:00,32.9,64,38.6
2025-06-27T19:00,31.5,72,37.9
2025-06-27T20:00,30.7,75,37.1
2025-06-27T21:00,30.1,79,36.7
2025-06-27T22:00,29.6,81,36.3
2025-06-27T23:00,29.3,83,36.1
2025-06-28T00:00,29.3,84,36.3
2025-06-28T01:00,26.9,89,33.1
2025-06-28T02:00,26.4,92,32.1
2025-06-28T03:00,26.0,94,31.4
2025-06-28T04:00,25.7,95,31.4
2025-06-28T05:00,25.6,96,31.5
2025-06-28T06:00,27.7,84,33.8
2025-06-28T07:00,29.2,78,35.8
2025-06-28T08:00,30.7,73,37.0
2025-06-28T09:00,31.9,68,38.2
2025-06-28T10:00,33.0,62,39.4
2025-06-28T11:00,34.0,57,40.5
2025-06-28T12:00,34.7,55,41.8
2025-06-28T13:00,35.3,54,42.6
2025-06-28T14:00,35.8,53,42.7
2025-06-28T15:00,35.4,53,41.1
2025-06-28T16:00,35.1,54,40.2
2025-06-28T17:00,35.0,54,40.5
2025-06-28T18:00,31.2,75,38.1
2025-06-28T19:00,30.8,80,38.3
2025-06-28T20:00,30.6,80,38.0
2025-06-28T21:00,30.4,81,37.7
2025-06-28T22:00,30.1,82,37.2
2025-06-28T23:00,29.4,84,36.1
2025-06-29T00:00,27.1,93,33.1
2025-06-29T01:00,26.4,96,31.8
2025-06-29T02:00,26.6,96,32.9
2025-06-29T03:00,26.4,97,33.0
2025-06-29T04:00,26.3,98,32.5
2025-06-29T05:00,26.1,97,32.2
2025-06-29T06:00,28.8,83,35.1
2025-06-29T07:00,29.4,75,35.4
2025-06-29T08:00,30.1,71,36.2
2025-06-29T09:00,30.8,68,36.5
2025-06-29T10:00,31.5,65,36.7
2025-06-29T11:00,32.3,62,37.7
2025-06-29T12:00,33.4,60,38.9
2025-06-29T13:00,33.1,62,39.2
2025-06-29T14:00,31.3,72,37.4
2025-06-29T15:00,31.5,71,37.6
2025-06-29T16:00,31.1,73,37.6
2025-06-29T17:00,31.0,74,37.9
2025-06-29T18:00,30.5,74,36.2
2025-06-29T19:00,29.8,78,35.9
2025-06-29T20:00,29.3,81,35.7
2025-06-29T21:00,29.0,81,35.1
2025-06-29T22:00,28.9,83,35.1
2025-06-29T23:00,28.6,83,34.8
2025-06-30T00:00,28.4,84,34.6
2025-06-30T01:00,27.8,89,34.7
2025-06-30T02:00,25.9,94,31.0
2025-06-30T03:00,25.5,96,31.1
2025-06-30T04:00,25.4,95,31.1
2025-06-30T05:00,25.4,94,31.0
2025-06-30T06:00,26.3,92,32.3
2025-06-30T07:00,26.0,93,31.2
2025-06-30T08:00,26.5,87,31.4
2025-06-30T09:00,28.4,80,33.9
2025-06-30T10:00,30.0,75,36.0
2025-06-30T11:00,30.8,73,36.9
2025-06-30T12:00,31.5,72,39.5
2025-06-30T13:00,31.7,72,38.9
2025-06-30T14:00,31.1,75,38.2
2025-06-30T15:00,28.8,86,34.9
2025-06-30T16:00,27.2,91,33.3
2025-06-30T17:00,27.4,89,33.6
2025-06-30T18:00,28.7,85,35.6
2025-06-30T19:00,28.4,87,35.5
2025-06-30T20:00,27.7,90,34.1
2025-06-30T21:00,26.0,95,32.6
2025-06-30T22:00,26.1,97,32.4
2025-06-30T23:00,26.1,99,33.1
2025-07-01T00:00,26.2,99,33.1
2025-07-01T01:00,26.0,99,33.1
2025-07-01T02:00,26.0,99,32.8
2025-07-01T03:00,25.7,98,31.9
2025-07-01T04:00,25.2,98,31.1
2025-07-01T05:00,25.0,97,30.7
2025-07-01T06:00,26.0,97,31.6
2025-07-01T07:00,26.2,98,32.7
2025-07-01T08:00,26.6,99,33.7
2025-07-01T09:00,26.7,97,33.3
2025-07-01T10:00,27.8,89,34.2
2025-07-01T11:00,30.2,75,36.1
2025-07-01T12:00,31.7,67,38.7
2025-07-01T13:00,32.4,64,39.1
2025-07-01T14:00,32.8,61,38.9
2025-07-01T15:00,33.2,59,38.5
2025-07-01T16:00,33.2,59,38.5
2025-07-01T17:00,32.4,64,38.1
2025-07-01T18:00,30.6,76,37.1
2025-07-01T19:00,29.7,81,36.6
2025-07-01T20:00,29.5,84,37.0
2025-07-01T21:00,29.2,84,36.2
2025-07-01T22:00,28.7,85,35.5
2025-07-01T23:00,28.4,87,35.3
2025-07-02T00:00,28.1,88,34.9
2025-07-02T01:00,27.8,89,34.6
2025-07-02T02:00,27.5,90,34.1
2025-07-02T03:00,27.2,92,33.8
2025-07-02T04:00,27.0,93,33.6
2025-07-02T05:00,26.9,93,33.5
2025-07-02T06:00,27.2,94,33.8
2025-07-02T07:00,28.1,91,35.2
2025-07-02T08:00,29.5,83,36.4
2025-07-02T09:00,30.9,74,36.7
2025-07-02T10:00,31.7,71,37.8
2025-07-02T11:00,32.4,70,39.7
2025-07-02T12:00,32.5,69,39.8
2025-07-02T13:00,32.2,70,39.0
2025-07-02T14:00,32.8,68,39.2
2025-07-02T15:00,33.2,66,39.8
2025-07-02T16:00,32.7,68,38.9
2025-07-02T17:00,31.9,70,38.1
2025-07-02T18:00,31.4,73,37.8
2025-07-02T19:00,30.2,80,37.1
2025-07-02T20:00,29.7,84,36.9
2025-07-02T21:00,29.4,86,36.4
2025-07-02T22:00,29.0,87,35.9
2025-07-02T23:00,28.6,89,35.5
2025-07-03T00:00,28.2,89,34.5
2025-07-03T01:00,27.8,89,33.7
2025-07-03T02:00,27.4,90,33.5
2025-07-03T03:00,27.1,92,33.1
2025-07-03T04:00,26.9,92,32.7
2025-07-03T05:00,26.6,93,32.2
2025-07-03T06:00,27.0,95,33.4
2025-07-03T07:00,27.7,90,34.1
2025-07-03T08:00,29.0,83,35.2
2025-07-03T09:00,30.5,73,35.7
2025-07-03T10:00,31.6,68,37.2
2025-07-03T11:00,32.3,65,38.1
2025-07-03T12:00,32.7,65,39.5
2025-07-03T13:00,33.1,64,40.3
2025-07-03T14:00,33.5,62,40.1
2025-07-03T15:00,33.4,61,39.0
2025-07-03T16:00,33.3,62,39.0
2025-07-03T17:00,33.0,64,39.1
2025-07-03T18:00,31.7,73,38.5
2025-07-03T19:00,30.8,79,38.2
2025-07-03T20:00,30.2,80,37.2
2025-07-03T21:00,29.8,82,36.7
2025-07-03T22:00,29.4,83,36.1
2025-07-03T23:00,29.0,84,35.3
2025-07-04T00:00,28.5,85,34.5
2025-07-04T01:00,27.9,88,33.8
2025-07-04T02:00,27.5,89,33.5
2025-07-04T03:00,27.2,90,33.2
2025-07-04T04:00,26.9,92,32.9
2025-07-04T05:00,26.7,93,33.0
2025-07-04T06:00,27.8,92,34.6
2025-07-04T07:00,28.7,87,35.6
2025-07-04T08:00,29.8,81,36.8
2025-07-04T09:00,31.1,75,38.0
2025-07-04T10:00,32.2,68,39.2
2025-07-04T11:00,33.0,64,40.2
2025-07-04T12:00,33.6,61,41.1
2025-07-04T13:00,34.1,60,42.2
2025-07-04T14:00,34.2,61,41.9
2025-07-04T15:00,34.1,61,40.8
2025-07-04T16:00,34.0,61,40.4
2025-07-04T17:00,33.8,62,40.0
2025-07-04T18:00,30.1,80,37.1
2025-07-04T19:00,29.6,82,36.4
2025-07-04T20:00,29.4,84,36.4
2025-07-04T21:00,29.2,85,36.2
2025-07-04T22:00,29.0,87,36.0
2025-07-04T23:00,28.7,88,35.3
2025-07-05T00:00,28.4,89,35.3
2025-07-05T01:00,27.7,90,34.0
2025-07-05T02:00,27.0,94,33.6
2025-07-05T03:00,26.5,97,33.5
2025-07-05T04:00,26.6,95,33.1
2025-07-05T05:00,26.5,96,33.3
2025-07-05T06:00,28.7,88,36.1
2025-07-05T07:00,29.6,83,36.8
2025-07-05T08:00,30.3,79,37.7
2025-07-05T09:00,31.9,71,38.7
2025-07-05T10:00,32.9,67,40.2
2025-07-05T11:00,33.9,64,42.5
2025-07-05T12:00,34.5,61,43.1
2025-07-05T13:00,34.5,60,42.7
2025-07-05T14:00,35.0,58,42.7
2025-07-05T15:00,35.2,57,41.8
2025-07-05T16:00,34.7,58,40.9
2025-07-05T17:00,34.2,62,40.6
2025-07-05T18:00,33.3,65,40.3
2025-07-05T19:00,31.3,74,37.7
2025-07-05T20:00,30.5,79,37.0
2025-07-05T21:00,29.9,82,36.7
2025-07-05T22:00,29.3,84,36.1
2025-07-05T23:00,29.0,84,35.6
2025-07-06T00:00,28.6,87,35.5
2025-07-06T01:00,28.3,88,34.8
2025-07-06T02:00,27.6,91,33.9
2025-07-06T03:00,27.3,91,33.7
2025-07-06T04:00,27.1,93,33.6
2025-07-06T05:00,27.0,93,33.9
2025-07-06T06:00,27.6,88,33.9
2025-07-06T07:00,28.6,83,35.0
2025-07-06T08:00,29.9,77,36.3
2025-07-06T09:00,31.0,73,37.1
2025-07-06T10:00,32.3,67,38.8
2025-07-06T11:00,33.8,60,41.3
2025-07-06T12:00,34.5,57,42.0
2025-07-06T13:00,35.4,54,43.2
2025-07-06T14:00,35.7,53,42.7
2025-07-06T15:00,35.3,54,41.1
2025-07-06T16:00,35.0,55,41.1
2025-07-06T17:00,34.6,58,40.7
2025-07-06T18:00,33.2,65,40.1
2025-07-06T19:00,32.3,71,39.4
2025-07-06T20:00,31.5,77,39.1
2025-07-06T21:00,31.1,80,38.4
2025-07-06T22:00,29.8,81,36.0
2025-07-06T23:00,26.7,92,32.5
2025-07-07T00:00,26.5,93,32.7
2025-07-07T01:00,26.6,93,33.1
2025-07-07T02:00,26.5,93,33.0
2025-07-07T03:00,26.4,93,33.1
2025-07-07T04:00,26.3,96,32.5
2025-07-07T05:00,26.2,97,32.4
2025-07-07T06:00,25.9,96,32.4
2025-07-07T07:00,26.2,97,32.8
2025-07-07T08:00,26.4,97,32.7
2025-07-07T09:00,27.3,92,34.2
2025-07-07T10:00,28.0,87,34.9
2025-07-07T11:00,29.4,81,36.0
2025-07-07T12:00,31.3,73,39.6
2025-07-07T13:00,32.5,67,40.7
2025-07-07T14:00,33.0,66,41.3
2025-07-07T15:00,33.2,65,40.6
2025-07-07T16:00,33.2,64,39.9
2025-07-07T17:00,33.0,66,39.8
2025-07-07T18:00,31.0,75,37.7
2025-07-07T19:00,30.0,79,36.5
2025-07-07T20:00,29.6,81,36.3
2025-07-07T21:00,29.3,82,36.2
2025-07-07T22:00,29.1,83,36.2
2025-07-07T23:00,28.7,84,35.8
2025-07-08T00:00,28.4,87,35.4
2025-07-08T01:00,28.1,88,34.9
2025-07-08T02:00,27.7,90,34.5
2025-07-08T03:00,27.4,91,34.0
2025-07-08T04:00,27.2,92,33.8
2025-07-08T05:00,27.1,92,33.8
2025-07-08T06:00,29.0,87,36.2
2025-07-08T07:00,29.8,82,36.7
2025-07-08T08:00,30.3,78,36.7
2025-07-08T09:00,31.1,75,37.9
2025-07-08T10:00,32.1,71,38.9
2025-07-08T11:00,33.1,66,39.9
2025-07-08T12:00,33.7,63,40.5
2025-07-08T13:00,33.9,61,40.7
2025-07-08T14:00,34.0,61,40.3
2025-07-08T15:00,34.0,61,39.7
2025-07-08T16:00,34.0,61,39.9
2025-07-08T17:00,33.7,62,40.1
2025-07-08T18:00,33.0,67,39.9
2025-07-08T19:00,31.6,75,38.8
2025-07-08T20:00,31.1,78,38.6
2025-07-08T21:00,30.9,76,38.2
2025-07-08T22:00,30.4,79,37.9
2025-07-08T23:00,29.9,82,37.5
2025-07-09T00:00,29.4,85,37.0
2025-07-09T01:00,29.0,85,35.6
2025-07-09T02:00,28.4,83,34.5
2025-07-09T03:00,27.7,86,33.8
2025-07-09T04:00,27.4,86,32.5
2025-07-09T05:00,27.0,89,33.1
2025-07-09T06:00,27.6,84,33.7
2025-07-09T07:00,28.2,83,34.4
2025-07-09T08:00,29.3,80,35.6
2025-07-09T09:00,30.6,75,37.1
2025-07-09T10:00,31.7,70,38.2
2025-07-09T11:00,28.7,82,34.5
2025-07-09T12:00,28.0,84,34.5
2025-07-09T13:00,29.3,81,36.4
2025-07-09T14:00,30.3,78,37.5
2025-07-09T15:00,30.9,76,37.9
2025-07-09T16:00,30.9,77,38.0
2025-07-09T17:00,30.7,79,37.8
2025-07-09T18:00,31.1,72,38.0
2025-07-09T19:00,30.0,80,37.2
2025-07-09T20:00,29.2,86,36.7
2025-07-09T21:00,29.2,85,36.6
2025-07-09T22:00,28.4,85,35.1
2025-07-09T23:00,27.6,89,34.2
2025-07-10T00:00,27.1,91,34.0
2025-07-10T01:00,26.7,94,33.5
2025-07-10T02:00,26.6,95,33.6
2025-07-10T03:00,26.6,95,33.5
2025-07-10T04:00,26.2,95,32.6
2025-07-10T05:00,25.6,95,31.2
2025-07-10T06:00,26.2,93,31.9
2025-07-10T07:00,26.5,86,31.8
2025-07-10T08:00,26.9,82,32.0
2025-07-10T09:00,27.6,78,33.0
2025-07-10T10:00,28.0,76,33.3
2025-07-10T11:00,28.1,76,33.4
2025-07-10T12:00,29.0,74,33.8
2025-07-10T13:00,29.1,74,33.9
2025-07-10T14:00,28.6,78,33.9
2025-07-10T15:00,29.0,77,34.3
2025-07-10T16:00,29.6,76,35.6
2025-07-10T17:00,29.5,77,35.7
2025-07-10T18:00,28.1,82,34.2
2025-07-10T19:00,27.5,88,34.1
2025-07-10T20:00,27.2,90,34.0
2025-07-10T21:00,26.9,92,33.6
2025-07-10T22:00,26.6,92,33.2
2025-07-10T23:00,26.4,93,32.6
2025-07-11T00:00,25.9,95,32.4
2025-07-11T01:00,25.8,96,32.5
2025-07-11T02:00,25.7,96,32.4
2025-07-11T03:00,25.7,96,32.1
2025-07-11T04:00,25.6,97,32.1
2025-07-11T05:00,25.7,97,32.2
2025-07-11T06:00,27.0,90,33.3
2025-07-11T07:00,26.9,90,33.2
2025-07-11T08:00,27.2,89,33.9
2025-07-11T09:00,27.9,87,34.4
2025-07-11T10:00,28.7,80,34.9
2025-07-11T11:00,29.6,73,35.2
2025-07-11T12:00,30.3,70,35.9
2025-07-11T13:00,30.8,68,36.4
2025-07-11T14:00,31.0,67,36.8
2025-07-11T15:00,31.6,66,38.3
2025-07-11T16:00,31.6,66,37.7
2025-07-11T17:00,31.3,66,37.1
2025-07-11T18:00,30.1,75,36.4
2025-07-11T19:00,28.9,83,35.6
2025-07-11T20:00,28.7,83,35.4
2025-07-11T21:00,28.7,82,35.6
2025-07-11T22:00,28.4,84,35.2
2025-07-11T23:00,28.1,84,34.9
2025-07-12T00:00,27.7,86,34.4
2025-07-12T01:00,27.4,88,34.0
2025-07-12T02:00,27.1,89,33.8
2025-07-12T03:00,27.0,90,33.7
2025-07-12T04:00,26.8,91,33.4
2025-07-12T05:00,26.5,91,32.5
2025-07-12T06:00,27.1,88,33.5
2025-07-12T07:00,27.9,85,34.5
2025-07-12T08:00,29.2,79,35.6
2025-07-12T09:00,29.9,76,36.3
2025-07-12T10:00,31.2,69,37.9
2025-07-12T11:00,32.0,66,39.6
2025-07-12T12:00,32.8,63,41.0
2025-07-12T13:00,33.2,64,41.9
2025-07-12T14:00,33.3,63,41.1
2025-07-12T15:00,33.5,64,40.8
2025-07-12T16:00,33.4,63,40.2
2025-07-12T17:00,29.4,81,35.5
2025-07-12T18:00,30.5,72,35.7
2025-07-12T19:00,28.3,83,34.4
2025-07-12T20:00,27.7,87,33.9
2025-07-12T21:00,27.5,89,34.0
2025-07-12T22:00,27.3,90,34.0
2025-07-12T23:00,27.2,91,34.0
2025-07-13T00:00,27.0,92,33.9
2025-07-13T01:00,26.8,93,33.4
2025-07-13T02:00,26.7,92,33.6
2025-07-13T03:00,26.5,93,33.1
2025-07-13T04:00,26.3,94,32.9
2025-07-13T05:00,26.3,95,32.8
2025-07-13T06:00,28.0,93,35.0
2025-07-13T07:00,28.6,91,36.2
2025-07-13T08:00,29.1,84,35.6
2025-07-13T09:00,28.4,79,33.6
2025-07-13T10:00,29.9,76,36.1
2025-07-13T11:00,31.0,75,38.4
2025-07-13T12:00,31.7,72,39.0
2025-07-13T13:00,32.4,69,39.4
2025-07-13T14:00,32.5,69,39.5
2025-07-13T15:00,28.7,84,34.2
2025-07-13T16:00,27.9,85,33.6
2025-07-13T17:00,27.6,87,33.9
2025-07-13T18:00,26.3,95,32.6
2025-07-13T19:00,26.5,97,33.3
2025-07-13T20:00,26.8,96,34.2
2025-07-13T21:00,27.2,93,33.7
2025-07-13T22:00,27.6,90,33.9
2025-07-13T23:00,27.8,89,33.7
2025-07-14T00:00,27.9,88,33.7
2025-07-14T01:00,27.7,89,33.7
2025-07-14T02:00,27.4,90,33.4
2025-07-14T03:00,27.3,90,33.3
2025-07-14T04:00,27.1,91,33.0
2025-07-14T05:00,27.0,91,32.7
2025-07-14T06:00,25.8,96,31.0
2025-07-14T07:00,26.5,93,31.3
2025-07-14T08:00,27.2,89,31.8
2025-07-14T09:00,28.7,80,32.8
2025-07-14T10:00,29.7,75,33.6
2025-07-14T11:00,30.1,73,34.0
2025-07-14T12:00,30.4,73,35.1
2025-07-14T13:00,30.5,74,35.5
2025-07-14T14:00,30.3,73,35.2
2025-07-14T15:00,30.4,74,35.6
2025-07-14T16:00,30.5,76,35.8
2025-07-14T17:00,27.2,90,32.4
2025-07-14T18:00,27.3,88,32.5
2025-07-14T19:00,27.5,91,33.1
2025-07-14T20:00,26.9,93,32.3
2025-07-14T21:00,26.4,93,31.1
2025-07-14T22:00,26.8,91,31.3
2025-07-14T23:00,26.5,90,30.8
2025-07-15T00:00,25.8,92,29.8
2025-07-15T01:00,26.0,92,30.2
2025-07-15T02:00,26.0,92,30.2
2025-07-15T03:00,25.9,91,29.8
2025-07-15T04:00,25.6,94,29.9
2025-07-15T05:00,25.6,94,30.1
2025-07-15T06:00,26.2,92,30.6
2025-07-15T07:00,26.6,91,31.0
2025-07-15T08:00,27.3,87,31.5
2025-07-15T09:00,27.6,85,32.1
2025-07-15T10:00,28.4,81,32.7
2025-07-15T11:00,29.8,74,33.7
2025-07-15T12:00,30.6,70,35.2
2025-07-15T13:00,31.4,66,36.2
2025-07-15T14:00,32.1,63,36.9
2025-07-15T15:00,32.2,63,36.4
2025-07-15T16:00,30.6,71,35.4
2025-07-15T17:00,30.2,77,36.2
2025-07-15T18:00,29.2,81,35.2
2025-07-15T19:00,28.0,86,33.7
2025-07-15T20:00,27.3,91,33.1
2025-07-15T21:00,27.3,92,33.2
2025-07-15T22:00,27.1,93,32.9
2025-07-15T23:00,26.8,93,32.6
2025-07-16T00:00,26.3,96,31.9
2025-07-16T01:00,26.1,97,31.7
2025-07-16T02:00,26.0,96,31.4
2025-07-16T03:00,25.8,96,31.0
2025-07-16T04:00,25.3,97,30.2
2025-07-16T05:00,25.3,97,30.2
2025-07-16T06:00,26.9,94,32.8
2025-07-16T07:00,27.4,91,33.4
2025-07-16T08:00,28.7,85,34.7
2025-07-16T09:00,30.2,77,36.0
2025-07-16T10:00,31.4,70,37.5
2025-07-16T11:00,32.0,67,38.6
2025-07-16T12:00,32.3,65,39.0
2025-07-16T13:00,32.1,67,37.7
2025-07-16T14:00,31.2,66,36.2
2025-07-16T15:00,31.0,70,36.2
2025-07-16T16:00,30.2,75,35.6
2025-07-16T17:00,29.7,78,35.5
2025-07-16T18:00,29.8,79,36.4
2025-07-16T19:00,29.2,86,36.7
2025-07-16T20:00,28.8,86,35.7
2025-07-16T21:00,28.4,87,35.1
2025-07-16T22:00,28.1,88,34.7
2025-07-16T23:00,27.9,89,34.3
2025-07-17T00:00,27.7,90,34.2
2025-07-17T01:00,27.5,92,33.9
2025-07-17T02:00,27.3,92,33.7
2025-07-17T03:00,27.1,93,33.4
2025-07-17T04:00,27.0,93,33.1
2025-07-17T05:00,26.8,92,32.6
2025-07-17T06:00,26.8,85,31.4
2025-07-17T07:00,27.2,85,32.3
2025-07-17T08:00,28.0,81,33.0
2025-07-17T09:00,28.6,77,33.4
2025-07-17T10:00,29.4,73,34.1
2025-07-17T11:00,30.3,69,34.5
2025-07-17T12:00,30.3,68,34.4
2025-07-17T13:00,29.6,73,34.3
2025-07-17T14:00,29.9,73,34.8
2025-07-17T15:00,30.7,69,35.8
2025-07-17T16:00,31.1,67,36.0
2025-07-17T17:00,30.8,69,36.0
2025-07-17T18:00,29.7,80,36.2
2025-07-17T19:00,28.9,85,35.8
2025-07-17T20:00,28.2,87,34.4
2025-07-17T21:00,27.4,91,33.6
2025-07-17T22:00,27.0,92,33.7
2025-07-17T23:00,26.8,93,33.5
2025-07-18T00:00,26.6,94,33.1
2025-07-18T01:00,26.5,94,32.7
2025-07-18T02:00,26.6,92,32.4
2025-07-18T03:00,26.7,89,32.0
2025-07-18T04:00,26.5,90,31.9
2025-07-18T05:00,26.4,91,31.7
2025-07-18T06:00,27.0,86,31.8
2025-07-18T07:00,27.7,83,32.8
2025-07-18T08:00,28.7,78,33.3
2025-07-18T09:00,29.9,72,33.7
2025-07-18T10:00,30.8,68,35.0
2025-07-18T11:00,31.3,68,35.9
2025-07-18T12:00,31.5,67,36.0
2025-07-18T13:00,31.6,69,37.4
2025-07-18T14:00,31.2,66,34.9
2025-07-18T15:00,29.5,77,33.8
2025-07-18T16:00,29.7,76,34.2
2025-07-18T17:00,29.3,78,34.2
2025-07-18T18:00,28.9,79,33.1
2025-07-18T19:00,28.4,79,32.5
2025-07-18T20:00,27.9,81,31.9
2025-07-18T21:00,27.6,82,31.6
2025-07-18T22:00,27.3,83,31.5
2025-07-18T23:00,26.9,85,31.2
2025-07-19T00:00,26.6,87,30.8
2025-07-19T01:00,26.3,89,30.7
2025-07-19T02:00,26.1,90,30.5
2025-07-19T03:00,26.0,91,30.4
2025-07-19T04:00,25.9,91,30.3
2025-07-19T05:00,25.8,91,30.2
2025-07-19T06:00,26.4,90,30.9
2025-07-19T07:00,26.9,87,31.0
2025-07-19T08:00,27.9,82,32.2
2025-07-19T09:00,29.1,76,33.5
2025-07-19T10:00,30.2,70,34.8
2025-07-19T11:00,31.2,64,36.1
2025-07-19T12:00,32.0,61,37.1
2025-07-19T13:00,32.2,59,36.7
2025-07-19T14:00,32.2,60,36.4
2025-07-19T15:00,32.2,61,36.3
2025-07-19T16:00,32.2,61,36.6
2025-07-19T17:00,32.0,62,36.8
2025-07-19T18:00,31.2,67,36.8
2025-07-19T19:00,29.8,75,35.7
2025-07-19T20:00,29.1,79,35.3
2025-07-19T21:00,28.7,80,34.5
2025-07-19T22:00,28.4,80,33.9
2025-07-19T23:00,28.0,82,33.4
2025-07-20T00:00,27.6,83,33.0
2025-07-20T01:00,27.2,85,32.8
2025-07-20T02:00,26.7,87,32.4
2025-07-20T03:00,26.4,89,32.0
2025-07-20T04:00,26.2,88,31.7
2025-07-20T05:00,26.1,88,31.4
2025-07-20T06:00,27.4,86,33.2
2025-07-20T07:00,28.3,84,34.5
2025-07-20T08:00,29.5,76,35.1
2025-07-20T09:00,30.5,71,36.1
2025-07-20T10:00,31.4,67,37.5
2025-07-20T11:00,32.5,62,39.0
2025-07-20T12:00,33.4,57,39.8
2025-07-20T13:00,33.9,55,40.1
2025-07-20T14:00,34.2,53,39.6
2025-07-20T15:00,34.2,52,38.9
2025-07-20T16:00,34.3,51,38.7
2025-07-20T17:00,33.9,53,38.7
2025-07-20T18:00,32.1,65,38.0
2025-07-20T19:00,30.9,74,37.6
2025-07-20T20:00,30.2,77,36.7
2025-07-20T21:00,29.5,80,36.0
2025-07-20T22:00,29.0,81,35.4
2025-07-20T23:00,28.6,82,34.7
2025-07-21T00:00,28.3,81,33.9
2025-07-21T01:00,27.9,81,33.2
2025-07-21T02:00,27.5,82,32.9
2025-07-21T03:00,27.2,83,32.4
2025-07-21T04:00,26.8,84,32.2
2025-07-21T05:00,26.6,86,32.1
2025-07-21T06:00,28.0,84,34.1
2025-07-21T07:00,28.4,83,34.7
2025-07-21T08:00,28.9,79,34.9
2025-07-21T09:00,30.0,74,35.8
2025-07-21T10:00,29.9,71,35.2
2025-07-21T11:00,29.9,73,35.8
2025-07-21T12:00,30.0,72,35.7
2025-07-21T13:00,30.7,69,36.3
2025-07-21T14:00,31.3,66,37.1
2025-07-21T15:00,31.5,65,37.2
2025-07-21T16:00,31.4,64,36.9
2025-07-21T17:00,31.2,66,36.7
2025-07-21T18:00,29.4,76,35.3
2025-07-21T19:00,28.8,81,35.0
2025-07-21T20:00,28.3,86,35.1
2025-07-21T21:00,28.0,88,35.0
2025-07-21T22:00,27.5,90,34.2
2025-07-21T23:00,27.2,91,33.9
2025-07-22T00:00,26.8,91,33.2
2025-07-22T01:00,26.6,90,32.7
2025-07-22T02:00,26.3,92,32.5
2025-07-22T03:00,26.2,91,32.1
2025-07-22T04:00,26.1,91,31.9
2025-07-22T05:00,26.0,91,31.8
2025-07-22T06:00,27.5,88,33.1
2025-07-22T07:00,27.7,84,33.7
2025-07-22T08:00,28.7,81,34.6
2025-07-22T09:00,30.2,73,36.2
2025-07-22T10:00,31.6,68,38.1
2025-07-22T11:00,32.9,62,40.3
2025-07-22T12:00,33.9,55,41.4
2025-07-22T13:00,34.1,53,40.4
2025-07-22T14:00,34.6,52,40.8
2025-07-22T15:00,34.8,50,39.5
2025-07-22T16:00,34.3,52,38.8
2025-07-22T17:00,34.0,53,38.6
2025-07-22T18:00,31.8,64,37.4
2025-07-22T19:00,31.2,68,37.4
2025-07-22T20:00,30.2,77,36.7
2025-07-22T21:00,29.6,81,36.5
2025-07-22T22:00,29.2,83,36.2
2025-07-22T23:00,28.8,85,35.7
2025-07-23T00:00,28.6,82,34.8
2025-07-23T01:00,28.1,86,34.8
2025-07-23T02:00,27.8,86,34.0
2025-07-23T03:00,27.6,85,33.5
2025-07-23T04:00,27.3,85,33.1
2025-07-23T05:00,27.0,86,32.8
2025-07-23T06:00,28.3,84,34.2
2025-07-23T07:00,29.1,80,35.5
2025-07-23T08:00,29.8,72,34.8
2025-07-23T09:00,29.3,75,34.0
2025-07-23T10:00,30.6,71,36.6
2025-07-23T11:00,31.7,68,38.5
2025-07-23T12:00,32.7,65,40.1
2025-07-23T13:00,33.2,63,40.0
2025-07-23T14:00,33.1,64,38.9
2025-07-23T15:00,32.9,64,38.4
2025-07-23T16:00,33.0,64,38.6
2025-07-23T17:00,32.6,67,38.7
2025-07-23T18:00,29.9,80,36.6
2025-07-23T19:00,29.1,86,36.1
2025-07-23T20:00,28.7,88,35.6
2025-07-23T21:00,28.5,89,35.4
2025-07-23T22:00,28.4,89,35.2
2025-07-23T23:00,28.2,89,34.7
2025-07-24T00:00,28.0,88,34.5
2025-07-24T01:00,27.7,89,34.3
2025-07-24T02:00,27.3,91,34.2
2025-07-24T03:00,27.1,92,34.1
2025-07-24T04:00,26.5,88,31.4
2025-07-24T05:00,25.4,93,29.8
2025-07-24T06:00,27.8,82,32.8
2025-07-24T07:00,28.5,81,34.2
2025-07-24T08:00,29.5,79,35.4
2025-07-24T09:00,31.3,71,36.9
2025-07-24T10:00,32.7,65,38.8
2025-07-24T11:00,33.8,58,39.9
2025-07-24T12:00,34.5,54,40.6
2025-07-24T13:00,35.0,52,41.3
2025-07-24T14:00,35.4,51,41.2
2025-07-24T15:00,35.5,50,40.4
2025-07-24T16:00,35.1,51,39.3
2025-07-24T17:00,34.4,54,38.8
2025-07-24T18:00,32.6,64,38.4
2025-07-24T19:00,31.2,73,37.9
2025-07-24T20:00,30.6,74,36.9
2025-07-24T21:00,30.1,75,35.5
2025-07-24T22:00,29.2,78,35.0
2025-07-24T23:00,28.7,80,34.5
2025-07-25T00:00,28.2,81,33.8
2025-07-25T01:00,27.6,84,33.3
2025-07-25T02:00,27.3,85,32.9
2025-07-25T03:00,27.1,86,32.6
2025-07-25T04:00,26.8,87,32.3
2025-07-25T05:00,26.6,88,32.1
2025-07-25T06:00,28.5,84,34.5
2025-07-25T07:00,29.3,82,35.9
2025-07-25T08:00,31.0,75,37.5
2025-07-25T09:00,32.8,64,38.2
2025-07-25T10:00,34.1,56,39.2
2025-07-25T11:00,35.0,51,40.0
2025-07-25T12:00,35.5,48,40.4
2025-07-25T13:00,35.8,48,40.7
2025-07-25T14:00,36.3,48,41.7
2025-07-25T15:00,36.2,47,40.5
2025-07-25T16:00,35.7,48,39.7
2025-07-25T17:00,35.2,51,39.8
2025-07-25T18:00,34.5,54,39.6
2025-07-25T19:00,33.1,65,39.7
2025-07-25T20:00,32.4,71,39.9
2025-07-25T21:00,31.8,76,39.7
2025-07-25T22:00,31.5,78,39.6
2025-07-25T23:00,31.0,78,38.7
2025-07-26T00:00,30.5,75,35.9
2025-07-26T01:00,28.7,83,34.4
2025-07-26T02:00,28.1,86,34.7
2025-07-26T03:00,27.7,88,33.7
2025-07-26T04:00,27.2,90,33.2
2025-07-26T05:00,26.9,92,33.5
2025-07-26T06:00,27.5,89,34.1
2025-07-26T07:00,27.6,90,34.2
2025-07-26T08:00,28.7,84,35.3
2025-07-26T09:00,30.5,75,37.1
2025-07-26T10:00,31.7,69,38.4
2025-07-26T11:00,32.5,66,39.2
2025-07-26T12:00,33.5,62,40.7
2025-07-26T13:00,34.0,60,40.6
2025-07-26T14:00,34.8,55,41.5
2025-07-26T15:00,35.3,53,41.8
2025-07-26T16:00,35.4,53,41.0
2025-07-26T17:00,34.2,56,39.6
2025-07-26T18:00,33.3,62,39.1
2025-07-26T19:00,32.5,67,38.5
2025-07-26T20:00,31.8,72,38.3
2025-07-26T21:00,31.2,76,38.0
2025-07-26T22:00,30.8,78,37.7
2025-07-26T23:00,30.4,80,37.8
2025-07-27T00:00,30.2,83,38.0
2025-07-27T01:00,29.8,84,37.2
2025-07-27T02:00,29.4,86,36.4
2025-07-27T03:00,29.0,86,35.8
2025-07-27T04:00,28.9,85,35.8
2025-07-27T05:00,28.8,83,35.0
2025-07-27T06:00,29.0,83,35.8
2025-07-27T07:00,30.1,75,36.6
2025-07-27T08:00,31.6,67,37.0
2025-07-27T09:00,32.5,61,36.7
2025-07-27T10:00,33.2,59,38.1
2025-07-27T11:00,34.0,58,40.2
2025-07-27T12:00,35.3,53,42.0
2025-07-27T13:00,35.7,51,42.1
2025-07-27T14:00,36.2,49,42.3
2025-07-27T15:00,36.3,49,41.7
2025-07-27T16:00,36.0,50,40.9
2025-07-27T17:00,35.4,52,40.2
2025-07-27T18:00,33.3,59,38.2
2025-07-27T19:00,32.5,63,37.7
2025-07-27T20:00,32.0,67,37.6
2025-07-27T21:00,31.5,70,37.5
2025-07-27T22:00,30.9,73,37.0
2025-07-27T23:00,30.3,76,36.6
2025-07-28T00:00,29.9,78,36.3
2025-07-28T01:00,29.6,80,36.1
2025-07-28T02:00,29.2,82,35.7
2025-07-28T03:00,28.7,85,35.3
2025-07-28T04:00,28.4,87,35.0
2025-07-28T05:00,28.1,88,34.7
2025-07-28T06:00,29.4,81,36.0
2025-07-28T07:00,30.2,76,36.5
2025-07-28T08:00,31.8,66,37.4
2025-07-28T09:00,33.1,60,38.6
2025-07-28T10:00,34.4,54,40.4
2025-07-28T11:00,35.6,49,42.0
2025-07-28T12:00,36.2,46,42.7
2025-07-28T13:00,36.2,47,42.8
2025-07-28T14:00,36.3,49,43.1
2025-07-28T15:00,36.6,49,42.7
2025-07-28T16:00,36.6,49,42.3
2025-07-28T17:00,35.4,52,41.0
2025-07-28T18:00,33.4,58,39.0
2025-07-28T19:00,32.2,65,37.8
2025-07-28T20:00,31.3,73,37.4
2025-07-28T21:00,30.5,78,36.7
2025-07-28T22:00,29.8,80,35.7
2025-07-28T23:00,29.2,83,35.4
2025-07-29T00:00,28.6,86,35.0
2025-07-29T01:00,28.2,88,35.0
2025-07-29T02:00,27.9,90,34.6
2025-07-29T03:00,27.7,91,34.4
2025-07-29T04:00,27.5,92,33.9
2025-07-29T05:00,27.2,93,33.6
2025-07-29T06:00,27.3,88,33.5
2025-07-29T07:00,27.5,88,33.9
2025-07-29T08:00,28.3,85,34.4
2025-07-29T09:00,29.7,78,36.3
2025-07-29T10:00,30.7,75,37.4
2025-07-29T11:00,31.5,71,37.9
2025-07-29T12:00,31.1,75,38.1
2025-07-29T13:00,32.1,71,39.6
2025-07-29T14:00,32.9,68,40.6
2025-07-29T15:00,31.8,71,37.9
2025-07-29T16:00,29.7,81,36.3
2025-07-29T17:00,30.1,81,37.1
2025-07-29T18:00,29.7,77,35.7
2025-07-29T19:00,29.1,81,35.4
2025-07-29T20:00,28.6,84,34.6
2025-07-29T21:00,28.2,85,34.3
2025-07-29T22:00,28.0,87,34.1
2025-07-29T23:00,27.6,88,33.9
2025-07-30T00:00,27.3,90,33.4
2025-07-30T01:00,27.0,91,32.9
2025-07-30T02:00,26.7,93,32.7
2025-07-30T03:00,26.5,94,32.4
2025-07-30T04:00,26.4,94,32.2
2025-07-30T05:00,26.2,95,32.2
2025-07-30T06:00,26.2,94,31.5
2025-07-30T07:00,26.2,94,31.9
2025-07-30T08:00,27.2,90,33.0
2025-07-30T09:00,28.6,85,34.6
2025-07-30T10:00,29.9,78,35.6
2025-07-30T11:00,31.1,74,37.5
2025-07-30T12:00,31.6,71,37.6
2025-07-30T13:00,31.2,71,36.9
2025-07-30T14:00,28.2,89,34.4
2025-07-30T15:00,29.4,82,35.9
2025-07-30T16:00,30.5,79,37.5
2025-07-30T17:00,29.6,82,36.1
2025-07-30T18:00,27.9,89,33.9
2025-07-30T19:00,26.9,94,33.2
2025-07-30T20:00,26.8,95,33.2
2025-07-30T21:00,26.7,95,33.0
2025-07-30T22:00,26.5,96,32.7
2025-07-30T23:00,26.3,97,32.1
2025-07-31T00:00,26.3,97,32.3
2025-07-31T01:00,26.2,95,31.7
2025-07-31T02:00,25.8,98,31.8
2025-07-31T03:00,25.5,98,31.5
2025-07-31T04:00,25.3,98,31.1
2025-07-31T05:00,25.4,98,31.3
2025-07-31T06:00,25.7,97,31.4
2025-07-31T07:00,25.4,97,31.3
2025-07-31T08:00,25.7,95,31.2
2025-07-31T09:00,26.4,91,31.5
2025-07-31T10:00,28.0,85,33.5
2025-07-31T11:00,28.9,82,34.8
2025-07-31T12:00,29.7,78,35.5
2025-07-31T13:00,29.9,76,35.5
2025-07-31T14:00,30.4,74,36.3
2025-07-31T15:00,30.8,72,36.6
2025-07-31T16:00,31.2,70,37.3
2025-07-31T17:00,31.5,69,38.0
2025-07-31T18:00,28.9,85,36.0
2025-07-31T19:00,28.1,88,34.9
2025-07-31T20:00,27.8,89,34.6
2025-07-31T21:00,27.4,92,34.4
2025-07-31T22:00,27.3,93,34.4
2025-07-31T23:00,27.0,95,33.9
2025-08-01T00:00,26.5,93,32.9
2025-08-01T01:00,26.3,90,32.0
2025-08-01T02:00,26.0,94,32.0
2025-08-01T03:00,25.7,96,31.9
2025-08-01T04:00,25.5,97,31.6
2025-08-01T05:00,25.5,97,31.7
2025-08-01T06:00,25.8,96,31.7
2025-08-01T07:00,26.4,93,32.9
2025-08-01T08:00,27.8,86,33.9
2025-08-01T09:00,29.1,78,34.9
2025-08-01T10:00,29.9,74,35.8
2025-08-01T11:00,30.9,72,38.3
2025-08-01T12:00,31.4,72,39.4
2025-08-01T13:00,32.0,70,40.2
2025-08-01T14:00,31.9,69,38.2
2025-08-01T15:00,30.8,75,36.4
2025-08-01T16:00,29.1,85,36.1
2025-08-01T17:00,29.3,84,36.3
2025-08-01T18:00,28.8,87,36.2
2025-08-01T19:00,28.4,91,35.9
2025-08-01T20:00,28.2,92,35.8
2025-08-01T21:00,28.2,89,35.1
2025-08-01T22:00,28.0,85,33.9
2025-08-01T23:00,27.5,84,33.2
2025-08-02T00:00,27.1,85,32.7
2025-08-02T01:00,26.9,86,32.2
2025-08-02T02:00,26.6,87,32.0
2025-08-02T03:00,26.4,88,32.1
2025-08-02T04:00,26.3,89,31.9
2025-08-02T05:00,26.0,90,31.5
2025-08-02T06:00,27.5,86,33.3
2025-08-02T07:00,28.0,85,34.1
2025-08-02T08:00,28.6,81,34.6
2025-08-02T09:00,29.2,78,34.9
2025-08-02T10:00,30.2,72,35.5
2025-08-02T11:00,31.1,70,36.9
2025-08-02T12:00,31.7,70,38.9
2025-08-02T13:00,32.2,68,38.7
2025-08-02T14:00,32.4,66,38.2
2025-08-02T15:00,32.4,65,37.8
2025-08-02T16:00,32.0,69,37.6
2025-08-02T17:00,31.1,76,37.9
2025-08-02T18:00,30.5,74,36.4
2025-08-02T19:00,29.5,76,34.9
2025-08-02T20:00,28.7,79,34.5
2025-08-02T21:00,28.5,81,34.3
2025-08-02T22:00,28.4,82,34.4
2025-08-02T23:00,28.2,83,34.3
2025-08-03T00:00,28.1,83,33.7
2025-08-03T01:00,27.9,82,33.2
2025-08-03T02:00,27.5,83,32.8
2025-08-03T03:00,27.2,85,32.5
2025-08-03T04:00,27.0,87,32.5
2025-08-03T05:00,27.0,88,32.5
2025-08-03T06:00,26.8,91,31.8
2025-08-03T07:00,27.6,87,33.2
2025-08-03T08:00,29.2,79,34.8
2025-08-03T09:00,30.1,71,35.0
2025-08-03T10:00,31.2,68,36.0
2025-08-03T11:00,32.1,66,38.1
2025-08-03T12:00,32.7,66,39.4
2025-08-03T13:00,32.9,65,39.5
2025-08-03T14:00,33.1,66,39.9
2025-08-03T15:00,32.9,66,39.0
2025-08-03T16:00,31.1,74,37.0
2025-08-03T17:00,31.4,74,38.0
2025-08-03T18:00,31.1,73,37.8
2025-08-03T19:00,30.3,77,37.0
2025-08-03T20:00,29.6,80,36.0
2025-08-03T21:00,29.1,80,35.0
2025-08-03T22:00,28.7,80,34.6
2025-08-03T23:00,28.4,82,34.3
2025-08-04T00:00,28.0,84,34.1
2025-08-04T01:00,27.6,87,34.0
2025-08-04T02:00,27.0,89,32.4
2025-08-04T03:00,26.3,93,32.4
2025-08-04T04:00,26.2,95,32.3
2025-08-04T05:00,26.3,95,32.9
2025-08-04T06:00,28.2,76,32.6
2025-08-04T07:00,28.3,76,32.6
2025-08-04T08:00,28.4,76,32.6
2025-08-04T09:00,29.0,76,33.5
2025-08-04T10:00,29.2,76,33.9
2025-08-04T11:00,29.4,77,34.7
2025-08-04T12:00,29.5,76,34.5
2025-08-04T13:00,29.8,75,35.0
2025-08-04T14:00,30.2,75,35.8
2025-08-04T15:00,30.5,75,36.5
2025-08-04T16:00,31.0,75,37.2
2025-08-04T17:00,30.6,78,37.2
2025-08-04T18:00,29.4,83,36.2
2025-08-04T19:00,28.7,86,35.4
2025-08-04T20:00,28.6,85,35.0
2025-08-04T21:00,28.5,85,35.0
2025-08-04T22:00,28.3,87,34.7
2025-08-04T23:00,28.1,87,34.2
2025-08-05T00:00,27.8,87,33.6
2025-08-05T01:00,27.5,87,33.3
2025-08-05T02:00,27.3,87,32.9
2025-08-05T03:00,27.1,86,32.6
2025-08-05T04:00,27.2,85,32.3
2025-08-05T05:00,27.1,84,31.9
2025-08-05T06:00,27.5,79,31.7
2025-08-05T07:00,28.0,77,32.3
2025-08-05T08:00,28.7,76,33.6
2025-08-05T09:00,29.7,74,35.0
2025-08-05T10:00,30.1,73,35.8
2025-08-05T11:00,28.6,78,33.4
2025-08-05T12:00,27.1,88,33.4
2025-08-05T13:00,26.9,91,32.7
2025-08-05T14:00,27.8,89,34.0
2025-08-05T15:00,28.6,86,35.4
2025-08-05T16:00,28.9,84,35.6
2025-08-05T17:00,28.8,85,35.9
2025-08-05T18:00,28.7,87,35.8
2025-08-05T19:00,27.9,90,34.4
2025-08-05T20:00,27.6,89,33.8
2025-08-05T21:00,27.4,88,33.2
2025-08-05T22:00,27.2,88,32.8
2025-08-05T23:00,27.0,88,32.5
2025-08-06T00:00,27.0,88,32.4
2025-08-06T01:00,27.0,88,32.3
2025-08-06T02:00,26.7,90,32.2
2025-08-06T03:00,26.4,91,32.0
2025-08-06T04:00,26.3,90,31.9
2025-08-06T05:00,26.3,88,31.5
2025-08-06T06:00,27.1,82,31.8
2025-08-06T07:00,27.3,80,32.0
2025-08-06T08:00,28.1,79,33.2
2025-08-06T09:00,29.0,75,34.0
2025-08-06T10:00,30.0,72,35.2
2025-08-06T11:00,30.5,71,36.2
2025-08-06T12:00,31.0,70,36.9
2025-08-06T13:00,31.0,70,37.0
2025-08-06T14:00,31.4,69,37.6
2025-08-06T15:00,32.1,67,38.3
2025-08-06T16:00,31.7,68,38.0
2025-08-06T17:00,29.9,73,35.0
2025-08-06T18:00,29.7,78,35.9
2025-08-06T19:00,28.9,82,35.6
2025-08-06T20:00,28.4,85,34.9
2025-08-06T21:00,28.2,87,35.0
2025-08-06T22:00,28.0,88,34.9
2025-08-06T23:00,27.7,88,34.1
2025-08-07T00:00,27.5,86,33.5
2025-08-07T01:00,27.2,87,33.1
2025-08-07T02:00,27.0,86,32.6
2025-08-07T03:00,26.8,84,31.8
2025-08-07T04:00,26.4,82,30.8
2025-08-07T05:00,26.0,81,30.0
2025-08-07T06:00,27.3,78,31.5
2025-08-07T07:00,28.0,77,32.4
2025-08-07T08:00,29.1,75,33.9
2025-08-07T09:00,30.5,71,35.6
2025-08-07T10:00,31.8,67,37.5
2025-08-07T11:00,32.8,59,38.2
2025-08-07T12:00,33.4,57,39.2
2025-08-07T13:00,33.7,56,39.6
2025-08-07T14:00,33.9,56,39.3
2025-08-07T15:00,33.8,56,38.4
2025-08-07T16:00,33.5,57,37.6
2025-08-07T17:00,32.7,62,37.6
2025-08-07T18:00,31.4,69,37.1
2025-08-07T19:00,30.3,73,36.0
2025-08-07T20:00,29.7,75,35.4
2025-08-07T21:00,29.2,78,35.0
2025-08-07T22:00,28.8,78,34.3
2025-08-07T23:00,28.4,77,33.5
2025-08-08T00:00,27.9,77,32.6
2025-08-08T01:00,27.6,78,32.1
2025-08-08T02:00,27.3,79,31.8
2025-08-08T03:00,27.1,77,31.1
2025-08-08T04:00,26.8,77,30.4
2025-08-08T05:00,26.4,77,30.1
2025-08-08T06:00,27.9,72,31.2
2025-08-08T07:00,28.4,71,31.9
2025-08-08T08:00,29.4,70,33.8
2025-08-08T09:00,30.5,67,34.9
2025-08-08T10:00,31.5,64,36.0
2025-08-08T11:00,31.8,64,36.6
2025-08-08T12:00,32.0,65,37.2
2025-08-08T13:00,32.8,61,37.9
2025-08-08T14:00,33.1,58,37.8
2025-08-08T15:00,33.0,58,37.9
2025-08-08T16:00,32.8,61,38.3
2025-08-08T17:00,32.6,62,38.5
2025-08-08T18:00,32.3,63,38.0
2025-08-08T19:00,30.9,72,37.4
2025-08-08T20:00,30.0,76,36.4
2025-08-08T21:00,29.5,79,36.0
2025-08-08T22:00,29.1,79,35.1
2025-08-08T23:00,28.3,84,34.0
2025-08-09T00:00,27.8,88,34.0
2025-08-09T01:00,27.7,88,34.1
2025-08-09T02:00,27.6,88,33.8
2025-08-09T03:00,27.5,87,33.7
2025-08-09T04:00,27.2,88,33.5
2025-08-09T05:00,27.1,88,33.1
2025-08-09T06:00,27.2,85,32.5
2025-08-09T07:00,27.7,82,33.5
2025-08-09T08:00,27.6,83,33.6
2025-08-09T09:00,26.9,90,33.0
2025-08-09T10:00,26.1,91,31.5
2025-08-09T11:00,27.6,85,33.7
2025-08-09T12:00,28.6,79,34.6
2025-08-09T13:00,29.4,77,35.6
2025-08-09T14:00,30.2,74,36.4
2025-08-09T15:00,30.5,72,36.3
2025-08-09T16:00,30.5,72,36.2
2025-08-09T17:00,30.4,73,36.3
2025-08-09T18:00,27.6,83,33.4
2025-08-09T19:00,26.9,88,32.9
2025-08-09T20:00,26.7,89,32.8
2025-08-09T21:00,26.6,89,32.6
2025-08-09T22:00,26.4,90,32.4
2025-08-09T23:00,26.2,91,32.3
2025-08-10T00:00,25.9,92,32.1
2025-08-10T01:00,26.1,92,32.3
2025-08-10T02:00,26.1,92,32.4
2025-08-10T03:00,26.1,93,32.5
2025-08-10T04:00,26.1,91,32.0
2025-08-10T05:00,25.9,91,31.9
2025-08-10T06:00,26.6,92,33.2
2025-08-10T07:00,27.2,89,33.7
2025-08-10T08:00,28.2,86,34.9
2025-08-10T09:00,29.0,83,35.8
2025-08-10T10:00,30.0,78,36.8
2025-08-10T11:00,31.0,75,38.7
2025-08-10T12:00,31.5,73,39.9
2025-08-10T13:00,31.9,72,40.4
2025-08-10T14:00,32.1,72,39.9
2025-08-10T15:00,32.1,70,38.7
2025-08-10T16:00,32.1,69,38.4
2025-08-10T17:00,31.9,72,38.5
2025-08-10T18:00,30.8,75,37.6
2025-08-10T19:00,30.0,81,37.2
2025-08-10T20:00,29.4,84,36.6
2025-08-10T21:00,28.8,85,35.9
2025-08-10T22:00,28.3,87,35.2
2025-08-10T23:00,28.0,87,34.5
2025-08-11T00:00,27.9,83,33.7
2025-08-11T01:00,27.6,83,33.3
2025-08-11T02:00,27.4,82,32.7
2025-08-11T03:00,27.1,83,32.4
2025-08-11T04:00,26.8,84,31.9
2025-08-11T05:00,26.6,84,31.6
2025-08-11T06:00,28.2,80,32.9
2025-08-11T07:00,28.6,79,33.4
2025-08-11T08:00,29.5,77,34.8
2025-08-11T09:00,30.6,72,35.8
2025-08-11T10:00,31.5,68,36.5
2025-08-11T11:00,32.6,65,38.6
2025-08-11T12:00,33.3,63,39.8
2025-08-11T13:00,33.6,63,40.0
2025-08-11T14:00,33.9,60,39.8
2025-08-11T15:00,32.9,64,38.5
2025-08-11T16:00,32.7,64,38.6
2025-08-11T17:00,31.8,73,39.1
2025-08-11T18:00,30.5,81,37.8
2025-08-11T19:00,29.5,87,36.7
2025-08-11T20:00,28.6,91,36.5
2025-08-11T21:00,28.0,93,34.9
2025-08-11T22:00,28.0,92,34.7
2025-08-11T23:00,27.8,92,34.4
2025-08-12T00:00,27.5,90,33.5
2025-08-12T01:00,27.2,89,32.9
2025-08-12T02:00,27.1,88,32.9
2025-08-12T03:00,26.9,89,32.9
2025-08-12T04:00,26.7,91,33.0
2025-08-12T05:00,26.7,92,33.3
2025-08-12T06:00,27.1,84,32.3
2025-08-12T07:00,27.1,82,32.0
2025-08-12T08:00,26.9,85,31.8
2025-08-12T09:00,26.3,91,31.2
2025-08-12T10:00,27.3,87,32.8
2025-08-12T11:00,29.5,77,35.3
2025-08-12T12:00,31.2,71,38.0
2025-08-12T13:00,32.2,67,39.9
2025-08-12T14:00,33.0,63,40.2
2025-08-12T15:00,33.3,62,39.5
2025-08-12T16:00,32.9,63,38.2
2025-08-12T17:00,32.3,65,37.8
2025-08-12T18:00,31.4,73,38.3
2025-08-12T19:00,30.6,76,37.4
2025-08-12T20:00,30.1,79,37.0
2025-08-12T21:00,29.6,82,36.7
2025-08-12T22:00,29.2,83,36.2
2025-08-12T23:00,28.6,84,35.2
2025-08-13T00:00,28.2,85,34.4
2025-08-13T01:00,27.8,87,34.3
2025-08-13T02:00,27.6,87,33.8
2025-08-13T03:00,27.3,88,33.3
2025-08-13T04:00,27.1,87,32.7
2025-08-13T05:00,26.9,85,32.1
2025-08-13T06:00,28.0,87,34.1
2025-08-13T07:00,28.7,84,34.9
2025-08-13T08:00,29.4,78,35.1
2025-08-13T09:00,30.3,71,35.6
2025-08-13T10:00,31.4,67,36.7
2025-08-13T11:00,32.4,64,38.7
2025-08-13T12:00,32.6,62,37.9
2025-08-13T13:00,33.0,60,38.5
2025-08-13T14:00,33.4,59,38.5
2025-08-13T15:00,33.4,59,38.6
2025-08-13T16:00,33.3,59,38.4
2025-08-13T17:00,32.8,62,38.5
2025-08-13T18:00,32.1,66,38.0
2025-08-13T19:00,31.1,73,37.8
2025-08-13T20:00,30.6,74,37.0
2025-08-13T21:00,30.3,78,37.3
2025-08-13T22:00,30.2,77,37.0
2025-08-13T23:00,29.3,79,35.4
2025-08-14T00:00,29.0,80,35.1
2025-08-14T01:00,28.5,82,34.6
2025-08-14T02:00,28.2,83,34.2
2025-08-14T03:00,27.9,85,33.8
2025-08-14T04:00,27.5,88,33.5
2025-08-14T05:00,27.1,90,33.1
2025-08-14T06:00,26.9,92,33.1
2025-08-14T07:00,26.4,96,32.6
2025-08-14T08:00,26.7,95,33.6
2025-08-14T09:00,27.6,92,34.2
2025-08-14T10:00,28.5,85,34.7
2025-08-14T11:00,28.9,84,35.4
2025-08-14T12:00,29.6,80,35.9
2025-08-14T13:00,28.5,79,33.9
2025-08-14T14:00,27.7,87,33.8
2025-08-14T15:00,28.1,87,34.7
2025-08-14T16:00,29.0,81,35.3
2025-08-14T17:00,28.5,84,34.7
2025-08-14T18:00,28.2,87,34.9
2025-08-14T19:00,27.5,90,33.9
2025-08-14T20:00,27.1,92,33.7
2025-08-14T21:00,26.8,93,33.5
2025-08-14T22:00,26.6,94,33.3
2025-08-14T23:00,26.3,95,33.0
2025-08-15T00:00,26.3,95,32.8
2025-08-15T01:00,26.2,95,32.5
2025-08-15T02:00,26.1,95,32.2
2025-08-15T03:00,25.8,95,31.8
2025-08-15T04:00,25.6,96,31.4
2025-08-15T05:00,25.3,97,31.2
2025-08-15T06:00,26.0,94,31.6
2025-08-15T07:00,26.5,93,32.6
2025-08-15T08:00,27.6,89,34.3
2025-08-15T09:00,29.0,84,35.9
2025-08-15T10:00,29.9,80,37.2
2025-08-15T11:00,30.5,77,38.1
2025-08-15T12:00,31.4,72,39.2
2025-08-15T13:00,31.5,72,39.8
2025-08-15T14:00,31.7,72,39.0
2025-08-15T15:00,31.4,75,38.5
2025-08-15T16:00,31.1,77,38.4
2025-08-15T17:00,30.5,77,37.2
2025-08-15T18:00,29.8,83,37.0
2025-08-15T19:00,28.9,87,36.0
2025-08-15T20:00,28.5,89,35.7
2025-08-15T21:00,28.3,88,35.0
2025-08-15T22:00,27.8,89,34.4
2025-08-15T23:00,27.5,91,34.1
2025-08-16T00:00,27.3,92,33.9
2025-08-16T01:00,27.0,94,33.7
2025-08-16T02:00,26.8,96,33.5
2025-08-16T03:00,26.7,97,33.3
2025-08-16T04:00,26.5,97,33.3
2025-08-16T05:00,26.4,97,33.1
2025-08-16T06:00,27.3,96,34.2
2025-08-16T07:00,28.1,93,35.4
2025-08-16T08:00,28.9,89,36.3
2025-08-16T09:00,30.1,81,36.9
2025-08-16T10:00,29.5,81,36.3
2025-08-16T11:00,28.3,85,34.2
2025-08-16T12:00,29.0,84,35.9
2025-08-16T13:00,30.5,77,37.7
2025-08-16T14:00,30.8,74,37.6
2025-08-16T15:00,31.2,73,38.1
2025-08-16T16:00,31.1,74,37.8
2025-08-16T17:00,30.9,75,37.6
2025-08-16T18:00,29.9,83,36.9
2025-08-16T19:00,28.7,87,35.4
2025-08-16T20:00,28.3,88,35.0
2025-08-16T21:00,28.2,90,35.0
2025-08-16T22:00,28.1,91,34.9
2025-08-16T23:00,27.9,91,34.7
2025-08-17T00:00,27.7,91,34.2
2025-08-17T01:00,27.5,91,34.0
2025-08-17T02:00,27.4,91,33.9
2025-08-17T03:00,27.3,92,33.7
2025-08-17T04:00,27.3,92,33.9
2025-08-17T05:00,27.3,92,33.9
2025-08-17T06:00,27.7,93,34.5
2025-08-17T07:00,28.0,92,35.0
2025-08-17T08:00,28.1,92,35.0
2025-08-17T09:00,29.7,85,36.8
2025-08-17T10:00,31.2,78,38.5
2025-08-17T11:00,32.0,74,39.2
2025-08-17T12:00,28.6,85,34.3
2025-08-17T13:00,28.8,85,35.4
2025-08-17T14:00,30.6,80,38.0
2025-08-17T15:00,31.5,76,38.6
2025-08-17T16:00,31.6,75,38.6
2025-08-17T17:00,31.4,74,37.8
2025-08-17T18:00,30.3,80,37.0
2025-08-17T19:00,29.3,85,36.1
2025-08-17T20:00,28.7,89,36.0
2025-08-17T21:00,28.4,91,35.8
2025-08-17T22:00,28.2,92,35.4
2025-08-17T23:00,28.2,92,35.1
2025-08-18T00:00,28.0,91,34.6
2025-08-18T01:00,27.8,92,34.3
2025-08-18T02:00,27.6,92,34.0
2025-08-18T03:00,27.4,93,33.7
2025-08-18T04:00,27.3,93,33.7
2025-08-18T05:00,27.2,94,33.4
2025-08-18T06:00,27.9,90,34.1
2025-08-18T07:00,28.5,90,35.3
2025-08-18T08:00,27.5,87,32.2
2025-08-18T09:00,28.1,89,34.5
2025-08-18T10:00,29.7,83,36.2
2025-08-18T11:00,31.0,76,38.0
2025-08-18T12:00,31.4,74,39.0
2025-08-18T13:00,31.6,72,38.9
2025-08-18T14:00,31.7,71,38.2
2025-08-18T15:00,31.8,69,37.5
2025-08-18T16:00,31.7,69,37.2
2025-08-18T17:00,31.1,72,37.0
2025-08-18T18:00,30.6,77,37.1
2025-08-18T19:00,29.5,81,35.8
2025-08-18T20:00,28.8,82,34.8
2025-08-18T21:00,28.5,85,34.7
2025-08-18T22:00,28.2,87,34.5
2025-08-18T23:00,28.0,89,34.2
2025-08-19T00:00,27.7,89,33.6
2025-08-19T01:00,27.3,89,33.1
2025-08-19T02:00,27.1,89,32.8
2025-08-19T03:00,26.9,90,32.8
2025-08-19T04:00,26.8,91,32.7
2025-08-19T05:00,26.6,92,32.4
2025-08-19T06:00,27.9,89,34.3
2025-08-19T07:00,28.7,89,35.6
2025-08-19T08:00,29.8,84,36.6
2025-08-19T09:00,30.7,80,37.4
2025-08-19T10:00,31.9,72,38.9
2025-08-19T11:00,29.4,80,36.1
2025-08-19T12:00,30.9,72,37.6
2025-08-19T13:00,31.1,69,36.9
2025-08-19T14:00,31.2,72,38.0
2025-08-19T15:00,31.6,70,37.7
2025-08-19T16:00,31.5,69,37.4
2025-08-19T17:00,31.1,70,36.6
2025-08-19T18:00,29.5,81,35.6
2025-08-19T19:00,28.9,85,35.2
2025-08-19T20:00,28.7,86,35.1
2025-08-19T21:00,28.6,87,35.0
2025-08-19T22:00,28.4,87,34.8
2025-08-19T23:00,28.3,86,34.2
2025-08-20T00:00,27.9,85,33.5
2025-08-20T01:00,27.5,86,33.0
2025-08-20T02:00,27.3,87,32.8
2025-08-20T03:00,27.0,89,32.7
2025-08-20T04:00,26.8,90,32.5
2025-08-20T05:00,26.8,90,32.4
2025-08-20T06:00,27.8,88,33.7
2025-08-20T07:00,27.8,90,33.7
2025-08-20T08:00,28.2,86,33.9
2025-08-20T09:00,28.6,83,34.2
2025-08-20T10:00,30.1,75,35.3
2025-08-20T11:00,30.7,71,35.9
2025-08-20T12:00,31.6,67,37.6
2025-08-20T13:00,32.3,63,37.9
2025-08-20T14:00,32.6,62,38.1
2025-08-20T15:00,32.7,61,37.2
2025-08-20T16:00,31.4,68,36.2
2025-08-20T17:00,30.8,73,36.4
2025-08-20T18:00,31.0,69,36.0
2025-08-20T19:00,29.8,77,35.2
2025-08-20T20:00,29.4,79,34.7
2025-08-20T21:00,29.0,82,34.7
2025-08-20T22:00,28.6,84,34.7
2025-08-20T23:00,28.3,87,34.5
2025-08-21T00:00,28.0,88,34.3
2025-08-21T01:00,27.8,89,34.0
2025-08-21T02:00,27.4,90,33.6
2025-08-21T03:00,26.0,97,32.1
2025-08-21T04:00,25.7,98,31.5
2025-08-21T05:00,25.6,96,31.2
2025-08-21T06:00,26.3,90,31.6
2025-08-21T07:00,27.3,87,33.0
2025-08-21T08:00,28.8,81,34.4
2025-08-21T09:00,30.3,73,35.5
2025-08-21T10:00,31.6,65,36.4
2025-08-21T11:00,32.3,62,37.6
2025-08-21T12:00,32.9,60,38.9
2025-08-21T13:00,33.2,60,39.4
2025-08-21T14:00,33.6,58,39.4
2025-08-21T15:00,33.1,60,38.4
2025-08-21T16:00,31.6,65,37.0
2025-08-21T17:00,31.3,66,37.1
2025-08-21T18:00,31.2,70,37.5
2025-08-21T19:00,30.7,79,38.3
2025-08-21T20:00,30.3,78,37.2
2025-08-21T21:00,29.6,83,36.8
2025-08-21T22:00,29.1,88,36.8
2025-08-21T23:00,28.8,90,36.7
2025-08-22T00:00,28.6,90,36.3
2025-08-22T01:00,28.4,89,35.6
2025-08-22T02:00,28.0,89,34.5
2025-08-22T03:00,27.4,89,33.3
2025-08-22T04:00,25.6,94,30.9
2025-08-22T05:00,25.3,94,31.0
2025-08-22T06:00,27.9,89,35.2
2025-08-22T07:00,28.6,84,35.0
2025-08-22T08:00,29.3,80,36.3
2025-08-22T09:00,30.7,75,37.8
2025-08-22T10:00,32.1,68,39.1
2025-08-22T11:00,33.3,61,40.5
2025-08-22T12:00,34.1,57,41.2
2025-08-22T13:00,34.2,55,40.1
2025-08-22T14:00,34.0,55,39.2
2025-08-22T15:00,34.1,54,39.2
2025-08-22T16:00,33.8,55,39.1
2025-08-22T17:00,33.1,57,38.6
2025-08-22T18:00,31.5,70,37.3
2025-08-22T19:00,30.5,76,36.9
2025-08-22T20:00,30.1,78,36.8
2025-08-22T21:00,29.5,82,36.4
2025-08-22T22:00,29.1,83,35.3
2025-08-22T23:00,28.6,87,35.3
2025-08-23T00:00,28.3,86,34.4
2025-08-23T01:00,27.9,89,34.2
2025-08-23T02:00,27.4,90,33.9
2025-08-23T03:00,26.3,93,32.7
2025-08-23T04:00,25.6,95,31.9
2025-08-23T05:00,25.7,97,32.0
2025-08-23T06:00,26.5,94,33.1
2025-08-23T07:00,27.4,89,34.1
2025-08-23T08:00,28.7,83,35.1
2025-08-23T09:00,30.1,74,35.7
2025-08-23T10:00,31.3,69,37.4
2025-08-23T11:00,31.9,66,38.5
2025-08-23T12:00,32.6,63,39.3
2025-08-23T13:00,30.1,71,34.7
2025-08-23T14:00,30.2,74,36.3
2025-08-23T15:00,31.0,72,36.8
2025-08-23T16:00,28.7,80,35.0
2025-08-23T17:00,28.4,83,34.8
2025-08-23T18:00,27.9,86,34.5
2025-08-23T19:00,27.4,90,33.8
2025-08-23T20:00,27.2,92,33.7
2025-08-23T21:00,26.8,93,32.7
2025-08-23T22:00,26.5,93,32.4
2025-08-23T23:00,26.3,94,32.2
2025-08-24T00:00,26.2,95,32.2
2025-08-24T01:00,26.1,95,32.2
2025-08-24T02:00,25.9,95,31.6
2025-08-24T03:00,25.9,95,31.9
2025-08-24T04:00,25.8,95,31.3
2025-08-24T05:00,25.7,95,31.5
2025-08-24T06:00,26.1,95,32.2
2025-08-24T07:00,26.9,92,32.9
2025-08-24T08:00,27.9,86,33.2
2025-08-24T09:00,29.2,79,34.4
2025-08-24T10:00,30.2,77,36.2
2025-08-24T11:00,31.1,72,38.0
2025-08-24T12:00,29.1,80,35.5
2025-08-24T13:00,30.8,75,37.9
2025-08-24T14:00,29.0,79,34.5
2025-08-24T15:00,29.4,81,35.5
2025-08-24T16:00,28.4,84,34.4
2025-08-24T17:00,26.6,87,31.3
2025-08-24T18:00,28.0,84,33.3
2025-08-24T19:00,27.5,85,32.7
2025-08-24T20:00,27.1,88,33.0
2025-08-24T21:00,27.0,89,32.8
2025-08-24T22:00,26.8,90,32.2
2025-08-24T23:00,26.4,91,31.2
2025-08-25T00:00,25.6,92,30.1
2025-08-25T01:00,25.3,93,30.0
2025-08-25T02:00,25.3,93,29.9
2025-08-25T03:00,24.6,96,29.1
2025-08-25T04:00,24.4,96,28.7
2025-08-25T05:00,24.5,96,28.5
2025-08-25T06:00,25.3,95,30.0
2025-08-25T07:00,25.5,94,30.5
2025-08-25T08:00,25.8,95,30.1
2025-08-25T09:00,26.6,92,31.4
2025-08-25T10:00,27.2,88,32.0
2025-08-25T11:00,28.8,80,33.4
2025-08-25T12:00,28.9,81,33.9
2025-08-25T13:00,28.9,81,33.8
2025-08-25T14:00,28.3,81,32.8
2025-08-25T15:00,29.0,79,33.8
2025-08-25T16:00,27.0,86,31.6
2025-08-25T17:00,26.8,87,32.1
2025-08-25T18:00,27.4,87,32.7
2025-08-25T19:00,27.2,88,32.3
2025-08-25T20:00,27.0,88,31.9
2025-08-25T21:00,26.7,89,31.5
2025-08-25T22:00,26.0,93,30.7
2025-08-25T23:00,25.8,94,30.7
2025-08-26T00:00,25.7,95,30.6
2025-08-26T01:00,25.3,96,30.0
2025-08-26T02:00,25.1,97,29.6
2025-08-26T03:00,25.5,94,29.4
2025-08-26T04:00,25.4,95,29.3
2025-08-26T05:00,25.2,96,29.5
2025-08-26T06:00,26.0,94,30.8
2025-08-26T07:00,26.0,91,29.9
2025-08-26T08:00,26.4,91,30.4
2025-08-26T09:00,27.5,88,32.4
2025-08-26T10:00,28.9,81,33.7
2025-08-26T11:00,29.6,77,34.4
2025-08-26T12:00,29.7,75,34.4
2025-08-26T13:00,29.9,77,35.1
2025-08-26T14:00,28.7,81,33.7
2025-08-26T15:00,28.8,83,34.7
2025-08-26T16:00,29.5,80,35.2
2025-08-26T17:00,29.4,79,35.2
2025-08-26T18:00,27.6,89,34.1
2025-08-26T19:00,27.2,91,33.3
2025-08-26T20:00,26.7,92,32.5
2025-08-26T21:00,26.4,93,32.4
2025-08-26T22:00,26.3,95,32.1
2025-08-26T23:00,26.2,96,32.0
2025-08-27T00:00,26.0,96,31.7
2025-08-27T01:00,25.8,96,31.3
2025-08-27T02:00,25.6,97,31.4
2025-08-27T03:00,25.5,98,31.2
2025-08-27T04:00,25.4,98,31.4
2025-08-27T05:00,25.2,98,30.9
2025-08-27T06:00,26.1,95,32.4
2025-08-27T07:00,26.7,92,32.7
2025-08-27T08:00,27.3,89,33.1
2025-08-27T09:00,28.5,85,34.4
2025-08-27T10:00,29.7,82,36.5
2025-08-27T11:00,30.6,78,38.2
2025-08-27T12:00,31.2,74,39.0
2025-08-27T13:00,31.9,71,39.7
2025-08-27T14:00,32.5,69,40.2
2025-08-27T15:00,32.6,68,39.6
2025-08-27T16:00,32.3,67,38.6
2025-08-27T17:00,31.8,70,38.3
2025-08-27T18:00,29.1,84,36.3
2025-08-27T19:00,28.5,90,36.1
2025-08-27T20:00,28.3,91,35.9
2025-08-27T21:00,28.0,92,35.4
2025-08-27T22:00,27.9,92,34.8
2025-08-27T23:00,26.8,93,32.7
2025-08-28T00:00,26.7,93,33.0
2025-08-28T01:00,26.5,95,32.6
2025-08-28T02:00,25.9,94,31.5
2025-08-28T03:00,25.8,96,32.0
2025-08-28T04:00,25.5,98,32.1
2025-08-28T05:00,25.3,97,31.2
2025-08-28T06:00,26.7,97,33.3
2025-08-28T07:00,27.3,93,34.3
2025-08-28T08:00,28.2,89,35.0
2025-08-28T09:00,29.6,82,36.1
2025-08-28T10:00,30.8,77,37.9
2025-08-28T11:00,31.3,76,39.0
2025-08-28T12:00,32.0,73,40.3
2025-08-28T13:00,32.2,73,40.2
2025-08-28T14:00,32.2,73,39.8
2025-08-28T15:00,32.4,73,40.1
2025-08-28T16:00,30.5,76,37.2
2025-08-28T17:00,29.7,77,36.0
2025-08-28T18:00,29.5,82,35.9
2025-08-28T19:00,29.0,85,35.7
2025-08-28T20:00,28.6,87,35.3
2025-08-28T21:00,28.2,90,35.3
2025-08-28T22:00,27.5,92,34.4
2025-08-28T23:00,25.9,97,31.4
2025-08-29T00:00,25.9,97,32.0
2025-08-29T01:00,26.0,97,31.6
2025-08-29T02:00,25.8,96,31.2
2025-08-29T03:00,25.4,95,31.5
2025-08-29T04:00,25.0,95,31.0
2025-08-29T05:00,25.2,96,30.6
2025-08-29T06:00,27.4,95,34.0
2025-08-29T07:00,26.9,95,32.5
2025-08-29T08:00,27.6,92,33.5
2025-08-29T09:00,28.4,87,34.3
2025-08-29T10:00,29.1,86,35.6
2025-08-29T11:00,30.0,83,36.6
2025-08-29T12:00,31.1,76,38.0
2025-08-29T13:00,31.3,75,38.0
2025-08-29T14:00,31.0,72,36.4
2025-08-29T15:00,29.6,78,35.3
2025-08-29T16:00,29.4,80,35.2
2025-08-29T17:00,29.2,81,35.0
2025-08-29T18:00,28.4,84,34.3
2025-08-29T19:00,27.9,87,33.9
2025-08-29T20:00,27.6,89,33.6
2025-08-29T21:00,27.2,90,33.0
2025-08-29T22:00,26.9,90,32.5
2025-08-29T23:00,26.7,92,32.4
2025-08-30T00:00,26.5,93,32.1
2025-08-30T01:00,26.4,93,31.9
2025-08-30T02:00,26.3,93,31.8
2025-08-30T03:00,26.2,93,31.6
2025-08-30T04:00,26.1,94,31.5
2025-08-30T05:00,26.0,94,31.4
2025-08-30T06:00,26.3,98,32.0
2025-08-30T07:00,26.4,93,31.5
2025-08-30T08:00,26.7,91,31.7
2025-08-30T09:00,28.0,87,33.3
2025-08-30T10:00,29.1,81,34.6
2025-08-30T11:00,30.1,76,35.9
2025-08-30T12:00,30.8,72,37.1
2025-08-30T13:00,31.5,68,38.0
2025-08-30T14:00,31.6,67,37.4
2025-08-30T15:00,31.8,66,37.3
2025-08-30T16:00,31.4,68,37.0
2025-08-30T17:00,30.6,73,36.4
2025-08-30T18:00,29.5,80,35.9
2025-08-30T19:00,28.8,84,35.5
2025-08-30T20:00,28.4,86,35.1
2025-08-30T21:00,28.1,87,34.4
2025-08-30T22:00,27.8,89,34.0
2025-08-30T23:00,27.5,89,33.7
2025-08-31T00:00,27.2,90,33.3
2025-08-31T01:00,26.9,92,33.0
2025-08-31T02:00,26.7,93,32.3
2025-08-31T03:00,26.0,95,31.4
2025-08-31T04:00,25.2,96,30.2
2025-08-31T05:00,24.5,96,28.1
2025-08-31T06:00,25.7,96,30.9
2025-08-31T07:00,25.8,94,31.1
2025-08-31T08:00,25.4,96,30.4
2025-08-31T09:00,27.0,88,32.0
2025-08-31T10:00,28.5,85,34.1
2025-08-31T11:00,29.2,81,34.9
2025-08-31T12:00,28.2,85,34.0
2025-08-31T13:00,29.3,82,36.1
2025-08-31T14:00,30.0,79,36.5
2025-08-31T15:00,28.4,82,33.4
2025-08-31T16:00,26.8,87,31.7
2025-08-31T17:00,26.5,90,32.2
2025-08-31T18:00,25.9,91,31.6
2025-08-31T19:00,25.8,93,31.4
2025-08-31T20:00,25.8,94,31.4
2025-08-31T21:00,25.8,95,31.3
2025-08-31T22:00,25.7,96,31.1
2025-08-31T23:00,25.5,98,30.7
2025-09-01T00:00,25.4,94,30.0
2025-09-01T01:00,24.7,95,29.4
2025-09-01T02:00,24.3,97,29.0
2025-09-01T03:00,24.0,99,28.7
2025-09-01T04:00,24.1,98,28.7
2025-09-01T05:00,24.1,98,28.7
2025-09-01T06:00,24.6,96,29.7
2025-09-01T07:00,24.6,96,29.2
2025-09-01T08:00,24.6,95,29.6
2025-09-01T09:00,25.1,94,30.1
2025-09-01T10:00,26.3,88,31.0
2025-09-01T11:00,27.7,84,33.1
2025-09-01T12:00,29.2,77,35.0
2025-09-01T13:00,28.1,80,32.7
2025-09-01T14:00,28.1,83,33.0
2025-09-01T15:00,27.7,84,31.9
2025-09-01T16:00,26.1,89,30.3
2025-09-01T17:00,25.8,91,30.3
2025-09-01T18:00,24.9,94,28.4
2025-09-01T19:00,24.5,96,28.2
2025-09-01T20:00,24.4,96,28.1
2025-09-01T21:00,24.3,97,28.0
2025-09-01T22:00,24.2,98,28.3
2025-09-01T23:00,24.4,97,28.4
2025-09-02T00:00,24.2,99,28.3
2025-09-02T01:00,24.2,98,28.5
2025-09-02T02:00,23.8,98,27.5
2025-09-02T03:00,24.0,98,27.7
2025-09-02T04:00,23.8,97,27.7
2025-09-02T05:00,23.9,98,27.9
2025-09-02T06:00,24.2,96,27.9
2025-09-02T07:00,24.0,98,27.9
2025-09-02T08:00,24.4,94,28.3
2025-09-02T09:00,24.9,90,28.2
2025-09-02T10:00,26.1,86,29.8
2025-09-02T11:00,26.9,83,30.9
2025-09-02T12:00,26.6,84,30.9
2025-09-02T13:00,27.0,81,30.7
2025-09-02T14:00,26.4,86,30.8
2025-09-02T15:00,26.4,86,30.8
2025-09-02T16:00,26.1,88,30.1
2025-09-02T17:00,25.9,90,30.2
2025-09-02T18:00,24.6,98,28.8
2025-09-02T19:00,24.6,96,28.6
2025-09-02T20:00,24.8,95,28.8
2025-09-02T21:00,24.9,95,29.2
2025-09-02T22:00,24.9,96,29.6
2025-09-02T23:00,24.9,96,29.7
2025-09-03T00:00,24.8,96,29.4
2025-09-03T01:00,24.5,96,29.2
2025-09-03T02:00,24.3,97,29.1
2025-09-03T03:00,24.2,97,28.8
2025-09-03T04:00,24.1,98,28.6
2025-09-03T05:00,24.1,98,29.1
2025-09-03T06:00,24.1,96,28.8
2025-09-03T07:00,24.8,95,30.0
2025-09-03T08:00,25.4,93,31.2
2025-09-03T09:00,26.6,88,32.4
2025-09-03T10:00,27.8,86,34.5
2025-09-03T11:00,29.2,81,36.3
2025-09-03T12:00,29.4,76,34.9
2025-09-03T13:00,27.9,82,32.8
2025-09-03T14:00,28.4,79,33.3
2025-09-03T15:00,28.8,78,33.9
2025-09-03T16:00,28.4,80,33.5
2025-09-03T17:00,28.0,83,33.2
2025-09-03T18:00,26.2,86,30.7
2025-09-03T19:00,25.9,85,30.3
2025-09-03T20:00,25.8,87,30.5
2025-09-03T21:00,25.6,90,30.5
2025-09-03T22:00,25.4,91,30.4
2025-09-03T23:00,25.1,95,30.7
2025-09-04T00:00,25.1,96,30.6
2025-09-04T01:00,25.0,96,30.4
2025-09-04T02:00,24.8,97,30.0
2025-09-04T03:00,24.7,97,29.6
2025-09-04T04:00,24.8,97,29.6
2025-09-04T05:00,24.5,97,29.3
2025-09-04T06:00,24.2,96,28.3
2025-09-04T07:00,24.2,96,29.4
2025-09-04T08:00,25.2,94,30.8
2025-09-04T09:00,26.8,89,32.9
2025-09-04T10:00,28.6,84,35.1
2025-09-04T11:00,30.0,77,36.7
2025-09-04T12:00,31.0,72,38.7
2025-09-04T13:00,31.4,69,38.9
2025-09-04T14:00,31.4,67,37.5
2025-09-04T15:00,30.0,76,35.7
2025-09-04T16:00,29.1,81,35.4
2025-09-04T17:00,28.9,82,35.1
2025-09-04T18:00,27.8,86,34.0
2025-09-04T19:00,27.4,88,33.5
2025-09-04T20:00,27.0,89,33.0
2025-09-04T21:00,26.7,89,32.5
2025-09-04T22:00,26.4,91,32.3
2025-09-04T23:00,26.2,91,32.0
2025-09-05T00:00,26.0,91,31.8
2025-09-05T01:00,25.9,92,31.5
2025-09-05T02:00,25.7,93,31.4
2025-09-05T03:00,25.5,92,30.7
2025-09-05T04:00,25.4,93,30.7
2025-09-05T05:00,25.2,94,30.6
2025-09-05T06:00,26.7,86,31.3
2025-09-05T07:00,27.1,84,31.5
2025-09-05T08:00,28.0,80,32.4
2025-09-05T09:00,29.0,74,32.5
2025-09-05T10:00,29.8,75,34.6
2025-09-05T11:00,30.5,73,36.1
2025-09-05T12:00,31.0,72,37.0
2025-09-05T13:00,29.9,75,35.2
2025-09-05T14:00,30.5,76,36.4
2025-09-05T15:00,29.6,71,33.6
2025-09-05T16:00,28.7,79,33.3
2025-09-05T17:00,27.0,87,32.1
2025-09-05T18:00,27.1,89,32.6
2025-09-05T19:00,26.9,91,33.1
2025-09-05T20:00,26.8,92,32.6
2025-09-05T21:00,26.7,91,32.2
2025-09-05T22:00,26.6,91,32.0
2025-09-05T23:00,26.4,93,31.8
2025-09-06T00:00,25.4,96,30.3
2025-09-06T01:00,24.8,96,29.1
2025-09-06T02:00,24.5,95,28.3
2025-09-06T03:00,24.6,96,28.9
2025-09-06T04:00,24.7,96,29.3
2025-09-06T05:00,24.6,96,29.7
2025-09-06T06:00,26.0,92,31.3
2025-09-06T07:00,26.6,91,32.2
2025-09-06T08:00,27.8,86,33.3
2025-09-06T09:00,29.2,78,34.1
2025-09-06T10:00,30.3,72,35.2
2025-09-06T11:00,30.8,71,36.5
2025-09-06T12:00,31.2,72,37.7
2025-09-06T13:00,31.2,72,37.6
2025-09-06T14:00,31.2,73,37.4
2025-09-06T15:00,29.5,80,35.3
2025-09-06T16:00,29.3,80,34.8
2025-09-06T17:00,28.6,83,34.3
2025-09-06T18:00,28.8,83,35.0
2025-09-06T19:00,28.3,85,34.2
2025-09-06T20:00,27.7,88,33.1
2025-09-06T21:00,26.8,88,32.1
2025-09-06T22:00,26.4,89,31.4
2025-09-06T23:00,26.2,90,31.2
2025-09-07T00:00,26.1,90,30.8
2025-09-07T01:00,25.2,93,29.7
2025-09-07T02:00,25.3,95,30.3
2025-09-07T03:00,25.1,96,30.4
2025-09-07T04:00,24.9,96,30.1
2025-09-07T05:00,24.8,96,30.1
2025-09-07T06:00,25.8,95,31.2
2025-09-07T07:00,26.6,93,32.4
2025-09-07T08:00,27.9,87,33.7
2025-09-07T09:00,29.3,81,35.1
2025-09-07T10:00,30.5,75,36.5
2025-09-07T11:00,31.3,72,38.4
2025-09-07T12:00,31.8,69,38.8
2025-09-07T13:00,31.9,68,38.7
2025-09-07T14:00,31.9,70,38.7
2025-09-07T15:00,31.2,74,37.2
2025-09-07T16:00,30.8,76,37.4
2025-09-07T17:00,29.9,78,36.2
2025-09-07T18:00,28.0,88,34.3
2025-09-07T19:00,27.4,89,33.5
2025-09-07T20:00,27.0,90,33.1
2025-09-07T21:00,26.7,90,32.7
2025-09-07T22:00,26.5,91,32.2
2025-09-07T23:00,26.2,92,32.0
2025-09-08T00:00,26.0,93,31.7
2025-09-08T01:00,25.8,95,31.7
2025-09-08T02:00,25.5,96,31.6
2025-09-08T03:00,25.3,97,31.5
2025-09-08T04:00,25.2,98,31.3
2025-09-08T05:00,25.2,98,31.1
2025-09-08T06:00,25.8,96,31.7
2025-09-08T07:00,26.7,93,33.0
2025-09-08T08:00,27.9,89,34.4
2025-09-08T09:00,29.2,81,35.5
2025-09-08T10:00,30.3,74,36.9
2025-09-08T11:00,30.9,72,38.5
2025-09-08T12:00,31.4,71,39.4
2025-09-08T13:00,31.5,70,39.1
2025-09-08T14:00,31.7,65,38.4
2025-09-08T15:00,32.0,60,37.1
2025-09-08T16:00,31.9,60,37.1
2025-09-08T17:00,31.4,64,36.8
2025-09-08T18:00,30.5,72,36.5
2025-09-08T19:00,29.3,78,35.7
2025-09-08T20:00,28.8,80,35.2
2025-09-08T21:00,28.4,81,34.8
2025-09-08T22:00,28.0,82,34.4
2025-09-08T23:00,27.5,84,33.7
2025-09-09T00:00,27.1,85,32.8
2025-09-09T01:00,26.6,85,32.1
2025-09-09T02:00,26.3,84,31.3
2025-09-09T03:00,26.0,86,30.8
2025-09-09T04:00,25.9,87,30.6
2025-09-09T05:00,25.8,88,30.4
2025-09-09T06:00,26.7,86,31.8
2025-09-09T07:00,27.5,84,33.0
2025-09-09T08:00,28.6,80,34.1
2025-09-09T09:00,30.0,74,35.4
2025-09-09T10:00,30.5,70,36.1
2025-09-09T11:00,31.3,66,37.0
2025-09-09T12:00,31.9,64,38.1
2025-09-09T13:00,32.4,64,38.7
2025-09-09T14:00,32.3,63,37.9
2025-09-09T15:00,32.4,63,37.3
2025-09-09T16:00,32.0,62,36.4
2025-09-09T17:00,31.2,68,36.3
2025-09-09T18:00,30.3,72,36.1
2025-09-09T19:00,29.5,76,35.2
2025-09-09T20:00,29.0,79,34.6
2025-09-09T21:00,28.6,78,33.8
2025-09-09T22:00,28.1,78,33.2
2025-09-09T23:00,27.7,79,32.5
2025-09-10T00:00,27.3,80,31.9
2025-09-10T01:00,26.9,80,31.3
2025-09-10T02:00,26.4,81,30.7
2025-09-10T03:00,26.1,83,30.3
2025-09-10T04:00,25.8,84,29.9
2025-09-10T05:00,25.6,85,29.6
2025-09-10T06:00,27.1,88,32.1
2025-09-10T07:00,27.8,86,33.4
2025-09-10T08:00,28.9,81,34.4
2025-09-10T09:00,30.1,75,35.0
2025-09-10T10:00,31.2,69,36.0
2025-09-10T11:00,32.1,62,37.1
2025-09-10T12:00,32.7,59,37.7
2025-09-10T13:00,33.1,56,37.6
2025-09-10T14:00,33.2,55,37.1
2025-09-10T15:00,32.9,56,36.2
2025-09-10T16:00,32.2,59,35.6
2025-09-10T17:00,31.3,63,35.0
2025-09-10T18:00,30.1,66,34.0
2025-09-10T19:00,29.3,70,33.4
2025-09-10T20:00,28.6,73,32.9
2025-09-10T21:00,28.0,76,32.3
2025-09-10T22:00,27.4,79,31.9
2025-09-10T23:00,26.9,80,31.4
2025-09-11T00:00,26.5,81,30.7
2025-09-11T01:00,26.0,80,30.0
2025-09-11T02:00,25.7,79,29.3
2025-09-11T03:00,25.5,79,28.8
2025-09-11T04:00,25.1,79,28.2
2025-09-11T05:00,24.7,79,27.6
2025-09-11T06:00,26.4,77,29.5
2025-09-11T07:00,27.2,76,30.8
2025-09-11T08:00,28.3,73,32.2
2025-09-11T09:00,29.7,69,33.3
2025-09-11T10:00,30.9,63,34.9
2025-09-11T11:00,32.0,58,36.2
2025-09-11T12:00,32.5,55,36.5
2025-09-11T13:00,32.6,54,36.2
2025-09-11T14:00,32.8,53,36.0
2025-09-11T15:00,32.8,52,35.3
2025-09-11T16:00,32.3,54,34.9
2025-09-11T17:00,31.5,57,34.7
2025-09-11T18:00,30.2,65,34.6
2025-09-11T19:00,29.4,69,34.0
2025-09-11T20:00,28.9,70,33.4
2025-09-11T21:00,28.1,75,33.0
2025-09-11T22:00,27.5,79,32.7
2025-09-11T23:00,26.9,83,32.3
2025-09-12T00:00,26.5,84,31.7
2025-09-12T01:00,26.1,83,30.8
2025-09-12T02:00,25.7,80,29.8
2025-09-12T03:00,25.3,78,28.7
2025-09-12T04:00,24.9,78,28.1
2025-09-12T05:00,24.6,80,27.8
2025-09-12T06:00,25.9,80,29.5
2025-09-12T07:00,26.9,77,30.8
2025-09-12T08:00,28.3,71,32.1
2025-09-12T09:00,29.8,66,33.6
2025-09-12T10:00,31.1,61,35.4
2025-09-12T11:00,32.1,56,36.3
2025-09-12T12:00,33.0,52,37.6
2025-09-12T13:00,33.3,50,37.7
2025-09-12T14:00,33.5,49,37.2
2025-09-12T15:00,33.3,50,36.3
2025-09-12T16:00,32.8,52,35.8
2025-09-12T17:00,32.0,55,35.2
2025-09-12T18:00,31.6,56,35.5
2025-09-12T19:00,31.0,59,35.2
2025-09-12T20:00,30.1,67,35.4
2025-09-12T21:00,29.7,71,35.5
2025-09-12T22:00,29.1,74,35.1
2025-09-12T23:00,28.4,75,33.8
2025-09-13T00:00,27.8,79,33.2
2025-09-13T01:00,27.6,80,33.0
2025-09-13T02:00,27.4,80,32.5
2025-09-13T03:00,27.1,80,32.4
2025-09-13T04:00,26.7,80,31.5
2025-09-13T05:00,26.3,79,30.7
2025-09-13T06:00,27.7,73,32.0
2025-09-13T07:00,28.5,69,32.7
2025-09-13T08:00,29.2,66,33.4
2025-09-13T09:00,30.9,60,35.0
2025-09-13T10:00,33.0,49,36.7
2025-09-13T11:00,34.3,44,38.2
2025-09-13T12:00,35.0,42,39.1
2025-09-13T13:00,35.3,41,38.8
2025-09-13T14:00,34.8,42,37.6
2025-09-13T15:00,34.4,44,36.7
2025-09-13T16:00,33.4,49,36.2
2025-09-13T17:00,32.5,54,36.0
2025-09-13T18:00,32.9,48,35.8
2025-09-13T19:00,32.5,50,35.9
2025-09-13T20:00,32.0,53,36.0
2025-09-13T21:00,31.2,57,35.6
2025-09-13T22:00,30.4,60,35.0
2025-09-13T23:00,29.7,64,34.3
2025-09-14T00:00,29.0,68,33.6
2025-09-14T01:00,28.5,70,33.1
2025-09-14T02:00,28.0,73,32.7
2025-09-14T03:00,27.6,77,32.4
2025-09-14T04:00,27.3,78,32.3
2025-09-14T05:00,27.0,80,31.9
2025-09-14T06:00,27.6,81,32.8
2025-09-14T07:00,29.0,73,34.3
2025-09-14T08:00,31.5,59,36.0
2025-09-14T09:00,33.4,48,36.9
2025-09-14T10:00,34.9,42,38.1
2025-09-14T11:00,35.6,39,38.8
2025-09-14T12:00,36.1,38,39.6
2025-09-14T13:00,36.2,39,39.6
2025-09-14T14:00,36.5,38,39.6
2025-09-14T15:00,36.2,39,38.5
2025-09-14T16:00,35.3,42,37.5
2025-09-14T17:00,34.3,45,36.8
2025-09-14T18:00,33.3,50,36.5
2025-09-14T19:00,33.0,50,36.7
2025-09-14T20:00,32.7,51,36.7
2025-09-14T21:00,32.0,56,36.5
2025-09-14T22:00,31.1,61,36.1
2025-09-14T23:00,30.4,65,35.4
2025-09-15T00:00,29.8,68,34.8
2025-09-15T01:00,29.1,71,34.0
2025-09-15T02:00,28.6,73,33.6
2025-09-15T03:00,28.1,75,32.9
2025-09-15T04:00,27.8,76,32.4
2025-09-15T05:00,27.3,75,31.5
2025-09-15T06:00,28.6,68,32.7
2025-09-15T07:00,29.5,62,33.3
2025-09-15T08:00,31.4,54,34.7
2025-09-15T09:00,33.3,46,35.9
2025-09-15T10:00,34.7,41,37.4
2025-09-15T11:00,35.6,39,39.0
2025-09-15T12:00,36.3,38,39.7
2025-09-15T13:00,36.4,37,39.4
2025-09-15T14:00,36.4,38,39.1
2025-09-15T15:00,36.0,39,38.0
2025-09-15T16:00,35.2,42,37.2
2025-09-15T17:00,34.3,44,36.6
2025-09-15T18:00,33.5,47,36.5
2025-09-15T19:00,33.4,47,36.7
2025-09-15T20:00,33.3,48,37.1
2025-09-15T21:00,32.8,53,37.6
2025-09-15T22:00,32.1,53,36.5
2025-09-15T23:00,31.3,58,35.4
2025-09-16T00:00,30.5,62,34.6
2025-09-16T01:00,29.5,67,33.8
2025-09-16T02:00,28.8,70,33.3
2025-09-16T03:00,28.4,71,32.8
2025-09-16T04:00,28.0,73,32.4
2025-09-16T05:00,27.3,77,31.7
2025-09-16T06:00,28.8,62,32.0
2025-09-16T07:00,29.2,60,32.5
2025-09-16T08:00,30.4,56,33.8
2025-09-16T09:00,32.4,48,35.6
2025-09-16T10:00,34.1,43,37.5
2025-09-16T11:00,35.3,40,39.3
2025-09-16T12:00,36.2,38,40.2
2025-09-16T13:00,36.8,37,40.7
2025-09-16T14:00,36.6,38,39.3
2025-09-16T15:00,35.7,41,38.2
2025-09-16T16:00,35.2,42,38.0
2025-09-16T17:00,34.3,45,37.9
2025-09-16T18:00,32.6,56,37.4
2025-09-16T19:00,32.6,53,37.0
2025-09-16T20:00,31.0,61,35.0
2025-09-16T21:00,30.0,67,34.5
2025-09-16T22:00,29.2,71,33.7
2025-09-16T23:00,28.4,74,32.9
2025-09-17T00:00,27.9,75,32.3
2025-09-17T01:00,27.5,76,31.9
2025-09-17T02:00,27.1,77,31.6
2025-09-17T03:00,26.9,79,31.7
2025-09-17T04:00,27.0,80,32.4
2025-09-17T05:00,26.7,80,31.0
2025-09-17T06:00,27.4,76,32.2
2025-09-17T07:00,28.8,70,34.0
2025-09-17T08:00,30.6,64,35.8
2025-09-17T09:00,32.5,55,37.3
2025-09-17T10:00,33.9,49,38.5
2025-09-17T11:00,35.1,44,39.7
2025-09-17T12:00,36.2,40,40.7
2025-09-17T13:00,36.4,38,40.4
2025-09-17T14:00,36.3,39,39.6
2025-09-17T15:00,35.8,40,38.4
2025-09-17T16:00,35.2,42,37.9
2025-09-17T17:00,34.2,45,37.2
2025-09-17T18:00,31.6,61,36.9
2025-09-17T19:00,31.4,62,36.8
2025-09-17T20:00,31.1,64,36.5
2025-09-17T21:00,30.7,65,35.6
2025-09-17T22:00,29.5,73,34.5
2025-09-17T23:00,28.5,79,33.8
2025-09-18T00:00,27.8,82,33.2
2025-09-18T01:00,27.2,85,32.6
2025-09-18T02:00,26.3,87,31.3
2025-09-18T03:00,25.8,88,30.6
2025-09-18T04:00,25.4,89,30.0
2025-09-18T05:00,25.1,90,29.9
2025-09-18T06:00,27.3,82,32.9
2025-09-18T07:00,27.9,79,33.3
2025-09-18T08:00,29.4,73,34.8
2025-09-18T09:00,31.4,63,36.9
2025-09-18T10:00,33.3,52,38.5
2025-09-18T11:00,34.9,45,39.6
2025-09-18T12:00,34.9,43,39.0
2025-09-18T13:00,32.8,48,36.8
2025-09-18T14:00,31.9,55,36.1
2025-09-18T15:00,32.2,56,36.3
2025-09-18T16:00,32.5,55,36.8
2025-09-18T17:00,32.0,57,36.5
2025-09-18T18:00,32.7,51,35.9
2025-09-18T19:00,32.0,57,36.2
2025-09-18T20:00,31.6,60,36.3
2025-09-18T21:00,31.1,63,36.1
2025-09-18T22:00,30.3,67,35.3
2025-09-18T23:00,29.5,71,34.7
2025-09-19T00:00,28.9,75,34.4
2025-09-19T01:00,28.4,78,34.2
2025-09-19T02:00,28.0,81,33.7
2025-09-19T03:00,27.5,84,33.3
2025-09-19T04:00,27.1,86,33.0
2025-09-19T05:00,26.8,88,32.8
2025-09-19T06:00,27.5,79,32.4
2025-09-19T07:00,28.6,72,33.4
2025-09-19T08:00,30.7,64,35.7
2025-09-19T09:00,32.6,53,36.6
2025-09-19T10:00,32.4,52,35.4
2025-09-19T11:00,33.5,47,36.5
2025-09-19T12:00,34.8,41,38.1
2025-09-19T13:00,34.9,42,38.1
2025-09-19T14:00,35.4,41,38.5
2025-09-19T15:00,35.5,41,37.8
2025-09-19T16:00,34.6,42,36.9
2025-09-19T17:00,33.6,47,36.3
2025-09-19T18:00,32.6,54,36.1
2025-09-19T19:00,31.9,59,36.2
2025-09-19T20:00,31.3,61,35.7
2025-09-19T21:00,30.7,63,35.6
2025-09-19T22:00,30.2,67,35.5
2025-09-19T23:00,29.7,69,34.8
2025-09-20T00:00,29.2,72,34.7
2025-09-20T01:00,28.5,73,33.7
2025-09-20T02:00,28.1,73,32.8
2025-09-20T03:00,27.5,76,32.2
2025-09-20T04:00,27.1,79,31.9
2025-09-20T05:00,26.8,80,31.8
2025-09-20T06:00,28.2,79,33.4
2025-09-20T07:00,29.2,74,34.4
2025-09-20T08:00,31.3,59,35.2
2025-09-20T09:00,33.3,45,35.3
2025-09-20T10:00,34.5,40,36.4
2025-09-20T11:00,35.3,38,37.6
2025-09-20T12:00,35.8,37,38.1
2025-09-20T13:00,36.2,37,38.7
2025-09-20T14:00,36.0,37,37.8
2025-09-20T15:00,35.7,37,36.9
2025-09-20T16:00,35.0,39,36.1
2025-09-20T17:00,34.0,41,35.2
2025-09-20T18:00,32.8,45,34.6
2025-09-20T19:00,32.1,48,34.7
2025-09-20T20:00,31.2,53,34.6
2025-09-20T21:00,30.4,59,34.4
2025-09-20T22:00,29.7,61,33.6
2025-09-20T23:00,28.8,65,32.9
2025-09-21T00:00,28.1,66,31.7
2025-09-21T01:00,27.3,68,30.5
2025-09-21T02:00,26.6,69,29.8
2025-09-21T03:00,26.1,71,29.3
2025-09-21T04:00,25.7,72,28.7
2025-09-21T05:00,25.4,71,28.1
2025-09-21T06:00,27.1,73,31.1
2025-09-21T07:00,28.1,69,32.1
2025-09-21T08:00,30.2,61,34.1
2025-09-21T09:00,32.3,54,35.6
2025-09-21T10:00,33.9,45,36.6
2025-09-21T11:00,35.1,40,37.4
2025-09-21T12:00,35.8,37,37.9
2025-09-21T13:00,36.3,35,38.4
2025-09-21T14:00,36.4,34,37.9
2025-09-21T15:00,36.1,35,37.2
2025-09-21T16:00,35.3,38,36.5
2025-09-21T17:00,34.2,43,35.9
2025-09-21T18:00,33.2,44,34.9
2025-09-21T19:00,32.8,44,34.5
2025-09-21T20:00,32.2,46,34.2
2025-09-21T21:00,31.1,51,33.8
2025-09-21T22:00,30.4,55,33.5
2025-09-21T23:00,29.7,57,33.1
2025-09-22T00:00,28.7,62,31.9
2025-09-22T01:00,27.9,65,31.3
2025-09-22T02:00,27.3,67,30.7
2025-09-22T03:00,26.9,67,30.2
2025-09-22T04:00,26.5,68,29.5
2025-09-22T05:00,26.1,68,29.1
2025-09-22T06:00,27.3,74,31.4
2025-09-22T07:00,28.5,68,32.5
2025-09-22T08:00,30.5,59,34.2
2025-09-22T09:00,32.7,50,35.6
2025-09-22T10:00,34.1,44,36.8
2025-09-22T11:00,35.3,39,38.2
2025-09-22T12:00,36.4,34,38.6
2025-09-22T13:00,36.9,31,38.2
2025-09-22T14:00,36.8,31,37.6
2025-09-22T15:00,36.6,31,36.7
2025-09-22T16:00,35.5,36,36.1
2025-09-22T17:00,34.5,39,35.4
2025-09-22T18:00,34.0,39,35.1
2025-09-22T19:00,33.0,43,34.6
2025-09-22T20:00,32.1,46,33.9
2025-09-22T21:00,31.2,50,33.3
2025-09-22T22:00,30.6,51,32.6
2025-09-22T23:00,30.2,51,32.3
2025-09-23T00:00,29.9,52,32.1
2025-09-23T01:00,28.9,55,31.1
2025-09-23T02:00,27.8,58,30.1
2025-09-23T03:00,27.0,61,29.4
2025-09-23T04:00,26.5,63,28.8
2025-09-23T05:00,26.1,65,28.4
2025-09-23T06:00,27.0,71,30.5
2025-09-23T07:00,27.8,68,31.1
2025-09-23T08:00,29.8,57,32.6
2025-09-23T09:00,32.0,50,34.3
2025-09-23T10:00,33.9,46,36.5
2025-09-23T11:00,35.4,38,37.7
2025-09-23T12:00,36.4,34,38.2
2025-09-23T13:00,36.7,33,38.1
2025-09-23T14:00,36.6,33,37.5
2025-09-23T15:00,36.1,33,36.3
2025-09-23T16:00,35.2,35,35.5
2025-09-23T17:00,34.2,36,34.6
2025-09-23T18:00,33.2,38,33.7
2025-09-23T19:00,32.6,39,33.3
2025-09-23T20:00,32.2,39,33.1
2025-09-23T21:00,31.5,41,32.8
2025-09-23T22:00,30.9,44,32.5
2025-09-23T23:00,29.6,49,31.3
2025-09-24T00:00,28.4,55,30.5
2025-09-24T01:00,27.9,58,30.1
2025-09-24T02:00,27.3,60,29.5
2025-09-24T03:00,26.7,61,28.8
2025-09-24T04:00,26.3,61,28.2
2025-09-24T05:00,25.8,62,27.6
2025-09-24T06:00,26.3,68,28.6
2025-09-24T07:00,27.2,63,29.6
2025-09-24T08:00,29.1,58,31.3
2025-09-24T09:00,31.1,52,33.3
2025-09-24T10:00,33.0,47,35.3
2025-09-24T11:00,34.6,39,36.5
2025-09-24T12:00,35.5,34,37.3
2025-09-24T13:00,36.0,33,37.6
2025-09-24T14:00,36.1,32,37.0
2025-09-24T15:00,35.7,32,36.0
2025-09-24T16:00,35.0,34,35.4
2025-09-24T17:00,33.7,39,34.6
2025-09-24T18:00,33.1,44,35.1
2025-09-24T19:00,32.5,46,35.2
2025-09-24T20:00,32.0,48,34.9
2025-09-24T21:00,31.2,51,34.2
2025-09-24T22:00,30.3,55,33.7
2025-09-24T23:00,29.4,59,32.5
2025-09-25T00:00,28.5,63,31.9
2025-09-25T01:00,28.0,66,31.5
2025-09-25T02:00,27.5,67,31.2
2025-09-25T03:00,27.0,69,30.7
2025-09-25T04:00,26.4,72,30.0
2025-09-25T05:00,25.9,74,29.2
2025-09-25T06:00,26.0,75,29.1
2025-09-25T07:00,27.0,68,29.9
2025-09-25T08:00,29.2,57,31.9
2025-09-25T09:00,31.7,48,33.7
2025-09-25T10:00,33.7,41,35.6
2025-09-25T11:00,35.0,36,37.0
2025-09-25T12:00,35.8,34,38.0
2025-09-25T13:00,36.1,34,38.2
2025-09-25T14:00,36.2,33,37.7
2025-09-25T15:00,35.9,33,36.6
2025-09-25T16:00,35.1,36,35.9
2025-09-25T17:00,33.8,41,35.1
2025-09-25T18:00,33.0,44,34.9
2025-09-25T19:00,32.4,46,34.9
2025-09-25T20:00,31.7,50,34.4
2025-09-25T21:00,31.0,51,33.9
2025-09-25T22:00,30.4,52,33.1
2025-09-25T23:00,29.9,53,32.5
2025-09-26T00:00,29.3,54,32.0
2025-09-26T01:00,28.5,57,31.3
2025-09-26T02:00,27.6,61,30.4
2025-09-26T03:00,26.7,66,29.6
2025-09-26T04:00,26.2,69,29.3
2025-09-26T05:00,25.8,71,29.0
2025-09-26T06:00,26.7,76,30.6
2025-09-26T07:00,27.7,72,31.8
2025-09-26T08:00,29.8,62,33.7
2025-09-26T09:00,32.5,50,35.4
2025-09-26T10:00,34.4,40,36.2
2025-09-26T11:00,35.6,36,37.6
2025-09-26T12:00,36.4,33,38.6
2025-09-26T13:00,36.9,31,38.9
2025-09-26T14:00,37.0,30,38.2
2025-09-26T15:00,36.6,32,37.2
2025-09-26T16:00,35.4,39,37.0
2025-09-26T17:00,34.2,45,36.4
2025-09-26T18:00,33.5,49,36.6
2025-09-26T19:00,33.0,51,36.7
2025-09-26T20:00,32.3,55,36.5
2025-09-26T21:00,31.6,58,35.8
2025-09-26T22:00,31.0,59,35.1
2025-09-26T23:00,30.4,59,34.2
2025-09-27T00:00,29.6,61,33.4
2025-09-27T01:00,29.1,62,32.9
2025-09-27T02:00,28.7,63,32.4
2025-09-27T03:00,28.2,65,31.9
2025-09-27T04:00,27.8,67,31.4
2025-09-27T05:00,27.2,70,30.9
2025-09-27T06:00,28.1,73,32.8
2025-09-27T07:00,29.1,69,33.9
2025-09-27T08:00,31.3,60,36.1
2025-09-27T09:00,33.4,51,37.6
2025-09-27T10:00,35.0,44,39.4
2025-09-27T11:00,36.5,39,41.2
2025-09-27T12:00,37.7,35,42.3
2025-09-27T13:00,38.6,33,42.7
2025-09-27T14:00,38.7,32,41.9
2025-09-27T15:00,37.3,35,40.1
2025-09-27T16:00,36.0,38,39.0
2025-09-27T17:00,34.9,45,38.6
2025-09-27T18:00,34.5,45,38.2
2025-09-27T19:00,33.4,53,38.1
2025-09-27T20:00,33.0,56,38.3
2025-09-27T21:00,32.0,60,37.3
2025-09-27T22:00,31.3,65,36.9
2025-09-27T23:00,30.8,69,36.7
2025-09-28T00:00,30.4,71,36.3
2025-09-28T01:00,30.1,71,35.6
2025-09-28T02:00,29.6,72,34.9
2025-09-28T03:00,29.0,74,34.1
2025-09-28T04:00,28.6,76,33.5
2025-09-28T05:00,28.3,77,33.3
2025-09-28T06:00,29.3,75,34.5
2025-09-28T07:00,30.0,71,35.2
2025-09-28T08:00,31.2,66,35.8
2025-09-28T09:00,32.6,59,36.8
2025-09-28T10:00,34.2,50,37.8
2025-09-28T11:00,35.4,43,38.6
2025-09-28T12:00,36.0,41,39.3
2025-09-28T13:00,36.3,42,40.0
2025-09-28T14:00,36.5,41,39.8
2025-09-28T15:00,36.3,42,39.2
2025-09-28T16:00,35.7,44,38.9
2025-09-28T17:00,34.7,48,38.2
2025-09-28T18:00,33.4,55,37.7
2025-09-28T19:00,32.8,58,37.3
2025-09-28T20:00,32.5,59,37.1
2025-09-28T21:00,32.0,62,36.9
2025-09-28T22:00,31.2,66,36.2
2025-09-28T23:00,30.5,70,35.7
2025-09-29T00:00,29.9,73,35.3
2025-09-29T01:00,29.4,74,34.7
2025-09-29T02:00,28.9,76,34.1
2025-09-29T03:00,28.5,78,33.7
2025-09-29T04:00,28.1,79,33.3
2025-09-29T05:00,27.8,81,33.0
2025-09-29T06:00,28.3,76,33.2
2025-09-29T07:00,29.0,74,34.2
2025-09-29T08:00,30.6,68,35.6
2025-09-29T09:00,32.4,58,36.5
2025-09-29T10:00,33.7,51,37.7
2025-09-29T11:00,34.8,45,38.8
2025-09-29T12:00,35.5,41,39.3
2025-09-29T13:00,36.1,40,40.1
2025-09-29T14:00,36.2,39,39.8
2025-09-29T15:00,36.3,39,39.4
2025-09-29T16:00,35.9,39,38.6
2025-09-29T17:00,34.7,43,37.7
2025-09-29T18:00,34.0,46,37.1
2025-09-29T19:00,33.1,49,36.3
2025-09-29T20:00,32.3,52,35.9
2025-09-29T21:00,31.9,55,35.9
2025-09-29T22:00,31.3,58,35.5
2025-09-29T23:00,30.2,65,34.8
2025-09-30T00:00,29.4,71,34.7
2025-09-30T01:00,28.8,74,34.5
2025-09-30T02:00,28.6,75,34.2
2025-09-30T03:00,26.6,83,30.4
2025-09-30T04:00,24.4,93,29.0
2025-09-30T05:00,24.6,92,29.3
2025-09-30T06:00,27.3,81,32.9
2025-09-30T07:00,28.2,77,33.7
2025-09-30T08:00,29.7,71,35.5
2025-09-30T09:00,31.9,60,37.1
2025-09-30T10:00,33.4,52,38.2
2025-09-30T11:00,34.4,47,39.0
2025-09-30T12:00,34.8,45,38.6
2025-09-30T13:00,34.4,46,38.0
2025-09-30T14:00,34.4,45,38.5
2025-09-30T15:00,33.6,47,37.4
2025-09-30T16:00,33.3,48,37.1
2025-09-30T17:00,33.0,49,36.8
2025-09-30T18:00,32.5,52,36.2
2025-09-30T19:00,31.8,56,35.9
2025-09-30T20:00,31.1,61,35.6
2025-09-30T21:00,30.3,66,35.1
2025-09-30T22:00,29.8,69,34.7
2025-09-30T23:00,29.2,71,33.9
2025-10-01T00:00,28.8,72,33.4
2025-10-01T01:00,28.5,73,33.0
2025-10-01T02:00,28.0,74,32.5
2025-10-01T03:00,27.5,76,31.9
2025-10-01T04:00,27.1,78,31.7
2025-10-01T05:00,24.6,93,29.2
2025-10-01T06:00,24.5,91,29.5
2025-10-01T07:00,25.3,88,30.7
2025-10-01T08:00,27.0,81,32.5
2025-10-01T09:00,28.5,72,33.6
2025-10-01T10:00,29.9,65,34.8
2025-10-01T11:00,30.7,63,36.6
2025-10-01T12:00,32.1,58,38.4
2025-10-01T13:00,32.7,53,38.6
2025-10-01T14:00,33.5,49,38.1
2025-10-01T15:00,28.5,75,32.3
2025-10-01T16:00,27.9,76,33.2
2025-10-01T17:00,27.8,74,32.6
2025-10-01T18:00,28.2,74,33.4
2025-10-01T19:00,28.2,77,33.4
2025-10-01T20:00,28.0,79,33.7
2025-10-01T21:00,27.9,80,33.8
2025-10-01T22:00,27.7,79,32.6
2025-10-01T23:00,26.4,83,30.8
2025-10-02T00:00,26.6,83,31.3
2025-10-02T01:00,26.5,82,31.3
2025-10-02T02:00,26.3,84,31.5
2025-10-02T03:00,26.2,85,31.6
2025-10-02T04:00,25.3,85,29.3
2025-10-02T05:00,24.4,90,29.3
2025-10-02T06:00,25.1,87,30.1
2025-10-02T07:00,26.4,80,31.3
2025-10-02T08:00,28.7,70,33.2
2025-10-02T09:00,30.3,63,34.9
2025-10-02T10:00,31.7,56,36.1
2025-10-02T11:00,31.1,56,35.6
2025-10-02T12:00,32.4,51,36.4
2025-10-02T13:00,32.3,52,36.3
2025-10-02T14:00,31.6,55,35.2
2025-10-02T15:00,31.9,54,35.6
2025-10-02T16:00,31.5,50,34.1
2025-10-02T17:00,28.8,73,33.6
2025-10-02T18:00,28.0,72,32.0
2025-10-02T19:00,27.7,73,32.3
2025-10-02T20:00,27.8,73,32.4
2025-10-02T21:00,27.7,75,32.1
2025-10-02T22:00,27.3,79,31.8
2025-10-02T23:00,27.2,87,32.6
2025-10-03T00:00,26.5,91,32.4
2025-10-03T01:00,26.4,90,32.1
2025-10-03T02:00,25.9,93,31.6
2025-10-03T03:00,25.4,94,30.5
2025-10-03T04:00,25.0,94,30.2
2025-10-03T05:00,25.0,94,30.1
2025-10-03T06:00,25.1,94,30.4
2025-10-03T07:00,25.8,89,31.1
2025-10-03T08:00,27.4,79,32.4
2025-10-03T09:00,29.1,68,33.5
2025-10-03T10:00,30.5,60,34.6
2025-10-03T11:00,31.1,56,35.5
2025-10-03T12:00,32.5,52,37.1
2025-10-03T13:00,33.2,49,37.7
2025-10-03T14:00,33.6,48,37.3
2025-10-03T15:00,33.5,47,36.8
2025-10-03T16:00,32.5,50,35.5
2025-10-03T17:00,31.6,55,35.4
2025-10-03T18:00,31.1,57,35.1
2025-10-03T19:00,30.8,59,34.9
2025-10-03T20:00,30.3,63,34.6
2025-10-03T21:00,29.5,67,34.2
2025-10-03T22:00,28.8,73,34.1
2025-10-03T23:00,29.0,74,34.6
2025-10-04T00:00,29.0,74,34.5
2025-10-04T01:00,28.0,78,32.9
2025-10-04T02:00,27.0,83,32.4
2025-10-04T03:00,26.5,85,31.9
2025-10-04T04:00,26.3,86,31.9
2025-10-04T05:00,26.8,83,32.2
2025-10-04T06:00,27.0,81,32.2
2025-10-04T07:00,27.6,76,32.6
2025-10-04T08:00,29.5,64,33.7
2025-10-04T09:00,31.2,53,34.3
2025-10-04T10:00,32.6,47,35.3
2025-10-04T11:00,33.3,45,36.6
2025-10-04T12:00,34.2,40,36.8
2025-10-04T13:00,34.6,38,36.8
2025-10-04T14:00,34.6,37,35.9
2025-10-04T15:00,34.3,39,35.6
2025-10-04T16:00,33.6,42,35.0
2025-10-04T17:00,32.3,47,34.4
2025-10-04T18:00,31.3,52,34.1
2025-10-04T19:00,30.6,56,33.9
2025-10-04T20:00,30.3,57,33.7
2025-10-04T21:00,30.0,58,33.3
2025-10-04T22:00,29.1,62,32.5
2025-10-04T23:00,28.3,65,31.7
2025-10-05T00:00,27.6,67,31.0
2025-10-05T01:00,27.0,69,30.3
2025-10-05T02:00,26.4,70,29.5
2025-10-05T03:00,25.7,73,28.9
2025-10-05T04:00,25.2,76,28.4
2025-10-05T05:00,25.4,85,29.5
2025-10-05T06:00,25.6,82,29.4
2025-10-05T07:00,26.5,75,30.2
2025-10-05T08:00,28.4,64,31.4
2025-10-05T09:00,30.4,58,33.1
2025-10-05T10:00,31.8,51,34.3
2025-10-05T11:00,31.0,50,33.9
2025-10-05T12:00,32.2,48,36.0
2025-10-05T13:00,33.4,42,36.6
2025-10-05T14:00,33.9,37,35.7
2025-10-05T15:00,33.7,38,35.2
2025-10-05T16:00,32.9,41,34.5
2025-10-05T17:00,32.4,44,34.5
2025-10-05T18:00,31.1,50,34.0
2025-10-05T19:00,30.4,57,34.2
2025-10-05T20:00,29.7,58,33.3
2025-10-05T21:00,28.9,60,32.3
2025-10-05T22:00,28.0,68,32.3
2025-10-05T23:00,23.7,82,25.6
2025-10-06T00:00,22.6,90,24.7
2025-10-06T01:00,22.8,91,26.4
2025-10-06T02:00,22.8,92,27.0
2025-10-06T03:00,22.9,91,27.4
2025-10-06T04:00,22.8,91,27.0
2025-10-06T05:00,24.2,83,28.4
2025-10-06T06:00,24.3,83,28.6
2025-10-06T07:00,25.0,76,28.9
2025-10-06T08:00,26.1,70,29.4
2025-10-06T09:00,26.1,70,29.5
2025-10-06T10:00,27.0,67,30.2
2025-10-06T11:00,29.2,52,30.9
2025-10-06T12:00,25.5,73,28.9
2025-10-06T13:00,24.8,81,28.3
2025-10-06T14:00,23.5,93,27.5
2025-10-06T15:00,24.5,86,28.2
2025-10-06T16:00,24.3,86,28.2
2025-10-06T17:00,23.6,90,27.1
2025-10-06T18:00,22.7,95,26.3
2025-10-06T19:00,22.7,94,26.1
2025-10-06T20:00,22.6,94,26.2
2025-10-06T21:00,22.4,96,25.9
2025-10-06T22:00,22.3,96,25.7
2025-10-06T23:00,22.6,96,26.6
2025-10-07T00:00,22.7,96,26.6
2025-10-07T01:00,22.1,97,26.6
2025-10-07T02:00,21.7,98,26.0
2025-10-07T03:00,22.1,98,26.1
2025-10-07T04:00,22.3,96,26.1
2025-10-07T05:00,22.1,97,25.8
2025-10-07T06:00,22.0,98,25.6
2025-10-07T07:00,22.5,92,25.8
2025-10-07T08:00,23.1,90,26.2
2025-10-07T09:00,24.3,85,27.8
2025-10-07T10:00,25.6,80,29.1
2025-10-07T11:00,26.9,68,30.2
2025-10-07T12:00,27.5,67,31.6
2025-10-07T13:00,28.2,65,32.7
2025-10-07T14:00,28.5,63,32.2
2025-10-07T15:00,26.3,71,29.1
2025-10-07T16:00,25.7,74,29.2
2025-10-07T17:00,22.3,83,24.7
2025-10-07T18:00,21.9,87,24.7
2025-10-07T19:00,21.4,92,23.9
2025-10-07T20:00,21.1,93,24.0
2025-10-07T21:00,21.0,95,24.0
2025-10-07T22:00,20.7,96,24.2
2025-10-07T23:00,21.0,98,24.8
2025-10-08T00:00,21.1,98,24.8
2025-10-08T01:00,21.1,97,24.7
2025-10-08T02:00,21.0,97,24.4
2025-10-08T03:00,20.8,98,23.7
2025-10-08T04:00,20.6,98,23.9
2025-10-08T05:00,20.4,99,23.8
2025-10-08T06:00,20.7,97,24.0
2025-10-08T07:00,21.3,94,24.5
2025-10-08T08:00,22.3,86,25.4
2025-10-08T09:00,23.2,84,26.3
2025-10-08T10:00,24.1,80,27.7
2025-10-08T11:00,24.9,76,28.9
2025-10-08T12:00,25.7,70,29.6
2025-10-08T13:00,25.7,67,28.7
2025-10-08T14:00,24.5,71,26.4
2025-10-08T15:00,23.6,77,25.9
2025-10-08T16:00,24.2,76,27.1
2025-10-08T17:00,24.0,81,27.4
2025-10-08T18:00,23.7,82,27.0
2025-10-08T19:00,23.4,82,26.5
2025-10-08T20:00,22.8,83,25.8
2025-10-08T21:00,22.0,86,25.0
2025-10-08T22:00,21.4,88,24.5
2025-10-08T23:00,21.8,89,25.1
2025-10-09T00:00,22.0,89,25.2
2025-10-09T01:00,21.7,91,24.8
2025-10-09T02:00,21.4,92,24.6
2025-10-09T03:00,21.1,93,24.2
2025-10-09T04:00,20.7,94,23.8
2025-10-09T05:00,20.6,92,23.4
2025-10-09T06:00,20.8,92,23.6
2025-10-09T07:00,21.4,91,24.4
2025-10-09T08:00,22.7,88,26.2
2025-10-09T09:00,24.2,83,27.5
2025-10-09T10:00,25.0,78,28.0
2025-10-09T11:00,26.4,68,29.6
2025-10-09T12:00,27.5,58,30.3
2025-10-09T13:00,28.2,50,30.2
2025-10-09T14:00,28.2,49,29.5
2025-10-09T15:00,28.0,49,28.9
2025-10-09T16:00,27.4,53,28.8
2025-10-09T17:00,26.3,61,28.2
2025-10-09T18:00,24.6,66,26.4
2025-10-09T19:00,23.8,68,25.4
2025-10-09T20:00,23.1,69,24.4
2025-10-09T21:00,22.5,70,23.6
2025-10-09T22:00,21.8,73,23.0
2025-10-09T23:00,21.8,79,23.4
2025-10-10T00:00,21.5,80,23.2
2025-10-10T01:00,21.0,81,22.8
2025-10-10T02:00,20.6,82,22.4
2025-10-10T03:00,20.1,83,21.8
2025-10-10T04:00,19.5,85,21.1
2025-10-10T05:00,19.4,89,21.4
2025-10-10T06:00,19.5,89,21.6
2025-10-10T07:00,20.5,86,22.5
2025-10-10T08:00,22.1,81,24.7
2025-10-10T09:00,24.0,75,26.8
2025-10-10T10:00,25.7,65,28.5
2025-10-10T11:00,27.0,56,29.9
2025-10-10T12:00,27.8,51,30.7
2025-10-10T13:00,28.3,46,30.6
2025-10-10T14:00,28.5,43,29.8
2025-10-10T15:00,28.4,43,29.0
2025-10-10T16:00,27.8,48,29.0
2025-10-10T17:00,26.3,55,27.8
2025-10-10T18:00,24.4,61,25.7
2025-10-10T19:00,23.3,67,24.9
2025-10-10T20:00,23.0,66,24.8
2025-10-10T21:00,22.5,68,24.3
2025-10-10T22:00,22.4,67,24.4
2025-10-10T23:00,21.8,73,24.0
2025-10-11T00:00,21.4,74,23.5
2025-10-11T01:00,20.5,79,22.4
2025-10-11T02:00,19.9,82,21.6
2025-10-11T03:00,19.6,82,21.1
2025-10-11T04:00,19.2,83,20.7
2025-10-11T05:00,19.4,88,21.2
2025-10-11T06:00,19.9,85,21.7
2025-10-11T07:00,20.8,83,22.6
2025-10-11T08:00,22.7,78,25.3
2025-10-11T09:00,25.0,68,27.5
2025-10-11T10:00,26.6,58,28.8
2025-10-11T11:00,27.2,53,28.7
2025-10-11T12:00,28.0,50,30.3
2025-10-11T13:00,28.8,47,30.7
2025-10-11T14:00,29.0,44,29.8
2025-10-11T15:00,28.8,44,29.3
2025-10-11T16:00,27.9,50,28.7
2025-10-11T17:00,27.0,59,29.3
2025-10-11T18:00,25.3,65,27.4
2025-10-11T19:00,24.4,67,26.3
2025-10-11T20:00,23.7,69,25.4
2025-10-11T21:00,23.0,70,24.5
2025-10-11T22:00,22.5,72,24.0
2025-10-11T23:00,23.2,73,24.9
2025-10-12T00:00,23.1,73,25.1
2025-10-12T01:00,22.3,77,24.5
2025-10-12T02:00,21.6,78,23.5
2025-10-12T03:00,21.0,78,22.7
2025-10-12T04:00,20.5,79,22.0
2025-10-12T05:00,20.6,86,22.7
2025-10-12T06:00,21.0,84,23.2
2025-10-12T07:00,22.1,79,24.2
2025-10-12T08:00,23.7,75,26.4
2025-10-12T09:00,25.6,68,28.4
2025-10-12T10:00,27.5,59,30.3
2025-10-12T11:00,29.0,49,31.5
2025-10-12T12:00,30.1,42,32.3
2025-10-12T13:00,30.6,39,32.1
2025-10-12T14:00,30.7,38,31.3
2025-10-12T15:00,30.3,39,30.5
2025-10-12T16:00,29.6,43,30.3
2025-10-12T17:00,28.0,48,29.0
2025-10-12T18:00,26.3,56,27.9
2025-10-12T19:00,25.5,61,27.3
2025-10-12T20:00,25.0,63,26.6
2025-10-12T21:00,24.4,65,26.0
2025-10-12T22:00,23.4,69,25.1
2025-10-12T23:00,22.9,74,25.1
2025-10-13T00:00,22.9,73,24.9
2025-10-13T01:00,22.3,74,24.2
2025-10-13T02:00,22.1,73,24.0
2025-10-13T03:00,21.9,72,23.6
2025-10-13T04:00,21.6,72,23.2
2025-10-13T05:00,20.4,85,22.6
2025-10-13T06:00,20.5,86,22.9
2025-10-13T07:00,21.8,81,24.2
2025-10-13T08:00,23.8,73,26.6
2025-10-13T09:00,26.1,63,28.9
2025-10-13T10:00,28.3,52,30.8
2025-10-13T11:00,29.7,41,31.7
2025-10-13T12:00,30.9,36,32.9
2025-10-13T13:00,31.5,34,33.2
2025-10-13T14:00,31.7,33,32.7
2025-10-13T15:00,31.6,33,31.9
2025-10-13T16:00,30.9,34,31.1
2025-10-13T17:00,28.7,53,31.3
2025-10-13T18:00,27.4,53,29.6
2025-10-13T19:00,27.0,54,29.4
2025-10-13T20:00,26.2,55,28.4
2025-10-13T21:00,25.2,59,27.3
2025-10-13T22:00,24.1,63,25.9
2025-10-13T23:00,23.1,73,25.4
2025-10-14T00:00,22.9,73,25.1
2025-10-14T01:00,23.0,70,25.3
2025-10-14T02:00,22.4,71,24.2
2025-10-14T03:00,21.8,70,23.2
2025-10-14T04:00,21.2,72,22.5
2025-10-14T05:00,21.1,78,23.0
2025-10-14T06:00,21.3,80,23.5
2025-10-14T07:00,22.8,73,25.0
2025-10-14T08:00,25.1,65,27.6
2025-10-14T09:00,27.7,52,29.8
2025-10-14T10:00,29.6,36,30.4
2025-10-14T11:00,30.3,33,31.2
2025-10-14T12:00,31.3,31,32.5
2025-10-14T13:00,31.9,29,32.7
2025-10-14T14:00,32.0,29,32.2
2025-10-14T15:00,31.8,29,31.4
2025-10-14T16:00,31.1,30,30.8
2025-10-14T17:00,29.5,33,29.5
2025-10-14T18:00,27.9,45,29.3
2025-10-14T19:00,27.4,45,28.8
2025-10-14T20:00,26.7,47,28.0
2025-10-14T21:00,25.9,50,27.2
2025-10-14T22:00,25.6,50,26.8
2025-10-14T23:00,25.0,59,27.1
2025-10-15T00:00,24.6,60,26.7
2025-10-15T01:00,24.3,59,26.2
2025-10-15T02:00,24.3,59,26.1
2025-10-15T03:00,23.9,60,25.7
2025-10-15T04:00,23.2,62,24.9
2025-10-15T05:00,21.8,73,23.8
2025-10-15T06:00,21.2,77,23.1
2025-10-15T07:00,22.6,71,24.5
2025-10-15T08:00,25.0,61,27.1
2025-10-15T09:00,27.5,50,29.2
2025-10-15T10:00,29.6,35,30.3
2025-10-15T11:00,30.5,31,31.1
2025-10-15T12:00,31.3,28,32.0
2025-10-15T13:00,31.8,28,32.3
2025-10-15T14:00,31.9,28,31.8
2025-10-15T15:00,31.6,28,31.1
2025-10-15T16:00,30.9,29,30.3
2025-10-15T17:00,29.5,33,29.4
2025-10-15T18:00,27.5,46,28.8
2025-10-15T19:00,27.2,48,28.9
2025-10-15T20:00,26.4,46,27.6
2025-10-15T21:00,25.7,48,26.8
2025-10-15T22:00,25.4,48,26.3
2025-10-15T23:00,24.2,58,25.7
2025-10-16T00:00,23.1,64,24.5
2025-10-16T01:00,22.2,67,23.6
2025-10-16T02:00,21.3,71,22.7
2025-10-16T03:00,20.8,70,21.8
2025-10-16T04:00,20.3,70,21.1
2025-10-16T05:00,20.2,75,21.3
2025-10-16T06:00,20.5,72,21.7
2025-10-16T07:00,22.0,65,22.8
2025-10-16T08:00,24.6,57,25.9
2025-10-16T09:00,27.5,46,28.5
2025-10-16T10:00,29.4,38,30.1
2025-10-16T11:00,30.3,34,31.2
2025-10-16T12:00,31.1,32,32.3
2025-10-16T13:00,31.5,32,32.6
2025-10-16T14:00,31.7,32,32.1
2025-10-16T15:00,31.4,33,31.5
2025-10-16T16:00,30.7,35,30.8
2025-10-16T17:00,29.5,36,29.5
2025-10-16T18:00,28.0,42,28.7
2025-10-16T19:00,27.0,50,28.3
2025-10-16T20:00,26.7,51,28.3
2025-10-16T21:00,26.4,53,28.3
2025-10-16T22:00,26.0,54,28.0
2025-10-16T23:00,25.8,56,27.9
2025-10-17T00:00,25.2,56,27.1
2025-10-17T01:00,24.0,59,25.6
2025-10-17T02:00,22.3,66,23.6
2025-10-17T03:00,21.1,71,22.4
2025-10-17T04:00,20.4,74,21.6
2025-10-17T05:00,20.7,77,22.1
2025-10-17T06:00,20.8,77,22.3
2025-10-17T07:00,22.0,71,23.5
2025-10-17T08:00,24.4,61,26.2
2025-10-17T09:00,27.2,50,28.7
2025-10-17T10:00,29.5,45,31.2
2025-10-17T11:00,30.6,39,32.3
2025-10-17T12:00,31.5,37,33.5
2025-10-17T13:00,32.1,36,33.8
2025-10-17T14:00,32.3,35,33.4
2025-10-17T15:00,32.1,35,32.8
2025-10-17T16:00,31.4,36,32.0
2025-10-17T17:00,30.1,39,31.0
2025-10-17T18:00,28.4,49,30.2
2025-10-17T19:00,27.5,53,29.5
2025-10-17T20:00,27.0,55,29.1
2025-10-17T21:00,26.2,55,28.2
2025-10-17T22:00,25.1,57,26.5
2025-10-17T23:00,24.8,62,26.7
2025-10-18T00:00,24.6,63,26.6
2025-10-18T01:00,23.9,65,25.7
2025-10-18T02:00,23.2,69,25.2
2025-10-18T03:00,22.5,71,24.4
2025-10-18T04:00,21.7,75,23.7
2025-10-18T05:00,21.7,80,24.0
2025-10-18T06:00,21.6,79,23.8
2025-10-18T07:00,22.4,75,24.5
2025-10-18T08:00,24.6,64,26.8
2025-10-18T09:00,27.4,52,29.2
2025-10-18T10:00,29.6,44,31.2
2025-10-18T11:00,30.9,38,32.9
2025-10-18T12:00,32.2,34,34.3
2025-10-18T13:00,32.9,31,34.6
2025-10-18T14:00,33.2,30,33.9
2025-10-18T15:00,33.2,29,33.4
2025-10-18T16:00,32.4,30,32.3
2025-10-18T17:00,30.8,32,31.3
2025-10-18T18:00,28.7,44,30.1
2025-10-18T19:00,28.1,50,30.3
2025-10-18T20:00,27.6,51,29.7
2025-10-18T21:00,27.1,53,29.2
2025-10-18T22:00,27.2,55,29.7
2025-10-18T23:00,26.9,56,29.4
2025-10-19T00:00,25.8,59,28.2
2025-10-19T01:00,24.8,63,27.1
2025-10-19T02:00,23.9,67,26.3
2025-10-19T03:00,23.2,69,25.4
2025-10-19T04:00,23.3,70,25.9
2025-10-19T05:00,23.0,76,25.9
2025-10-19T06:00,23.7,72,26.6
2025-10-19T07:00,24.6,68,27.2
2025-10-19T08:00,26.4,61,29.1
2025-10-19T09:00,28.8,50,31.1
2025-10-19T10:00,30.6,40,32.2
2025-10-19T11:00,31.4,37,33.6
2025-10-19T12:00,32.7,34,34.8
2025-10-19T13:00,33.3,32,35.1
2025-10-19T14:00,33.6,30,34.3
2025-10-19T15:00,33.5,29,33.4
2025-10-19T16:00,32.3,32,32.0
2025-10-19T17:00,30.5,38,31.5
2025-10-19T18:00,29.0,51,31.7
2025-10-19T19:00,28.3,52,30.7
2025-10-19T20:00,27.5,52,29.3
2025-10-19T21:00,27.0,52,28.9
2025-10-19T22:00,26.7,54,28.8
2025-10-19T23:00,26.5,57,29.0
2025-10-20T00:00,26.2,55,28.3
2025-10-20T01:00,26.0,55,28.2
2025-10-20T02:00,26.0,54,28.0
2025-10-20T03:00,25.2,56,27.1
2025-10-20T04:00,24.0,60,25.6
2025-10-20T05:00,22.9,72,25.1
2025-10-20T06:00,22.8,74,25.3
2025-10-20T07:00,24.1,67,26.6
2025-10-20T08:00,26.2,58,28.5
2025-10-20T09:00,28.7,48,30.6
2025-10-20T10:00,30.5,40,31.8
2025-10-20T11:00,31.6,35,32.9
2025-10-20T12:00,32.8,31,33.6
2025-10-20T13:00,33.1,30,33.4
2025-10-20T14:00,33.0,29,32.6
2025-10-20T15:00,32.6,30,32.2
2025-10-20T16:00,32.1,30,31.7
2025-10-20T17:00,30.7,36,30.6
2025-10-20T18:00,29.6,41,30.6
2025-10-20T19:00,28.7,47,30.3
2025-10-20T20:00,28.0,51,30.0
2025-10-20T21:00,27.3,55,29.5
2025-10-20T22:00,26.5,57,28.5
2025-10-20T23:00,25.6,64,28.0
2025-10-21T00:00,24.8,68,27.4
2025-10-21T01:00,24.2,71,26.8
2025-10-21T02:00,23.6,74,26.4
2025-10-21T03:00,23.2,77,26.0
2025-10-21T04:00,22.7,79,25.6
2025-10-21T05:00,23.2,78,25.8
2025-10-21T06:00,23.8,77,26.7
2025-10-21T07:00,24.1,74,27.0
2025-10-21T08:00,25.9,64,28.6
2025-10-21T09:00,28.3,52,30.4
2025-10-21T10:00,30.1,43,31.5
2025-10-21T11:00,30.3,40,31.4
2025-10-21T12:00,30.4,39,31.2
2025-10-21T13:00,30.4,39,30.9
2025-10-21T14:00,30.1,40,30.8
2025-10-21T15:00,29.9,41,30.7
2025-10-21T16:00,29.3,42,30.1
2025-10-21T17:00,30.1,37,30.8
2025-10-21T18:00,29.2,42,30.0
2025-10-21T19:00,28.2,49,29.8
2025-10-21T20:00,27.5,54,29.4
2025-10-21T21:00,26.6,59,28.7
2025-10-21T22:00,25.7,65,28.6
2025-10-21T23:00,25.9,67,29.3
2025-10-22T00:00,25.6,69,29.0
2025-10-22T01:00,25.2,69,28.5
2025-10-22T02:00,25.0,74,28.8
2025-10-22T03:00,24.7,75,28.6
2025-10-22T04:00,24.0,77,27.4
2025-10-22T05:00,23.8,85,28.1
2025-10-22T06:00,23.5,87,27.9
2025-10-22T07:00,24.1,84,28.0
2025-10-22T08:00,25.7,75,29.5
2025-10-22T09:00,28.2,61,31.4
2025-10-22T10:00,30.2,46,32.2
2025-10-22T11:00,30.8,46,33.0
2025-10-22T12:00,31.4,40,32.6
2025-10-22T13:00,32.0,35,32.9
2025-10-22T14:00,32.1,31,31.8
2025-10-22T15:00,31.9,30,31.4
2025-10-22T16:00,31.2,32,30.6
2025-10-22T17:00,30.3,32,29.5
2025-10-22T18:00,29.5,32,28.5
2025-10-22T19:00,28.8,32,28.1
2025-10-22T20:00,27.8,34,27.2
2025-10-22T21:00,26.9,38,26.5
2025-10-22T22:00,25.8,43,25.7
2025-10-22T23:00,25.0,52,25.9
2025-10-23T00:00,24.6,52,25.1
2025-10-23T01:00,24.0,51,24.1
2025-10-23T02:00,23.3,51,23.3
2025-10-23T03:00,22.6,53,22.5
2025-10-23T04:00,22.0,54,22.0
2025-10-23T05:00,21.6,64,22.4
2025-10-23T06:00,21.2,68,22.1
2025-10-23T07:00,21.8,66,22.6
2025-10-23T08:00,23.7,59,24.9
2025-10-23T09:00,26.5,50,27.7
2025-10-23T10:00,29.2,42,30.0
2025-10-23T11:00,30.9,32,31.0
2025-10-23T12:00,31.4,28,31.1
2025-10-23T13:00,31.7,27,31.3
2025-10-23T14:00,31.8,26,30.9
2025-10-23T15:00,31.4,26,30.0
2025-10-23T16:00,30.5,28,29.0
2025-10-23T17:00,29.7,27,27.9
2025-10-23T18:00,28.8,28,27.2
2025-10-23T19:00,28.2,30,27.1
2025-10-23T20:00,27.3,33,26.8
2025-10-23T21:00,26.6,34,26.2
2025-10-23T22:00,25.0,38,24.4
2025-10-23T23:00,24.3,47,24.4
2025-10-24T00:00,23.4,52,23.6
2025-10-24T01:00,22.5,56,23.1
2025-10-24T02:00,21.6,59,22.1
2025-10-24T03:00,20.8,64,21.2
2025-10-24T04:00,20.2,66,20.5
2025-10-24T05:00,20.2,73,21.0
2025-10-24T06:00,20.2,72,21.0
2025-10-24T07:00,21.2,66,21.9
2025-10-24T08:00,23.5,58,24.6
2025-10-24T09:00,26.6,45,27.4
2025-10-24T10:00,29.2,35,29.7
2025-10-24T11:00,30.5,27,30.6
2025-10-24T12:00,31.6,24,31.7
2025-10-24T13:00,32.1,23,31.8
2025-10-24T14:00,32.2,22,31.1
2025-10-24T15:00,31.8,24,30.5
2025-10-24T16:00,30.8,26,29.6
2025-10-24T17:00,29.0,29,28.3
2025-10-24T18:00,28.0,40,28.9
2025-10-24T19:00,27.3,39,27.7
2025-10-24T20:00,26.1,43,26.4
2025-10-24T21:00,25.3,50,26.4
2025-10-24T22:00,24.8,52,25.9
2025-10-24T23:00,23.8,53,24.5
2025-10-25T00:00,23.0,54,23.2
2025-10-25T01:00,22.2,53,22.0
2025-10-25T02:00,21.6,55,21.5
2025-10-25T03:00,20.9,58,20.9
2025-10-25T04:00,20.1,62,20.3
2025-10-25T05:00,19.7,76,20.9
2025-10-25T06:00,19.9,76,21.5
2025-10-25T07:00,21.2,69,22.7
2025-10-25T08:00,23.7,59,25.2
2025-10-25T09:00,26.7,46,27.8
2025-10-25T10:00,29.2,36,29.8
2025-10-25T11:00,29.8,30,30.5
2025-10-25T12:00,31.2,27,31.8
2025-10-25T13:00,31.6,26,31.6
2025-10-25T14:00,31.7,26,31.0
2025-10-25T15:00,31.3,26,30.2
2025-10-25T16:00,30.4,27,29.4
2025-10-25T17:00,28.8,30,28.1
2025-10-25T18:00,27.4,33,26.8
2025-10-25T19:00,26.7,35,26.1
2025-10-25T20:00,26.0,40,26.0
2025-10-25T21:00,25.4,41,25.5
2025-10-25T22:00,24.6,44,24.8
2025-10-25T23:00,24.1,49,24.6
2025-10-26T00:00,23.5,52,24.3
2025-10-26T01:00,22.4,55,23.0
2025-10-26T02:00,21.3,59,21.5
2025-10-26T03:00,21.0,59,20.9
2025-10-26T04:00,20.0,64,20.2
2025-10-26T05:00,19.3,69,19.8
2025-10-26T06:00,18.9,70,19.3
2025-10-26T07:00,20.2,66,20.6
2025-10-26T08:00,22.7,59,23.6
2025-10-26T09:00,25.8,47,26.5
2025-10-26T10:00,28.2,38,28.5
2025-10-26T11:00,29.6,33,30.2
2025-10-26T12:00,30.7,28,31.3
2025-10-26T13:00,31.4,25,31.3
2025-10-26T14:00,31.6,24,30.5
2025-10-26T15:00,31.2,24,29.6
2025-10-26T16:00,30.4,25,28.8
2025-10-26T17:00,29.0,34,29.4
2025-10-26T18:00,27.7,36,27.9
2025-10-26T19:00,26.8,40,27.0
2025-10-26T20:00,26.2,44,26.8
2025-10-26T21:00,25.6,46,26.3
2025-10-26T22:00,24.9,49,25.8
2025-10-26T23:00,23.7,53,24.2
2025-10-27T00:00,22.6,59,23.3
2025-10-27T01:00,22.0,61,22.7
2025-10-27T02:00,21.5,62,22.2
2025-10-27T03:00,21.4,63,22.2
2025-10-27T04:00,20.9,65,21.9
2025-10-27T05:00,20.6,66,21.6
2025-10-27T06:00,20.3,68,21.3
2025-10-27T07:00,21.3,66,22.5
2025-10-27T08:00,23.4,57,24.4
2025-10-27T09:00,26.1,48,26.9
2025-10-27T10:00,28.5,39,28.8
2025-10-27T11:00,29.1,38,29.5
2025-10-27T12:00,30.3,34,30.3
2025-10-27T13:00,30.0,35,29.6
2025-10-27T14:00,28.8,41,28.5
2025-10-27T15:00,25.9,51,25.4
2025-10-27T16:00,24.8,48,24.4
2025-10-27T17:00,25.8,47,25.3
2025-10-27T18:00,24.7,49,24.1
2025-10-27T19:00,23.8,57,23.8
2025-10-27T20:00,23.2,64,24.0
2025-10-27T21:00,22.7,69,24.0
2025-10-27T22:00,22.3,71,23.9
2025-10-27T23:00,22.1,74,23.7
2025-10-28T00:00,21.9,76,24.0
2025-10-28T01:00,21.6,78,23.9
2025-10-28T02:00,21.3,81,23.7
2025-10-28T03:00,21.3,82,24.2
2025-10-28T04:00,21.4,79,23.8
2025-10-28T05:00,22.0,80,24.7
2025-10-28T06:00,22.0,78,24.7
2025-10-28T07:00,22.3,75,24.6
2025-10-28T08:00,22.7,74,24.9
2025-10-28T09:00,23.4,70,25.5
2025-10-28T10:00,24.7,63,26.6
2025-10-28T11:00,25.4,58,27.1
2025-10-28T12:00,25.5,57,27.0
2025-10-28T13:00,26.2,53,27.4
2025-10-28T14:00,26.3,55,27.6
2025-10-28T15:00,26.6,53,27.9
2025-10-28T16:00,26.3,55,27.6
2025-10-28T17:00,24.8,66,26.7
2025-10-28T18:00,23.9,72,26.2
2025-10-28T19:00,23.4,75,25.5
2025-10-28T20:00,22.6,80,25.1
2025-10-28T21:00,22.1,84,24.7
2025-10-28T22:00,21.6,87,24.7
2025-10-28T23:00,21.3,86,24.1
2025-10-29T00:00,21.0,88,24.0
2025-10-29T01:00,20.9,89,24.0
2025-10-29T02:00,20.8,90,23.8
2025-10-29T03:00,20.7,89,23.6
2025-10-29T04:00,20.7,88,23.4
2025-10-29T05:00,20.2,87,22.6
2025-10-29T06:00,20.3,86,22.7
2025-10-29T07:00,21.1,81,23.3
2025-10-29T08:00,22.8,73,25.0
2025-10-29T09:00,25.0,64,26.9
2025-10-29T10:00,26.9,55,28.1
2025-10-29T11:00,27.7,53,29.6
2025-10-29T12:00,28.6,50,30.6
2025-10-29T13:00,29.2,47,31.0
2025-10-29T14:00,29.2,46,30.6
2025-10-29T15:00,29.0,46,30.2
2025-10-29T16:00,28.4,48,29.8
2025-10-29T17:00,27.9,48,29.4
2025-10-29T18:00,27.1,52,28.8
2025-10-29T19:00,26.7,54,28.4
2025-10-29T20:00,26.0,61,28.5
2025-10-29T21:00,25.9,60,28.5
2025-10-29T22:00,25.3,61,27.5
2025-10-29T23:00,24.8,66,27.2
2025-10-30T00:00,24.7,63,26.7
2025-10-30T01:00,24.1,66,26.2
2025-10-30T02:00,24.0,67,26.0
2025-10-30T03:00,23.5,69,25.4
2025-10-30T04:00,23.1,72,25.1
2025-10-30T05:00,22.9,78,25.7
2025-10-30T06:00,22.6,80,25.5
2025-10-30T07:00,23.0,78,26.0
2025-10-30T08:00,23.4,76,26.7
2025-10-30T09:00,24.8,72,28.2
2025-10-30T10:00,26.1,68,29.4
2025-10-30T11:00,27.3,65,30.5
2025-10-30T12:00,27.3,61,30.0
2025-10-30T13:00,26.9,63,29.6
2025-10-30T14:00,26.7,64,29.5
2025-10-30T15:00,26.4,65,29.3
2025-10-30T16:00,26.1,66,29.1
2025-10-30T17:00,24.9,75,28.5
2025-10-30T18:00,24.8,77,28.4
2025-10-30T19:00,24.0,83,27.7
2025-10-30T20:00,23.5,88,27.3
2025-10-30T21:00,23.2,91,27.4
2025-10-30T22:00,23.1,93,27.4
2025-10-30T23:00,22.9,95,26.9
2025-10-31T00:00,22.9,94,26.8
2025-10-31T01:00,22.7,94,26.8
2025-10-31T02:00,22.5,94,26.5
2025-10-31T03:00,22.3,95,26.4
2025-10-31T04:00,22.1,96,26.4
2025-10-31T05:00,21.6,96,25.7
2025-10-31T06:00,21.4,97,25.5
2025-10-31T07:00,22.2,95,25.9
2025-10-31T08:00,23.2,90,26.9
2025-10-31T09:00,24.9,79,28.3
2025-10-31T10:00,26.6,68,29.8
2025-10-31T11:00,27.9,61,30.9
2025-10-31T12:00,29.1,55,32.1
2025-10-31T13:00,29.9,51,32.6
2025-10-31T14:00,30.3,48,32.6
2025-10-31T15:00,30.3,47,32.2
2025-10-31T16:00,29.7,47,31.2
2025-10-31T17:00,28.2,55,30.7
2025-10-31T18:00,26.9,64,30.0
2025-10-31T19:00,26.1,68,29.3
2025-10-31T20:00,25.5,70,28.4
2025-10-31T21:00,24.8,71,27.4
2025-10-31T22:00,24.0,73,26.4
2025-10-31T23:00,23.4,81,26.3
2025-11-01T00:00,23.0,82,25.9
2025-11-01T01:00,22.7,82,25.3
2025-11-01T02:00,22.0,85,24.8
2025-11-01T03:00,21.2,89,24.0
2025-11-01T04:00,20.8,92,23.6
2025-11-01T05:00,20.9,95,23.9
2025-11-01T06:00,20.8,96,23.9
2025-11-01T07:00,21.3,91,24.1
2025-11-01T08:00,23.1,81,26.2
2025-11-01T09:00,26.0,64,28.5
2025-11-01T10:00,28.4,48,29.8
2025-11-01T11:00,29.8,36,30.2
2025-11-01T12:00,30.6,31,30.5
2025-11-01T13:00,30.9,29,30.2
2025-11-01T14:00,30.8,29,29.4
2025-11-01T15:00,30.4,29,29.1
2025-11-01T16:00,29.6,30,28.2
2025-11-01T17:00,27.0,47,27.7
2025-11-01T18:00,25.6,52,26.4
2025-11-01T19:00,24.7,55,25.5
2025-11-01T20:00,24.1,56,24.7
2025-11-01T21:00,23.5,58,24.1
2025-11-01T22:00,23.0,58,23.5
2025-11-01T23:00,22.0,68,23.2
2025-11-02T00:00,21.4,68,22.2
2025-11-02T01:00,21.2,68,21.9
2025-11-02T02:00,20.9,69,21.5
2025-11-02T03:00,20.1,72,20.8
2025-11-02T04:00,19.6,73,20.2
2025-11-02T05:00,19.4,79,20.4
2025-11-02T06:00,19.3,80,20.4
2025-11-02T07:00,19.9,78,21.0
2025-11-02T08:00,21.6,73,23.0
2025-11-02T09:00,23.8,65,25.3
2025-11-02T10:00,25.8,58,27.4
2025-11-02T11:00,27.6,50,29.0
2025-11-02T12:00,28.8,39,28.8
2025-11-02T13:00,29.3,36,28.7
2025-11-02T14:00,29.4,35,28.2
2025-11-02T15:00,29.1,35,28.0
2025-11-02T16:00,28.1,39,27.5
2025-11-02T17:00,26.2,48,26.5
2025-11-02T18:00,24.6,54,25.2
2025-11-02T19:00,23.7,56,24.2
2025-11-02T20:00,23.1,56,23.3
2025-11-02T21:00,22.5,56,22.4
2025-11-02T22:00,21.8,57,21.5
2025-11-02T23:00,21.6,60,21.6
2025-11-03T00:00,21.2,60,21.0
2025-11-03T01:00,20.6,61,20.1
2025-11-03T02:00,19.7,64,19.2
2025-11-03T03:00,19.0,66,18.5
2025-11-03T04:00,18.5,68,18.0
2025-11-03T05:00,18.2,72,17.9
2025-11-03T06:00,17.9,73,17.6
2025-11-03T07:00,18.3,70,17.9
2025-11-03T08:00,19.9,69,20.0
2025-11-03T09:00,22.3,60,22.8
2025-11-03T10:00,24.8,52,25.3
2025-11-03T11:00,27.2,46,28.1
2025-11-03T12:00,28.8,40,29.5
2025-11-03T13:00,29.9,35,29.7
2025-11-03T14:00,30.5,28,28.4
2025-11-03T15:00,30.0,28,28.0
2025-11-03T16:00,28.7,32,27.3
2025-11-03T17:00,26.3,42,26.1
2025-11-03T18:00,25.2,46,25.0
2025-11-03T19:00,24.3,51,24.6
2025-11-03T20:00,24.1,50,24.6
2025-11-03T21:00,23.5,51,24.1
2025-11-03T22:00,22.7,53,23.2
2025-11-03T23:00,23.0,54,23.7
2025-11-04T00:00,21.7,57,22.5
2025-11-04T01:00,21.0,59,21.7
2025-11-04T02:00,20.1,63,20.5
2025-11-04T03:00,19.3,67,19.7
2025-11-04T04:00,19.5,69,19.8
2025-11-04T05:00,18.9,74,19.4
2025-11-04T06:00,19.9,68,20.2
2025-11-04T07:00,20.1,67,20.0
2025-11-04T08:00,21.8,65,22.1
2025-11-04T09:00,23.6,61,24.9
2025-11-04T10:00,25.7,54,27.3
2025-11-04T11:00,27.5,47,29.0
2025-11-04T12:00,28.7,42,30.0
2025-11-04T13:00,28.7,44,29.2
2025-11-04T14:00,28.2,46,28.3
2025-11-04T15:00,27.9,43,27.8
2025-11-04T16:00,26.9,47,27.3
2025-11-04T17:00,25.4,62,27.3
2025-11-04T18:00,24.7,60,25.9
2025-11-04T19:00,23.6,64,25.0
2025-11-04T20:00,23.0,67,24.3
2025-11-04T21:00,22.1,71,23.6
2025-11-04T22:00,21.6,73,23.2
2025-11-04T23:00,21.8,80,24.3
2025-11-05T00:00,21.3,83,23.7
2025-11-05T01:00,21.5,82,24.1
2025-11-05T02:00,21.4,81,23.5
2025-11-05T03:00,20.2,86,21.9
2025-11-05T04:00,19.4,88,21.1
2025-11-05T05:00,19.0,92,21.1
2025-11-05T06:00,18.9,92,21.1
2025-11-05T07:00,20.0,88,22.2
2025-11-05T08:00,22.1,80,24.5
2025-11-05T09:00,24.2,72,26.9
2025-11-05T10:00,26.1,63,28.8
2025-11-05T11:00,28.1,55,30.6
2025-11-05T12:00,29.3,43,30.4
2025-11-05T13:00,29.5,37,29.1
2025-11-05T14:00,29.4,35,28.6
2025-11-05T15:00,28.9,36,28.0
2025-11-05T16:00,28.0,39,27.4
2025-11-05T17:00,27.1,40,26.6
2025-11-05T18:00,25.9,45,25.5
2025-11-05T19:00,24.8,47,24.2
2025-11-05T20:00,23.8,49,23.1
2025-11-05T21:00,22.8,50,22.1
2025-11-05T22:00,22.0,51,21.1
2025-11-05T23:00,21.3,60,21.0
2025-11-06T00:00,20.5,60,19.8
2025-11-06T01:00,19.6,57,18.5
2025-11-06T02:00,18.8,50,16.9
2025-11-06T03:00,17.7,48,15.4
2025-11-06T04:00,16.8,51,14.6
2025-11-06T05:00,16.4,64,14.8
2025-11-06T06:00,15.8,66,14.4
2025-11-06T07:00,16.1,66,14.7
2025-11-06T08:00,17.7,63,16.7
2025-11-06T09:00,19.8,56,19.0
2025-11-06T10:00,22.1,47,20.9
2025-11-06T11:00,24.1,38,22.7
2025-11-06T12:00,25.2,32,23.9
2025-11-06T13:00,25.9,29,24.2
2025-11-06T14:00,26.1,29,23.8
2025-11-06T15:00,25.7,30,23.3
2025-11-06T16:00,24.8,33,22.8
2025-11-06T17:00,22.9,42,21.6
2025-11-06T18:00,21.7,47,20.8
2025-11-06T19:00,21.0,50,20.0
2025-11-06T20:00,20.2,52,19.1
2025-11-06T21:00,19.7,52,18.3
2025-11-06T22:00,19.1,52,17.5
2025-11-06T23:00,18.7,53,17.1
2025-11-07T00:00,17.8,55,16.2
2025-11-07T01:00,17.0,56,15.3
2025-11-07T02:00,16.4,58,14.7
2025-11-07T03:00,15.8,60,14.1
2025-11-07T04:00,15.4,61,13.7
2025-11-07T05:00,15.4,65,13.8
2025-11-07T06:00,14.8,67,13.2
2025-11-07T07:00,15.0,66,13.3
2025-11-07T08:00,16.5,62,15.0
2025-11-07T09:00,18.9,54,17.5
2025-11-07T10:00,21.3,46,20.0
2025-11-07T11:00,24.4,39,23.4
2025-11-07T12:00,26.1,32,24.9
2025-11-07T13:00,27.0,27,25.2
2025-11-07T14:00,27.3,24,24.6
2025-11-07T15:00,27.0,25,24.4
2025-11-07T16:00,25.9,29,23.7
2025-11-07T17:00,24.0,36,22.3
2025-11-07T18:00,22.7,40,21.1
2025-11-07T19:00,21.5,43,19.9
2025-11-07T20:00,20.5,45,18.9
2025-11-07T21:00,19.5,47,17.9
2025-11-07T22:00,18.7,48,17.0
2025-11-07T23:00,18.3,51,16.5
2025-11-08T00:00,17.3,53,15.6
2025-11-08T01:00,16.8,55,15.0
2025-11-08T02:00,16.3,56,14.4
2025-11-08T03:00,15.8,57,13.9
2025-11-08T04:00,15.2,58,13.4
2025-11-08T05:00,14.4,64,12.8
2025-11-08T06:00,13.9,66,12.4
2025-11-08T07:00,14.8,61,13.3
2025-11-08T08:00,16.8,56,15.3
2025-11-08T09:00,19.4,47,18.1
2025-11-08T10:00,22.0,38,20.5
2025-11-08T11:00,24.6,29,22.8
2025-11-08T12:00,25.9,25,24.0
2025-11-08T13:00,26.6,23,24.2
2025-11-08T14:00,26.8,22,23.6
2025-11-08T15:00,26.4,23,23.3
2025-11-08T16:00,25.4,26,22.7
2025-11-08T17:00,23.2,34,21.3
2025-11-08T18:00,22.1,39,20.5
2025-11-08T19:00,21.2,42,19.7
2025-11-08T20:00,20.2,45,18.7
2025-11-08T21:00,19.3,49,18.0
2025-11-08T22:00,18.7,49,17.3
2025-11-08T23:00,18.1,54,16.8
2025-11-09T00:00,17.5,53,15.9
2025-11-09T01:00,16.9,54,15.2
2025-11-09T02:00,16.3,55,14.6
2025-11-09T03:00,15.7,57,14.0
2025-11-09T04:00,15.1,59,13.4
2025-11-09T05:00,14.2,67,12.8
2025-11-09T06:00,14.1,66,12.6
2025-11-09T07:00,14.7,64,13.1
2025-11-09T08:00,16.4,60,15.1
2025-11-09T09:00,19.0,52,18.0
2025-11-09T10:00,21.7,44,20.7
2025-11-09T11:00,24.4,33,22.9
2025-11-09T12:00,25.9,28,24.3
2025-11-09T13:00,26.7,26,24.8
2025-11-09T14:00,26.8,25,24.3
2025-11-09T15:00,26.5,27,24.1
2025-11-09T16:00,25.6,30,23.4
2025-11-09T17:00,23.5,38,22.1
2025-11-09T18:00,22.4,41,21.0
2025-11-09T19:00,21.4,42,19.8
2025-11-09T20:00,20.5,43,18.7
2025-11-09T21:00,19.6,45,17.9
2025-11-09T22:00,19.1,45,17.3
2025-11-09T23:00,18.5,48,16.8
2025-11-10T00:00,17.8,51,16.1
2025-11-10T01:00,16.8,55,15.2
2025-11-10T02:00,16.1,58,14.6
2025-11-10T03:00,15.6,59,14.1
2025-11-10T04:00,15.0,61,13.5
2025-11-10T05:00,14.2,69,12.9
2025-11-10T06:00,13.9,70,12.7
2025-11-10T07:00,14.5,68,13.2
2025-11-10T08:00,16.4,63,15.4
2025-11-10T09:00,19.3,52,18.4
2025-11-10T10:00,22.0,43,21.0
2025-11-10T11:00,24.4,35,23.5
2025-11-10T12:00,26.1,28,24.6
2025-11-10T13:00,26.7,25,24.8
2025-11-10T14:00,27.0,24,24.4
2025-11-10T15:00,26.6,24,24.0
2025-11-10T16:00,25.7,26,23.2
2025-11-10T17:00,23.4,35,21.9
2025-11-10T18:00,22.3,38,20.9
2025-11-10T19:00,21.3,43,20.3
2025-11-10T20:00,20.5,45,19.6
2025-11-10T21:00,19.9,47,18.9
2025-11-10T22:00,19.4,47,18.2
2025-11-10T23:00,19.0,50,18.0
2025-11-11T00:00,17.5,53,16.4
2025-11-11T01:00,16.4,57,15.2
2025-11-11T02:00,15.4,59,13.9
2025-11-11T03:00,14.6,62,13.1
2025-11-11T04:00,14.1,63,12.6
2025-11-11T05:00,13.7,70,12.4
2025-11-11T06:00,13.7,70,12.3
2025-11-11T07:00,14.2,67,12.7
2025-11-11T08:00,16.4,61,15.0
2025-11-11T09:00,19.3,51,18.3
2025-11-11T10:00,22.2,42,21.0
2025-11-11T11:00,24.8,34,23.6
2025-11-11T12:00,26.4,28,24.7
2025-11-11T13:00,27.1,25,24.9
2025-11-11T14:00,27.4,23,24.5
2025-11-11T15:00,27.0,24,24.1
2025-11-11T16:00,26.0,27,23.4
2025-11-11T17:00,23.8,32,21.9
2025-11-11T18:00,22.6,37,21.0
2025-11-11T19:00,21.4,42,19.9
2025-11-11T20:00,20.4,47,19.0
2025-11-11T21:00,19.7,49,18.3
2025-11-11T22:00,19.1,49,17.5
2025-11-11T23:00,18.8,52,17.3
2025-11-12T00:00,17.8,54,16.3
2025-11-12T01:00,17.0,56,15.6
2025-11-12T02:00,16.4,58,15.0
2025-11-12T03:00,15.8,60,14.4
2025-11-12T04:00,15.2,62,13.7
2025-11-12T05:00,14.3,69,12.9
2025-11-12T06:00,14.0,70,12.5
2025-11-12T07:00,14.4,68,12.7
2025-11-12T08:00,16.3,62,14.8
2025-11-12T09:00,19.2,52,18.0
2025-11-12T10:00,22.2,43,20.9
2025-11-12T11:00,24.9,36,23.4
2025-11-12T12:00,26.6,29,24.6
2025-11-12T13:00,27.3,26,24.7
2025-11-12T14:00,27.5,24,24.4
2025-11-12T15:00,27.1,25,24.1
2025-11-12T16:00,26.2,26,23.5
2025-11-12T17:00,23.9,35,22.2
2025-11-12T18:00,22.8,39,21.4
2025-11-12T19:00,21.7,43,20.6
2025-11-12T20:00,20.8,47,19.8
2025-11-12T21:00,20.2,51,19.4
2025-11-12T22:00,19.4,53,18.6
2025-11-12T23:00,19.1,54,18.4
2025-11-13T00:00,17.3,59,16.2
2025-11-13T01:00,16.2,64,15.2
2025-11-13T02:00,15.4,69,14.5
2025-11-13T03:00,14.7,72,13.9
2025-11-13T04:00,14.3,75,13.4
2025-11-13T05:00,13.7,80,12.9
2025-11-13T06:00,13.2,81,12.4
2025-11-13T07:00,13.8,76,12.7
2025-11-13T08:00,15.7,68,14.7
2025-11-13T09:00,18.3,57,17.5
2025-11-13T10:00,21.2,47,20.3
2025-11-13T11:00,23.8,37,22.5
2025-11-13T12:00,25.2,33,23.7
2025-11-13T13:00,25.9,28,23.9
2025-11-13T14:00,26.3,26,23.6
2025-11-13T15:00,26.0,26,23.2
2025-11-13T16:00,25.1,29,22.7
2025-11-13T17:00,22.5,38,20.9
2025-11-13T18:00,21.5,40,19.9
2025-11-13T19:00,20.4,44,18.9
2025-11-13T20:00,19.3,48,17.8
2025-11-13T21:00,18.6,50,17.1
2025-11-13T22:00,17.9,52,16.4
2025-11-13T23:00,17.6,55,16.1
2025-11-14T00:00,16.7,57,15.2
2025-11-14T01:00,15.7,61,14.4
2025-11-14T02:00,15.0,64,13.8
2025-11-14T03:00,14.5,66,13.2
2025-11-14T04:00,13.9,68,12.5
2025-11-14T05:00,13.5,74,12.4
2025-11-14T06:00,13.3,75,12.2
2025-11-14T07:00,13.7,74,12.4
2025-11-14T08:00,15.6,67,14.5
2025-11-14T09:00,18.4,56,17.5
2025-11-14T10:00,21.1,46,20.0
2025-11-14T11:00,23.5,37,22.3
2025-11-14T12:00,25.1,29,23.2
2025-11-14T13:00,25.7,28,23.5
2025-11-14T14:00,26.0,26,23.4
2025-11-14T15:00,25.8,24,22.9
2025-11-14T16:00,24.9,27,22.3
2025-11-14T17:00,22.6,35,20.9
2025-11-14T18:00,21.9,38,20.3
2025-11-14T19:00,20.8,42,19.3
2025-11-14T20:00,19.6,46,18.2
2025-11-14T21:00,18.8,50,17.4
2025-11-14T22:00,18.1,52,16.7
2025-11-14T23:00,17.5,57,16.3
2025-11-15T00:00,16.9,56,15.5
2025-11-15T01:00,15.9,59,14.5
2025-11-15T02:00,15.2,62,13.8
2025-11-15T03:00,14.4,65,13.1
2025-11-15T04:00,13.7,69,12.4
2025-11-15T05:00,13.1,76,12.0
2025-11-15T06:00,12.8,77,11.6
2025-11-15T07:00,13.0,76,11.7
2025-11-15T08:00,15.1,67,14.0
2025-11-15T09:00,18.1,56,17.1
2025-11-15T10:00,21.0,45,19.8
2025-11-15T11:00,23.6,36,22.3
2025-11-15T12:00,25.3,29,23.7
2025-11-15T13:00,26.1,28,24.1
2025-11-15T14:00,26.6,25,23.9
2025-11-15T15:00,26.4,25,23.6
2025-11-15T16:00,25.5,28,23.1
2025-11-15T17:00,22.8,39,21.6
2025-11-15T18:00,22.2,39,20.7
2025-11-15T19:00,21.2,42,19.6
2025-11-15T20:00,20.3,45,18.7
2025-11-15T21:00,19.5,47,17.9
2025-11-15T22:00,18.7,49,17.2
2025-11-15T23:00,17.3,58,16.2
2025-11-16T00:00,16.2,59,15.0
2025-11-16T01:00,15.3,63,14.1
2025-11-16T02:00,14.6,67,13.5
2025-11-16T03:00,13.9,69,12.9
2025-11-16T04:00,13.3,70,12.0
2025-11-16T05:00,12.5,80,11.5
2025-11-16T06:00,12.3,79,11.3
2025-11-16T07:00,12.8,75,11.5
2025-11-16T08:00,15.0,66,13.6
2025-11-16T09:00,18.0,55,16.9
2025-11-16T10:00,21.0,45,19.8
2025-11-16T11:00,23.7,37,22.3
2025-11-16T12:00,25.6,29,23.6
2025-11-16T13:00,26.5,26,24.0
2025-11-16T14:00,26.8,24,23.7
2025-11-16T15:00,26.4,24,23.3
2025-11-16T16:00,25.5,26,22.8
2025-11-16T17:00,23.0,34,21.3
2025-11-16T18:00,22.3,36,20.5
2025-11-16T19:00,21.1,40,19.3
2025-11-16T20:00,19.7,45,18.2
2025-11-16T21:00,18.9,47,17.3
2025-11-16T22:00,18.3,48,16.5
2025-11-16T23:00,17.4,52,15.8
2025-11-17T00:00,15.9,56,14.3
2025-11-17T01:00,14.8,60,13.3
2025-11-17T02:00,14.3,62,12.7
2025-11-17T03:00,13.7,63,12.1
2025-11-17T04:00,13.2,65,11.5
2025-11-17T05:00,12.3,73,10.9
2025-11-17T06:00,12.3,73,10.8
2025-11-17T07:00,12.7,70,11.0
2025-11-17T08:00,14.8,63,13.2
2025-11-17T09:00,17.8,52,16.5
2025-11-17T10:00,20.6,42,19.3
2025-11-17T11:00,23.2,36,22.0
2025-11-17T12:00,25.0,30,23.6
2025-11-17T13:00,25.7,29,24.1
2025-11-17T14:00,26.0,28,24.2
2025-11-17T15:00,25.8,29,24.0
2025-11-17T16:00,25.1,30,23.4
2025-11-17T17:00,22.7,43,22.0
2025-11-17T18:00,22.0,43,21.3
2025-11-17T19:00,21.3,45,20.7
2025-11-17T20:00,20.4,48,19.9
2025-11-17T21:00,19.6,52,19.1
2025-11-17T22:00,18.8,55,18.6
2025-11-17T23:00,17.7,60,17.3
2025-11-18T00:00,16.6,64,16.1
2025-11-18T01:00,16.0,66,15.5
2025-11-18T02:00,15.5,67,15.1
2025-11-18T03:00,15.1,68,14.6
2025-11-18T04:00,14.2,72,13.4
2025-11-18T05:00,14.5,70,13.9
2025-11-18T06:00,13.5,74,12.6
2025-11-18T07:00,13.6,74,12.5
2025-11-18T08:00,15.3,68,14.4
2025-11-18T09:00,18.0,58,17.3
2025-11-18T10:00,20.8,48,20.0
2025-11-18T11:00,23.4,40,22.4
2025-11-18T12:00,24.9,34,23.8
2025-11-18T13:00,25.6,34,24.2
2025-11-18T14:00,25.8,34,24.3
2025-11-18T15:00,25.7,36,24.3
2025-11-18T16:00,24.9,41,24.0
2025-11-18T17:00,22.6,54,22.8
2025-11-18T18:00,21.9,59,22.4
2025-11-18T19:00,21.4,61,22.2
2025-11-18T20:00,20.9,63,21.9
2025-11-18T21:00,19.9,66,20.8
2025-11-18T22:00,18.5,70,18.8
2025-11-18T23:00,17.1,77,17.5
2025-11-19T00:00,16.2,80,16.6
2025-11-19T01:00,15.6,83,15.9
2025-11-19T02:00,15.2,83,15.3
2025-11-19T03:00,14.7,84,14.6
2025-11-19T04:00,14.2,83,14.0
2025-11-19T05:00,13.6,84,13.3
2025-11-19T06:00,13.3,83,12.8
2025-11-19T07:00,13.8,79,13.2
2025-11-19T08:00,15.7,71,15.5
2025-11-19T09:00,18.7,59,18.8
2025-11-19T10:00,21.7,50,21.8
2025-11-19T11:00,24.0,46,23.7
2025-11-19T12:00,25.3,40,25.0
2025-11-19T13:00,25.9,38,25.4
2025-11-19T14:00,26.0,37,25.4
2025-11-19T15:00,25.8,37,25.2
2025-11-19T16:00,25.1,40,24.5
2025-11-19T17:00,23.4,48,23.3
2025-11-19T18:00,22.5,56,22.9
2025-11-19T19:00,21.8,59,22.8
2025-11-19T20:00,21.1,63,22.3
2025-11-19T21:00,20.4,64,21.4
2025-11-19T22:00,20.0,65,20.9
2025-11-19T23:00,18.8,71,19.7
2025-11-20T00:00,18.1,73,18.9
2025-11-20T01:00,17.4,76,18.0
2025-11-20T02:00,16.4,80,16.6
2025-11-20T03:00,16.0,79,16.1
2025-11-20T04:00,15.3,81,15.2
2025-11-20T05:00,14.4,85,14.4
2025-11-20T06:00,14.1,85,14.0
2025-11-20T07:00,14.4,84,14.2
2025-11-20T08:00,16.2,76,16.3
2025-11-20T09:00,19.2,65,19.8
2025-11-20T10:00,22.2,54,22.8
2025-11-20T11:00,24.4,46,24.3
2025-11-20T12:00,25.6,42,25.6
2025-11-20T13:00,26.0,41,25.9
2025-11-20T14:00,26.1,40,25.9
2025-11-20T15:00,25.7,41,25.4
2025-11-20T16:00,25.0,43,24.6
2025-11-20T17:00,23.4,50,23.4
2025-11-20T18:00,22.0,57,22.4
2025-11-20T19:00,21.0,62,21.4
2025-11-20T20:00,20.6,63,21.3
2025-11-20T21:00,20.1,66,21.1
2025-11-20T22:00,19.2,68,20.1
2025-11-20T23:00,18.3,72,19.1
2025-11-21T00:00,17.5,73,18.2
2025-11-21T01:00,16.8,75,17.3
2025-11-21T02:00,16.4,75,16.8
2025-11-21T03:00,16.2,74,16.5
2025-11-21T04:00,15.9,75,16.2
2025-11-21T05:00,15.1,78,15.2
2025-11-21T06:00,14.5,81,14.3
2025-11-21T07:00,15.0,79,14.8
2025-11-21T08:00,17.7,69,17.5
2025-11-21T09:00,20.5,62,20.9
2025-11-21T10:00,22.8,55,23.2
2025-11-21T11:00,24.5,46,24.2
2025-11-21T12:00,25.6,40,25.5
2025-11-21T13:00,26.1,38,25.9
2025-11-21T14:00,26.2,38,25.9
2025-11-21T15:00,26.0,38,25.6
2025-11-21T16:00,25.4,39,24.9
2025-11-21T17:00,23.5,50,23.8
2025-11-21T18:00,22.9,55,23.9
2025-11-21T19:00,21.6,57,22.1
2025-11-21T20:00,20.6,61,21.1
2025-11-21T21:00,20.1,62,20.5
2025-11-21T22:00,19.3,66,19.8
2025-11-21T23:00,18.6,72,19.2
2025-11-22T00:00,18.2,73,19.0
2025-11-22T01:00,17.8,74,18.7
2025-11-22T02:00,17.4,76,18.3
2025-11-22T03:00,16.7,78,17.5
2025-11-22T04:00,15.9,80,16.3
2025-11-22T05:00,14.8,84,15.0
2025-11-22T06:00,14.1,87,14.2
2025-11-22T07:00,14.4,86,14.3
2025-11-22T08:00,16.7,76,16.6
2025-11-22T09:00,20.0,63,20.3
2025-11-22T10:00,22.9,51,22.9
2025-11-22T11:00,24.6,37,23.5
2025-11-22T12:00,25.7,32,24.5
2025-11-22T13:00,26.1,30,24.4
2025-11-22T14:00,26.2,29,24.2
2025-11-22T15:00,25.8,29,23.6
2025-11-22T16:00,25.0,30,22.9
2025-11-22T17:00,22.7,43,21.9
2025-11-22T18:00,21.8,46,21.2
2025-11-22T19:00,21.4,48,21.0
2025-11-22T20:00,20.8,50,20.5
2025-11-22T21:00,20.1,51,19.8
2025-11-22T22:00,19.4,53,19.0
2025-11-22T23:00,19.0,56,18.8
2025-11-23T00:00,17.8,59,17.4
2025-11-23T01:00,17.0,63,16.7
2025-11-23T02:00,16.1,68,15.9
2025-11-23T03:00,14.6,74,14.1
2025-11-23T04:00,13.7,78,13.1
2025-11-23T05:00,13.2,82,12.8
2025-11-23T06:00,13.2,82,12.8
2025-11-23T07:00,13.5,80,13.1
2025-11-23T08:00,15.8,70,15.2
2025-11-23T09:00,19.3,57,19.1
2025-11-23T10:00,22.1,46,21.8
2025-11-23T11:00,24.0,39,23.4
2025-11-23T12:00,25.5,31,24.4
2025-11-23T13:00,25.9,29,24.1
2025-11-23T14:00,25.9,28,23.7
2025-11-23T15:00,25.4,29,23.2
2025-11-23T16:00,24.4,33,22.5
2025-11-23T17:00,22.3,42,21.3
2025-11-23T18:00,21.5,46,20.7
2025-11-23T19:00,20.4,52,19.7
2025-11-23T20:00,19.4,56,18.9
2025-11-23T21:00,18.4,60,17.9
2025-11-23T22:00,17.8,63,17.5
2025-11-23T23:00,17.2,66,16.9
2025-11-24T00:00,16.3,69,16.0
2025-11-24T01:00,15.7,71,15.5
2025-11-24T02:00,14.8,75,14.3
2025-11-24T03:00,13.9,79,13.4
2025-11-24T04:00,13.2,81,12.5
2025-11-24T05:00,12.4,88,11.8
2025-11-24T06:00,12.2,88,11.7
2025-11-24T07:00,12.7,84,12.1
2025-11-24T08:00,14.7,75,14.1
2025-11-24T09:00,17.8,62,17.5
2025-11-24T10:00,20.6,52,20.3
2025-11-24T11:00,22.8,42,22.0
2025-11-24T12:00,24.2,36,23.3
2025-11-24T13:00,24.8,31,23.3
2025-11-24T14:00,25.0,30,23.1
2025-11-24T15:00,24.8,29,22.6
2025-11-24T16:00,23.9,31,21.9
2025-11-24T17:00,21.5,44,20.5
2025-11-24T18:00,20.7,47,19.8
2025-11-24T19:00,20.0,49,19.3
2025-11-24T20:00,19.0,52,18.3
2025-11-24T21:00,18.1,55,17.3
2025-11-24T22:00,17.2,58,16.4
2025-11-24T23:00,16.4,63,15.7
2025-11-25T00:00,15.3,66,14.5
2025-11-25T01:00,14.5,67,13.3
2025-11-25T02:00,13.6,72,12.6
2025-11-25T03:00,12.8,75,11.7
2025-11-25T04:00,12.2,77,11.1
2025-11-25T05:00,11.6,82,10.6
2025-11-25T06:00,11.4,83,10.3
2025-11-25T07:00,11.8,80,10.5
2025-11-25T08:00,13.7,72,12.4
2025-11-25T09:00,16.7,59,15.7
2025-11-25T10:00,19.5,50,18.5
2025-11-25T11:00,21.9,42,20.5
2025-11-25T12:00,23.3,36,21.6
2025-11-25T13:00,23.8,35,22.0
2025-11-25T14:00,24.0,34,22.0
2025-11-25T15:00,23.6,34,21.5
2025-11-25T16:00,22.8,35,20.7
2025-11-25T17:00,20.7,44,19.3
2025-11-25T18:00,20.0,46,18.6
2025-11-25T19:00,18.9,51,17.7
2025-11-25T20:00,17.8,55,16.7
2025-11-25T21:00,16.9,60,15.8
2025-11-25T22:00,16.0,63,15.0
2025-11-25T23:00,15.3,68,14.3
2025-11-26T00:00,14.8,67,13.6
2025-11-26T01:00,14.1,69,13.0
2025-11-26T02:00,13.3,73,12.2
2025-11-26T03:00,12.5,76,11.5
2025-11-26T04:00,11.9,79,10.8
2025-11-26T05:00,11.4,85,10.4
2025-11-26T06:00,11.2,86,10.2
2025-11-26T07:00,11.5,83,10.6
2025-11-26T08:00,13.5,74,12.6
2025-11-26T09:00,16.5,62,15.9
2025-11-26T10:00,19.3,51,18.8
2025-11-26T11:00,21.2,43,20.2
2025-11-26T12:00,22.9,35,21.8
2025-11-26T13:00,23.6,32,22.2
2025-11-26T14:00,23.9,31,22.2
2025-11-26T15:00,23.7,31,21.9
2025-11-26T16:00,22.9,33,21.0
2025-11-26T17:00,20.6,45,19.6
2025-11-26T18:00,19.6,46,18.4
2025-11-26T19:00,18.8,51,17.8
2025-11-26T20:00,18.4,52,17.5
2025-11-26T21:00,17.6,54,16.7
2025-11-26T22:00,17.2,56,16.7
2025-11-26T23:00,16.4,60,15.9
2025-11-27T00:00,15.9,61,15.3
2025-11-27T01:00,15.6,62,15.1
2025-11-27T02:00,14.8,65,14.2
2025-11-27T03:00,14.0,67,13.4
2025-11-27T04:00,13.4,70,12.7
2025-11-27T05:00,13.3,71,12.7
2025-11-27T06:00,12.8,74,12.1
2025-11-27T07:00,12.6,77,12.0
2025-11-27T08:00,14.5,71,13.9
2025-11-27T09:00,17.4,59,16.9
2025-11-27T10:00,19.9,47,19.0
2025-11-27T11:00,21.6,35,20.0
2025-11-27T12:00,23.2,31,21.8
2025-11-27T13:00,24.0,29,22.6
2025-11-27T14:00,24.4,29,22.9
2025-11-27T15:00,24.3,29,22.7
2025-11-27T16:00,23.5,32,22.0
2025-11-27T17:00,21.3,46,20.7
2025-11-27T18:00,20.3,49,19.8
2025-11-27T19:00,19.3,54,18.9
2025-11-27T20:00,18.6,58,18.3
2025-11-27T21:00,17.7,62,17.4
2025-11-27T22:00,16.9,66,16.5
2025-11-27T23:00,16.2,71,15.9
2025-11-28T00:00,15.3,74,14.9
2025-11-28T01:00,14.7,75,14.2
2025-11-28T02:00,14.2,76,13.7
2025-11-28T03:00,13.4,79,12.8
2025-11-28T04:00,12.5,84,11.8
2025-11-28T05:00,11.8,88,11.2
2025-11-28T06:00,11.5,88,10.8
2025-11-28T07:00,12.1,84,11.3
2025-11-28T08:00,14.2,73,13.1
2025-11-28T09:00,16.7,63,15.9
2025-11-28T10:00,19.3,53,18.4
2025-11-28T11:00,21.8,44,20.7
2025-11-28T12:00,23.6,36,22.2
2025-11-28T13:00,24.6,32,22.8
2025-11-28T14:00,25.2,30,23.3
2025-11-28T15:00,25.2,29,23.1
2025-11-28T16:00,24.3,33,22.4
2025-11-28T17:00,20.8,54,20.6
2025-11-28T18:00,20.5,52,19.9
2025-11-28T19:00,19.8,54,19.2
2025-11-28T20:00,19.1,57,18.4
2025-11-28T21:00,18.4,60,17.7
2025-11-28T22:00,17.6,64,17.0
2025-11-28T23:00,16.5,71,16.0
2025-11-29T00:00,15.9,71,15.3
2025-11-29T01:00,15.5,71,14.6
2025-11-29T02:00,15.0,72,14.0
2025-11-29T03:00,14.7,71,13.5
2025-11-29T04:00,14.4,71,13.0
2025-11-29T05:00,13.9,73,12.5
2025-11-29T06:00,13.7,73,12.3
2025-11-29T07:00,13.7,73,12.3
2025-11-29T08:00,15.1,68,13.8
2025-11-29T09:00,17.4,60,16.4
2025-11-29T10:00,20.1,49,19.0
2025-11-29T11:00,23.0,41,21.7
2025-11-29T12:00,25.1,32,23.3
2025-11-29T13:00,25.9,30,23.6
2025-11-29T14:00,25.9,32,23.6
2025-11-29T15:00,25.4,34,23.4
2025-11-29T16:00,24.5,36,22.7
2025-11-29T17:00,22.5,42,21.4
2025-11-29T18:00,21.5,44,20.4
2025-11-29T19:00,20.5,47,19.4
2025-11-29T20:00,19.5,50,18.2
2025-11-29T21:00,18.6,52,17.2
2025-11-29T22:00,17.7,53,16.3
2025-11-29T23:00,16.6,58,15.3
2025-11-30T00:00,16.1,57,14.5
2025-11-30T01:00,15.1,58,13.4
2025-11-30T02:00,14.0,60,12.3
2025-11-30T03:00,13.4,60,11.6
2025-11-30T04:00,12.8,61,11.0
2025-11-30T05:00,12.5,68,10.8
2025-11-30T06:00,11.7,71,10.0
2025-11-30T07:00,11.9,71,10.0
2025-11-30T08:00,13.4,65,11.5
2025-11-30T09:00,15.8,56,14.1
2025-11-30T10:00,18.5,47,16.6
2025-11-30T11:00,21.2,38,18.9
2025-11-30T12:00,23.0,32,20.3
2025-11-30T13:00,23.6,31,20.6
2025-11-30T14:00,23.4,31,20.4
2025-11-30T15:00,23.2,31,20.1
2025-11-30T16:00,22.5,32,19.7
2025-11-30T17:00,20.4,39,18.4
2025-11-30T18:00,19.5,42,17.5
2025-11-30T19:00,18.3,45,16.4
2025-11-30T20:00,17.2,47,15.3
2025-11-30T21:00,16.5,48,14.4
2025-11-30T22:00,15.7,48,13.5
2025-11-30T23:00,15.1,51,13.1
2025-12-01T00:00,13.9,51,11.6
2025-12-01T01:00,13.2,53,10.9
2025-12-01T02:00,12.6,55,10.5
2025-12-01T03:00,12.1,58,10.2
2025-12-01T04:00,11.6,60,9.8
2025-12-01T05:00,11.0,69,9.6
2025-12-01T06:00,10.2,73,9.0
2025-12-01T07:00,10.0,75,8.6
2025-12-01T08:00,12.2,65,10.6
2025-12-01T09:00,15.2,54,13.9
2025-12-01T10:00,18.1,44,16.7
2025-12-01T11:00,21.1,34,19.4
2025-12-01T12:00,23.2,28,21.2
2025-12-01T13:00,24.1,26,21.7
2025-12-01T14:00,24.3,26,21.8
2025-12-01T15:00,24.0,27,21.6
2025-12-01T16:00,23.1,30,21.1
2025-12-01T17:00,20.8,40,19.7
2025-12-01T18:00,20.0,43,18.9
2025-12-01T19:00,18.8,47,17.6
2025-12-01T20:00,17.9,51,16.8
2025-12-01T21:00,17.1,55,16.0
2025-12-01T22:00,16.3,58,15.1
2025-12-01T23:00,15.9,61,14.8
2025-12-02T00:00,14.9,65,13.9
2025-12-02T01:00,14.1,69,13.1
2025-12-02T02:00,13.6,70,12.3
2025-12-02T03:00,13.4,69,12.4
2025-12-02T04:00,13.2,69,12.1
2025-12-02T05:00,12.8,74,11.9
2025-12-02T06:00,12.7,72,11.5
2025-12-02T07:00,12.9,71,11.7
2025-12-02T08:00,15.0,61,13.8
2025-12-02T09:00,18.0,51,17.0
2025-12-02T10:00,20.8,43,19.8
2025-12-02T11:00,22.8,46,22.4
2025-12-02T12:00,24.2,46,24.4
2025-12-02T13:00,24.9,45,25.0
2025-12-02T14:00,25.2,42,25.0
2025-12-02T15:00,25.0,41,24.4
2025-12-02T16:00,24.2,44,23.5
2025-12-02T17:00,21.8,52,21.4
2025-12-02T18:00,20.9,51,20.1
2025-12-02T19:00,19.8,51,18.9
2025-12-02T20:00,18.6,55,17.8
2025-12-02T21:00,18.1,56,17.4
2025-12-02T22:00,16.7,59,15.7
2025-12-02T23:00,15.8,65,14.9
2025-12-03T00:00,14.4,67,13.3
2025-12-03T01:00,13.7,67,12.3
2025-12-03T02:00,12.8,68,11.3
2025-12-03T03:00,12.1,69,10.6
2025-12-03T04:00,11.3,71,9.7
2025-12-03T05:00,10.8,77,9.3
2025-12-03T06:00,10.3,79,8.8
2025-12-03T07:00,10.4,78,8.9
2025-12-03T08:00,12.5,69,10.9
2025-12-03T09:00,15.1,59,13.8
2025-12-03T10:00,17.9,49,16.3
2025-12-03T11:00,20.2,40,18.0
2025-12-03T12:00,21.7,34,19.6
2025-12-03T13:00,22.6,30,20.0
2025-12-03T14:00,22.9,29,19.9
2025-12-03T15:00,22.4,30,19.5
2025-12-03T16:00,21.4,34,18.8
2025-12-03T17:00,19.5,41,17.5
2025-12-03T18:00,18.8,45,17.0
2025-12-03T19:00,17.8,49,16.1
2025-12-03T20:00,16.8,52,15.1
2025-12-03T21:00,15.8,55,14.1
2025-12-03T22:00,14.9,57,13.2
2025-12-03T23:00,13.9,63,12.3
2025-12-04T00:00,12.9,66,11.2
2025-12-04T01:00,12.0,69,10.3
2025-12-04T02:00,11.5,70,9.7
2025-12-04T03:00,11.1,71,9.2
2025-12-04T04:00,10.7,72,8.8
2025-12-04T05:00,10.1,75,8.1
2025-12-04T06:00,9.8,75,7.6
2025-12-04T07:00,9.9,74,7.6
2025-12-04T08:00,11.4,68,9.0
2025-12-04T09:00,13.8,60,11.8
2025-12-04T10:00,16.4,51,14.4
2025-12-04T11:00,19.2,44,16.9
2025-12-04T12:00,20.8,38,18.4
2025-12-04T13:00,21.6,34,19.0
2025-12-04T14:00,21.9,32,19.0
2025-12-04T15:00,21.5,33,18.7
2025-12-04T16:00,20.6,36,17.9
2025-12-04T17:00,18.3,44,16.5
2025-12-04T18:00,17.5,47,15.8
2025-12-04T19:00,16.6,51,14.9
2025-12-04T20:00,15.7,54,13.9
2025-12-04T21:00,14.8,56,13.0
2025-12-04T22:00,14.0,58,12.1
2025-12-04T23:00,13.5,62,12.0
2025-12-05T00:00,12.3,65,10.6
2025-12-05T01:00,11.5,67,9.7
2025-12-05T02:00,10.9,68,9.0
2025-12-05T03:00,10.2,70,8.3
2025-12-05T04:00,9.5,74,7.5
2025-12-05T05:00,8.9,80,7.0
2025-12-05T06:00,8.6,81,6.8
2025-12-05T07:00,8.7,80,6.8
2025-12-05T08:00,10.5,71,8.6
2025-12-05T09:00,13.7,59,12.1
2025-12-05T10:00,16.8,47,15.0
2025-12-05T11:00,19.3,38,17.2
2025-12-05T12:00,20.8,31,18.6
2025-12-05T13:00,21.5,29,19.1
2025-12-05T14:00,21.8,31,19.5
2025-12-05T15:00,21.7,33,19.4
2025-12-05T16:00,20.8,37,18.6
2025-12-05T17:00,19.0,44,17.0
2025-12-05T18:00,18.2,48,16.6
2025-12-05T19:00,17.3,51,15.7
2025-12-05T20:00,16.2,56,14.6
2025-12-05T21:00,15.1,60,13.7
2025-12-05T22:00,14.4,62,12.9
2025-12-05T23:00,13.5,67,12.0
2025-12-06T00:00,12.9,66,11.2
2025-12-06T01:00,12.3,67,10.4
2025-12-06T02:00,11.8,68,9.8
2025-12-06T03:00,11.3,69,9.1
2025-12-06T04:00,10.9,70,8.6
2025-12-06T05:00,10.5,75,8.2
2025-12-06T06:00,10.2,76,7.9
2025-12-06T07:00,10.4,74,7.9
2025-12-06T08:00,11.9,68,9.2
2025-12-06T09:00,14.2,58,11.9
2025-12-06T10:00,16.8,49,14.4
2025-12-06T11:00,19.7,42,17.3
2025-12-06T12:00,21.9,35,19.6
2025-12-06T13:00,23.1,32,20.4
2025-12-06T14:00,23.6,32,20.8
2025-12-06T15:00,23.1,34,20.3
2025-12-06T16:00,22.1,36,19.5
2025-12-06T17:00,20.2,42,17.9
2025-12-06T18:00,19.4,42,16.9
2025-12-06T19:00,18.3,43,15.8
2025-12-06T20:00,17.6,44,15.1
2025-12-06T21:00,16.5,47,14.0
2025-12-06T22:00,15.9,50,13.4
2025-12-06T23:00,15.1,54,12.8
2025-12-07T00:00,14.5,57,12.3
2025-12-07T01:00,13.8,60,11.6
2025-12-07T02:00,13.2,63,11.0
2025-12-07T03:00,12.7,65,10.5
2025-12-07T04:00,12.3,67,10.0
2025-12-07T05:00,11.4,73,9.1
2025-12-07T06:00,10.8,76,8.6
2025-12-07T07:00,10.7,76,8.5
2025-12-07T08:00,12.1,70,9.8
2025-12-07T09:00,14.6,61,12.7
2025-12-07T10:00,17.4,52,15.5
2025-12-07T11:00,20.3,44,18.4
2025-12-07T12:00,22.4,39,20.6
2025-12-07T13:00,23.7,35,21.6
2025-12-07T14:00,24.1,35,22.1
2025-12-07T15:00,23.7,38,21.8
2025-12-07T16:00,22.7,41,21.0
2025-12-07T17:00,20.8,49,19.7
2025-12-07T18:00,20.3,52,19.1
2025-12-07T19:00,19.3,55,18.0
2025-12-07T20:00,18.3,58,17.0
2025-12-07T21:00,17.4,60,16.1
2025-12-07T22:00,16.6,61,15.3
2025-12-07T23:00,15.9,63,14.5
2025-12-08T00:00,15.2,64,13.6
2025-12-08T01:00,15.0,63,13.2
2025-12-08T02:00,14.6,62,12.7
2025-12-08T03:00,14.2,63,12.2
2025-12-08T04:00,13.7,65,11.7
2025-12-08T05:00,12.8,69,10.7
2025-12-08T06:00,12.2,72,10.1
2025-12-08T07:00,12.1,73,9.9
2025-12-08T08:00,13.5,67,11.2
2025-12-08T09:00,15.8,59,13.9
2025-12-08T10:00,18.6,49,16.7
2025-12-08T11:00,21.5,41,19.6
2025-12-08T12:00,23.6,36,21.8
2025-12-08T13:00,24.9,32,22.7
2025-12-08T14:00,25.2,31,22.7
2025-12-08T15:00,24.7,32,22.1
2025-12-08T16:00,23.7,35,21.3
2025-12-08T17:00,21.8,42,20.1
2025-12-08T18:00,20.7,47,19.0
2025-12-08T19:00,19.5,50,17.9
2025-12-08T20:00,18.6,51,16.8
2025-12-08T21:00,17.7,52,15.7
2025-12-08T22:00,16.8,53,14.7
2025-12-08T23:00,15.9,56,13.8
2025-12-09T00:00,15.0,58,12.7
2025-12-09T01:00,14.3,60,12.0
2025-12-09T02:00,13.7,63,11.3
2025-12-09T03:00,13.2,65,10.9
2025-12-09T04:00,12.8,67,10.5
2025-12-09T05:00,12.1,71,9.7
2025-12-09T06:00,11.7,72,9.4
2025-12-09T07:00,11.6,73,9.2
2025-12-09T08:00,12.8,68,10.2
2025-12-09T09:00,15.1,60,13.1
2025-12-09T10:00,17.9,51,16.0
2025-12-09T11:00,20.8,44,19.0
2025-12-09T12:00,22.9,38,20.8
2025-12-09T13:00,24.1,33,21.6
2025-12-09T14:00,24.5,31,21.8
2025-12-09T15:00,24.1,34,21.6
2025-12-09T16:00,23.1,38,20.9
2025-12-09T17:00,21.0,46,19.5
2025-12-09T18:00,20.3,49,18.9
2025-12-09T19:00,19.4,51,17.9
2025-12-09T20:00,18.7,52,17.1
2025-12-09T21:00,18.2,53,16.5
2025-12-09T22:00,17.5,55,15.7
2025-12-09T23:00,16.5,58,14.7
2025-12-10T00:00,15.3,62,13.4
2025-12-10T01:00,14.7,64,12.8
2025-12-10T02:00,14.2,66,12.2
2025-12-10T03:00,13.6,68,11.7
2025-12-10T04:00,13.2,70,11.2
2025-12-10T05:00,12.6,71,10.5
2025-12-10T06:00,12.1,73,10.1
2025-12-10T07:00,11.8,75,9.7
2025-12-10T08:00,13.0,70,10.8
2025-12-10T09:00,15.2,61,13.6
2025-12-10T10:00,17.9,52,16.5
2025-12-10T11:00,20.7,44,19.3
2025-12-10T12:00,22.7,38,21.1
2025-12-10T13:00,23.7,36,21.9
2025-12-10T14:00,24.1,35,22.1
2025-12-10T15:00,23.7,38,21.9
2025-12-10T16:00,22.8,43,21.5
2025-12-10T17:00,20.4,54,19.9
2025-12-10T18:00,20.3,53,19.5
2025-12-10T19:00,19.4,55,18.6
2025-12-10T20:00,18.4,58,17.6
2025-12-10T21:00,17.6,60,16.8
2025-12-10T22:00,17.0,61,16.1
2025-12-10T23:00,16.6,61,15.5
2025-12-11T00:00,15.2,64,13.9
2025-12-11T01:00,14.2,68,12.9
2025-12-11T02:00,13.2,73,12.0
2025-12-11T03:00,12.4,76,11.3
2025-12-11T04:00,12.1,78,10.8
2025-12-11T05:00,11.1,85,9.8
2025-12-11T06:00,10.8,86,9.4
2025-12-11T07:00,10.8,85,9.3
2025-12-11T08:00,12.4,76,11.0
2025-12-11T09:00,15.2,64,14.3
2025-12-11T10:00,18.3,52,17.2
2025-12-11T11:00,21.5,44,20.4
2025-12-11T12:00,23.5,37,21.9
2025-12-11T13:00,24.4,34,22.4
2025-12-11T14:00,24.7,33,22.4
2025-12-11T15:00,24.3,34,22.1
2025-12-11T16:00,23.4,38,21.7
2025-12-11T17:00,20.7,52,20.2
2025-12-11T18:00,20.0,55,19.6
2025-12-11T19:00,19.1,59,18.7
2025-12-11T20:00,18.2,62,17.8
2025-12-11T21:00,17.5,64,17.2
2025-12-11T22:00,17.1,65,16.8
2025-12-11T23:00,16.9,66,16.8
2025-12-12T00:00,15.4,71,15.0
2025-12-12T01:00,14.0,77,13.3
2025-12-12T02:00,13.2,80,12.4
2025-12-12T03:00,12.4,83,11.6
2025-12-12T04:00,11.8,85,10.9
2025-12-12T05:00,11.2,88,10.2
2025-12-12T06:00,10.5,90,9.6
2025-12-12T07:00,10.4,90,9.4
2025-12-12T08:00,12.2,82,11.2
2025-12-12T09:00,15.3,69,14.6
2025-12-12T10:00,18.4,56,17.8
2025-12-12T11:00,21.0,47,20.3
2025-12-12T12:00,22.9,40,22.0
2025-12-12T13:00,23.9,35,22.7
2025-12-12T14:00,24.4,32,22.9
2025-12-12T15:00,24.3,31,22.7
2025-12-12T16:00,23.5,34,22.1
2025-12-12T17:00,21.0,48,20.4
2025-12-12T18:00,19.9,53,19.4
2025-12-12T19:00,19.1,57,18.9
2025-12-12T20:00,18.4,61,18.3
2025-12-12T21:00,17.9,63,17.9
2025-12-12T22:00,17.2,66,17.0
2025-12-12T23:00,16.4,69,16.2
2025-12-13T00:00,15.3,75,15.2
2025-12-13T01:00,14.3,80,14.1
2025-12-13T02:00,13.9,82,13.8
2025-12-13T03:00,13.7,82,13.6
2025-12-13T04:00,13.4,83,13.4
2025-12-13T05:00,13.1,82,13.0
2025-12-13T06:00,12.8,83,12.7
2025-12-13T07:00,12.7,84,12.7
2025-12-13T08:00,14.1,79,13.8
2025-12-13T09:00,16.5,69,16.4
2025-12-13T10:00,19.3,58,19.1
2025-12-13T11:00,21.4,52,21.2
2025-12-13T12:00,23.1,44,22.8
2025-12-13T13:00,24.0,40,23.7
2025-12-13T14:00,24.5,37,24.1
2025-12-13T15:00,24.4,37,23.8
2025-12-13T16:00,23.8,39,22.9
2025-12-13T17:00,21.0,52,20.6
2025-12-13T18:00,20.2,57,20.0
2025-12-13T19:00,19.2,64,19.4
2025-12-13T20:00,18.2,68,18.5
2025-12-13T21:00,17.3,72,17.6
2025-12-13T22:00,16.3,77,16.4
2025-12-13T23:00,15.4,83,15.6
2025-12-14T00:00,14.7,85,15.0
2025-12-14T01:00,14.1,87,14.3
2025-12-14T02:00,13.7,89,13.9
2025-12-14T03:00,13.3,89,13.6
2025-12-14T04:00,13.0,90,13.2
2025-12-14T05:00,11.6,93,11.2
2025-12-14T06:00,11.2,94,10.6
2025-12-14T07:00,11.2,94,10.7
2025-12-14T08:00,13.5,86,13.2
2025-12-14T09:00,16.9,71,17.2
2025-12-14T10:00,19.8,60,20.1
2025-12-14T11:00,21.2,54,21.4
2025-12-14T12:00,22.8,48,23.1
2025-12-14T13:00,23.7,43,23.8
2025-12-14T14:00,24.2,41,24.1
2025-12-14T15:00,24.2,40,23.9
2025-12-14T16:00,23.4,51,24.1
2025-12-14T17:00,21.1,60,21.7
2025-12-14T18:00,20.2,60,20.5
2025-12-14T19:00,19.4,62,19.4
2025-12-14T20:00,18.8,65,19.0
2025-12-14T21:00,18.3,68,18.7
2025-12-14T22:00,17.9,69,18.5
2025-12-14T23:00,17.4,71,18.0
2025-12-15T00:00,16.3,75,16.7
2025-12-15T01:00,14.8,81,14.8
2025-12-15T02:00,13.6,88,13.3
2025-12-15T03:00,12.6,93,12.2
2025-12-15T04:00,12.0,95,11.6
2025-12-15T05:00,11.3,94,10.6
2025-12-15T06:00,10.9,95,10.2
2025-12-15T07:00,10.5,99,9.8
2025-12-15T08:00,11.5,97,10.8
2025-12-15T09:00,13.8,87,13.4
2025-12-15T10:00,16.1,76,16.0
2025-12-15T11:00,19.4,63,19.3
2025-12-15T12:00,21.7,51,21.2
2025-12-15T13:00,22.9,44,21.9
2025-12-15T14:00,23.3,46,22.5
2025-12-15T15:00,23.2,48,22.6
2025-12-15T16:00,22.4,50,21.8
2025-12-15T17:00,19.9,57,19.5
2025-12-15T18:00,19.1,60,18.7
2025-12-15T19:00,18.2,64,17.8
2025-12-15T20:00,17.3,68,16.8
2025-12-15T21:00,16.6,69,15.9
2025-12-15T22:00,16.2,68,15.1
2025-12-15T23:00,15.4,70,14.2
2025-12-16T00:00,14.4,73,13.1
2025-12-16T01:00,13.7,76,12.4
2025-12-16T02:00,13.2,79,11.9
2025-12-16T03:00,12.8,82,11.5
2025-12-16T04:00,12.5,85,11.2
2025-12-16T05:00,12.0,88,10.6
2025-12-16T06:00,11.8,89,10.4
2025-12-16T07:00,11.6,90,10.2
2025-12-16T08:00,13.0,83,11.4
2025-12-16T09:00,15.2,73,13.9
2025-12-16T10:00,17.8,62,16.4
2025-12-16T11:00,20.0,56,18.7
2025-12-16T12:00,21.9,48,20.5
2025-12-16T13:00,23.0,45,21.4
2025-12-16T14:00,23.3,45,21.9
2025-12-16T15:00,23.1,48,21.8
2025-12-16T16:00,22.2,52,21.2
2025-12-16T17:00,20.5,60,20.1
2025-12-16T18:00,19.6,64,19.2
2025-12-16T19:00,18.8,67,18.3
2025-12-16T20:00,18.1,69,17.5
2025-12-16T21:00,17.3,71,16.6
2025-12-16T22:00,16.6,74,15.9
2025-12-16T23:00,15.5,79,14.9
2025-12-17T00:00,14.6,83,14.0
2025-12-17T01:00,14.1,85,13.4
2025-12-17T02:00,13.5,86,12.7
2025-12-17T03:00,13.1,87,12.2
2025-12-17T04:00,12.7,88,11.6
2025-12-17T05:00,11.6,90,10.3
2025-12-17T06:00,11.4,90,10.1
2025-12-17T07:00,11.4,90,10.0
2025-12-17T08:00,12.9,82,11.3
2025-12-17T09:00,15.2,71,14.0
2025-12-17T10:00,17.8,62,16.6
2025-12-17T11:00,19.9,57,18.9
2025-12-17T12:00,21.8,51,20.9
2025-12-17T13:00,23.1,47,22.1
2025-12-17T14:00,23.8,45,22.8
2025-12-17T15:00,23.7,46,22.8
2025-12-17T16:00,22.8,50,22.3
2025-12-17T17:00,20.6,60,20.4
2025-12-17T18:00,19.6,64,19.4
2025-12-17T19:00,18.9,65,18.5
2025-12-17T20:00,18.1,66,17.6
2025-12-17T21:00,17.1,69,16.5
2025-12-17T22:00,16.1,72,15.6
2025-12-17T23:00,14.9,78,14.4
2025-12-18T00:00,14.4,79,13.8
2025-12-18T01:00,13.4,85,13.0
2025-12-18T02:00,12.8,87,12.3
2025-12-18T03:00,12.5,88,12.0
2025-12-18T04:00,12.0,89,11.4
2025-12-18T05:00,11.9,92,11.2
2025-12-18T06:00,11.8,93,11.1
2025-12-18T07:00,11.6,94,10.9
2025-12-18T08:00,12.9,89,12.3
2025-12-18T09:00,15.3,78,15.1
2025-12-18T10:00,17.8,68,17.6
2025-12-18T11:00,19.3,61,19.0
2025-12-18T12:00,21.0,52,20.4
2025-12-18T13:00,22.0,48,21.2
2025-12-18T14:00,22.5,47,21.7
2025-12-18T15:00,22.4,49,21.4
2025-12-18T16:00,21.6,53,20.9
2025-12-18T17:00,19.3,62,19.1
2025-12-18T18:00,18.2,69,18.2
2025-12-18T19:00,17.6,73,17.7
2025-12-18T20:00,17.0,76,17.1
2025-12-18T21:00,16.2,81,16.4
2025-12-18T22:00,15.4,85,15.7
2025-12-18T23:00,14.8,88,15.1
2025-12-19T00:00,13.9,91,13.9
2025-12-19T01:00,13.3,93,13.3
2025-12-19T02:00,13.0,94,12.9
2025-12-19T03:00,12.9,94,12.6
2025-12-19T04:00,12.4,95,11.9
2025-12-19T05:00,11.7,96,10.9
2025-12-19T06:00,11.2,97,10.5
2025-12-19T07:00,11.2,97,10.6
2025-12-19T08:00,12.1,95,11.6
2025-12-19T09:00,13.6,92,13.6
2025-12-19T10:00,16.2,78,16.4
2025-12-19T11:00,18.0,66,17.7
2025-12-19T12:00,20.0,55,19.2
2025-12-19T13:00,21.3,48,20.1
2025-12-19T14:00,21.9,44,20.6
2025-12-19T15:00,21.9,44,20.7
2025-12-19T16:00,21.0,50,20.0
2025-12-19T17:00,18.5,65,18.3
2025-12-19T18:00,17.6,70,17.5
2025-12-19T19:00,16.7,74,16.6
2025-12-19T20:00,15.8,78,15.6
2025-12-19T21:00,15.0,80,14.7
2025-12-19T22:00,14.2,83,13.9
2025-12-19T23:00,13.5,85,13.0
2025-12-20T00:00,12.7,86,12.0
2025-12-20T01:00,12.2,88,11.4
2025-12-20T02:00,11.6,89,10.8
2025-12-20T03:00,11.1,90,10.3
2025-12-20T04:00,10.7,92,9.7
2025-12-20T05:00,9.7,97,8.9
2025-12-20T06:00,9.6,98,8.9
2025-12-20T07:00,9.5,99,8.9
2025-12-20T08:00,10.7,95,10.3
2025-12-20T09:00,13.7,83,13.8
2025-12-20T10:00,17.0,68,17.2
2025-12-20T11:00,18.7,60,18.5
2025-12-20T12:00,20.3,54,20.0
2025-12-20T13:00,21.2,50,21.0
2025-12-20T14:00,21.8,48,21.7
2025-12-20T15:00,21.8,48,21.7
2025-12-20T16:00,21.2,51,21.0
2025-12-20T17:00,18.1,73,18.6
2025-12-20T18:00,17.2,75,17.1
2025-12-20T19:00,16.1,80,16.0
2025-12-20T20:00,15.1,84,14.8
2025-12-20T21:00,14.1,88,13.8
2025-12-20T22:00,13.3,91,12.8
2025-12-20T23:00,12.5,95,12.0
2025-12-21T00:00,12.0,96,11.6
2025-12-21T01:00,11.7,96,11.3
2025-12-21T02:00,11.3,97,10.9
2025-12-21T03:00,11.0,97,10.5
2025-12-21T04:00,10.7,98,10.1
2025-12-21T05:00,10.8,99,10.2
2025-12-21T06:00,11.0,98,10.3
2025-12-21T07:00,11.1,98,10.5
2025-12-21T08:00,11.5,98,11.0
2025-12-21T09:00,12.9,91,12.6
2025-12-21T10:00,15.1,81,14.9
2025-12-21T11:00,16.2,75,16.2
2025-12-21T12:00,18.1,67,18.1
2025-12-21T13:00,19.4,61,19.4
2025-12-21T14:00,20.2,57,20.1
2025-12-21T15:00,20.4,56,20.2
2025-12-21T16:00,19.8,59,19.7
2025-12-21T17:00,16.6,78,17.0
2025-12-21T18:00,16.0,80,16.3
2025-12-21T19:00,15.3,84,15.7
2025-12-21T20:00,14.8,87,15.1
2025-12-21T21:00,14.4,88,14.8
2025-12-21T22:00,13.8,91,13.9
2025-12-21T23:00,13.3,93,13.3
2025-12-22T00:00,12.6,95,12.6
2025-12-22T01:00,12.2,96,12.1
2025-12-22T02:00,11.7,98,11.5
2025-12-22T03:00,11.4,100,11.3
2025-12-22T04:00,11.4,100,11.3
2025-12-22T05:00,11.8,99,11.5
2025-12-22T06:00,11.9,100,11.8
2025-12-22T07:00,11.9,99,11.9
2025-12-22T08:00,12.1,98,12.1
2025-12-22T09:00,13.0,94,13.0
2025-12-22T10:00,15.1,83,15.3
2025-12-22T11:00,16.1,79,16.7
2025-12-22T12:00,18.3,71,19.0
2025-12-22T13:00,19.9,63,20.3
2025-12-22T14:00,21.0,57,21.1
2025-12-22T15:00,21.3,55,21.4
2025-12-22T16:00,20.8,60,21.4
2025-12-22T17:00,19.1,68,19.8
2025-12-22T18:00,17.9,73,18.5
2025-12-22T19:00,17.1,77,17.6
2025-12-22T20:00,16.4,80,16.7
2025-12-22T21:00,15.9,82,16.3
2025-12-22T22:00,15.4,84,15.9
2025-12-22T23:00,14.6,89,15.0
2025-12-23T00:00,13.5,94,13.7
2025-12-23T01:00,12.9,96,13.0
2025-12-23T02:00,12.7,97,12.7
2025-12-23T03:00,12.4,98,12.2
2025-12-23T04:00,12.4,98,12.0
2025-12-23T05:00,11.7,98,10.9
2025-12-23T06:00,11.6,98,10.7
2025-12-23T07:00,11.7,97,10.8
2025-12-23T08:00,12.6,96,11.9
2025-12-23T09:00,14.1,93,14.0
2025-12-23T10:00,16.8,79,16.7
2025-12-23T11:00,19.0,69,18.9
2025-12-23T12:00,21.0,61,20.9
2025-12-23T13:00,22.4,57,22.2
2025-12-23T14:00,23.1,53,22.6
2025-12-23T15:00,22.9,54,22.4
2025-12-23T16:00,22.0,59,21.8
2025-12-23T17:00,20.5,65,20.5
2025-12-23T18:00,19.4,71,19.4
2025-12-23T19:00,18.3,76,18.3
2025-12-23T20:00,17.4,78,17.1
2025-12-23T21:00,16.6,80,16.2
2025-12-23T22:00,15.9,82,15.3
2025-12-23T23:00,15.2,84,14.4
2025-12-24T00:00,14.5,87,13.7
2025-12-24T01:00,14.1,88,13.3
2025-12-24T02:00,13.7,89,12.9
2025-12-24T03:00,13.4,90,12.5
2025-12-24T04:00,12.9,90,12.0
2025-12-24T05:00,12.5,91,11.4
2025-12-24T06:00,11.9,90,10.6
2025-12-24T07:00,11.6,90,10.2
2025-12-24T08:00,12.6,84,11.2
2025-12-24T09:00,14.6,75,13.3
2025-12-24T10:00,16.7,67,15.5
2025-12-24T11:00,18.9,60,17.6
2025-12-24T12:00,20.4,45,18.3
2025-12-24T13:00,21.0,41,18.6
2025-12-24T14:00,21.1,40,18.7
2025-12-24T15:00,20.8,42,18.3
2025-12-24T16:00,20.0,44,17.7
2025-12-24T17:00,18.6,50,17.0
2025-12-24T18:00,17.5,57,16.4
2025-12-24T19:00,16.3,64,15.5
2025-12-24T20:00,15.5,67,14.6
2025-12-24T21:00,14.7,68,13.6
2025-12-24T22:00,14.1,69,12.8
2025-12-24T23:00,13.0,74,11.8
2025-12-25T00:00,12.3,75,11.0
2025-12-25T01:00,11.9,75,10.4
2025-12-25T02:00,11.3,76,9.7
2025-12-25T03:00,10.8,77,9.0
2025-12-25T04:00,10.2,78,8.3
2025-12-25T05:00,9.8,82,7.8
2025-12-25T06:00,9.4,82,7.5
2025-12-25T07:00,9.3,81,7.2
2025-12-25T08:00,10.7,74,8.5
2025-12-25T09:00,13.1,64,11.6
2025-12-25T10:00,15.9,53,14.4
2025-12-25T11:00,18.5,46,16.9
2025-12-25T12:00,19.9,43,18.3
2025-12-25T13:00,20.7,40,18.8
2025-12-25T14:00,21.0,38,19.0
2025-12-25T15:00,20.8,39,18.9
2025-12-25T16:00,19.9,45,18.5
2025-12-25T17:00,17.9,54,16.8
2025-12-25T18:00,17.1,57,16.0
2025-12-25T19:00,16.0,65,15.2
2025-12-25T20:00,15.2,69,14.5
2025-12-25T21:00,14.6,73,14.1
2025-12-25T22:00,14.1,75,13.7
2025-12-25T23:00,13.2,79,12.8
2025-12-26T00:00,12.9,79,12.4
2025-12-26T01:00,12.6,79,12.2
2025-12-26T02:00,11.9,82,11.2
2025-12-26T03:00,11.3,83,10.5
2025-12-26T04:00,10.7,85,9.6
2025-12-26T05:00,10.4,87,9.3
2025-12-26T06:00,10.1,87,8.9
2025-12-26T07:00,9.9,86,8.8
2025-12-26T08:00,11.3,79,10.2
2025-12-26T09:00,13.7,68,12.8
2025-12-26T10:00,16.3,58,15.3
2025-12-26T11:00,18.3,52,17.0
2025-12-26T12:00,19.8,43,17.9
2025-12-26T13:00,20.7,39,18.7
2025-12-26T14:00,21.1,38,18.9
2025-12-26T15:00,20.8,40,18.7
2025-12-26T16:00,20.0,44,18.1
2025-12-26T17:00,18.6,51,17.3
2025-12-26T18:00,17.7,59,17.0
2025-12-26T19:00,16.7,65,16.1
2025-12-26T20:00,16.0,69,15.4
2025-12-26T21:00,15.2,73,14.6
2025-12-26T22:00,14.5,77,13.9
2025-12-26T23:00,13.9,81,13.4
2025-12-27T00:00,12.8,85,12.1
2025-12-27T01:00,12.2,87,11.6
2025-12-27T02:00,11.8,89,11.1
2025-12-27T03:00,11.2,92,10.4
2025-12-27T04:00,10.6,95,9.8
2025-12-27T05:00,10.1,98,9.3
2025-12-27T06:00,9.8,98,8.8
2025-12-27T07:00,9.7,98,8.8
2025-12-27T08:00,10.7,94,9.8
2025-12-27T09:00,12.5,86,11.9
2025-12-27T10:00,15.1,73,14.5
2025-12-27T11:00,17.3,65,16.8
2025-12-27T12:00,19.1,56,18.2
2025-12-27T13:00,20.0,52,19.1
2025-12-27T14:00,20.5,51,19.5
2025-12-27T15:00,20.5,50,19.3
2025-12-27T16:00,19.8,54,18.7
2025-12-27T17:00,18.2,66,18.1
2025-12-27T18:00,17.6,67,17.4
2025-12-27T19:00,16.9,71,16.8
2025-12-27T20:00,16.3,75,16.4
2025-12-27T21:00,15.5,77,15.5
2025-12-27T22:00,14.9,79,15.1
2025-12-27T23:00,13.8,85,13.9
2025-12-28T00:00,12.9,88,12.6
2025-12-28T01:00,12.1,91,11.6
2025-12-28T02:00,11.5,92,10.9
2025-12-28T03:00,10.9,94,10.2
2025-12-28T04:00,10.1,95,9.3
2025-12-28T05:00,9.6,97,8.7
2025-12-28T06:00,9.6,97,8.7
2025-12-28T07:00,9.4,99,8.4
2025-12-28T08:00,10.1,96,9.2
2025-12-28T09:00,11.9,89,11.4
2025-12-28T10:00,15.2,74,14.8
2025-12-28T11:00,17.7,64,17.0
2025-12-28T12:00,19.1,56,18.4
2025-12-28T13:00,20.1,52,19.2
2025-12-28T14:00,20.5,50,19.5
2025-12-28T15:00,20.4,50,19.6
2025-12-28T16:00,19.8,55,19.1
2025-12-28T17:00,18.0,64,17.7
2025-12-28T18:00,17.0,71,17.0
2025-12-28T19:00,16.7,73,16.9
2025-12-28T20:00,15.8,76,15.9
2025-12-28T21:00,14.9,81,15.0
2025-12-28T22:00,14.1,85,14.3
2025-12-28T23:00,13.3,89,13.6
2025-12-29T00:00,13.0,89,13.4
2025-12-29T01:00,12.7,91,13.0
2025-12-29T02:00,11.4,98,11.7
2025-12-29T03:00,11.1,99,11.0
2025-12-29T04:00,11.0,99,10.7
2025-12-29T05:00,10.6,98,10.1
2025-12-29T06:00,10.6,97,10.1
2025-12-29T07:00,10.7,95,10.2
2025-12-29T08:00,10.9,95,10.5
2025-12-29T09:00,11.6,96,11.4
2025-12-29T10:00,13.4,86,13.4
2025-12-29T11:00,15.3,77,15.1
2025-12-29T12:00,17.5,65,17.0
2025-12-29T13:00,18.9,53,17.9
2025-12-29T14:00,19.8,46,18.4
2025-12-29T15:00,19.9,44,18.4
2025-12-29T16:00,19.2,49,17.9
2025-12-29T17:00,16.8,66,16.3
2025-12-29T18:00,15.7,73,15.3
2025-12-29T19:00,15.0,78,14.8
2025-12-29T20:00,14.4,81,14.2
2025-12-29T21:00,13.7,84,13.6
2025-12-29T22:00,12.9,87,12.8
2025-12-29T23:00,12.0,92,11.8
2025-12-30T00:00,11.2,96,10.9
2025-12-30T01:00,10.7,98,10.4
2025-12-30T02:00,10.6,97,10.2
2025-12-30T03:00,10.4,99,9.9
2025-12-30T04:00,9.8,99,9.0
2025-12-30T05:00,9.8,99,9.1
2025-12-30T06:00,9.7,99,9.0
2025-12-30T07:00,9.7,99,8.9
2025-12-30T08:00,10.0,98,9.2
2025-12-30T09:00,10.9,97,10.3
2025-12-30T10:00,13.8,80,13.4
2025-12-30T11:00,16.7,67,16.0
2025-12-30T12:00,18.6,56,17.6
2025-12-30T13:00,19.9,47,18.5
2025-12-30T14:00,20.4,46,18.9
2025-12-30T15:00,20.4,45,18.8
2025-12-30T16:00,19.6,52,18.4
2025-12-30T17:00,17.9,62,17.3
2025-12-30T18:00,16.7,69,16.3
2025-12-30T19:00,15.9,72,15.5
2025-12-30T20:00,15.3,74,14.8
2025-12-30T21:00,14.8,76,14.4
2025-12-30T22:00,14.2,78,13.8
2025-12-30T23:00,13.4,80,13.1
2025-12-31T00:00,12.8,80,12.5
2025-12-31T01:00,12.2,82,11.8
2025-12-31T02:00,11.2,86,10.5
2025-12-31T03:00,10.3,90,9.5
2025-12-31T04:00,9.4,95,8.5
2025-12-31T05:00,9.1,99,8.1
2025-12-31T06:00,9.2,99,8.0
2025-12-31T07:00,9.2,98,8.0
2025-12-31T08:00,10.4,93,9.1
2025-12-31T09:00,11.6,91,10.8
2025-12-31T10:00,14.2,77,13.4
2025-12-31T11:00,16.2,71,15.4
2025-12-31T12:00,17.8,68,17.3
2025-12-31T13:00,18.9,64,18.5
2025-12-31T14:00,19.4,61,19.0
2025-12-31T15:00,19.3,61,18.5
2025-12-31T16:00,18.3,65,17.6
2025-12-31T17:00,14.7,80,13.7
2025-12-31T18:00,13.4,86,12.0
2025-12-31T19:00,12.4,89,11.1
2025-12-31T20:00,12.1,90,10.8
2025-12-31T21:00,11.8,91,10.6
2025-12-31T22:00,11.6,93,10.3
2025-12-31T23:00,11.4,96,10.3
2026-01-01T00:00,11.1,97,10.1
2026-01-01T01:00,10.9,97,9.8
2026-01-01T02:00,10.6,97,9.6
2026-01-01T03:00,10.5,98,9.7
2026-01-01T04:00,10.5,98,9.6
2026-01-01T05:00,10.7,99,9.8
2026-01-01T06:00,10.9,98,9.8
2026-01-01T07:00,11.0,98,9.8
2026-01-01T08:00,11.5,96,10.4
2026-01-01T09:00,12.2,94,11.6
2026-01-01T10:00,13.2,91,12.6
2026-01-01T11:00,14.0,88,13.6
2026-01-01T12:00,15.5,82,15.5
2026-01-01T13:00,16.6,78,16.9
2026-01-01T14:00,16.9,77,17.3
2026-01-01T15:00,16.9,77,17.4
2026-01-01T16:00,16.8,78,17.2
2026-01-01T17:00,15.5,81,15.6
2026-01-01T18:00,15.0,85,15.1
2026-01-01T19:00,14.4,88,14.9
2026-01-01T20:00,14.2,88,14.6
2026-01-01T21:00,14.1,89,14.4
2026-01-01T22:00,13.3,91,13.2
2026-01-01T23:00,13.2,93,13.1
2026-01-02T00:00,13.3,94,13.1
2026-01-02T01:00,13.4,92,13.0
2026-01-02T02:00,13.2,92,12.7
2026-01-02T03:00,13.1,92,12.4
2026-01-02T04:00,13.0,92,12.2
2026-01-02T05:00,12.4,93,11.4
2026-01-02T06:00,12.8,90,11.8
2026-01-02T07:00,12.7,89,11.7
2026-01-02T08:00,13.1,85,12.0
2026-01-02T09:00,14.1,78,12.8
2026-01-02T10:00,15.4,70,14.1
2026-01-02T11:00,15.9,67,14.5
2026-01-02T12:00,16.8,60,15.2
2026-01-02T13:00,17.3,56,15.4
2026-01-02T14:00,17.5,55,15.7
2026-01-02T15:00,17.4,55,15.7
2026-01-02T16:00,16.9,58,15.4
2026-01-02T17:00,15.0,67,13.5
2026-01-02T18:00,13.8,75,12.8
2026-01-02T19:00,13.1,80,12.3
2026-01-02T20:00,12.3,84,11.7
2026-01-02T21:00,12.0,84,11.5
2026-01-02T22:00,11.1,88,10.3
2026-01-02T23:00,11.2,90,10.6
2026-01-03T00:00,11.8,89,11.4
2026-01-03T01:00,12.0,88,11.6
2026-01-03T02:00,11.9,90,11.5
2026-01-03T03:00,11.8,90,11.4
2026-01-03T04:00,11.6,88,11.2
2026-01-03T05:00,10.7,94,10.0
2026-01-03T06:00,11.1,92,10.3
2026-01-03T07:00,11.3,91,10.6
2026-01-03T08:00,11.8,88,11.3
2026-01-03T09:00,13.0,83,12.4
2026-01-03T10:00,13.9,75,12.8
2026-01-03T11:00,14.8,70,13.7
2026-01-03T12:00,15.7,65,14.7
2026-01-03T13:00,16.6,59,15.4
2026-01-03T14:00,17.0,55,15.6
2026-01-03T15:00,17.1,54,15.6
2026-01-03T16:00,16.6,55,15.1
2026-01-03T17:00,14.3,70,13.4
2026-01-03T18:00,13.3,73,12.3
2026-01-03T19:00,12.6,76,11.7
2026-01-03T20:00,12.3,77,11.5
2026-01-03T21:00,12.3,76,11.6
2026-01-03T22:00,12.2,75,11.6
2026-01-03T23:00,11.3,81,10.6
2026-01-04T00:00,10.7,83,9.9
2026-01-04T01:00,9.9,87,9.0
2026-01-04T02:00,9.1,91,8.0
2026-01-04T03:00,8.5,93,7.3
2026-01-04T04:00,8.7,94,7.4
2026-01-04T05:00,8.7,96,7.5
2026-01-04T06:00,9.1,96,7.8
2026-01-04T07:00,9.3,94,8.0
2026-01-04T08:00,10.4,90,9.3
2026-01-04T09:00,11.9,83,10.9
2026-01-04T10:00,13.7,75,12.7
2026-01-04T11:00,15.1,68,13.5
2026-01-04T12:00,16.1,61,14.6
2026-01-04T13:00,16.5,58,14.9
2026-01-04T14:00,16.9,56,15.3
2026-01-04T15:00,17.1,55,15.6
2026-01-04T16:00,16.5,56,15.0
2026-01-04T17:00,14.8,68,13.9
2026-01-04T18:00,13.6,74,12.6
2026-01-04T19:00,12.8,79,11.9
2026-01-04T20:00,12.7,80,11.9
2026-01-04T21:00,12.8,81,12.1
2026-01-04T22:00,12.3,85,11.6
2026-01-04T23:00,11.4,89,10.6
2026-01-05T00:00,11.1,88,9.9
2026-01-05T01:00,10.4,86,8.9
2026-01-05T02:00,10.0,85,8.5
2026-01-05T03:00,9.5,85,7.9
2026-01-05T04:00,9.2,85,7.6
2026-01-05T05:00,8.6,89,7.0
2026-01-05T06:00,8.6,90,7.2
2026-01-05T07:00,8.5,90,7.2
2026-01-05T08:00,10.1,87,8.7
2026-01-05T09:00,12.0,80,11.0
2026-01-05T10:00,13.8,71,12.7
2026-01-05T11:00,14.6,68,13.4
2026-01-05T12:00,15.8,64,14.7
2026-01-05T13:00,16.6,61,15.8
2026-01-05T14:00,17.2,60,16.2
2026-01-05T15:00,17.2,61,16.1
2026-01-05T16:00,16.6,64,15.3
2026-01-05T17:00,15.0,74,14.3
2026-01-05T18:00,14.1,79,13.5
2026-01-05T19:00,13.2,84,12.6
2026-01-05T20:00,12.8,86,12.4
2026-01-05T21:00,12.2,88,11.5
2026-01-05T22:00,11.3,90,10.5
2026-01-05T23:00,11.0,91,10.1
2026-01-06T00:00,10.4,92,9.5
2026-01-06T01:00,9.9,93,8.9
2026-01-06T02:00,9.5,94,8.4
2026-01-06T03:00,9.0,95,7.9
2026-01-06T04:00,8.5,98,7.3
2026-01-06T05:00,8.7,99,7.5
2026-01-06T06:00,8.6,99,7.5
2026-01-06T07:00,9.0,98,8.0
2026-01-06T08:00,9.9,96,8.8
2026-01-06T09:00,11.4,92,10.7
2026-01-06T10:00,13.4,84,12.8
2026-01-06T11:00,14.2,75,13.0
2026-01-06T12:00,15.4,69,14.2
2026-01-06T13:00,16.4,64,15.2
2026-01-06T14:00,17.0,61,15.8
2026-01-06T15:00,17.1,63,15.9
2026-01-06T16:00,16.5,67,15.4
2026-01-06T17:00,14.6,73,13.6
2026-01-06T18:00,13.2,79,12.3
2026-01-06T19:00,12.5,82,11.5
2026-01-06T20:00,11.7,86,10.7
2026-01-06T21:00,10.9,89,9.9
2026-01-06T22:00,10.3,92,9.2
2026-01-06T23:00,9.6,96,8.6
2026-01-07T00:00,9.7,96,8.7
2026-01-07T01:00,9.5,97,8.4
2026-01-07T02:00,9.0,97,7.9
2026-01-07T03:00,7.9,99,6.5
2026-01-07T04:00,7.9,100,6.6
2026-01-07T05:00,8.5,99,7.1
2026-01-07T06:00,8.7,99,7.6
2026-01-07T07:00,8.9,99,7.5
2026-01-07T08:00,9.5,98,8.1
2026-01-07T09:00,9.9,98,8.4
2026-01-07T10:00,10.5,94,8.9
2026-01-07T11:00,11.6,84,10.3
2026-01-07T12:00,13.4,77,12.5
2026-01-07T13:00,14.5,73,13.7
2026-01-07T14:00,15.3,69,14.3
2026-01-07T15:00,15.4,69,14.6
2026-01-07T16:00,15.0,71,14.3
2026-01-07T17:00,12.7,82,12.0
2026-01-07T18:00,11.9,84,10.9
2026-01-07T19:00,11.2,87,10.0
2026-01-07T20:00,10.5,90,9.2
2026-01-07T21:00,10.1,91,8.7
2026-01-07T22:00,9.9,91,8.4
2026-01-07T23:00,9.3,96,7.9
2026-01-08T00:00,8.4,98,7.0
2026-01-08T01:00,8.8,98,7.2
2026-01-08T02:00,8.9,98,7.3
2026-01-08T03:00,9.1,98,7.5
2026-01-08T04:00,8.8,99,7.2
2026-01-08T05:00,7.5,100,6.1
2026-01-08T06:00,7.7,98,6.3
2026-01-08T07:00,7.7,96,6.2
2026-01-08T08:00,7.8,95,6.4
2026-01-08T09:00,8.1,95,7.0
2026-01-08T10:00,9.0,92,7.8
2026-01-08T11:00,10.2,82,9.0
2026-01-08T12:00,12.2,76,11.2
2026-01-08T13:00,13.4,73,12.4
2026-01-08T14:00,14.2,68,13.1
2026-01-08T15:00,14.4,67,13.5
2026-01-08T16:00,14.1,69,13.2
2026-01-08T17:00,13.3,73,12.6
2026-01-08T18:00,11.8,79,10.7
2026-01-08T19:00,10.8,85,9.7
2026-01-08T20:00,10.2,88,9.0
2026-01-08T21:00,9.6,90,8.4
2026-01-08T22:00,8.9,93,7.7
2026-01-08T23:00,8.6,97,7.6
2026-01-09T00:00,8.3,100,7.2
2026-01-09T01:00,8.4,100,7.3
2026-01-09T02:00,8.3,98,7.0
2026-01-09T03:00,7.9,96,6.4
2026-01-09T04:00,7.6,97,5.9
2026-01-09T05:00,7.5,97,6.1
2026-01-09T06:00,7.7,95,6.5
2026-01-09T07:00,7.8,95,6.8
2026-01-09T08:00,8.2,95,7.1
2026-01-09T09:00,9.3,96,8.5
2026-01-09T10:00,11.4,89,11.1
2026-01-09T11:00,13.4,78,12.9
2026-01-09T12:00,15.3,67,14.7
2026-01-09T13:00,16.5,59,16.1
2026-01-09T14:00,17.1,54,16.3
2026-01-09T15:00,17.3,52,16.3
2026-01-09T16:00,16.9,55,16.0
2026-01-09T17:00,15.0,65,14.1
2026-01-09T18:00,13.8,70,12.6
2026-01-09T19:00,12.9,78,11.8
2026-01-09T20:00,12.2,82,11.1
2026-01-09T21:00,11.2,87,10.1
2026-01-09T22:00,10.4,89,9.3
2026-01-09T23:00,10.0,91,8.9
2026-01-10T00:00,9.4,93,8.2
2026-01-10T01:00,8.8,95,7.6
2026-01-10T02:00,8.5,96,7.2
2026-01-10T03:00,8.2,97,6.8
2026-01-10T04:00,7.8,98,6.4
2026-01-10T05:00,7.2,98,5.7
2026-01-10T06:00,7.0,98,5.4
2026-01-10T07:00,6.6,98,4.9
2026-01-10T08:00,7.9,96,6.1
2026-01-10T09:00,9.5,92,8.2
2026-01-10T10:00,11.5,85,10.5
2026-01-10T11:00,13.4,75,12.2
2026-01-10T12:00,15.2,66,14.2
2026-01-10T13:00,16.5,58,15.2
2026-01-10T14:00,17.1,54,15.4
2026-01-10T15:00,17.0,54,15.3
2026-01-10T16:00,16.3,58,14.6
2026-01-10T17:00,14.9,66,13.4
2026-01-10T18:00,13.6,72,12.3
2026-01-10T19:00,12.9,73,11.4
2026-01-10T20:00,12.1,76,10.5
2026-01-10T21:00,11.0,80,9.4
2026-01-10T22:00,10.2,82,8.6
2026-01-10T23:00,9.6,86,8.1
2026-01-11T00:00,9.4,86,7.7
2026-01-11T01:00,8.8,88,6.9
2026-01-11T02:00,8.2,90,6.3
2026-01-11T03:00,7.7,92,5.7
2026-01-11T04:00,7.2,93,5.2
2026-01-11T05:00,6.6,95,4.5
2026-01-11T06:00,6.3,95,4.4
2026-01-11T07:00,6.0,96,3.9
2026-01-11T08:00,6.9,95,4.7
2026-01-11T09:00,8.6,88,6.6
2026-01-11T10:00,10.9,77,9.1
2026-01-11T11:00,12.6,69,10.7
2026-01-11T12:00,14.4,57,12.6
2026-01-11T13:00,15.8,48,13.6
2026-01-11T14:00,16.4,45,13.7
2026-01-11T15:00,16.3,46,13.6
2026-01-11T16:00,15.5,52,13.1
2026-01-11T17:00,13.7,61,11.7
2026-01-11T18:00,12.5,66,10.4
2026-01-11T19:00,11.6,69,9.3
2026-01-11T20:00,10.8,73,8.4
2026-01-11T21:00,10.1,75,7.8
2026-01-11T22:00,9.3,80,7.2
2026-01-11T23:00,8.7,83,6.4
2026-01-12T00:00,8.2,85,6.0
2026-01-12T01:00,7.7,86,5.5
2026-01-12T02:00,7.1,88,4.8
2026-01-12T03:00,6.6,89,4.3
2026-01-12T04:00,6.0,89,3.8
2026-01-12T05:00,5.4,92,3.1
2026-01-12T06:00,5.1,93,2.7
2026-01-12T07:00,4.9,93,2.4
2026-01-12T08:00,5.9,91,3.5
2026-01-12T09:00,8.1,85,6.3
2026-01-12T10:00,10.9,72,9.3
2026-01-12T11:00,13.2,62,11.7
2026-01-12T12:00,15.3,49,13.9
2026-01-12T13:00,16.5,41,14.7
2026-01-12T14:00,17.1,37,14.6
2026-01-12T15:00,17.2,37,14.8
2026-01-12T16:00,16.6,47,15.1
2026-01-12T17:00,14.9,53,13.4
2026-01-12T18:00,13.3,57,11.5
2026-01-12T19:00,12.3,60,10.5
2026-01-12T20:00,11.5,64,9.7
2026-01-12T21:00,10.6,70,8.6
2026-01-12T22:00,10.0,73,8.3
2026-01-12T23:00,9.4,76,7.8
