timestamp,load_MW,P10,P50,P90
2025-05-01 00:00:00,5705.53,5161.054841431033,5537.96517233921,6008.235257104101
2025-05-01 00:15:00,5630.183333333333,5094.670316570594,5467.018283539515,5931.462683979257
2025-05-01 00:30:00,5534.97,5010.118085671159,5376.866869960548,5833.836953491455
2025-05-01 00:45:00,5452.886666666666,4938.815774640192,5300.51864766002,5751.121883534939
2025-05-01 01:00:00,5374.31,4844.693438602255,5200.081849775044,5642.255432936394
2025-05-01 01:15:00,5293.573333333334,4764.59589522168,5114.631629280935,5549.8207805450775
2025-05-01 01:30:00,5212.766666666666,4694.546799032058,5039.628720694127,5468.652465496623
2025-05-01 01:45:00,5117.553333333333,4614.050608025559,4953.544696522464,5375.42028279032
2025-05-01 02:00:00,5031.446666666667,4533.848616700854,4867.667864394486,5282.354195450899
2025-05-01 02:15:00,4935.91,4465.614641554843,4794.388253921996,5202.959676361786
2025-05-01 02:30:00,4871.596666666667,4397.327979911692,4720.96048989175,5123.343064834289
2025-05-01 02:45:00,4811.926666666666,4331.9715115036215,4650.5234235062635,5046.904415569037
2025-05-01 03:00:00,4735.650000000001,4263.182564909638,4576.398185838051,4966.405656506844
2025-05-01 03:15:00,4677.403333333333,4201.115767444172,4509.137119760563,4893.199134574835
2025-05-01 03:30:00,4611.463333333333,4145.87506238656,4448.977236455343,4827.622755906413
2025-05-01 03:45:00,4547.98,4089.8255308879166,4387.904068496775,4760.992030163796
2025-05-01 04:00:00,4483.386666666666,4044.672197842251,4338.221260784785,4706.639272380614
2025-05-01 04:15:00,4437.616666666667,3996.551257952895,4285.249408056728,4648.577034075901
2025-05-01 04:30:00,4386.866666666667,3959.5209103379734,4243.886382690555,4603.030706466184
2025-05-01 04:45:00,4345.873333333333,3915.629140281121,4195.2798629747485,4549.5730942765
2025-05-01 05:00:00,4311.586666666667,3900.2769452997754,4176.628408111899,4528.513511730325
2025-05-01 05:15:00,4301.87,3884.84576574301,4159.090202218074,4509.415197750295
2025-05-01 05:30:00,4263.46,3856.369465375801,4127.835138808524,4475.395742524433
2025-05-01 05:45:00,4209.509999999999,3826.387472233639,4094.993936900996,4439.601931536311
2025-05-01 06:00:00,4215.35,3843.002931160754,4111.109842474875,4456.804265643917
2025-05-01 06:15:00,4248.650000000001,3881.1168160949105,4150.3090014551,4499.294348813888
2025-05-01 06:30:00,4260.163333333333,3884.0692273526665,4152.587910870755,4501.729867126519
2025-05-01 06:45:00,4215.586666666667,3793.305183629157,4056.4385305004616,4397.464183050744
2025-05-01 07:00:00,4195.929999999999,3774.3292988263142,4035.741551325118,4374.9160161569835
2025-05-01 07:15:00,4198.506666666667,3749.732653494264,4010.1543073453226,4347.681614657201
2025-05-01 07:30:00,4144.376666666667,3727.762084610716,3987.3749767854647,4323.454583889925
2025-05-01 07:45:00,4137.33,3715.3780435528665,3974.7229945618396,4310.16982476037
2025-05-01 08:00:00,4139.94,3750.3580767747085,4011.892872508614,4350.843722903498
2025-05-01 08:15:00,4184.09,3761.446880745398,4024.6409744910056,4365.437623133358
2025-05-01 08:30:00,4212.383333333333,3795.949359546742,4062.0622801620666,4406.747180435862
2025-05-01 08:45:00,4258.006666666667,3843.8975065749582,4113.6906726555435,4463.435471114079
2025-05-01 09:00:00,4352.6033333333335,3945.576297710457,4221.8536380378655,4581.372324625091
2025-05-01 09:15:00,4487.556666666667,4085.7649402263314,4370.444339393638,4743.0272578946615
2025-05-01 09:30:00,4644.43,4237.174083416893,4530.919981470256,4917.557212008225
2025-05-01 09:45:00,4761.836666666666,4337.574540262245,4637.909222359921,5034.1306091609595
2025-05-01 10:00:00,4865.94,4430.7259127016605,4737.388245103286,5142.571068955262
2025-05-01 10:15:00,4940.443333333334,4499.264027670068,4810.631922422086,5222.266643405667
2025-05-01 10:30:00,5027.96,4587.848074587909,4905.047041808603,5324.9168548589805
2025-05-01 10:45:00,5116.926666666666,4695.7716436163555,5019.894017765213,5449.724407019395
2025-05-01 11:00:00,5162.72,4765.928702855755,5095.181386931009,5531.687113458887
2025-05-01 11:15:00,5208.12,4818.915158666499,5151.818339457771,5592.977272908184
2025-05-01 11:30:00,5205.963333333333,4850.353547359436,5185.936792249403,5629.895960104066
2025-05-01 11:45:00,5221.82,4891.639978732149,5230.52089242144,5678.188216651073
2025-05-01 12:00:00,5276.986666666667,4917.205579626515,5258.70893943355,5708.75050708372
2025-05-01 12:15:00,5295.623333333333,4926.804485808309,5269.877314448996,5720.6661637708485
2025-05-01 12:30:00,5307.513333333333,4948.377847065044,5293.743810463406,5746.384695776169
2025-05-01 12:45:00,5341.296666666666,4960.815282873207,5308.1291278226545,5761.8758622045325
2025-05-01 13:00:00,5258.599999999999,4839.835920724506,5182.4663078420235,5625.661307396384
2025-05-01 13:15:00,5287.079999999999,4822.67384649474,5165.49589407714,5606.9509723361725
2025-05-01 13:30:00,5345.006666666667,4895.65788611269,5243.3389231349065,5691.0339301295935
2025-05-01 13:45:00,5464.813333333333,5016.30805862715,5371.364032919469,5829.550218310421
2025-05-01 14:00:00,5588.606666666667,5108.864419681488,5469.9766915459595,5936.253848614666
2025-05-01 14:15:00,5686.55,5217.894961962922,5585.142792239833,6060.384653462423
2025-05-01 14:30:00,5836.373333333333,5325.637539666057,5700.133277418967,6184.891982570402
2025-05-01 14:45:00,5923.110000000001,5416.6046718966545,5798.29561426499,6291.55695046943
2025-05-01 15:00:00,5981.543333333334,5461.053338717602,5846.981369486216,6344.186679493731
2025-05-01 15:15:00,6033.076666666667,5497.701530703847,5886.638619431075,6386.500079481509
2025-05-01 15:30:00,6045.686666666666,5510.476488685678,5900.949640027079,6401.256674602034
2025-05-01 15:45:00,5973.03,5477.31782508275,5866.7479134396535,6363.360883234464
2025-05-01 16:00:00,5906.759999999999,5434.490069789091,5822.834757890928,6315.022016739603
2025-05-01 16:15:00,5842.046666666666,5381.628926016849,5769.0387237205,6256.445423644191
2025-05-01 16:30:00,5824.389999999999,5352.9556497944795,5740.696126529896,6225.513264285146
2025-05-01 16:45:00,5774.543333333334,5299.032866202839,5685.862450953955,6165.9379025003545
2025-05-01 17:00:00,5687.81,5243.915526273023,5629.801390755975,6105.093573294229
2025-05-01 17:15:00,5656.23,5200.548218704002,5585.932884914631,6057.8964435762955
2025-05-01 17:30:00,5596.346666666667,5125.96835241305,5509.285731225444,5975.238333475163
2025-05-01 17:45:00,5478.106666666667,5060.50035527457,5442.21548776682,5903.013309269299
2025-05-01 18:00:00,5418.486666666667,5016.0734174177705,5397.2466920997085,5854.790566945738
2025-05-01 18:15:00,5330.626666666667,4945.245195509776,5323.435818662362,5774.632646820333
2025-05-01 18:30:00,5296.599999999999,4906.911500890269,5283.74339809817,5731.493289242306
2025-05-01 18:45:00,5285.123333333333,4893.868775784651,5270.593945717692,5717.160830334815
2025-05-01 19:00:00,5240.173333333333,4903.845422020602,5281.593428642297,5729.03798850742
2025-05-01 19:15:00,5286.973333333333,4924.417567218485,5303.682351870078,5752.970300965637
2025-05-01 19:30:00,5277.263333333333,4929.160491854426,5309.092619595898,5758.865028282517
2025-05-01 19:45:00,5277.813333333333,4878.223105819611,5255.951090389351,5701.3451763716885
2025-05-01 20:00:00,5223.856666666667,4848.07720375915,5224.5894469204795,5667.453690772139
2025-05-01 20:15:00,5223.133333333333,4835.162905042633,5211.504503623642,5653.553556945118
2025-05-01 20:30:00,5234.323333333334,4817.256281048992,5193.099155203724,5633.908288756612
2025-05-01 20:45:00,5263.403333333333,4826.719872237753,5203.36639973734,5645.348331942371
2025-05-01 21:00:00,5260.78,4767.1031402861645,5140.973257933417,5578.066022341099
2025-05-01 21:15:00,5327.96,4821.441459685089,5198.083226987408,5640.202408390351
2025-05-01 21:30:00,5425.67,4923.755442827645,5305.497588545793,5756.851589387312
2025-05-01 21:45:00,5551.360000000001,5002.059983730925,5387.58703906647,5846.058080962085
2025-05-01 22:00:00,5631.586666666667,5083.074936639566,5472.418543898963,5938.23076940333
2025-05-01 22:15:00,5719.87,5182.047548098305,5575.520367879092,6049.865963100383
2025-05-01 22:30:00,5809.433333333333,5242.621543543439,5638.170088686859,6117.6541646030655
2025-05-01 22:45:00,5878.323333333334,5327.077759898648,5725.795141138524,6212.487856114021
2025-05-01 23:00:00,5933.68,5356.722675854353,5755.720926539217,6244.777531065917
2025-05-01 23:15:00,5931.823333333334,5370.359009680029,5769.075449065057,6259.329519831196
2025-05-01 23:30:00,5921.173333333333,5366.969248250632,5764.42386198243,6254.340869755432
2025-05-01 23:45:00,5898.525,5335.722225497953,5730.386798669803,6217.477289802465
2025-05-02 00:00:00,5811.936666666666,5210.724634881047,5597.739126564311,6073.723466217856
2025-05-02 00:15:00,5722.78,5142.059607941758,5524.6396495275285,5994.781254243796
2025-05-02 00:30:00,5635.723333333332,5057.725554600669,5434.960669486238,5897.8303354682
2025-05-02 00:45:00,5528.073333333334,4982.789395371571,5355.038082831738,5811.405002537836
2025-05-02 01:00:00,5435.2,4906.95996240778,5274.062366466995,5723.789295986186
2025-05-02 01:15:00,5304.08,4829.262274430659,5191.011734536202,5633.873373268355
2025-05-02 01:30:00,5139.286666666667,4755.480152576891,5111.965433145732,5548.242229819193
2025-05-02 01:45:00,4959.266666666666,4671.204185105008,5021.78890148223,5450.49399846704
2025-05-02 02:00:00,4837.973333333332,4592.168568957938,4937.015808540435,5358.542469786699
2025-05-02 02:15:00,4818.233333333334,4508.249493507696,4847.136391181901,5261.079102175659
2025-05-02 02:30:00,4792.303333333333,4446.073218991085,4780.006365131192,5188.205220824072
2025-05-02 02:45:00,4735.633333333334,4389.7377364368,4718.924805685653,5121.822673349302
2025-05-02 03:00:00,4668.54,4320.076199941994,4643.761244792235,5040.117352913108
2025-05-02 03:15:00,4612.97,4263.906652031614,4582.695614201107,4973.6241505111875
2025-05-02 03:30:00,4567.816666666667,4204.056975674701,4517.6937136001,4902.801004388178
2025-05-02 03:45:00,4511.256666666667,4145.553057033305,4454.042055947406,4833.376249838415
2025-05-02 04:00:00,4458.900000000001,4089.679205481155,4393.096662148997,4766.819452597518
2025-05-02 04:15:00,4392.136666666666,4045.743381975515,4344.643152260362,4713.734694384729
2025-05-02 04:30:00,4331.806666666666,4001.396962928021,4295.71574091796,4660.073107944311
2025-05-02 04:45:00,4156.0199999999995,3962.125755066845,4252.0850275439425,4612.088679283624
2025-05-02 05:00:00,3911.4833333333336,3932.8386800615604,4218.915707588652,4575.379108950939
2025-05-02 05:15:00,3275.846666666667,3923.8440717398007,4209.47726168426,4565.953501641966
2025-05-02 05:30:00,2951.89,3891.4751667735177,4175.470502528795,4529.848210870335
2025-05-02 05:45:00,2893.27,3847.4183252247967,4129.180510572932,4480.377286813862
2025-05-02 06:00:00,2943.433333333333,3855.088177657519,4137.236220741441,4489.741541725069
2025-05-02 06:15:00,3013.976666666667,3889.7253258206483,4173.026070907857,4528.700214656203
2025-05-02 06:30:00,3044.7599999999998,3899.5098509964787,4182.725774388386,4539.339727178708
2025-05-02 06:45:00,3036.596666666667,3852.158972827328,4132.427907915798,4484.921228106599
2025-05-02 07:00:00,3098.58,3835.0757260843843,4113.962489463598,4464.954047707448
2025-05-02 07:15:00,3129.3199999999997,3833.9345886414685,4113.016747351671,4464.420961410526
2025-05-02 07:30:00,3167.61,3792.4250504991287,4069.710487690023,4417.951130385674
2025-05-02 07:45:00,3176.623333333333,3774.614031106575,4051.357119787453,4398.488399762219
2025-05-02 08:00:00,3181.6733333333336,3780.9194316348103,4058.4024735320772,4406.519627812798
2025-05-02 08:15:00,3204.41,3812.886457106679,4092.9628621470165,4444.667687003852
2025-05-02 08:30:00,3258.91,3835.6842732574733,4117.966063683547,4472.439652192887
2025-05-02 08:45:00,3291.48,3879.9553595545754,4165.60985809264,4524.728823912302
2025-05-02 09:00:00,3347.9233333333336,3968.46126876154,4259.812261669001,4627.456691711647
2025-05-02 09:15:00,3411.3366666666666,4103.33750673147,4402.821944393222,4783.064082163693
2025-05-02 09:30:00,3538.213333333333,4248.375492419404,4556.604280563033,4950.341228728222
2025-05-02 09:45:00,3670.6766666666667,4356.432676403342,4671.637399972788,5075.630902062909
2025-05-02 10:00:00,3760.59,4457.784454132984,4779.731469690686,5193.40655116458
2025-05-02 10:15:00,3902.6299999999997,4530.166180637863,4856.769881082927,5277.0511792831785
2025-05-02 10:30:00,3948.7999999999997,4608.575731174243,4940.252821185202,5367.6924903141735
2025-05-02 10:45:00,4213.650000000001,4684.901212094339,5021.66077306658,5456.102922526994
2025-05-02 11:00:00,4437.599999999999,4731.802740238294,5072.273504551504,5511.165521211182
2025-05-02 11:15:00,4376.386666666666,4774.881466735907,5118.258533554998,5560.750462921598
2025-05-02 11:30:00,4402.326666666667,4783.224257264394,5127.870368375094,5570.951107044893
2025-05-02 11:45:00,4397.743333333333,4803.701610663413,5150.349985367035,5595.128252701366
2025-05-02 12:00:00,4443.92,4851.94811369887,5202.1225375295235,5651.083619092374
2025-05-02 12:15:00,4431.723333333333,4863.130001228953,5214.589098847595,5664.161648751518
2025-05-02 12:30:00,4403.883333333333,4881.075197547306,5234.279140770413,5685.110281435869
2025-05-02 12:45:00,4404.12,4900.532509349652,5255.674447826418,5707.953080874915
2025-05-02 13:00:00,4281.373333333333,4811.2250897892,5162.920180383124,5607.153614520035
2025-05-02 13:15:00,4209.8533333333335,4827.970413411398,5182.033150085185,5628.097403607969
2025-05-02 13:30:00,4212.943333333334,4890.6256209599105,5247.927480879099,5699.72487275797
2025-05-02 13:45:00,4292.856666666667,5010.250309470601,5373.777650862902,5836.376431204435
2025-05-02 14:00:00,4341.453333333334,5121.6223777169635,5491.059802144448,5963.802175880323
2025-05-02 14:15:00,4419.526666666667,5217.487515248579,5591.30029970271,6071.026737194606
2025-05-02 14:30:00,4493.6866666666665,5345.472808336065,5725.377865270866,6214.9784030383435
2025-05-02 14:45:00,4563.2733333333335,5414.031850503687,5797.112033711182,6291.438042260602
2025-05-02 15:00:00,4580.94,5461.793399792587,5847.369449773057,6344.824483346726
2025-05-02 15:15:00,4561.363333333334,5515.803677088253,5906.721347830261,6409.644720368782
2025-05-02 15:30:00,4595.343333333333,5526.4715872822,5919.914852219027,6424.189228286053
2025-05-02 15:45:00,4606.956666666666,5473.354683383532,5865.936904964296,6365.907244805302
2025-05-02 16:00:00,4596.823333333333,5415.957543758306,5807.51908681719,6302.878782641047
2025-05-02 16:15:00,4577.166666666667,5360.79199361949,5749.914511654119,6239.736835507157
2025-05-02 16:30:00,4565.740000000001,5339.130000914884,5727.550097798925,6214.844130716188
2025-05-02 16:45:00,4581.41,5290.825502009966,5677.231171747484,6159.722459463128
2025-05-02 17:00:00,4560.29,5213.783709233126,5596.749464680458,6071.977679155377
2025-05-02 17:15:00,4555.453333333334,5183.648387589039,5566.90361314994,6040.056818042539
2025-05-02 17:30:00,4541.963333333333,5124.6980999451,5506.797937316935,5975.4043516383945
2025-05-02 17:45:00,4508.24,5026.304419809782,5405.2587831888195,5865.910561722662
2025-05-02 18:00:00,4483.153333333333,4972.3736331212785,5350.427202332721,5807.082035349162
2025-05-02 18:15:00,4478.0199999999995,4893.712174555852,5268.143791761519,5717.580461453038
2025-05-02 18:30:00,4448.123333333334,4861.920729226515,5235.081195756242,5681.4622367162665
2025-05-02 18:45:00,4445.303333333333,4846.480669604968,5219.169966947092,5663.974254228126
2025-05-02 19:00:00,4509.259999999999,4819.863900772967,5191.4825173227955,5633.767704879759
2025-05-02 19:15:00,4512.416666666667,4857.43530618228,5231.18701972911,5676.625217488628
2025-05-02 19:30:00,4470.88,4842.410316789172,5215.586613174985,5659.590075641361
2025-05-02 19:45:00,4446.3966666666665,4835.5325672629515,5208.489308402643,5651.800454428115
2025-05-02 20:00:00,4365.926666666666,4780.989828096143,5151.254012747121,5589.709619475762
2025-05-02 20:15:00,4337.473333333333,4776.337330723258,5146.605392735961,5584.788124658877
2025-05-02 20:30:00,4270.046666666666,4779.309110848052,5149.890910726983,5588.484002106739
2025-05-02 20:45:00,4218.906666666667,4803.446136603242,5175.3303067697525,5616.201568660894
2025-05-02 21:00:00,4158.59,4791.23163652823,5162.492998289213,5602.454638336292
2025-05-02 21:15:00,4176.05,4843.748469768493,5216.594871706219,5660.598487405331
2025-05-02 21:30:00,4193.883333333333,4926.74387417845,5302.619329764801,5753.336765716312
2025-05-02 21:45:00,4222.883333333334,5030.441206614053,5410.2910131003355,5869.5309493504565
2025-05-02 22:00:00,4228.400000000001,5103.9386654584205,5486.1304039531615,5951.226871043172
2025-05-02 22:15:00,4226.906666666667,5189.00321436522,5574.620924227057,6047.0293842535875
2025-05-02 22:30:00,4242.53,5266.8224595722,5655.387876016434,6134.449258275135
2025-05-02 22:45:00,4283.889999999999,5332.380812419644,5723.159521706396,6207.769972426295
2025-05-02 23:00:00,4300.53,5382.131446205014,5774.207641605077,6262.947623698597
2025-05-02 23:15:00,4308.033333333334,5385.983240559597,5777.89094387515,6267.427180247115
2025-05-02 23:30:00,4274.343333333333,5380.029535512203,5771.153831420966,6260.585890369114
2025-05-02 23:45:00,4264.5,5357.749378966926,5747.145091355776,6234.996130682372
2025-05-03 00:00:00,4186.473333333333,5269.818109537828,5570.193247146328,6091.850267172296
2025-05-03 00:15:00,4143.933333333333,5193.654156688334,5489.337283882346,6004.584638221202
2025-05-03 00:30:00,4086.2033333333334,5115.067616294818,5405.818043576618,5914.3898028114645
2025-05-03 00:45:00,4013.5266666666666,5024.258490176652,5309.341508393204,5810.108199948796
2025-05-03 01:00:00,3940.73,4942.622270884583,5222.38700598434,5716.095376739756
2025-05-03 01:15:00,3871.0166666666664,4831.286286289876,5104.240429554435,5588.3126833944125
2025-05-03 01:30:00,3831.933333333333,4702.3266982878395,4967.46991704486,5440.294978163994
2025-05-03 01:45:00,3776.7766666666666,4559.769564491973,4816.308539956712,5276.626990308103
2025-05-03 02:00:00,3724.7533333333336,4457.504080458723,4707.374218457099,5158.657453245663
2025-05-03 02:15:00,3680.7000000000003,4423.732796969145,4670.056631870519,5118.06818080803
2025-05-03 02:30:00,3646.64,4389.9365865901245,4632.620054958466,5077.28841695462
2025-05-03 02:45:00,3606.5933333333337,4335.36292463292,4573.267787958704,5012.698272161999
2025-05-03 03:00:00,3568.0033333333336,4270.707493245156,4503.241846595258,4936.478587729428
2025-05-03 03:15:00,3524.8733333333334,4214.788897434726,4442.561469208266,4870.484285757154
2025-05-03 03:30:00,3491.7899999999995,4172.886679093661,4396.536126064643,4820.305414219962
2025-05-03 03:45:00,3451.806666666667,4120.506972785197,4339.439954794817,4758.065570630529
2025-05-03 04:00:00,3435.6566666666663,4068.9978721813354,4283.201621363472,4696.6907461385745
2025-05-03 04:15:00,3412.7233333333334,4011.054358664187,4220.032142790014,4627.65989338675
2025-05-03 04:30:00,3401.4966666666664,3959.9750966586753,4164.031451981219,4566.333763382275
2025-05-03 04:45:00,3395.2100000000005,3828.5859376478716,4023.6249759144102,4413.483967443513
2025-05-03 05:00:00,3402.85,3702.024088290512,3888.2623227248605,4266.038597931438
2025-05-03 05:15:00,3423.8266666666664,3390.28970801323,3554.695900631718,3901.31858783612
2025-05-03 05:30:00,3439.273333333333,3220.7779754718968,3370.531280688627,3698.4313847956337
2025-05-03 05:45:00,3438.3333333333335,3174.9654649477807,3316.316243251782,3636.3007790899023
2025-05-03 06:00:00,3478.78,3201.133292357329,3337.7246482312175,3656.0617250269124
2025-05-03 06:15:00,3527.306666666667,3253.875637567976,3391.3190379345974,3713.498806390106
2025-05-03 06:30:00,3565.783333333333,3274.755656052617,3411.4591416383314,3734.637010602208
2025-05-03 06:45:00,3576.133333333333,3256.5720498423366,3390.58722750174,3711.2897808970733
2025-05-03 07:00:00,3613.813333333333,3291.9449503976875,3426.0142051687817,3748.905493663336
2025-05-03 07:15:00,3626.7766666666666,3310.8187731819817,3443.7848215447057,3767.1058638697014
2025-05-03 07:30:00,3594.9566666666665,3298.3937921016445,3428.7231083087568,3749.694150190842
2025-05-03 07:45:00,3586.91,3298.1899997464184,3426.556622142724,3746.223957258287
2025-05-03 08:00:00,3583.193333333333,3301.1001848095593,3427.7244568614115,3746.3389319414878
2025-05-03 08:15:00,3610.6,3318.4460490358497,3443.8840844518822,3762.5120019942387
2025-05-03 08:30:00,3623.33,3383.9216697260917,3510.682730439107,3833.537058095736
2025-05-03 08:45:00,3615.75,3407.3941135037794,3533.4359271053177,3856.8189105549804
2025-05-03 09:00:00,3701.123333333333,3457.920012816382,3584.6976144649843,3910.98050909985
2025-05-03 09:15:00,3810.103333333333,3533.476347866763,3664.1718480771838,3996.9270100158524
2025-05-03 09:30:00,3973.6866666666665,3654.5105978518477,3791.5206134890736,4134.74653687193
2025-05-03 09:45:00,4097.3,3769.1207877219745,3912.221961364407,4265.363818453904
2025-05-03 10:00:00,4216.116666666666,3854.690176512229,4002.5195076475848,4363.040876539264
2025-05-03 10:15:00,4275.823333333334,3973.4969967568522,4128.208818716282,4499.321749213337
2025-05-03 10:30:00,4238.446666666667,4021.390736766403,4179.511348204838,4555.011206237825
2025-05-03 10:45:00,4233.743333333333,4218.131716429064,4387.301823042761,4780.287187922718
2025-05-03 11:00:00,4274.373333333333,4381.262997115926,4559.8996850557705,4967.450360229187
2025-05-03 11:15:00,4354.746666666667,4352.588023739958,4531.475788263396,4937.05799036624
2025-05-03 11:30:00,4360.39,4379.542561402912,4561.613342990652,4970.151671979342
2025-05-03 11:45:00,4303.383333333334,4384.606401230561,4568.872980875238,4978.4881293303715
2025-05-03 12:00:00,4318.25,4425.945750788831,4614.362025872924,5028.286289998253
2025-05-03 12:15:00,4350.193333333334,4423.439795196657,4613.178310428633,5027.061660163131
2025-05-03 12:30:00,4360.363333333334,4408.906706263538,4599.477521813247,5012.316942498652
2025-05-03 12:45:00,4411.383333333334,4410.726910584326,4603.073598882496,5016.361313135191
2025-05-03 13:00:00,4340.27,4304.230499966543,4492.990876238343,4897.27354540491
2025-05-03 13:15:00,4276.62,4256.206799736229,4444.571259378378,4845.136677332316
2025-05-03 13:30:00,4327.03,4273.995007503097,4465.400455414769,4868.091493446534
2025-05-03 13:45:00,4381.776666666667,4351.784680868598,4549.370783214361,4959.52195393975
2025-05-03 14:00:00,4424.356666666667,4404.381228483819,4609.509569200134,5025.288695503845
2025-05-03 14:15:00,4499.346666666667,4474.488446594913,4687.412307181964,5109.875752986448
2025-05-03 14:30:00,4542.78,4543.751168646178,4764.520651420599,5193.663566922669
2025-05-03 14:45:00,4559.316666666667,4603.938804593126,4830.6235869395205,5265.526277508343
2025-05-03 15:00:00,4580.633333333333,4625.744835490332,4855.5118975102905,5292.753777843881
2025-05-03 15:15:00,4602.509999999999,4617.34580534067,4848.257684584767,5284.890423543098
2025-05-03 15:30:00,4601.68,4641.96489322441,4874.464687479871,5312.746055339541
2025-05-03 15:45:00,4594.416666666667,4633.9880533402,4867.085477750661,5304.549530188064
2025-05-03 16:00:00,4591.933333333333,4609.551569083682,4845.317087974509,5281.23852051085
2025-05-03 16:15:00,4570.873333333333,4576.266836756118,4814.059600393709,5247.546377604341
2025-05-03 16:30:00,4560.61,4552.510670032943,4792.855021354865,5224.810790953551
2025-05-03 16:45:00,4553.46,4546.630132529801,4790.465060948213,5222.524857622458
2025-05-03 17:00:00,4538.84,4508.55179314206,4752.133058907057,5181.267562211941
2025-05-03 17:15:00,4521.506666666667,4497.6821549592,4743.013480668532,5172.131282724464
2025-05-03 17:30:00,4493.016666666666,4474.440889417351,4720.908850507127,5148.982189715712
2025-05-03 17:45:00,4457.55,4433.757360017679,4680.484326070257,5106.037450024881
2025-05-03 18:00:00,4455.906666666667,4375.134060744771,4623.548076599398,5045.347802701616
2025-05-03 18:15:00,4471.2733333333335,4356.6418318316855,4607.666216458565,5028.462176007592
2025-05-03 18:30:00,4542.490000000001,4349.953068919933,4604.165534186416,5025.040791403617
2025-05-03 18:45:00,4563.06,4341.148020141503,4598.414756317589,5019.226394207513
2025-05-03 19:00:00,4562.14,4385.155768066545,4648.112800764419,5073.537897009836
2025-05-03 19:15:00,4576.783333333333,4392.272227424294,4659.3772331762275,5086.486139447121
2025-05-03 19:30:00,4568.663333333334,4359.410770835274,4628.593270695035,5053.906369750148
2025-05-03 19:45:00,4546.173333333333,4338.001020462232,4609.783961926978,5034.333863898271
2025-05-03 20:00:00,4487.753333333333,4269.6191926309875,4541.174832928063,4960.810965435313
2025-05-03 20:15:00,4469.743333333333,4246.789110452422,4520.351289477355,4939.092101131404
2025-05-03 20:30:00,4440.656666666667,4200.661718125897,4474.976790833279,4890.790047151669
2025-05-03 20:45:00,4428.656666666667,4165.878636905804,4441.438654305662,4855.329712543592
2025-05-03 21:00:00,4386.356666666667,4118.726000518469,4396.37750827533,4807.457420720071
2025-05-03 21:15:00,4396.8966666666665,4143.202953511927,4426.232273027871,4840.6080823458215
2025-05-03 21:30:00,4445.856666666667,4171.662443094245,4460.173854008837,4878.190578810836
2025-05-03 21:45:00,4512.123333333333,4210.478500312332,4504.894201626857,4927.4520141840085
2025-05-03 22:00:00,4556.706666666666,4228.923694681731,4527.133813186598,4952.30940804167
2025-05-03 22:15:00,4595.336666666667,4243.493040529816,4545.071093197303,4972.414111242239
2025-05-03 22:30:00,4622.043333333334,4272.500203325847,4578.064301141496,5008.819837689821
2025-05-03 22:45:00,4646.643333333333,4313.910050230496,4623.972857681152,5059.202962336821
2025-05-03 23:00:00,4688.066666666667,4336.956283773153,4648.880518327614,5086.730200093059
2025-05-03 23:15:00,4683.82,4344.728448136691,4657.223601076059,5096.04668714555
2025-05-03 23:30:00,4679.95,4321.160078317688,4631.723583001393,5068.5385528011275
2025-05-03 23:45:00,4637.115,4308.470401507344,4616.001955338927,5051.046017214133
2025-05-04 00:00:00,4612.3533333333335,4175.121503806723,4473.354639531372,4895.959918209041
2025-05-04 00:15:00,4546.293333333334,4124.821100182204,4417.994937672494,4835.516746814326
2025-05-04 00:30:00,4498.54,4065.4338507234966,4352.60326685279,4763.988545109108
2025-05-04 00:45:00,4426.12,3992.09647664503,4272.703084836978,4676.815516762647
2025-05-04 01:00:00,4362.423333333333,3920.131078348779,4193.4470927089615,4589.9734051137775
2025-05-04 01:15:00,4291.363333333334,3846.0178906398246,4111.221653381957,4499.581874392621
2025-05-04 01:30:00,4239.606666666667,3778.2535326245243,4035.2851397939926,4415.824124600781
2025-05-04 01:45:00,4186.433333333333,3704.7174054960774,3954.2271491337556,4326.948461361241
2025-05-04 02:00:00,4127.1033333333335,3647.972098735412,3892.5192047464,4259.8260443152485
2025-05-04 02:15:00,4070.92,3608.02584184808,3848.494948415305,4211.916837388342
2025-05-04 02:30:00,4005.58,3574.077789815277,3810.1308635595997,4169.823873959207
2025-05-04 02:45:00,3956.853333333334,3531.945265703532,3762.8948212611995,4117.967963990762
2025-05-04 03:00:00,3895.35,3490.3441092742482,3716.340500704285,4066.882905117102
2025-05-04 03:15:00,3841.6666666666665,3447.779685943439,3669.4606170155826,4015.7112701260708
2025-05-04 03:30:00,3800.2333333333336,3414.6057245970737,3632.483250539613,3975.255263274781
2025-05-04 03:45:00,3760.44,3374.594069318029,3588.25889091595,3926.8817584010553
2025-05-04 04:00:00,3727.116666666667,3351.199476736801,3561.4350230457735,3897.298747250701
2025-05-04 04:15:00,3690.396666666666,3323.2389220044843,3530.37260875362,3863.466044815631
2025-05-04 04:30:00,3671.98,3304.516976952309,3508.9733963961717,3840.040990434894
2025-05-04 04:45:00,3644.3266666666664,3280.753896626388,3482.243017056583,3810.776832629557
2025-05-04 05:00:00,3636.876666666667,3259.2002926153186,3457.8062602827704,3783.9370083254953
2025-05-04 05:15:00,3624.816666666667,3212.303316612013,3407.4544594034646,3729.4450576240497
2025-05-04 05:30:00,3602.0499999999997,3192.1336698822333,3385.169287755605,3705.3081852795053
2025-05-04 05:45:00,3571.443333333333,3169.885881158485,3360.696583320362,3678.7452915977387
2025-05-04 06:00:00,3572.876666666667,3186.032792043991,3376.5634735409385,3695.840681729764
2025-05-04 06:15:00,3560.16,3222.0511715009334,3413.6827828998203,3736.158501538167
2025-05-04 06:30:00,3575.8266666666664,3251.7885689078366,3444.22263478952,3769.2987725732114
2025-05-04 06:45:00,3582.0533333333333,3244.1564422119936,3435.5302291878816,3759.882142388364
2025-05-04 07:00:00,3576.0733333333337,3267.5877908440616,3459.5063562091495,3785.822804815393
2025-05-04 07:15:00,3576.593333333333,3267.793560934359,3460.9485226513484,3788.5287827795223
2025-05-04 07:30:00,3589.5333333333333,3249.3700912997265,3442.8685418869823,3770.0454737202977
2025-05-04 07:45:00,3577.1133333333332,3246.0398663728206,3440.701065549934,3768.773180676231
2025-05-04 08:00:00,3595.1766666666667,3238.6542322720043,3434.3360137967416,3762.9245585062426
2025-05-04 08:15:00,3579.86,3250.133984264376,3447.251607379252,3777.537064288077
2025-05-04 08:30:00,3602.84,3258.4382352960743,3454.9578972919985,3786.4067162607803
2025-05-04 08:45:00,3593.4533333333334,3227.592200826547,3419.861882275647,3748.809945640413
2025-05-04 09:00:00,3635.9300000000003,3292.131312279511,3485.0611418620465,3819.880450244107
2025-05-04 09:15:00,3731.1333333333337,3391.9663354620407,3587.2134713764435,3931.206264285796
2025-05-04 09:30:00,3835.316666666667,3534.010009390288,3733.805762865812,4090.6834345427274
2025-05-04 09:45:00,3925.6299999999997,3627.001570240154,3828.96715774468,4194.431374561489
2025-05-04 10:00:00,3952.58,3742.9222584263416,3948.3224640373805,4324.400693819756
2025-05-04 10:15:00,4011.193333333333,3805.8772480175057,4013.5350898849147,4394.311700235026
2025-05-04 10:30:00,4084.08,3797.273508645046,4003.6826391255804,4382.8962964615675
2025-05-04 10:45:00,4126.58,3827.271909782731,4034.4986498956446,4415.566440959489
2025-05-04 11:00:00,4221.586666666667,3894.303878470824,4104.337289407331,4490.542760625884
2025-05-04 11:15:00,4277.743333333333,3957.522555815979,4169.335292357306,4561.256600589037
2025-05-04 11:30:00,4292.656666666667,3972.7253222505356,4184.008643373648,4577.468465766418
2025-05-04 11:45:00,4310.753333333333,3946.335109506955,4155.105578721142,4546.494394976276
2025-05-04 12:00:00,4305.336666666667,3972.017129412357,4181.027382646006,4574.964723925892
2025-05-04 12:15:00,4321.42,3999.8725866339096,4209.424989219466,4606.084240077119
2025-05-04 12:30:00,4307.553333333333,4018.759588758616,4228.518858526618,4627.165610989439
2025-05-04 12:45:00,4323.3533333333335,4062.122513666003,4273.442932112108,4676.282721025645
2025-05-04 13:00:00,4269.543333333333,3999.156127813572,4206.775995336881,4604.530002917927
2025-05-04 13:15:00,4231.186666666667,3936.4969469091793,4133.13029791467,4518.4614568113975
2025-05-04 13:30:00,4273.346666666666,3971.312483353712,4161.997207098622,4543.528949876659
2025-05-04 13:45:00,4343.963333333333,4020.3202971320393,4205.879784144972,4584.923756923298
2025-05-04 14:00:00,4377.593333333333,4049.313419341987,4228.837538987786,4603.703026352305
2025-05-04 14:15:00,4414.25,4123.031098325758,4308.851025466791,4691.045861899428
2025-05-04 14:30:00,4441.053333333333,4158.624479326891,4348.90531678126,4735.150818738397
2025-05-04 14:45:00,4468.483333333334,4193.267216886097,4388.048553328714,4778.331296089255
2025-05-04 15:00:00,4482.106666666667,4207.4105140836955,4405.737959613764,4798.328230975638
2025-05-04 15:15:00,4495.886666666666,4234.218541079401,4436.443894558518,4832.249707324061
2025-05-04 15:30:00,4472.743333333333,4237.872709860115,4442.895290959028,4839.9538146095
2025-05-04 15:45:00,4488.676666666667,4234.571978967281,4442.024338473343,4839.751247571051
2025-05-04 16:00:00,4458.486666666667,4231.932064119729,4441.983749828806,4840.549943121388
2025-05-04 16:15:00,4428.503333333333,4208.721813537844,4419.044756580534,4815.704307314208
2025-05-04 16:30:00,4380.84,4192.000922901749,4402.965793158175,4798.355452402515
2025-05-04 16:45:00,4348.723333333333,4185.316907664535,4397.466339248282,4792.532758828785
2025-05-04 17:00:00,4334.826666666667,4163.099430704116,4375.6755692296165,4769.117953855795
2025-05-04 17:15:00,4322.669999999999,4144.3563070938035,4355.487316440623,4746.114556672796
2025-05-04 17:30:00,4306.75,4110.843970101909,4319.7951952216235,4706.368978503198
2025-05-04 17:45:00,4283.116666666667,4074.377537203626,4281.003921027018,4663.320815366995
2025-05-04 18:00:00,4293.03,4062.626996598364,4268.174740274449,4648.458295864091
2025-05-04 18:15:00,4247.276666666667,4069.2415174511807,4277.42495937929,4659.444854916949
2025-05-04 18:30:00,4239.099999999999,4119.008551184258,4331.990522642212,4719.582829664452
2025-05-04 18:45:00,4291.89,4135.677311062031,4351.757442713555,4742.058471248908
2025-05-04 19:00:00,4353.849999999999,4149.03935098801,4368.016065901906,4760.774595797676
2025-05-04 19:15:00,4409.31,4170.55691999542,4392.435949731732,4788.128594530117
2025-05-04 19:30:00,4440.783333333334,4164.859520867539,4388.215726556527,4784.483684230339
2025-05-04 19:45:00,4451.253333333333,4151.220786356531,4375.59653427432,4771.7693588596685
2025-05-04 20:00:00,4413.06,4107.489354756149,4331.300161327588,4724.757791715221
2025-05-04 20:15:00,4438.153333333333,4096.301446604304,4320.515349338767,4713.675833743122
2025-05-04 20:30:00,4457.276666666667,4076.68133620557,4300.796322831801,4692.932849259051
2025-05-04 20:45:00,4457.2266666666665,4072.2865877598415,4296.990949034922,4689.449700456995
2025-05-04 21:00:00,4413.733333333334,4042.2750001586683,4266.18634136245,4656.722223013912
2025-05-04 21:15:00,4423.6466666666665,4064.6927658493205,4290.3698002411,4683.586948747157
2025-05-04 21:30:00,4485.113333333334,4113.963034094262,4342.666428208192,4740.91825445535
2025-05-04 21:45:00,4530.759999999999,4179.248723360507,4411.686807970139,4816.370432823384
2025-05-04 22:00:00,4595.509999999999,4225.216057419751,4460.306621940514,4869.7116679828205
2025-05-04 22:15:00,4653.606666666667,4263.591600804659,4500.720270945095,4914.070052849635
2025-05-04 22:30:00,4694.863333333334,4299.536642577667,4538.817157577791,4956.066929303327
2025-05-04 22:45:00,4739.849999999999,4338.124491943205,4579.666431189802,5001.070822590519
2025-05-04 23:00:00,4737.323333333334,4378.452395077616,4622.527423275759,5048.372836599852
2025-05-04 23:15:00,4727.876666666667,4381.575594886455,4625.445290666114,5052.022974629149
2025-05-04 23:30:00,4717.150000000001,4379.668356452454,4622.959248582414,5049.788107302846
2025-05-04 23:45:00,4679.43,4347.429351212193,4588.488104979463,5012.861378946773
2025-05-05 00:00:00,4585.63,4537.460528556231,4871.2589959927345,5271.450327364377
2025-05-05 00:15:00,4505.046666666666,4480.001368989895,4810.296831093262,5205.904330635686
2025-05-05 00:30:00,4422.900000000001,4435.29235920494,4762.611314090433,5154.701490243936
2025-05-05 00:45:00,4342.12,4368.640621826159,4691.756875364855,5078.346653153649
2025-05-05 01:00:00,4233.986666666667,4306.462121844804,4625.487167968371,5006.910579193906
2025-05-05 01:15:00,4146.06,4240.397208571576,4554.657505242311,4930.237191471295
2025-05-05 01:30:00,4086.66,4189.157698921372,4499.293650778436,4870.268139706024
2025-05-05 01:45:00,4032.0466666666666,4136.454748352204,4442.2865801498365,4808.462045280061
2025-05-05 02:00:00,3966.013333333334,4081.628682089641,4382.947158118901,4744.07021922654
2025-05-05 02:15:00,3905.31,4027.2961643172343,4324.0286880476915,4680.074418985689
2025-05-05 02:30:00,3844.0733333333337,3968.0336567125896,4259.838147264168,4610.304294638481
2025-05-05 02:45:00,3790.263333333334,3922.6773317154175,4210.169278594169,4556.206995307321
2025-05-05 03:00:00,3743.6299999999997,3867.8718202947234,4150.491304216309,4491.200277100288
2025-05-05 03:15:00,3690.7166666666667,3818.9796908732924,4096.827840154712,4432.565110521934
2025-05-05 03:30:00,3644.4366666666665,3779.887358022709,4053.3896240970244,4384.945296879518
2025-05-05 03:45:00,3592.7966666666666,3740.436622785709,4009.5113224842794,4336.7838905536455
2025-05-05 04:00:00,3560.84,3707.1127230448838,3972.012862191638,4295.4710978441535
2025-05-05 04:15:00,3539.86,3672.4859023789677,3933.3390514656585,4252.983535830341
2025-05-05 04:30:00,3516.03,3651.7568287013655,3909.223162551039,4226.20749737963
2025-05-05 04:45:00,3505.8233333333333,3621.348234768714,3874.903188416017,4188.312104059611
2025-05-05 05:00:00,3494.8366666666666,3609.7698616522034,3860.337985358656,4171.761791552447
2025-05-05 05:15:00,3509.44,3600.379107058625,3852.3075437063326,4165.083536867966
2025-05-05 05:30:00,3518.7033333333334,3585.818340838469,3838.833547277287,4152.449019190099
2025-05-05 05:45:00,3549.4066666666663,3553.3540923920527,3806.5464922893902,4119.373206332626
2025-05-05 06:00:00,3596.066666666667,3551.0152903622798,3805.9116558853584,4120.542112806275
2025-05-05 06:15:00,3677.0266666666666,3544.037478998669,3797.617509807281,4111.487423915257
2025-05-05 06:30:00,3699.5266666666666,3559.991266069368,3813.4335788082667,4128.510246132266
2025-05-05 06:45:00,3691.0399999999995,3562.968128162791,3815.643366091003,4130.7442496175
2025-05-05 07:00:00,3663.22,3558.698431884995,3810.2745606128246,4124.7241138041345
2025-05-05 07:15:00,3665.7666666666664,3559.222799156987,3811.4433732811926,4126.726670826954
2025-05-05 07:30:00,3651.44,3561.3905840861307,3814.387753851464,4130.6179580374355
2025-05-05 07:45:00,3606.9533333333334,3554.0649967562636,3807.4148350019545,4123.731312462485
2025-05-05 08:00:00,3639.6066666666666,3567.896211213992,3822.7313708376123,4140.96945116432
2025-05-05 08:15:00,3698.1200000000003,3568.11235512443,3824.0570523612464,4143.1861168130945
2025-05-05 08:30:00,3732.183333333333,3595.35397781805,3853.850367191671,4176.230050173823
2025-05-05 08:45:00,3805.536666666667,3593.529501864801,3853.1894556989128,4176.2581098741875
2025-05-05 09:00:00,3894.2000000000003,3650.551369472511,3914.4374845245625,4243.358349795695
2025-05-05 09:15:00,4056.2000000000003,3751.8463792314988,4022.0463405201845,4360.524271597253
2025-05-05 09:30:00,4208.036666666667,3865.2871409353584,4142.512172504883,4491.618503130165
2025-05-05 09:45:00,4340.243333333333,3954.5316376704204,4237.659756154052,4595.2789409656725
2025-05-05 10:00:00,4409.366666666667,4000.2103374423004,4287.144106827993,4649.464169354415
2025-05-05 10:15:00,4476.740000000001,4056.7641941726624,4346.824662568024,4713.8113167691245
2025-05-05 10:30:00,4533.74,4103.558765217327,4396.3643848326565,4767.183394163251
2025-05-05 10:45:00,4593.54,4148.571658507458,4444.146800747164,4818.668830026819
2025-05-05 11:00:00,4609.543333333334,4228.571439574393,4528.8016782143095,4910.130538759894
2025-05-05 11:15:00,4640.47,4277.084194459716,4576.1174648103915,4958.225513948525
2025-05-05 11:30:00,4670.61,4273.855214519187,4569.194384636778,4947.577105500986
2025-05-05 11:45:00,4716.803333333333,4282.800970082933,4575.181290540126,4950.950930367886
2025-05-05 12:00:00,4721.503333333333,4279.837771499331,4568.776761651835,4940.934158445079
2025-05-05 12:15:00,4717.706666666666,4293.87600603292,4584.122484973649,4957.050579349654
2025-05-05 12:30:00,4721.446666666667,4292.526526629475,4583.420631609924,4955.82128979564
2025-05-05 12:45:00,4710.1033333333335,4303.867175094548,4596.167255862965,4969.211009000655
2025-05-05 13:00:00,4519.483333333334,4228.140143365243,4522.235768572755,4888.913710099665
2025-05-05 13:15:00,4466.743333333333,4204.897895827986,4497.053565203348,4860.083500308045
2025-05-05 13:30:00,4466.303333333333,4244.115758680079,4537.598898303262,4902.529350464957
2025-05-05 13:45:00,4517.066666666667,4311.432409772268,4607.769572869442,4977.133428725265
2025-05-05 14:00:00,4563.400000000001,4350.796240606717,4648.675916497043,5020.085350879125
2025-05-05 14:15:00,4638.0199999999995,4402.510974351714,4704.601013916014,5080.674671903653
2025-05-05 14:30:00,4730.11,4443.009711748533,4748.835797327096,5128.65802579113
2025-05-05 14:45:00,4794.463333333333,4483.251303115309,4792.8880890809905,5176.506364783403
2025-05-05 15:00:00,4832.349999999999,4495.504245590173,4807.61866099786,5192.645585206312
2025-05-05 15:15:00,4822.373333333333,4517.921634878992,4833.833564035568,5221.782062225719
2025-05-05 15:30:00,4808.4366666666665,4504.334759270293,4822.293759538145,5210.072505523209
2025-05-05 15:45:00,4775.343333333333,4516.438077241724,4837.806697331536,5227.741782825615
2025-05-05 16:00:00,4709.363333333334,4487.172712579451,4809.915993417673,5198.443781283927
2025-05-05 16:15:00,4684.7733333333335,4455.930640031236,4778.539060691765,5164.454868298953
2025-05-05 16:30:00,4655.8533333333335,4419.31434937556,4741.558714998695,5124.457458961548
2025-05-05 16:45:00,4640.053333333333,4386.838816395584,4708.9636323930845,5089.274179888466
2025-05-05 17:00:00,4639.14,4362.665942265883,4685.1185933631905,5063.633387040451
2025-05-05 17:15:00,4626.673333333333,4345.147118371057,4669.013622912498,5046.927797846413
2025-05-05 17:30:00,4619.83,4315.702745636714,4640.392234376347,5016.717202645221
2025-05-05 17:45:00,4612.47,4283.996559073703,4609.398979188631,4983.992103556453
2025-05-05 18:00:00,4567.856666666667,4280.973117804345,4608.5352486529955,4983.968439992337
2025-05-05 18:15:00,4512.990000000001,4236.685884524414,4562.364146567404,4933.597846697462
2025-05-05 18:30:00,4515.806666666666,4230.385719516596,4556.081760763758,4926.498422747546
2025-05-05 18:45:00,4530.663333333333,4265.885212731735,4593.685769923727,4966.999082543939
2025-05-05 19:00:00,4536.406666666667,4306.619059300009,4636.754422577513,5013.463224762322
2025-05-05 19:15:00,4575.54,4350.340279524191,4683.770980837117,5064.814120999712
2025-05-05 19:30:00,4566.253333333333,4372.216104938002,4707.7885101592,5091.2787309002115
2025-05-05 19:45:00,4560.283333333334,4376.7504274134235,4713.531596883527,5097.972949309305
2025-05-05 20:00:00,4481.183333333333,4340.255904391907,4676.108383940406,5057.920417406336
2025-05-05 20:15:00,4431.733333333334,4355.778609460122,4693.506380936486,5077.458547393409
2025-05-05 20:30:00,4411.306666666666,4368.279267665831,4707.653875514788,5093.494471427744
2025-05-05 20:45:00,4353.516666666666,4370.1811646659135,4710.58514004569,5097.392528243979
2025-05-05 21:00:00,4328.41,4335.730761203652,4675.238886252982,5059.8252063545915
2025-05-05 21:15:00,4361.32,4357.604047921465,4698.72872329098,5085.8568861094955
2025-05-05 21:30:00,4394.72,4416.859650546254,4761.393967618566,5154.342090086569
2025-05-05 21:45:00,4419.176666666667,4470.554697366719,4818.116028718209,5216.386474827761
2025-05-05 22:00:00,4432.296666666666,4531.162614572155,4881.995093765389,5286.181057120944
2025-05-05 22:15:00,4480.306666666666,4588.035026244185,4941.111206129305,5350.3166065472105
2025-05-05 22:30:00,4511.053333333333,4634.218508238897,4989.007280959241,5402.337268209067
2025-05-05 22:45:00,4541.513333333333,4675.034199348153,5031.8311487585615,5449.161609913728
2025-05-05 23:00:00,4562.196666666667,4685.005829129326,5041.33212074559,5459.482023147902
2025-05-05 23:15:00,4546.41,4685.800081192768,5040.830383920516,5458.775160550353
2025-05-05 23:30:00,4524.526666666667,4675.03366270286,5028.064313518122,5444.749397236893
2025-05-05 23:45:00,4484.885,4637.203504558262,4986.746411834759,5399.752034398039
2025-05-06 00:00:00,4426.033333333334,4495.477871886211,4836.160032099304,5236.31565431758
2025-05-06 00:15:00,4369.776666666667,4423.500675953807,4759.094462723469,5152.750045733633
2025-05-06 00:30:00,4295.41,4348.009102824639,4678.218621881613,5065.0123575974
2025-05-06 00:45:00,4227.463333333333,4273.5918620026,4598.354743705573,4978.324866906685
2025-05-06 01:00:00,4150.883333333334,4178.222928213805,4496.365091504376,4867.612870120644
2025-05-06 01:15:00,4078.6133333333332,4096.808094801618,4409.287749959916,4773.252196760395
2025-05-06 01:30:00,4024.9966666666664,4039.2789275740424,4347.194598368204,4705.909894236678
2025-05-06 01:45:00,3957.6,3983.5227769527614,4286.858334951049,4640.414872279505
2025-05-06 02:00:00,3884.7566666666667,3918.941016277953,4217.1483237961975,4564.704123411739
2025-05-06 02:15:00,3831.2400000000002,3860.594284131347,4154.255890527011,4496.565058396024
2025-05-06 02:30:00,3774.0466666666666,3800.3708487880767,4089.2990582228513,4426.127474157245
2025-05-06 02:45:00,3725.77,3746.8537495096807,4031.300001617507,4363.166543150265
2025-05-06 03:00:00,3664.9966666666664,3698.8468487453847,3979.0076239986647,4306.325679661325
2025-05-06 03:15:00,3621.6866666666665,3646.9202676323744,3922.5211117834697,4244.8758131894065
2025-05-06 03:30:00,3577.433333333333,3600.6972478995176,3871.956492147955,4189.778221476276
2025-05-06 03:45:00,3540.4966666666664,3551.396063049076,3818.0945033403755,4131.042909624034
2025-05-06 04:00:00,3505.4500000000003,3515.70155221685,3778.470401638281,4087.671120849417
2025-05-06 04:15:00,3481.0933333333337,3493.5436455712234,3753.139201759147,4059.8043817484063
2025-05-06 04:30:00,3476.41,3473.7299000784915,3730.228147426211,4034.4967783546067
2025-05-06 04:45:00,3462.7833333333333,3459.848848783608,3713.5146314668277,4015.8424754989965
2025-05-06 05:00:00,3465.1999999999994,3450.16255280471,3701.180399848096,4001.8725109429142
2025-05-06 05:15:00,3461.806666666667,3454.5458787509183,3702.9992465219243,4002.7720080159706
2025-05-06 05:30:00,3481.8133333333335,3453.163856796282,3698.7490998233834,3997.0375223214173
2025-05-06 05:45:00,3502.736666666666,3464.1997584547103,3707.5404586264976,4005.379067549787
2025-05-06 06:00:00,3555.4933333333333,3495.388599707136,3737.507283744497,4036.6128152807046
2025-05-06 06:15:00,3637.9533333333334,3554.263041447258,3799.0031754794013,4103.589216169532
2025-05-06 06:30:00,3705.4966666666664,3574.1619967275724,3819.5719548024,4126.169250778563
2025-05-06 06:45:00,3705.1299999999997,3563.761773634377,3808.3363242132705,4114.241134627588
2025-05-06 07:00:00,3712.813333333333,3540.637150562236,3783.767280083105,4087.8230058773534
2025-05-06 07:15:00,3714.7533333333336,3536.2310501030265,3779.391486801756,4083.5731462308277
2025-05-06 07:30:00,3679.9500000000003,3523.594583471396,3766.4182239323804,4069.9718843679047
2025-05-06 07:45:00,3659.5033333333336,3492.9412952345283,3734.5732363552083,4035.8897530496242
2025-05-06 08:00:00,3664.9166666666665,3519.49981378983,3762.8957778739377,4066.9767550718216
2025-05-06 08:15:00,3715.3433333333337,3562.971789289192,3809.5428477465252,4118.221836016968
2025-05-06 08:30:00,3764.883333333333,3593.2495399309073,3842.404195889846,4154.50881991644
2025-05-06 08:45:00,3783.236666666666,3654.3372071060785,3907.7148773719778,4225.941675447014
2025-05-06 09:00:00,3904.873333333333,3736.078071392309,3994.8101712733564,4320.968341565124
2025-05-06 09:15:00,4076.353333333334,3880.4078488943105,4147.994622287572,4487.763908532156
2025-05-06 09:30:00,4229.613333333334,4020.9306505714258,4297.276694814545,4650.327495777886
2025-05-06 09:45:00,4333.806666666666,4138.633775033752,4422.68671193739,4787.024371296806
2025-05-06 10:00:00,4436.876666666667,4206.461577962008,4495.804939490378,4867.063391606448
2025-05-06 10:15:00,4514.636666666666,4258.960009383521,4552.197909762075,4928.499687760085
2025-05-06 10:30:00,4565.383333333334,4323.22689876978,4621.066309564946,5003.467698036713
2025-05-06 10:45:00,4606.11,4390.559450481042,4693.26984186782,5082.067188836285
2025-05-06 11:00:00,4679.593333333333,4412.559262443686,4723.421848812451,5115.340259549921
2025-05-06 11:15:00,4723.496666666667,4438.6063029419865,4757.214120200374,5152.094769700695
2025-05-06 11:30:00,4700.463333333333,4463.106134390294,4784.822732865788,5181.990686504519
2025-05-06 11:45:00,4723.236666666667,4503.884936393954,4826.924647937138,5227.515180939331
2025-05-06 12:00:00,4749.599999999999,4514.069024533975,4837.0045499693915,5238.377556247431
2025-05-06 12:15:00,4762.256666666667,4516.690061456437,4839.11162435794,5240.787978534847
2025-05-06 12:30:00,4775.86,4527.298821102606,4849.728504014068,5252.462853965035
2025-05-06 12:45:00,4758.946666666667,4523.933923383549,4845.7818601507115,5248.4031795192095
2025-05-06 13:00:00,4625.936666666667,4372.416495985451,4686.306256171318,5075.86290011581
2025-05-06 13:15:00,4601.046666666666,4328.472656618263,4640.395399190338,5025.990432173482
2025-05-06 13:30:00,4615.616666666667,4340.560492770556,4653.458599257043,5040.076013137986
2025-05-06 13:45:00,4692.946666666667,4393.667955850612,4709.721303078948,5101.028665353318
2025-05-06 14:00:00,4759.873333333333,4448.461768975597,4767.857508228684,5164.069843281734
2025-05-06 14:15:00,4859.8966666666665,4527.540958835574,4848.88234389995,5249.413717290951
2025-05-06 14:30:00,4944.903333333333,4607.004917808855,4930.404207024399,5335.357720430382
2025-05-06 14:45:00,5005.89,4662.176337895699,4987.467384471972,5395.315189604363
2025-05-06 15:00:00,5049.926666666667,4695.542155346847,5021.406056506024,5430.1397535723445
2025-05-06 15:15:00,5082.766666666667,4698.708783655762,5026.059078758339,5435.016087951922
2025-05-06 15:30:00,5066.283333333333,4686.859663865025,5015.0071644002455,5422.939326904044
2025-05-06 15:45:00,5043.009999999999,4661.340597192734,4989.657663050372,5395.434545886151
2025-05-06 16:00:00,4992.849999999999,4611.098444515582,4938.391777244725,5339.911524536875
2025-05-06 16:15:00,4971.650000000001,4580.779169920757,4907.133017913324,5305.480559138449
2025-05-06 16:30:00,4951.13,4552.151809498781,4877.694266698066,5273.085051335356
2025-05-06 16:45:00,4917.206666666666,4522.591057042476,4847.310061787304,5239.727355865873
2025-05-06 17:00:00,4922.806666666666,4526.713850031983,4852.340135028132,5244.805277237889
2025-05-06 17:15:00,4905.57,4494.061161391389,4815.471594848983,5202.342728555054
2025-05-06 17:30:00,4832.67,4481.845854297911,4800.085951940976,5183.216533652547
2025-05-06 17:45:00,4819.94,4459.810462955855,4774.387998902184,5152.97163998319
2025-05-06 18:00:00,4775.650000000001,4414.226650285186,4723.947410169728,5095.96919037319
2025-05-06 18:15:00,4741.913333333334,4365.187759990485,4672.5411662298675,5039.762956425465
2025-05-06 18:30:00,4714.136666666666,4355.0798148011045,4662.015241177982,5027.902383705603
2025-05-06 18:45:00,4693.233333333334,4366.8077574894205,4674.402501446259,5040.915508795495
2025-05-06 19:00:00,4698.213333333333,4376.984066550228,4685.125294568359,5052.167074573508
2025-05-06 19:15:00,4759.163333333334,4410.9952306185705,4721.211149229952,5091.184895676769
2025-05-06 19:30:00,4741.866666666667,4405.79465633196,4716.053527256939,5085.546907007672
2025-05-06 19:45:00,4740.936666666667,4398.978804615969,4709.142862141105,5078.040970326632
2025-05-06 20:00:00,4666.349999999999,4334.867265660726,4641.976546188274,5005.270412359703
2025-05-06 20:15:00,4630.256666666667,4302.2175071311385,4608.401472118738,4969.330239497846
2025-05-06 20:30:00,4627.0,4286.531430916046,4592.5721744233215,4952.639244146635
2025-05-06 20:45:00,4577.756666666667,4248.35353179387,4553.032229441011,4910.271540691052
2025-05-06 21:00:00,4545.22,4209.237985560052,4512.420110432728,4866.753843145976
2025-05-06 21:15:00,4600.473333333332,4257.9032008243985,4563.9349592291965,4923.071736293882
2025-05-06 21:30:00,4657.426666666666,4300.877496742831,4609.374043950473,4972.80938143739
2025-05-06 21:45:00,4710.9366666666665,4337.053309728362,4647.569424312679,5014.696974058977
2025-05-06 22:00:00,4724.493333333333,4365.952812849895,4678.01517290764,5048.182064572896
2025-05-06 22:15:00,4789.673333333333,4416.8275678347545,4731.5600381469285,5106.769320129488
2025-05-06 22:30:00,4827.26,4455.403444008123,4772.0722330420285,5151.221040307715
2025-05-06 22:45:00,4872.1033333333335,4490.593952860302,4808.913425018206,5191.677333724209
2025-05-06 23:00:00,4901.69,4512.681645812932,4831.87276389878,5217.069775860129
2025-05-06 23:15:00,4910.946666666667,4505.231411151795,4823.80417840436,5208.896533384149
2025-05-06 23:30:00,4865.083333333333,4488.575702466969,4805.945542983142,5190.085502244932
2025-05-06 23:45:00,4846.165,4455.128067939739,4770.326269566485,5151.996113935308
2025-05-07 00:00:00,4768.983333333334,4334.224481033467,4642.709281009443,5014.182155529879
2025-05-07 00:15:00,4713.173333333333,4278.250366375304,4583.185638102706,4950.11348517184
2025-05-07 00:30:00,4629.886666666666,4207.420729458165,4507.937129999762,4868.96218604217
2025-05-07 00:45:00,4569.5199999999995,4143.034251300601,4439.340877993137,4794.9728568275705
2025-05-07 01:00:00,4489.133333333334,4066.393105173088,4357.755629502761,4706.859553489262
2025-05-07 01:15:00,4407.47,3996.7694415989654,4283.552109609635,4626.774614059263
2025-05-07 01:30:00,4337.356666666667,3944.017193124472,4226.963863079207,4565.723152108663
2025-05-07 01:45:00,4276.356666666667,3880.5872908446618,4159.052284092254,4492.345358423448
2025-05-07 02:00:00,4207.843333333333,3812.7728157197407,4086.4325492270405,4413.807432227473
2025-05-07 02:15:00,4138.953333333334,3760.2679415630637,4029.9205832296184,4352.745072437148
2025-05-07 02:30:00,4077.4300000000003,3704.9880786607296,3970.400512133044,4288.361601813328
2025-05-07 02:45:00,4018.0266666666666,3657.0869166294456,3918.544578699629,4232.220192047775
2025-05-07 03:00:00,3964.4833333333336,3599.8288903847147,3856.77652990803,4165.274461298197
2025-05-07 03:15:00,3919.78,3556.325942378277,3809.261191749424,4113.62712375298
2025-05-07 03:30:00,3872.0166666666664,3512.52844591856,3761.3663505510644,4061.503923966028
2025-05-07 03:45:00,3820.263333333334,3473.4431929339244,3718.358459565024,4014.6114607101445
2025-05-07 04:00:00,3785.896666666666,3439.839512699617,3681.0525203717234,3973.8330559270494
2025-05-07 04:15:00,3753.8566666666666,3416.645557804492,3654.5112738826992,3944.573677499212
2025-05-07 04:30:00,3730.9133333333334,3406.4493651921425,3641.5824580689055,3930.0012967357443
2025-05-07 04:45:00,3711.7033333333334,3392.1065191635357,3624.262185317464,3910.6080741062383
2025-05-07 05:00:00,3718.4266666666663,3389.0195160048875,3618.739318184322,3903.937400901118
2025-05-07 05:15:00,3726.4833333333336,3387.5650028019513,3617.1006093774945,3902.882076832796
2025-05-07 05:30:00,3712.463333333333,3399.4683178821256,3629.4830192471954,3916.962239128852
2025-05-07 05:45:00,3711.763333333334,3414.0456783909167,3644.670371265617,3934.026182121105
2025-05-07 06:00:00,3780.5433333333335,3458.9954531812064,3691.7693973071932,3985.6159880818564
2025-05-07 06:15:00,3848.34,3529.683466312309,3765.7978087306833,4066.2539607745666
2025-05-07 06:30:00,3862.346666666667,3579.6685577985086,3818.095598483181,4123.296716111374
2025-05-07 06:45:00,3858.9166666666665,3564.6369885173967,3802.1160564282695,4106.309582560472
2025-05-07 07:00:00,3843.5399999999995,3565.693725187905,3803.0726797458224,4107.632286515272
2025-05-07 07:15:00,3860.786666666667,3565.533321719211,3803.4004851544796,4108.64209201292
2025-05-07 07:30:00,3832.263333333333,3537.9163588319047,3774.932482954577,4078.4137534489655
2025-05-07 07:45:00,3802.3799999999997,3518.242886263393,3754.8657137585637,4057.2572830947047
2025-05-07 08:00:00,3840.2166666666667,3532.1861182647926,3770.178319071032,4074.4097192779864
2025-05-07 08:15:00,3890.036666666667,3578.265009531712,3819.56411965281,4128.62246478814
2025-05-07 08:30:00,3943.523333333333,3624.3224744277536,3869.0030605777624,4182.872782762805
2025-05-07 08:45:00,3975.31,3653.3085320695513,3900.588960869177,4217.7617613191005
2025-05-07 09:00:00,4038.84,3761.6563414556526,4015.636541733417,4343.0772803179425
2025-05-07 09:15:00,4209.76,3918.1920933752012,4181.0360843208755,4522.70179613971
2025-05-07 09:30:00,4357.606666666667,4063.6368051336262,4334.880875861289,4689.802288481452
2025-05-07 09:45:00,4502.033333333333,4164.874956977213,4442.385332372501,4806.689638446499
2025-05-07 10:00:00,4601.676666666666,4258.148894414903,4541.628281218848,4914.62996032312
2025-05-07 10:15:00,4678.456666666666,4329.818811315065,4617.675667233483,4997.037835162239
2025-05-07 10:30:00,4794.623333333334,4383.964809729357,4675.4249794966545,5059.631525994762
2025-05-07 10:45:00,4864.246666666667,4433.781709281713,4728.740757622481,5117.438638349524
2025-05-07 11:00:00,4900.763333333333,4497.994219943067,4797.2965523814055,5191.781296076644
2025-05-07 11:15:00,4951.2733333333335,4540.009885339363,4842.651216420452,5241.008953595295
2025-05-07 11:30:00,4968.57,4530.943081337095,4834.459613924031,5232.243723014243
2025-05-07 11:45:00,4993.293333333334,4557.544079970794,4863.858957744009,5264.244797695686
2025-05-07 12:00:00,5052.68,4579.59980795495,4888.602884321968,5291.237956323155
2025-05-07 12:15:00,5041.813333333333,4588.968460251839,4899.529362996402,5302.891496257724
2025-05-07 12:30:00,5067.63,4604.370695399744,4916.91269879717,5321.584932743165
2025-05-07 12:45:00,5051.763333333333,4593.957888183356,4907.292383499385,5311.063806265985
2025-05-07 13:00:00,4925.766666666666,4465.170862027462,4773.427116224656,5165.961151543757
2025-05-07 13:15:00,4892.526666666667,4440.180758060316,4748.9625321075255,5139.618859877449
2025-05-07 13:30:00,4911.053333333333,4457.615693679736,4769.177369153785,5161.74507510453
2025-05-07 13:45:00,4983.206666666666,4530.040610595672,4847.268455174302,5246.641953918144
2025-05-07 14:00:00,5055.576666666667,4583.333578650396,4910.429205589615,5315.621897297796
2025-05-07 14:15:00,5136.953333333334,4655.887839333004,4984.8786352156985,5391.228076443703
2025-05-07 14:30:00,5244.533333333333,4726.858929951992,5054.495402550796,5461.964999366569
2025-05-07 14:45:00,5316.19,4787.692417103089,5113.121019648702,5520.655083040503
2025-05-07 15:00:00,5330.076666666667,4839.688506572836,5162.24206976217,5568.968850909577
2025-05-07 15:15:00,5363.330000000001,4869.5691105702,5198.342892162014,5610.067914185273
2025-05-07 15:30:00,5309.09,4863.970547654178,5196.654662756522,5610.010759065395
2025-05-07 15:45:00,5259.436666666667,4844.472072712536,5180.427253358842,5594.26379592016
2025-05-07 16:00:00,5222.0233333333335,4799.723742000484,5137.730054385231,5549.898927511291
2025-05-07 16:15:00,5175.623333333333,4777.466300927666,5116.4001084499505,5527.204058444177
2025-05-07 16:30:00,5141.73,4754.959641858247,5094.8508879085875,5504.334898108635
2025-05-07 16:45:00,5107.056666666666,4723.42362059555,5063.850882440487,5471.287247816052
2025-05-07 17:00:00,5086.0,4719.23069961406,5061.604114480336,5469.457369171984
2025-05-07 17:15:00,5098.153333333333,4696.398173454733,5037.970968899981,5443.291220454887
2025-05-07 17:30:00,5029.733333333334,4629.001239320161,4967.532209188631,5366.4645937722335
2025-05-07 17:45:00,4944.009999999999,4607.514628185454,4945.329474381515,5341.961730424084
2025-05-07 18:00:00,4863.6466666666665,4565.598357120243,4901.660560957691,5294.251651274037
2025-05-07 18:15:00,4780.8966666666665,4524.8931128109625,4859.009341811432,5247.532285370164
2025-05-07 18:30:00,4727.173333333333,4498.165168860983,4831.023051695654,5216.751814276091
2025-05-07 18:45:00,4746.09,4483.287811207687,4815.459752924162,5199.477958847553
2025-05-07 19:00:00,4786.8533333333335,4488.156982364393,4820.607060356714,5204.687977255445
2025-05-07 19:15:00,4811.46,4536.555489883126,4872.415794134634,5261.150189396584
2025-05-07 19:30:00,4785.286666666667,4525.708636199144,4861.934457140798,5250.150687035368
2025-05-07 19:45:00,4775.59,4516.769642257161,4853.4013565330115,5241.293910682168
2025-05-07 20:00:00,4527.05,4452.026146326251,4786.179189973319,5168.87005067829
2025-05-07 20:15:00,4557.863333333334,4420.982436125271,4754.291371753297,5134.758173449846
2025-05-07 20:30:00,4642.093333333333,4414.994078661129,4748.650143992035,5129.106881282284
2025-05-07 20:45:00,4628.696666666667,4378.350711885807,4710.722322774855,5088.4860609927355
2025-05-07 21:00:00,4606.053333333333,4345.874142683731,4677.084871111302,5052.5260517819725
2025-05-07 21:15:00,4659.06,4396.692454842793,4730.7400729737055,5111.081769293109
2025-05-07 21:30:00,4725.636666666666,4455.514639007053,4792.706759515176,5178.6471353065335
2025-05-07 21:45:00,4786.196666666667,4507.912345165652,4847.822657645368,5238.788209071356
2025-05-07 22:00:00,4798.47,4531.81899709557,4872.901486645645,5266.376309167334
2025-05-07 22:15:00,4863.496666666667,4599.567967540316,4944.173787749421,5344.172858674202
2025-05-07 22:30:00,4900.703333333334,4639.858495261664,4986.487333078797,5390.576506376746
2025-05-07 22:45:00,4951.553333333333,4685.703774664695,5034.522038735067,5443.161992997549
2025-05-07 23:00:00,4971.543333333334,4713.908437157324,5063.907642911538,5475.517879819714
2025-05-07 23:15:00,4960.623333333334,4722.363497278037,5072.548580524802,5485.450929962591
2025-05-07 23:30:00,4939.0233333333335,4690.911370830651,5039.145367784806,5449.795931239355
2025-05-07 23:45:00,4887.79,4668.148718209733,5014.751346997382,5423.870128180828
2025-05-08 00:00:00,4815.516666666666,4546.359017299319,4886.203439357648,5285.047434025907
2025-05-08 00:15:00,4771.673333333333,4493.178511166552,4829.736271841033,5224.372177019141
2025-05-08 00:30:00,4707.953333333334,4417.756662804458,4749.784965807189,5138.206410755186
2025-05-08 00:45:00,4604.236666666667,4359.570896835747,4687.824568144401,5071.489078518221
2025-05-08 01:00:00,4547.106666666667,4285.783335288881,4609.358803702261,4986.837464160238
2025-05-08 01:15:00,4438.513333333333,4212.600592376276,4531.416244749242,4902.700934813789
2025-05-08 01:30:00,4385.7733333333335,4149.343716982419,4463.792219966718,4829.691200384583
2025-05-08 01:45:00,4346.72,4089.0425659253906,4399.167593002492,4759.875119069259
2025-05-08 02:00:00,4247.509999999999,4023.442483237259,4328.874218138744,4683.858016157821
2025-05-08 02:15:00,4185.8,3959.017652593534,4259.71796814749,4609.012977743143
2025-05-08 02:30:00,4114.93,3902.7835186695365,4199.07376261662,4543.329961472119
2025-05-08 02:45:00,4054.476666666667,3849.5529551789164,4141.4973421411705,4480.908438705114
2025-05-08 03:00:00,4002.6,3797.3128562397187,4084.879332850477,4419.4618021306815
2025-05-08 03:15:00,3954.4266666666667,3754.5137189615566,4038.103392596082,4368.615669666491
2025-05-08 03:30:00,3939.306666666667,3709.206659066059,3988.6226590606952,4314.774010858826
2025-05-08 03:45:00,3866.19,3661.441061166887,3936.495514019859,4258.000003927653
2025-05-08 04:00:00,3863.1666666666665,3625.6715284648035,3896.914209147738,4214.756032860582
2025-05-08 04:15:00,3834.4466666666667,3595.191941114364,3862.8405547627926,4177.416046769269
2025-05-08 04:30:00,3780.476666666667,3571.981503173121,3836.361059119177,4148.241711683128
2025-05-08 04:45:00,3750.656666666667,3552.1336531163947,3813.379041811193,4122.794915770235
2025-05-08 05:00:00,3762.7299999999996,3552.7055683894846,3811.8217131238175,4120.502708666752
2025-05-08 05:15:00,3752.5400000000004,3554.414998166639,3813.142091299627,4122.409494973444
2025-05-08 05:30:00,3765.9566666666665,3538.848145463922,3796.300507693655,4104.578464055951
2025-05-08 05:45:00,3758.6299999999997,3523.392847990885,3779.5718074107363,4086.8141225131026
2025-05-08 06:00:00,3791.61,3562.3099207527735,3819.9682603154574,4130.896748721311
2025-05-08 06:15:00,3867.3266666666664,3620.3861650989775,3880.382370809399,4196.538054073479
2025-05-08 06:30:00,3913.6866666666665,3639.15769206079,3899.523490879266,4217.408202766831
2025-05-08 06:45:00,3885.8133333333335,3631.93599268849,3891.3838773403822,4208.672016648729
2025-05-08 07:00:00,3897.1,3618.6390620821167,3876.896224647621,4193.015108322905
2025-05-08 07:15:00,3894.0533333333333,3632.0671240604943,3891.499576690277,4209.493770889876
2025-05-08 07:30:00,3866.66,3603.5222837449314,3862.056780276171,4178.209153868913
2025-05-08 07:45:00,3850.0499999999997,3580.272182490898,3838.232535315765,4152.981115746983
2025-05-08 08:00:00,3874.5433333333335,3600.3199559864674,3859.9583494720605,4177.0828487596145
2025-05-08 08:15:00,3924.5866666666666,3645.935740349011,3908.1279543798946,4229.489074680512
2025-05-08 08:30:00,3928.2433333333333,3692.7167930545993,3957.5973978541065,4283.283784321214
2025-05-08 08:45:00,3970.2333333333336,3722.913107985808,3989.725077916053,4318.271170054226
2025-05-08 09:00:00,4065.5166666666664,3792.9621310734456,4063.807677069898,4398.70873369738
2025-05-08 09:15:00,4239.663333333333,3948.27466882904,4227.070870922223,4575.4482167087135
2025-05-08 09:30:00,4423.740000000001,4085.92744734718,4371.878456830521,4732.185968259229
2025-05-08 09:45:00,4552.373333333333,4212.518721396229,4505.1666951526295,4876.44229388346
2025-05-08 10:00:00,4701.716666666666,4306.3111642746335,4604.1030824121135,4983.480324247726
2025-05-08 10:15:00,4780.8133333333335,4378.241173188101,4680.18048747287,5065.757840585584
2025-05-08 10:30:00,4844.866666666666,4475.005638729748,4782.459984134636,5176.441161618313
2025-05-08 10:45:00,4923.196666666667,4540.062033319105,4851.542596272714,5251.17019008368
2025-05-08 11:00:00,4948.133333333334,4579.180446568812,4893.492222576457,5296.519750257008
2025-05-08 11:15:00,4993.823333333334,4625.286319035635,4943.265521188992,5350.616844865525
2025-05-08 11:30:00,5057.106666666667,4639.454604196255,4959.605468751362,5368.515230109924
2025-05-08 11:45:00,5061.526666666667,4660.865472326583,4983.6738626658835,5394.821177689281
2025-05-08 12:00:00,5061.2266666666665,4714.203911965217,5041.403878236336,5457.639216344931
2025-05-08 12:15:00,5075.139999999999,4710.55857955498,5038.9015629533205,5454.904319856737
2025-05-08 12:30:00,5109.126666666667,4730.8409213039085,5061.654985062962,5479.579621621941
2025-05-08 12:45:00,5104.716666666666,4723.134936247937,5055.121582635395,5472.566333720503
2025-05-08 13:00:00,4966.503333333333,4609.74276783248,4937.672816058291,5345.415341981001
2025-05-08 13:15:00,4958.03,4586.902337170601,4914.493703800275,5319.81442883671
2025-05-08 13:30:00,4959.643333333333,4609.4507031558605,4939.107627873959,5346.055908661229
2025-05-08 13:45:00,5037.073333333333,4683.8831724475,5018.334878683892,5431.532378166256
2025-05-08 14:00:00,5147.2,4746.551846637928,5093.880506463303,5513.421477090874
2025-05-08 14:15:00,5272.5633333333335,4826.694993389998,5179.543850474401,5605.95231549186
2025-05-08 14:30:00,5387.926666666666,4930.825192107772,5291.452664562425,5727.427880501787
2025-05-08 14:45:00,5421.106666666667,4999.889941100187,5365.9696398349215,5808.150110021822
2025-05-08 15:00:00,5447.613333333334,5022.762915276862,5391.010513447531,5834.843919379236
2025-05-08 15:15:00,5428.586666666666,5056.852191652771,5428.864723556933,5876.054618223078
2025-05-08 15:30:00,5458.639999999999,5020.881920279998,5392.593618395958,5836.7320067495075
2025-05-08 15:45:00,5408.716666666667,4976.435710705926,5347.481562492615,5787.894138465577
2025-05-08 16:00:00,5398.903333333333,4937.0813114971115,5307.775565802898,5744.978754966172
2025-05-08 16:15:00,5369.543333333334,4892.168313020376,5260.577111594335,5692.868458873915
2025-05-08 16:30:00,5357.716666666667,4861.457873648998,5228.341893179173,5657.035506560519
2025-05-08 16:45:00,5307.59,4825.4589732381855,5190.585944270783,5615.282636789286
2025-05-08 17:00:00,5288.986666666667,4797.831119663998,5161.651884864507,5583.150104858539
2025-05-08 17:15:00,5262.900000000001,4794.041103919705,5154.254132563761,5572.051739257357
2025-05-08 17:30:00,5176.7733333333335,4725.7742503402,5079.131492931567,5487.624954810427
2025-05-08 17:45:00,5157.93,4642.346546994599,4988.085729533777,5385.9996431750305
2025-05-08 18:00:00,5079.866666666667,4566.885972033538,4905.406418541981,5293.493492942303
2025-05-08 18:15:00,5024.52,4494.296424341666,4830.71805700008,5213.036281911399
2025-05-08 18:30:00,4983.650000000001,4450.679770068841,4786.448448116697,5165.588670738957
2025-05-08 18:45:00,4984.096666666667,4460.838410004904,4798.64640097068,5179.373985233215
2025-05-08 19:00:00,5032.243333333333,4484.687707054733,4825.192881901058,5208.749281529947
2025-05-08 19:15:00,5058.866666666667,4513.781857276174,4857.207609645233,5244.088656171346
2025-05-08 19:30:00,5056.42,4494.689008878134,4838.5497793800405,5224.554951199817
2025-05-08 19:45:00,5071.04,4487.785615421507,4832.641654755307,5218.868349541004
2025-05-08 20:00:00,5028.703333333334,4304.238538911639,4641.095223941266,5012.05358144855
2025-05-08 20:15:00,5024.683333333333,4321.182285031272,4659.742890737837,5032.78295578976
2025-05-08 20:30:00,5011.57,4380.174832265201,4722.489845615999,5101.317941684339
2025-05-08 20:45:00,4980.6033333333335,4370.984132264141,4713.524407807278,5092.16194935882
2025-05-08 21:00:00,4967.12,4352.6678708491145,4694.88487157477,5072.534993145422
2025-05-08 21:15:00,4987.073333333334,4406.199831821675,4751.755770212998,5134.819541780495
2025-05-08 21:30:00,5038.6866666666665,4473.371123690629,4822.858561284842,5212.529040811034
2025-05-08 21:45:00,5090.513333333333,4538.978339699213,4892.216725325832,5288.347239259892
2025-05-08 22:00:00,5125.126666666667,4563.621683193635,4918.434331856611,5317.413639009865
2025-05-08 22:15:00,5202.233333333334,4629.223281682758,4987.450682234203,5392.765660105074
2025-05-08 22:30:00,5240.04,4672.615062722998,5033.022291290506,5442.699717073667
2025-05-08 22:45:00,5275.62,4724.609018699088,5087.516572496198,5502.284743079148
2025-05-08 23:00:00,5299.676666666666,4748.969279812358,5112.863388673786,5530.264234664776
2025-05-08 23:15:00,5316.733333333334,4745.15989122899,5108.862967541253,5526.662106270748
2025-05-08 23:30:00,5306.0233333333335,4725.806854426439,5088.413841635678,5505.2069292496235
2025-05-08 23:45:00,5297.99,4686.868881554168,5047.2698429673455,5461.293884011181
2025-05-09 00:00:00,5201.166666666667,4555.634703930745,4909.043136395645,5312.146215138124
2025-05-09 00:15:00,5155.95,4508.935227983298,4859.384703022504,5258.8488427048
2025-05-09 00:30:00,5049.736666666667,4446.385891631011,4792.956789030866,5187.3369053944125
2025-05-09 00:45:00,4958.400000000001,4355.944557886516,4697.109867258134,5083.900432975136
2025-05-09 01:00:00,4852.5199999999995,4296.827017907552,4634.055892898551,5015.948899117168
2025-05-09 01:15:00,4761.58,4197.3317317972105,4528.59194696567,4902.071879768675
2025-05-09 01:30:00,4680.433333333333,4134.83122438059,4461.884146890568,4830.136401830972
2025-05-09 01:45:00,4618.346666666667,4080.9747537625904,4404.151678423593,4767.870046424936
2025-05-09 02:00:00,4529.97,3990.720776486465,4308.079432368098,4664.000628329445
2025-05-09 02:15:00,4448.53,3937.929388431973,4251.144853237577,4602.398885218272
2025-05-09 02:30:00,4385.306666666666,3878.3385317430766,4186.974197089132,4532.8946380014995
2025-05-09 02:45:00,4322.026666666667,3823.4852240128357,4127.692980648458,4468.625813285607
2025-05-09 03:00:00,4265.820000000001,3773.4184347763867,4073.3581713359044,4409.65323217315
2025-05-09 03:15:00,4208.893333333333,3728.031351718711,4024.106653695775,4356.287472652396
2025-05-09 03:30:00,4153.8966666666665,3706.5833351113497,3999.9345857588737,4330.032948688173
2025-05-09 03:45:00,4106.29,3643.4201780417775,3931.8745502871047,4256.157088368202
2025-05-09 04:00:00,4057.7333333333336,3630.762461950066,3916.816901894806,4239.649623151789
2025-05-09 04:15:00,4020.3700000000003,3598.48768756721,3880.857289430353,4200.2660294341895
2025-05-09 04:30:00,4000.9933333333333,3551.226709969866,3829.111173227496,4143.713006016431
2025-05-09 04:45:00,3978.986666666666,3507.9021775669094,3781.465408938617,4091.5407902913958
2025-05-09 05:00:00,3964.7899999999995,3488.4317018289744,3758.8522746012814,4066.4326969434615
2025-05-09 05:15:00,3948.0066666666667,3411.3536275713145,3676.671699624779,3977.3699224793168
2025-05-09 05:30:00,3921.726666666667,3382.5032868212443,3645.145295091697,3943.1378878310416
2025-05-09 05:45:00,3919.11,3361.483296286041,3621.8408586196388,3917.759475624896
2025-05-09 06:00:00,3950.646666666667,3397.0098377083345,3657.94567041434,3956.7030565553496
2025-05-09 06:15:00,3998.5633333333335,3465.7475870822564,3729.073921293793,4033.6283366636994
2025-05-09 06:30:00,4040.7000000000003,3502.890467059184,3767.028867097295,4074.559208084358
2025-05-09 06:45:00,4048.98,3481.299920482789,3743.307417997081,4048.6129079250754
2025-05-09 07:00:00,4060.7066666666665,3493.4020789211368,3755.016674419434,4061.016966694573
2025-05-09 07:15:00,4065.9833333333336,3497.1668119963924,3759.3464731762533,4066.281853629984
2025-05-09 07:30:00,4028.093333333333,3480.657207046493,3742.4258443997965,4048.484704145115
2025-05-09 07:45:00,4035.486666666667,3467.8428643508664,3729.443415028389,4034.9233188239045
2025-05-09 08:00:00,4034.5699999999997,3490.8580755076496,3754.1650989852637,4062.189906626545
2025-05-09 08:15:00,4101.153333333333,3538.213774154173,3805.743551381597,4119.348694469952
2025-05-09 08:30:00,4161.7699999999995,3555.599616039735,3825.9124144763196,4142.452317009997
2025-05-09 08:45:00,4231.633333333333,3595.7316679467067,3870.059174690363,4191.5222372278
2025-05-09 09:00:00,4345.55,3679.14431485032,3959.7620669981807,4289.9445781651075
2025-05-09 09:15:00,4539.583333333333,3829.9305195269194,4118.9997326934845,4462.810694816885
2025-05-09 09:30:00,4722.746666666667,3990.563426079905,4288.679076153469,4646.9879252375185
2025-05-09 09:45:00,4817.156666666667,4112.170100893694,4417.460348594039,4786.849202808364
2025-05-09 10:00:00,4918.693333333333,4240.265866729967,4553.164229373269,4934.216827156524
2025-05-09 10:15:00,4974.71,4318.475334397288,4634.257648032522,5020.870887120329
2025-05-09 10:30:00,5064.743333333333,4378.464361164853,4696.321251873613,5086.917854878451
2025-05-09 10:45:00,5061.86,4466.05797816456,4787.4996916735845,5184.530963619048
2025-05-09 11:00:00,5104.1033333333335,4511.287151229554,4834.288102618368,5234.065023675148
2025-05-09 11:15:00,5149.676666666666,4541.225241550298,4866.103221882277,5268.051245213753
2025-05-09 11:30:00,5183.633333333333,4590.241093655618,4918.079856847668,5323.913684722806
2025-05-09 11:45:00,5212.75,4595.430086428535,4924.133243056899,5330.047180523619
2025-05-09 12:00:00,5245.156666666667,4607.4896211427,4937.524248738935,5344.168309619647
2025-05-09 12:15:00,5249.32,4612.658002458062,4943.673239560434,5350.400675323332
2025-05-09 12:30:00,5329.16,4636.73240587438,4969.802403111611,5378.326683702975
2025-05-09 12:45:00,5283.25,4629.760936963321,4963.432596216852,5371.083449294814
2025-05-09 13:00:00,5140.3966666666665,4503.667750376711,4832.03254241197,5228.4077479427215
2025-05-09 13:15:00,5084.973333333333,4485.025007523403,4812.776919711011,5206.732519902652
2025-05-09 13:30:00,5198.076666666667,4489.753340736288,4818.18331842679,5211.83512003667
2025-05-09 13:45:00,5312.766666666667,4563.0810306182975,4895.763479956638,5295.201044298008
2025-05-09 14:00:00,5406.083333333333,4652.188512342234,4990.997643291979,5397.794150179997
2025-05-09 14:15:00,5514.63,4759.985617276656,5107.058504473865,5523.7479880812125
2025-05-09 14:30:00,5608.703333333334,4861.991499775281,5217.567021453277,5643.951359140544
2025-05-09 14:45:00,5678.7266666666665,4899.102529356741,5260.140187308048,5690.674656861809
2025-05-09 15:00:00,5701.82,4923.030649149496,5287.852481042487,5721.26397020508
2025-05-09 15:15:00,5733.2733333333335,4912.222334259123,5275.391695764746,5705.967064150877
2025-05-09 15:30:00,5729.943333333334,4928.8240102372265,5291.993667775872,5722.318597766187
2025-05-09 15:45:00,5668.209999999999,4888.159809384574,5248.300998893074,5673.30845260264
2025-05-09 16:00:00,5635.0233333333335,4867.8412682478265,5228.767970957341,5650.651332197832
2025-05-09 16:15:00,5612.860000000001,4837.1308511634525,5200.921243690524,5620.759929112593
2025-05-09 16:30:00,5549.796666666666,4821.612285071396,5187.907733313511,5606.95812959268
2025-05-09 16:45:00,5482.183333333333,4783.932803535044,5150.08879613213,5566.277214415148
2025-05-09 17:00:00,5441.616666666667,4763.656436249782,5130.58050934929,5545.498575124682
2025-05-09 17:15:00,5425.573333333334,4749.3780864309665,5120.555328477879,5537.172748209113
2025-05-09 17:30:00,5383.1466666666665,4684.337602139453,5057.213427862865,5471.131066418999
2025-05-09 17:45:00,5308.513333333333,4661.114776381638,5037.807948000928,5452.7541346328235
2025-05-09 18:00:00,5229.06,4603.872162136122,4978.761219318166,5391.319464216984
2025-05-09 18:15:00,5190.426666666666,4554.148965549138,4926.879292269091,5334.760671102309
2025-05-09 18:30:00,5137.86,4516.125210101811,4887.269258359699,5291.547700104277
2025-05-09 18:45:00,5176.783333333333,4515.086702984542,4886.487775817896,5290.454177912832
2025-05-09 19:00:00,5157.6466666666665,4559.763071877452,4933.698298760137,5341.40641443222
2025-05-09 19:15:00,5215.373333333334,4582.356072042833,4958.031870649309,5367.852451921975
2025-05-09 19:30:00,5204.92,4571.657694928161,4947.341681510764,5356.382308895016
2025-05-09 19:45:00,5193.363333333334,4579.576221831712,4956.1536417960515,5366.076158013938
2025-05-09 20:00:00,5151.923333333333,4516.810964095946,4890.6449039791005,5295.264624046569
2025-05-09 20:15:00,5156.463333333333,4514.51145551597,4888.346636178041,5292.808506822858
2025-05-09 20:30:00,5145.956666666666,4505.371526665886,4878.7864219989915,5282.503418170237
2025-05-09 20:45:00,5157.836666666667,4478.467558628191,4850.482397827932,5251.9036427236
2025-05-09 21:00:00,5153.0,4460.047670978708,4831.004323213796,5230.87939304908
2025-05-09 21:15:00,5188.32,4484.721817700747,4857.0718054907575,5259.459856252581
2025-05-09 21:30:00,5292.033333333334,4532.591978294742,4907.4110830892205,5314.344420523979
2025-05-09 21:45:00,5352.486666666667,4582.044729657939,4959.311506953091,5370.919791150441
2025-05-09 22:00:00,5426.716666666667,4612.733113282328,4991.39336407213,5406.0148676285
2025-05-09 22:15:00,5485.106666666667,4677.734460528998,5059.779112367601,5480.683573840851
2025-05-09 22:30:00,5562.693333333333,4713.336814695003,5097.167433397128,5521.75029170932
2025-05-09 22:45:00,5600.083333333333,4751.726651835356,5137.3697230891,5565.848641118111
2025-05-09 23:00:00,5644.43,4776.315480750587,5162.956664270401,5594.088330050743
2025-05-09 23:15:00,5647.650000000001,4789.172657690746,5175.492632964852,5607.753341066872
2025-05-09 23:30:00,5613.673333333333,4777.315878481534,5161.945905541512,5593.125994969873
2025-05-09 23:45:00,5609.16,4765.622454082093,5148.451140124214,5578.521868764303
2025-05-10 00:00:00,5488.576666666667,4665.052434458162,4957.613425153861,5419.922180351133
2025-05-10 00:15:00,5406.29,4624.293665311549,4913.831245647949,5372.747934731776
2025-05-10 00:30:00,5335.326666666667,4537.296002821473,4821.353974896848,5272.76481269712
2025-05-10 00:45:00,5258.84,4455.582815427711,4734.311689407964,5178.624636582857
2025-05-10 01:00:00,5159.39,4367.4920382946075,4640.454651663237,5077.050843213263
2025-05-10 01:15:00,5073.45,4284.630132307649,4552.343516693726,4981.89573412129
2025-05-10 01:30:00,5000.400000000001,4218.940767497518,4482.164007170561,4906.1168988506715
2025-05-10 01:45:00,4923.696666666667,4165.0025996306385,4424.224098478324,4843.544319598647
2025-05-10 02:00:00,4840.386666666666,4087.283283818504,4341.198698920257,4753.7309064478195
2025-05-10 02:15:00,4759.053333333333,4018.7065262771644,4267.802197899537,4674.372612662552
2025-05-10 02:30:00,4671.75,3963.475866352803,4208.33381765866,4610.045153796395
2025-05-10 02:45:00,4591.7300000000005,3908.279679107618,4148.813996566783,4545.599222612253
2025-05-10 03:00:00,4525.656666666667,3858.3999905754736,4094.7973605088514,4487.052854684752
2025-05-10 03:15:00,4468.79,3807.1312081447986,4039.123519691728,4426.565035246972
2025-05-10 03:30:00,4415.056666666666,3763.8336925497383,3991.753940170436,4375.01100440429
2025-05-10 03:45:00,4368.863333333334,3718.412878103066,3942.090139180712,4320.90625547186
2025-05-10 04:00:00,4324.786666666667,3680.509605298739,3900.2672047108226,4275.233274242218
2025-05-10 04:15:00,4278.456666666666,3647.636465317528,3863.557359080582,4234.955291011108
2025-05-10 04:30:00,4252.1033333333335,3626.8018873123788,3839.4522432366707,4208.272369603402
2025-05-10 04:45:00,4210.69,3605.948227857925,3815.291947154561,4181.467357711763
2025-05-10 05:00:00,4162.5,3596.8354938438733,3803.4386667628137,4167.937104246935
2025-05-10 05:15:00,4114.69,3586.0280827994384,3791.7309201587163,4155.808172297792
2025-05-10 05:30:00,4081.6766666666667,3570.6055283160304,3775.1625430763565,4138.354629010102
2025-05-10 05:45:00,4040.3133333333335,3560.6629476302064,3764.3469142389154,4127.079083238409
2025-05-10 06:00:00,4046.6633333333334,3577.998565534112,3782.1922891723066,4146.807002673373
2025-05-10 06:15:00,4056.06,3625.0957968511084,3831.315472799102,4200.376445622741
2025-05-10 06:30:00,4049.92,3664.026824901078,3871.8786542437488,4244.622238926416
2025-05-10 06:45:00,4033.7466666666664,3667.4698294129184,3875.1862141282245,4248.452996360874
2025-05-10 07:00:00,4019.0200000000004,3681.0312549910814,3889.15819586772,4263.797585058041
2025-05-10 07:15:00,4041.2966666666666,3688.137661521369,3897.4850832761376,4273.719455935632
2025-05-10 07:30:00,4020.1200000000003,3647.4901641916067,3855.6925126425663,4229.2970622500525
2025-05-10 07:45:00,4036.3366666666666,3646.10819571776,3855.206967322563,4229.602964583312
2025-05-10 08:00:00,4050.5099999999998,3640.6136830357386,3850.463822601423,4225.267496327204
2025-05-10 08:15:00,4058.3033333333333,3696.303896400139,3909.9469279415207,4290.421592672908
2025-05-10 08:30:00,4090.723333333334,3752.050365076785,3969.5647831703563,4355.7016928706
2025-05-10 08:45:00,4128.17,3804.803520398622,4026.119530209608,4417.6466946693445
2025-05-10 09:00:00,4195.736666666667,3904.892260193205,4132.490433522111,4533.560242008147
2025-05-10 09:15:00,4331.553333333333,4072.3899168228286,4308.798093382135,4724.5974808007095
2025-05-10 09:30:00,4486.946666666667,4239.397501978215,4484.6879935974675,4915.17864227336
2025-05-10 09:45:00,4574.33,4334.608175771422,4584.472585674042,5023.262362438775
2025-05-10 10:00:00,4702.993333333333,4438.386601503816,4691.804440954919,5139.466829418805
2025-05-10 10:15:00,4819.426666666666,4498.069541086365,4752.920079585683,5205.60108807304
2025-05-10 10:30:00,4879.013333333333,4566.742974757308,4823.592720128336,5282.10467829026
2025-05-10 10:45:00,4933.806666666666,4577.351616650662,4833.379065689112,5292.649973733195
2025-05-10 11:00:00,5016.223333333333,4617.60316698152,4874.423682843664,5337.088055068904
2025-05-10 11:15:00,5066.0233333333335,4667.790226770026,4926.024250244612,5392.990012923792
2025-05-10 11:30:00,5061.46,4703.037036472207,4962.048249694363,5432.042714893143
2025-05-10 11:45:00,5091.196666666667,4722.337480712895,4981.439231281456,5453.105110338208
2025-05-10 12:00:00,5114.083333333333,4750.6899500746995,5010.459619076713,5484.638499075237
2025-05-10 12:15:00,5083.373333333333,4762.102426233841,5021.875935912332,5497.062700166354
2025-05-10 12:30:00,5019.52,4825.533931737848,5088.059744247628,5568.875777305197
2025-05-10 12:45:00,4942.28,4802.243706732158,5063.253554363065,5542.139247200152
2025-05-10 13:00:00,4846.306666666666,4682.814630505246,4937.56207956793,5406.133519109701
2025-05-10 13:15:00,4827.66,4638.428063420982,4891.112832234702,5355.751290732248
2025-05-10 13:30:00,4925.113333333334,4726.979893939791,4984.433041683493,5456.8762974604015
2025-05-10 13:45:00,5077.753333333333,4824.264426032591,5087.033287648781,5568.113538371815
2025-05-10 14:00:00,5197.006666666667,4908.42728891021,5175.950269512554,5664.5821304826295
2025-05-10 14:15:00,5305.373333333333,5006.730524301438,5281.258902977276,5778.896273467261
2025-05-10 14:30:00,5237.066666666667,5090.606884274523,5372.183544385747,5878.002156078127
2025-05-10 14:45:00,5209.3966666666665,5146.776285444929,5433.658775754463,5945.0597417200825
2025-05-10 15:00:00,5107.17,5169.479866852274,5459.220757785403,5972.8755981827935
2025-05-10 15:15:00,5027.123333333333,5186.423955148039,5473.923032031533,5985.563476286298
2025-05-10 15:30:00,4963.616666666667,5180.7269747174105,5464.348236122399,5971.748126865753
2025-05-10 15:45:00,4874.56,5124.923577042854,5402.19702520647,5901.026155322386
2025-05-10 16:00:00,4831.63,5092.59318723903,5364.762489791213,5857.151482927811
2025-05-10 16:15:00,4824.3,5068.3015217468765,5339.7145048639095,5829.369014738026
2025-05-10 16:30:00,4821.2300000000005,5018.385319096733,5287.788859698094,5772.525462527172
2025-05-10 16:45:00,4830.753333333333,4962.7256294082335,5229.864450305766,5709.243999699684
2025-05-10 17:00:00,4843.506666666667,4926.072595309314,5191.935313409029,5667.690254481613
2025-05-10 17:15:00,4840.740000000001,4913.036543369673,5182.728797129479,5659.925751581808
2025-05-10 17:30:00,4833.813333333333,4874.68550100185,5146.939403343669,5623.413950675074
2025-05-10 17:45:00,4839.333333333333,4820.574418350274,5094.5973980689605,5569.021515206454
2025-05-10 18:00:00,4823.156666666667,4751.52756739567,5026.560896523549,5497.676008281432
2025-05-10 18:15:00,4789.606666666667,4720.213732734273,4994.140786347618,5462.287312597499
2025-05-10 18:30:00,4778.743333333333,4695.983488412207,4969.143324662494,5434.989840079232
2025-05-10 18:45:00,4797.193333333334,4724.269893392403,4999.2911382409475,5467.4924752073
2025-05-10 19:00:00,4817.026666666666,4716.91479745288,4991.960912333334,5459.42627828843
2025-05-10 19:15:00,4845.433333333333,4761.56245724563,5039.464305953578,5510.978931298326
2025-05-10 19:30:00,4869.8966666666665,4753.638248794896,5031.6885573224545,5502.6668504319405
2025-05-10 19:45:00,4861.946666666667,4744.095456994359,5022.1562924689815,5492.4830581551105
2025-05-10 20:00:00,4837.513333333333,4704.318648292867,4980.798381506643,5447.84114825175
2025-05-10 20:15:00,4809.45,4704.831977847749,4981.576791022677,5448.800335010114
2025-05-10 20:30:00,4815.246666666667,4694.812080841589,4971.2137264376015,5437.70672814039
2025-05-10 20:45:00,4784.763333333333,4699.010689809548,4975.7065483611,5442.726770778277
2025-05-10 21:00:00,4799.703333333334,4690.180084058011,4966.424235947441,5432.832002997812
2025-05-10 21:15:00,4848.006666666667,4721.528722133534,4999.625307694053,5469.223804593815
2025-05-10 21:30:00,4919.69,4807.391737856478,5090.00010650116,5567.571951786341
2025-05-10 21:45:00,4956.296666666666,4866.076773073066,5151.721243428934,5634.870404353401
2025-05-10 22:00:00,5003.463333333333,4929.717557566669,5218.543304185866,5707.691104097611
2025-05-10 22:15:00,5091.336666666667,4986.1476355873565,5277.92438937021,5772.602436375733
2025-05-10 22:30:00,5127.276666666667,5051.301641453354,5346.358598811358,5847.3102065094645
2025-05-10 22:45:00,5189.153333333333,5087.550356380421,5384.3115035287055,5888.971142097373
2025-05-10 23:00:00,5233.473333333333,5129.038992503062,5427.652766331877,5936.449258151067
2025-05-10 23:15:00,5264.6466666666665,5135.735579251685,5434.446315899323,5944.380494817725
2025-05-10 23:30:00,5241.08,5113.591150753849,5410.821431451918,5919.321206830691
2025-05-10 23:45:00,5223.96,5106.609194148714,5403.006034848937,5911.359855466392
2025-05-11 00:00:00,5154.44,4949.349761160003,5237.194919207425,5732.159076093273
2025-05-11 00:15:00,5101.03,4879.711457434772,5163.07295304561,5652.108903875337
2025-05-11 00:30:00,5009.536666666667,4814.866520457166,5093.868528470942,5577.34403374581
2025-05-11 00:45:00,4944.793333333334,4744.157465388069,5018.386783410949,5495.730757800311
2025-05-11 01:00:00,4837.53,4657.4612976447925,4925.994871471504,5395.744561897318
2025-05-11 01:15:00,4771.076666666667,4581.299423026362,4845.044157380768,5308.429865477337
2025-05-11 01:30:00,4705.509999999999,4512.541465438807,4771.762508178033,5229.37102230832
2025-05-11 01:45:00,4637.09,4445.320623857435,4699.989918575614,5151.890914837411
2025-05-11 02:00:00,4569.1466666666665,4373.0604149038745,4622.821269825547,5068.505268909164
2025-05-11 02:15:00,4507.71,4302.899539815261,4547.274104344451,4986.490760233553
2025-05-11 02:30:00,4448.79,4229.148626521677,4467.862572502711,4900.227303534908
2025-05-11 02:45:00,4385.7,4161.764515199849,4395.052114214204,4821.053980753054
2025-05-11 03:00:00,4324.376666666667,4103.1529289751625,4331.37561634092,4751.714497572121
2025-05-11 03:15:00,4260.81,4051.659585563343,4275.101023722096,4690.331378439075
2025-05-11 03:30:00,4196.22,4004.2320787003514,4223.027789653977,4633.436178488145
2025-05-11 03:45:00,4159.093333333333,3962.269521688213,4176.632271687888,4582.628582047658
2025-05-11 04:00:00,4106.99,3922.4833160551634,4132.4663603844265,4534.172441365671
2025-05-11 04:15:00,4053.1666666666665,3881.1328162003274,4086.2424490233675,4483.177882800902
2025-05-11 04:30:00,3994.4733333333334,3857.164090571503,4058.2366515313815,4451.860999795978
2025-05-11 04:45:00,3950.94,3822.0857169801216,4018.5243287634457,4407.7967310609765
2025-05-11 05:00:00,3933.33,3784.7276300440276,3976.389449491353,4361.046385570009
2025-05-11 05:15:00,3907.9566666666665,3750.6280676247006,3940.8198777837406,4323.4682065090265
2025-05-11 05:30:00,3869.2466666666664,3725.3372055899927,3914.492276753062,4295.84687097553
2025-05-11 05:45:00,3822.7666666666664,3686.9857765335314,3874.4394074011957,4253.297325120257
2025-05-11 06:00:00,3793.353333333333,3685.630849978336,3873.257237773903,4252.814381420352
2025-05-11 06:15:00,3826.8799999999997,3690.609560381285,3878.3754622757283,4258.863323667335
2025-05-11 06:30:00,3796.903333333333,3693.2960468412007,3881.1046732249483,4262.275445399179
2025-05-11 06:45:00,3761.5433333333335,3684.5062926640508,3871.8041667386947,4252.607099622226
2025-05-11 07:00:00,3755.2433333333333,3677.5240953315542,3864.436991004688,4244.9916514015
2025-05-11 07:15:00,3751.6200000000003,3693.4010295154358,3882.221099312575,4265.324170737951
2025-05-11 07:30:00,3747.133333333333,3678.9428001970155,3868.1852434581256,4251.141596507116
2025-05-11 07:45:00,3746.096666666667,3691.9507815684165,3883.0604792199806,4268.255193311052
2025-05-11 08:00:00,3753.7433333333333,3704.6045555996166,3897.6264873401155,4285.0058405184445
2025-05-11 08:15:00,3727.97,3716.0163217177833,3910.3490453679537,4299.327731228945
2025-05-11 08:30:00,3765.5400000000004,3746.4891337344043,3943.1720937384143,4335.410326954384
2025-05-11 08:45:00,3755.436666666667,3770.044542228254,3968.8095277829684,4363.690712805207
2025-05-11 09:00:00,3829.0866666666666,3833.944653125089,4036.9187521465465,4437.98135369251
2025-05-11 09:15:00,3943.443333333333,3958.4513880864615,4168.18332836694,4580.291745729689
2025-05-11 09:30:00,4001.52,4095.9192492457782,4313.1614830543895,4737.458654426953
2025-05-11 09:45:00,4066.5033333333336,4168.923201649629,4390.517670199977,4821.3518304962045
2025-05-11 10:00:00,4149.403333333333,4275.392522497,4503.136759725207,4943.460647288718
2025-05-11 10:15:00,4228.126666666667,4368.676197035142,4601.769159834722,5050.260001786783
2025-05-11 10:30:00,4296.096666666666,4429.280576080833,4666.181799372728,5119.992572147673
2025-05-11 10:45:00,4359.956666666667,4473.551116927942,4713.549163079902,5171.272591395668
2025-05-11 11:00:00,4404.426666666667,4550.464326917844,4795.326237666327,5259.860268493324
2025-05-11 11:15:00,4422.723333333333,4596.907402724957,4844.967341529885,5313.488344279353
2025-05-11 11:30:00,4472.003333333333,4599.108335259159,4848.24837622359,5316.910432374518
2025-05-11 11:45:00,4513.313333333333,4626.306720032115,4877.910475934747,5348.9518967197
2025-05-11 12:00:00,4547.143333333333,4645.595753696913,4899.382978061408,5372.155838203081
2025-05-11 12:15:00,4600.96,4623.662445712356,4875.478964747636,5344.764267635623
2025-05-11 12:30:00,4601.11,4585.110648974933,4834.234367576339,5298.625895383728
2025-05-11 12:45:00,4602.400000000001,4527.5036403185495,4773.08775084363,5230.968225788352
2025-05-11 13:00:00,4496.826666666667,4437.914393507611,4678.456449016424,5127.076056749934
2025-05-11 13:15:00,4528.0199999999995,4403.302375713181,4634.154467044183,5072.72265978532
2025-05-11 13:30:00,4584.77,4475.907188149932,4702.599800468881,5140.595542631941
2025-05-11 13:45:00,4648.599999999999,4590.811998938798,4815.589749210376,5256.793047814619
2025-05-11 14:00:00,4763.496666666667,4674.530234173723,4895.91810153739,5337.65714983106
2025-05-11 14:15:00,4842.576666666667,4770.164432074377,5001.266913531102,5454.000547120871
2025-05-11 14:30:00,4919.506666666667,4737.064529539888,4971.4651737316335,5423.957546932915
2025-05-11 14:45:00,4963.223333333334,4735.410834217018,4974.787329918112,5429.870041247137
2025-05-11 15:00:00,5006.533333333334,4669.744377088381,4910.94214596163,5363.06423491149
2025-05-11 15:15:00,5032.18,4622.965813626965,4864.0380462013545,5312.697592470913
2025-05-11 15:30:00,5060.400000000001,4575.482076764172,4815.421035954584,5260.054036704048
2025-05-11 15:45:00,5075.016666666666,4509.702800081933,4748.381651425015,5187.855114716662
2025-05-11 16:00:00,5023.31,4473.825550698905,4713.17990614317,5150.390602586294
2025-05-11 16:15:00,4995.433333333333,4458.354449987352,4696.912036861758,5131.796416915276
2025-05-11 16:30:00,4964.44,4439.819128483948,4677.467553616486,5109.823392997433
2025-05-11 16:45:00,4940.400000000001,4433.482311415511,4670.873508579068,5101.837288825215
2025-05-11 17:00:00,4886.72,4431.197784444259,4668.564224589125,5098.555129911864
2025-05-11 17:15:00,4856.91,4425.40598115061,4664.4143984305965,5094.559699855967
2025-05-11 17:30:00,4799.09,4411.883921244937,4652.15557532405,5081.835106663761
2025-05-11 17:45:00,4752.07,4404.354524626006,4646.196738429628,5075.992753254383
2025-05-11 18:00:00,4710.593333333333,4385.181223968859,4628.001717905334,5056.944725620642
2025-05-11 18:15:00,4675.19,4350.297077179086,4591.465931691843,5016.851989181783
2025-05-11 18:30:00,4645.363333333334,4335.754515836146,4576.28116050677,4999.943131671857
2025-05-11 18:45:00,4689.099999999999,4356.220278136165,4597.848055652304,5022.903228566436
2025-05-11 19:00:00,4715.556666666666,4375.232981753533,4617.85404289665,5044.213982038306
2025-05-11 19:15:00,4764.23,4408.270361582416,4653.281711538966,5082.762928860793
2025-05-11 19:30:00,4822.083333333333,4427.579858834282,4674.23831379337,5105.666414735049
2025-05-11 19:45:00,4777.740000000001,4422.211366047373,4669.213027444492,5100.4477882566425
2025-05-11 20:00:00,4701.466666666666,4398.357316623305,4644.7045992251215,5074.1452734429495
2025-05-11 20:15:00,4530.393333333333,4383.716403206131,4630.657021950242,5059.772141950927
2025-05-11 20:30:00,4486.81,4391.153377034596,4639.728018388134,5070.470104021164
2025-05-11 20:45:00,4457.266666666666,4374.242281472607,4623.138262625462,5053.378241414113
2025-05-11 21:00:00,4456.830000000001,4381.531471332351,4631.885328728246,5063.752940935175
2025-05-11 21:15:00,4519.34,4423.395214157633,4676.741246716967,5113.181048842218
2025-05-11 21:30:00,4578.263333333333,4493.147555215453,4750.798818158295,5194.255208830124
2025-05-11 21:45:00,4653.09,4534.621563615128,4795.0467378465355,5243.027053708798
2025-05-11 22:00:00,4692.066666666667,4585.8576231413,4849.444906945,5302.792550658078
2025-05-11 22:15:00,4789.153333333333,4661.450000248751,4928.957205274291,5389.517888855218
2025-05-11 22:30:00,4889.4766666666665,4702.846535577746,4972.432681893261,5437.180595107598
2025-05-11 22:45:00,5002.196666666667,4759.175869000846,5031.4815526633065,5501.700934399971
2025-05-11 23:00:00,5079.003333333333,4796.502668777924,5070.4505418594545,5544.441293138373
2025-05-11 23:15:00,5140.166666666667,4818.32670763577,5092.530165744016,5568.653968188375
2025-05-11 23:30:00,5181.91,4799.574944536196,5072.3889565486015,5547.332044836316
2025-05-11 23:45:00,5192.875,4781.059935849451,5050.305680949058,5522.9078436755
2025-05-12 00:00:00,5189.953333333334,4930.247219163034,5288.820763768872,5732.939054700647
2025-05-12 00:15:00,5143.2,4873.598190064149,5226.835370723205,5665.287225072304
2025-05-12 00:30:00,5099.5,4792.531238007937,5139.810980354125,5570.80093424835
2025-05-12 00:45:00,5038.93,4728.880230150454,5071.500938353601,5496.7959659325015
2025-05-12 01:00:00,4951.82,4630.416223253522,4966.502939274976,5382.987037743575
2025-05-12 01:15:00,4858.28,4564.052196244438,4895.23742648511,5305.75992327815
2025-05-12 01:30:00,4789.106666666667,4502.106572638074,4828.504506757841,5233.390008715201
2025-05-12 01:45:00,4691.3533333333335,4438.7581193216265,4760.19204679322,5159.252050167723
2025-05-12 02:00:00,4626.133333333333,4374.433576852162,4690.752259711852,5083.834113734855
2025-05-12 02:15:00,4550.826666666667,4314.692233265549,4626.151474338253,5013.681006492803
2025-05-12 02:30:00,4482.82,4256.295365783191,4562.870343523214,4944.896310807669
2025-05-12 02:45:00,4422.2300000000005,4197.471741923942,4499.053221418091,4875.4680882005305
2025-05-12 03:00:00,4339.44,4141.287007606339,4437.926285723724,4808.891288225093
2025-05-12 03:15:00,4286.97,4084.064568726283,4375.632914174636,4740.986273056041
2025-05-12 03:30:00,4243.533333333333,4027.1987932575116,4313.644179040497,4673.346723155267
2025-05-12 03:45:00,4197.286666666667,3988.850597797481,4271.045777613447,4626.653648878021
2025-05-12 04:00:00,4143.483333333334,3942.4573033210168,4219.938699533905,4570.676120783953
2025-05-12 04:15:00,4098.046666666666,3896.6307148429005,4169.620432937445,4515.652172003315
2025-05-12 04:30:00,4072.25,3854.0061542229805,4122.623555387046,4464.16393847822
2025-05-12 04:45:00,4040.8133333333335,3825.041431074411,4089.9420713556638,4428.125442095402
2025-05-12 05:00:00,3978.653333333333,3809.8411994298126,4071.693487782132,4407.665294219497
2025-05-12 05:15:00,3951.6133333333332,3795.427838349502,4056.197461471432,4391.431415621202
2025-05-12 05:30:00,3907.0833333333335,3774.740010954282,4034.0975805348594,4367.983983294233
2025-05-12 05:45:00,3860.133333333333,3751.446704838758,4009.2561660624056,4341.510219280148
2025-05-12 06:00:00,3861.35,3743.9361215320787,4000.9990274013808,4332.953684025267
2025-05-12 06:15:00,3883.5033333333336,3779.0401992256684,4037.765865008123,4373.296785726453
2025-05-12 06:30:00,3883.78,3761.581029073256,4019.33078322966,4353.775465568364
2025-05-12 06:45:00,3839.17,3742.1524409549343,3998.8535054847134,4331.996068528023
2025-05-12 07:00:00,3833.9533333333334,3734.175667888627,3990.4414647271788,4323.248413736153
2025-05-12 07:15:00,3799.8233333333333,3735.5329707475603,3992.606941243595,4326.412390397433
2025-05-12 07:30:00,3806.6633333333334,3730.362104023415,3987.9632138805778,4322.162713872696
2025-05-12 07:45:00,3805.09,3727.799370616516,3986.1155878764293,4320.911234090317
2025-05-12 08:00:00,3800.523333333333,3739.141509921611,3998.938804131457,4335.529077010764
2025-05-12 08:15:00,3839.2233333333334,3735.5422368063364,3996.134535489316,4333.1891214607585
2025-05-12 08:30:00,3857.7433333333333,3771.864331496896,4035.3458512340053,4376.3568745341745
2025-05-12 08:45:00,3871.8366666666666,3778.714879552119,4043.6769917733836,4386.047199476116
2025-05-12 09:00:00,3968.02,3851.4141342520743,4121.273500120349,4470.781064916217
2025-05-12 09:15:00,4124.556666666666,3967.4795628678257,4244.034783713794,4604.121693990807
2025-05-12 09:30:00,4263.866666666667,4045.4797533869482,4326.903206850936,4694.231372887192
2025-05-12 09:45:00,4368.723333333332,4116.673824510592,4402.722834893675,4776.703877309749
2025-05-12 10:00:00,4501.816666666667,4197.633875290519,4488.907651063681,4870.413077761037
2025-05-12 10:15:00,4570.29,4272.271094246669,4568.437212707557,4956.838537871389
2025-05-12 10:30:00,4617.78,4329.814649259228,4630.120710343581,5023.939607767085
2025-05-12 10:45:00,4682.31,4390.5835535604565,4695.307101784631,5094.853942863798
2025-05-12 11:00:00,4780.833333333333,4433.869374401978,4742.242915006906,5146.013708620456
2025-05-12 11:15:00,4841.4766666666665,4455.83479067191,4766.65513001901,5172.629755574804
2025-05-12 11:30:00,4898.19,4491.694871840916,4805.783688017127,5215.221679124735
2025-05-12 11:45:00,4939.256666666667,4529.754086983508,4847.342228635727,5260.479796202284
2025-05-12 12:00:00,5001.55,4554.545588588933,4876.8358707262905,5292.771427625828
2025-05-12 12:15:00,5018.87,4585.718182435614,4912.909223511501,5332.069952749367
2025-05-12 12:30:00,5018.966666666666,4581.9900455500365,4910.681335856647,5329.838613332861
2025-05-12 12:45:00,5040.376666666667,4575.595097404333,4903.624708176037,5322.335353085386
2025-05-12 13:00:00,4925.013333333333,4467.248129102527,4789.575692134179,5198.945291141199
2025-05-12 13:15:00,4915.743333333333,4486.493543860662,4810.049162916132,5221.0062982619065
2025-05-12 13:30:00,5016.723333333333,4537.69954665501,4864.20848338807,5279.623274692433
2025-05-12 13:45:00,5094.89,4606.3582807967105,4936.808785897862,5358.279205488846
2025-05-12 14:00:00,5185.943333333334,4706.385621586012,5042.465686898609,5472.813392462771
2025-05-12 14:15:00,5253.856666666667,4783.468916370855,5123.682346506398,5560.291399525945
2025-05-12 14:30:00,5351.526666666667,4845.166132922584,5189.554477861459,5631.542289285108
2025-05-12 14:45:00,5421.2733333333335,4885.480580011143,5233.0503073997825,5678.609146203641
2025-05-12 15:00:00,5474.490000000001,4909.997613296554,5260.032084435822,5707.845160493621
2025-05-12 15:15:00,5503.0,4922.525154541142,5274.494399287195,5723.57947095104
2025-05-12 15:30:00,5549.920000000001,4935.556099941375,5289.55563336851,5740.027401108578
2025-05-12 15:45:00,5570.823333333334,4935.144540995716,5290.55822329799,5741.306227660817
2025-05-12 16:00:00,5534.373333333333,4885.934690213226,5240.351894826922,5687.1600460328755
2025-05-12 16:15:00,5509.596666666667,4861.050542116326,5215.532753773683,5660.195655123803
2025-05-12 16:30:00,5471.953333333334,4835.6165207655085,5190.178480656927,5632.714712576971
2025-05-12 16:45:00,5421.373333333334,4815.391087106966,5170.331293931238,5611.263498182618
2025-05-12 17:00:00,5451.8133333333335,4775.438488191187,5129.787038982797,5567.4461380573375
2025-05-12 17:15:00,5394.526666666667,4748.460038072836,5100.7038281150835,5534.641355474371
2025-05-12 17:30:00,5313.036666666667,4700.306923323345,5049.387415149701,5477.802544990239
2025-05-12 17:45:00,5277.453333333334,4661.372496330675,5007.760132148136,5431.518420719638
2025-05-12 18:00:00,5223.3,4621.260285614016,4964.891990132621,5383.943059498089
2025-05-12 18:15:00,5143.626666666667,4582.264706652106,4923.6720468820495,5338.530281281456
2025-05-12 18:30:00,5099.509999999999,4558.1114713034885,4898.025815582361,5310.041147072898
2025-05-12 18:45:00,5040.91,4589.71660736359,4930.930494662698,5345.042436839518
2025-05-12 19:00:00,5026.75,4608.782791657684,4950.627830539245,5365.77440808321
2025-05-12 19:15:00,5100.373333333333,4649.309149604784,4993.3150863304245,5411.782562649113
2025-05-12 19:30:00,5120.286666666667,4689.826818043913,5035.944160043614,5457.762931236646
2025-05-12 19:45:00,5123.596666666667,4657.678840532629,5002.177262526512,5420.992929904064
2025-05-12 20:00:00,5135.786666666667,4592.339631241067,4933.477976709458,5346.398372367344
2025-05-12 20:15:00,5173.2266666666665,4465.5907121079445,4799.586408618563,5200.77880557116
2025-05-12 20:30:00,5194.843333333333,4432.823045675233,4764.352469823223,5162.083790136101
2025-05-12 20:45:00,5205.25,4402.588027867003,4731.697681638442,5126.199460913927
2025-05-12 21:00:00,5247.736666666667,4399.9038146687435,4727.899648685112,5121.595862728986
2025-05-12 21:15:00,5325.776666666668,4454.9259429127405,4785.606390321048,5184.297462873433
2025-05-12 21:30:00,5400.026666666667,4508.528911156137,4841.725122586748,5245.281706633184
2025-05-12 21:45:00,5521.846666666667,4570.811709286531,4906.86110191109,5316.036122142688
2025-05-12 22:00:00,5563.850000000001,4606.630457109371,4944.089508560881,5356.545067656742
2025-05-12 22:15:00,5607.883333333334,4691.677211836699,5033.777455644674,5454.459536432485
2025-05-12 22:30:00,5688.906666666667,4772.745405617853,5119.173755140578,5547.710165388957
2025-05-12 22:45:00,5765.490000000001,4862.072095201534,5213.131670012094,5650.220525430409
2025-05-12 23:00:00,5790.079999999999,4924.477261717244,5278.690301591582,5721.936074216167
2025-05-12 23:15:00,5795.666666666667,4970.313749612571,5325.574223865627,5772.705781172449
2025-05-12 23:30:00,5756.400000000001,4993.668722417899,5348.835804806425,5797.9027352406965
2025-05-12 23:45:00,5715.225,4992.115170650842,5345.560555086438,5794.195448230143
2025-05-13 00:00:00,5643.066666666667,4911.612422968783,5259.779155645547,5701.306949906714
2025-05-13 00:15:00,5569.153333333333,4865.895448082019,5210.423229648491,5647.84871118302
2025-05-13 00:30:00,5474.376666666667,4815.654276813904,5156.196152947974,5589.068833474223
2025-05-13 00:45:00,5399.256666666667,4757.590873374453,5093.63463246367,5521.211469193828
2025-05-13 01:00:00,5293.5633333333335,4675.539192558254,5005.757213026434,5425.872807438679
2025-05-13 01:15:00,5206.996666666667,4594.411646958892,4919.711358025195,5333.118504474397
2025-05-13 01:30:00,5109.583333333333,4533.561936997425,4854.859437673938,5263.275484958827
2025-05-13 01:45:00,5042.53,4450.439699645759,4766.503033195939,5167.906744644436
2025-05-13 02:00:00,4920.28,4388.6501330322535,4700.456071809988,5096.653904992873
2025-05-13 02:15:00,4879.446666666667,4323.089519607485,4630.228221889622,5020.729133736065
2025-05-13 02:30:00,4810.990000000001,4261.938884991169,4564.540531961697,4949.662485465442
2025-05-13 02:45:00,4740.5,4206.548527146748,4504.8167223138535,4884.9955140719885
2025-05-13 03:00:00,4667.9766666666665,4135.243623019739,4428.291535488411,4802.0590780380235
2025-05-13 03:15:00,4600.7266666666665,4085.25377807754,4373.353239428889,4741.961071254838
2025-05-13 03:30:00,4535.2266666666665,4041.3702704040425,4324.7599776203715,4688.6738518325565
2025-05-13 03:45:00,4465.683333333333,3998.895041392837,4277.582640988582,4636.856196669893
2025-05-13 04:00:00,4382.89,3949.79394693157,4223.387622772154,4577.369716862934
2025-05-13 04:15:00,4338.006666666667,3907.141478933703,4175.309462833272,4524.040137057203
2025-05-13 04:30:00,4294.456666666666,3880.18046058148,4143.673623354882,4488.463998655788
2025-05-13 04:45:00,4268.536666666667,3849.7292594413566,4108.335991059157,4448.8143323775275
2025-05-13 05:00:00,4233.346666666667,3802.9617651703143,4055.8294830299014,4390.499607220506
2025-05-13 05:15:00,4202.876666666667,3781.630133765863,4032.4573136557315,4365.323991918651
2025-05-13 05:30:00,4161.913333333333,3749.2961223831226,3997.5143158464693,4327.552653652033
2025-05-13 05:45:00,4119.426666666666,3713.9827581571362,3959.4370059717635,4286.329372330166
2025-05-13 06:00:00,4137.5,3719.123186098125,3963.862498360532,4291.1084076043035
2025-05-13 06:15:00,4163.45,3749.3302072058195,3995.849502985168,4326.516454541905
2025-05-13 06:30:00,4157.900000000001,3756.5620348275115,4003.7187199443074,4335.742571998563
2025-05-13 06:45:00,4134.943333333334,3723.2143433943393,3968.9833756878697,4298.757589510611
2025-05-13 07:00:00,4129.963333333333,3720.554166673818,3966.5215935319793,4296.701913042246
2025-05-13 07:15:00,4123.400000000001,3697.81044097188,3944.3403042667637,4274.1354954424205
2025-05-13 07:30:00,4102.903333333333,3700.032473678198,3948.436184228727,4280.007528232743
2025-05-13 07:45:00,4095.17,3699.7248939714345,3949.9306371051143,4283.029043304579
2025-05-13 08:00:00,4101.493333333333,3701.3529736310456,3953.521512858797,4288.294350573477
2025-05-13 08:15:00,4163.813333333333,3728.380871652658,3983.3794824472407,4321.672683522079
2025-05-13 08:30:00,4158.886666666666,3753.2398642002895,4011.034529087438,4352.64393854883
2025-05-13 08:45:00,4243.19,3759.6558818800313,4019.395616139226,4362.692487021309
2025-05-13 09:00:00,4344.61,3852.647213932928,4118.796689798952,4471.379361858811
2025-05-13 09:15:00,4521.616666666666,3997.5584402070335,4272.348765559817,4638.410396899294
2025-05-13 09:30:00,4694.623333333333,4124.079080071882,4406.677452981358,4784.607740379637
2025-05-13 09:45:00,4845.943333333334,4219.555482400374,4508.493661628523,4895.575685186073
2025-05-13 10:00:00,4949.296666666666,4335.514476107439,4631.933540164261,5029.979918068276
2025-05-13 10:15:00,5032.849999999999,4398.270722803016,4699.346221512622,5103.519963326437
2025-05-13 10:30:00,5104.473333333333,4449.10737140413,4754.348523890882,5163.62567898048
2025-05-13 10:45:00,5175.67,4511.981872073963,4822.111814366627,5237.576649574084
2025-05-13 11:00:00,5223.5233333333335,4595.110873272088,4911.270257201013,5334.732816602932
2025-05-13 11:15:00,5269.2,4645.306809604725,4965.34042786874,5393.4859640668
2025-05-13 11:30:00,5379.473333333333,4687.950768993428,5011.595881119443,5443.800528776246
2025-05-13 11:45:00,5362.503333333333,4724.776848969313,5051.858934867438,5487.6548676482835
2025-05-13 12:00:00,5486.12,4775.687153258495,5107.038039921188,5547.708762051444
2025-05-13 12:15:00,5562.356666666667,4796.938559572997,5128.8640549924,5571.339186182566
2025-05-13 12:30:00,5636.776666666668,4803.0873394643795,5134.941995931582,5577.948438194042
2025-05-13 12:45:00,5650.97,4819.196654567681,5151.600803909066,5596.069381304074
2025-05-13 13:00:00,5569.973333333334,4713.191337432897,5040.085117999055,5475.35077903524
2025-05-13 13:15:00,5547.393333333333,4705.876274309093,5032.801672075474,5467.187365519005
2025-05-13 13:30:00,5681.400000000001,4784.6751146281895,5116.095575657293,5557.227051308171
2025-05-13 13:45:00,5812.803333333333,4855.624461246227,5191.248865656073,5638.502107693276
2025-05-13 14:00:00,5910.356666666667,4942.171529405469,5282.890436945255,5737.702137118969
2025-05-13 14:15:00,6002.0199999999995,5016.651988965787,5363.0908535360795,5824.614206369673
2025-05-13 14:30:00,6136.676666666666,5105.949335734224,5459.604817225828,5929.570003927951
2025-05-13 14:45:00,6233.496666666666,5168.254499909012,5527.351173412426,6003.184104210536
2025-05-13 15:00:00,6304.056666666666,5216.957958018661,5580.595248268678,6061.009900360396
2025-05-13 15:15:00,6333.463333333333,5244.812164667851,5611.571257705056,6094.565127348608
2025-05-13 15:30:00,6222.25,5277.928600882217,5648.474140798288,6134.760324553468
2025-05-13 15:45:00,6004.236666666667,5290.0845829710415,5662.9560573314675,6150.508825706531
2025-05-13 16:00:00,5852.653333333333,5253.56174112399,5625.981567478572,6110.390392171192
2025-05-13 16:15:00,5700.816666666667,5227.153208062361,5599.196126912162,6081.051006048939
2025-05-13 16:30:00,5542.06,5196.220367621984,5567.700158619364,6046.67064618638
2025-05-13 16:45:00,5401.503333333333,5149.736800659707,5519.902297675179,5994.687996152592
2025-05-13 17:00:00,5226.333333333333,5168.714577977325,5540.903312352311,6017.3162198395175
2025-05-13 17:15:00,5162.003333333333,5117.129898800378,5486.45614217903,5957.353047265991
2025-05-13 17:30:00,5135.25,5047.170859256032,5412.71766752427,5876.543661234007
2025-05-13 17:45:00,5138.126666666666,5012.8228942831565,5376.3952026802535,5836.333565123333
2025-05-13 18:00:00,5101.246666666667,4962.898430717993,5323.7051136718965,5778.441002077191
2025-05-13 18:15:00,5078.553333333333,4898.538379125684,5255.959791831744,5704.366999810572
2025-05-13 18:30:00,5022.743333333333,4859.208632729693,5214.491283131521,5658.814428084246
2025-05-13 18:45:00,5020.166666666667,4819.012690997888,5172.085978392954,5612.2919236434245
2025-05-13 19:00:00,5002.093333333333,4811.524875381897,5164.008261666344,5603.008535041503
2025-05-13 19:15:00,5024.606666666667,4876.179154495935,5232.8947167207625,5677.976016106408
2025-05-13 19:30:00,5001.46,4893.334834572854,5251.83182128171,5698.854078876701
2025-05-13 19:45:00,5024.66,4891.421739789864,5250.6798743060735,5697.995455832077
2025-05-13 20:00:00,5043.323333333334,4884.55215447714,5244.257929312229,5691.454182414786
2025-05-13 20:15:00,5039.836666666667,4890.988441541408,5251.137170081968,5698.942732948741
2025-05-13 20:30:00,5013.866666666666,4901.151553485154,5261.85602715667,5710.611867964431
2025-05-13 20:45:00,4983.91,4901.47739225787,5262.158645764438,5711.009999618947
2025-05-13 21:00:00,4957.336666666667,4921.58500466719,5283.156158767106,5733.8447415258825
2025-05-13 21:15:00,5006.53,4995.150187398308,5359.249049083137,5815.736420104569
2025-05-13 21:30:00,5059.349999999999,5062.000718346621,5428.190679330665,5889.8824526576345
2025-05-13 21:45:00,5112.573333333334,5162.21944110508,5532.086250027545,6001.903430332578
2025-05-13 22:00:00,5192.8966666666665,5200.615925498178,5570.928224131351,6043.427832438236
2025-05-13 22:15:00,5273.846666666667,5252.746885536813,5626.332494810135,6104.256526581632
2025-05-13 22:30:00,5338.3966666666665,5328.670530857661,5707.40505372504,6193.2511323129165
2025-05-13 22:45:00,5406.833333333333,5402.90677176555,5786.511200843401,6280.06048551984
2025-05-13 23:00:00,5443.003333333333,5433.847841138047,5819.088743353371,6315.998079932521
2025-05-13 23:15:00,5481.406666666667,5446.920765165538,5832.437504186061,6330.916036089309
2025-05-13 23:30:00,5481.463333333333,5420.187753380841,5803.74879720051,6300.206747557105
2025-05-13 23:45:00,5449.54,5391.116747935591,5772.484226667406,6266.673190204767
2025-05-14 00:00:00,5383.576666666667,5268.378077018822,5642.696141574248,6126.34376376724
2025-05-14 00:15:00,5321.436666666667,5205.355365143854,5575.15943891973,6053.18499498792
2025-05-14 00:30:00,5231.7733333333335,5124.070965331621,5488.3194775283255,5959.06608159553
2025-05-14 00:45:00,5170.64,5058.036105639095,5417.383435585001,5882.134159345843
2025-05-14 01:00:00,5099.916666666667,4965.318937574848,5318.301243896117,5774.654104697038
2025-05-14 01:15:00,5047.863333333334,4886.657346008358,5234.846030342265,5684.706998073109
2025-05-14 01:30:00,4988.056666666667,4804.348695861901,5147.450129398038,5590.435519003093
2025-05-14 01:45:00,4930.0199999999995,4740.765834756114,5079.62108158763,5517.310042252828
2025-05-14 02:00:00,4872.823333333334,4641.410791023174,4974.10919882879,5403.2933600934475
2025-05-14 02:15:00,4839.696666666667,4596.398190132273,4924.7386696695385,5349.480737968488
2025-05-14 02:30:00,4784.55,4533.7700115654325,4856.769053473147,5275.452753787824
2025-05-14 02:45:00,4730.333333333333,4470.675543157391,4788.221913569671,5200.736238522528
2025-05-14 03:00:00,4669.2733333333335,4404.4440875742885,4716.297034471757,5122.295994947217
2025-05-14 03:15:00,4635.03,4346.658219760701,4653.776581234422,5054.389246367693
2025-05-14 03:30:00,4595.33,4290.688367883042,4593.093906995511,4988.409262907075
2025-05-14 03:45:00,4561.663333333333,4231.13525986001,4528.583233356295,4918.216573048132
2025-05-14 04:00:00,4513.496666666667,4164.26065834359,4456.32407665886,4839.563168480669
2025-05-14 04:15:00,4491.576666666667,4123.982344952542,4411.956237761959,4791.068494380321
2025-05-14 04:30:00,4457.6466666666665,4087.8042581883724,4371.853402807065,4747.132028356851
2025-05-14 04:45:00,4436.116666666666,4063.0046624150805,4343.669261891241,4716.048256949443
2025-05-14 05:00:00,4403.4366666666665,4033.3621041427286,4310.369708314693,4679.3604534837505
2025-05-14 05:15:00,4370.393333333333,4013.4857189571535,4290.10732453315,4658.613339258209
2025-05-14 05:30:00,4372.42,3981.596849455886,4257.212933507916,4624.1206180224035
2025-05-14 05:45:00,4209.44,3949.904386189542,4224.520567179866,4589.791178972064
2025-05-14 06:00:00,3910.14,3973.5883830023536,4250.008214240695,4618.45174493079
2025-05-14 06:15:00,3963.4599999999996,4004.048039717314,4281.530956192408,4652.868060281073
2025-05-14 06:30:00,3998.123333333333,4003.2937927015373,4280.280621714722,4651.723651193192
2025-05-14 06:45:00,3978.19,3979.3050168468235,4254.647740689574,4624.113357362821
2025-05-14 07:00:00,3979.9266666666663,3974.3773425276404,4249.074135748454,4618.197076400922
2025-05-14 07:15:00,3970.6766666666663,3969.5833904194824,4244.412491730705,4613.718914842797
2025-05-14 07:30:00,3978.4733333333334,3954.0591405211326,4228.527041064995,4597.04347527538
2025-05-14 07:45:00,3958.876666666667,3946.593284247002,4221.163536628767,4589.570707709693
2025-05-14 08:00:00,3966.7466666666664,3950.0738776684175,4225.362863035792,4594.599448948326
2025-05-14 08:15:00,4077.69,4000.6154998475686,4279.437046091713,4653.8924845684305
2025-05-14 08:30:00,4220.833333333333,4005.992007681446,4286.138055944264,4661.832355444484
2025-05-14 08:45:00,4272.713333333333,4052.37171815534,4335.997094075073,4716.5219458227075
2025-05-14 09:00:00,4384.956666666667,4117.159860506138,4405.282476069538,4792.249947674669
2025-05-14 09:15:00,4614.8966666666665,4279.963684907483,4577.753475487914,4979.862805821146
2025-05-14 09:30:00,4788.376666666666,4437.017002266459,4744.280293344384,5161.031204350773
2025-05-14 09:45:00,4915.966666666666,4572.988081409339,4888.760345896345,5318.310759489211
2025-05-14 10:00:00,5035.223333333333,4673.262524529066,4995.844219203861,5435.073212062853
2025-05-14 10:15:00,5121.036666666667,4750.643644841787,5078.864483988195,5525.688384656998
2025-05-14 10:30:00,5210.876666666667,4823.00622466346,5156.724369445519,5610.72526364389
2025-05-14 10:45:00,5272.240000000001,4892.209397655731,5231.379556591213,5692.307119871129
2025-05-14 11:00:00,5363.293333333334,4943.385557175294,5287.212732467321,5753.515206918594
2025-05-14 11:15:00,5266.926666666667,4989.227773897215,5336.709043961898,5807.312160716562
2025-05-14 11:30:00,5310.236666666667,5074.318308786801,5427.167545040729,5905.509142561713
2025-05-14 11:45:00,5366.663333333333,5074.947971310771,5426.8704069751975,5905.311298934407
2025-05-14 12:00:00,5392.913333333333,5176.570858794009,5532.792749323615,6020.248605461977
2025-05-14 12:15:00,5434.61,5231.268730813161,5589.976232709583,6081.971168129577
2025-05-14 12:30:00,5511.546666666666,5287.999903729305,5649.414022771562,6146.17978055609
2025-05-14 12:45:00,5541.756666666667,5300.282169675524,5662.272102599725,6159.961384114563
2025-05-14 13:00:00,5444.400000000001,5216.547901145972,5574.3733990328565,6064.613032802311
2025-05-14 13:15:00,5436.87,5196.160746296441,5553.430166635942,6041.574359897385
2025-05-14 13:30:00,5491.110000000001,5303.519633488049,5666.801491477502,6164.13204081765
2025-05-14 13:45:00,5608.4766666666665,5415.782101166391,5785.735902408885,6292.916742824259
2025-05-14 14:00:00,5697.513333333333,5505.74843526334,5882.783636787092,6398.712082046288
2025-05-14 14:15:00,5827.883333333334,5588.799193745462,5972.048728865141,6495.3758095937255
2025-05-14 14:30:00,5967.72,5708.328735560109,6100.497072423941,6634.917084263853
2025-05-14 14:45:00,6049.533333333333,5794.175209406641,6192.971715773472,6735.225802166813
2025-05-14 15:00:00,6091.116666666666,5851.1759094874415,6254.755594791638,6802.123641025463
2025-05-14 15:15:00,6126.110000000001,5879.636050275891,6286.384176568435,6836.393442863006
2025-05-14 15:30:00,6107.323333333334,5802.105805195358,6206.208453333342,6749.333285616833
2025-05-14 15:45:00,6037.016666666666,5646.865699308468,6044.457143156309,6573.943257997213
2025-05-14 16:00:00,5990.713333333333,5533.129199539611,5926.3647979622165,6445.926228196944
2025-05-14 16:15:00,5964.296666666666,5416.913735570539,5804.015347629276,6312.220085253623
2025-05-14 16:30:00,5932.186666666666,5296.984814706908,5677.807219541185,6174.396025724123
2025-05-14 16:45:00,5877.763333333333,5187.593395709414,5562.704540889192,6048.668031418882
2025-05-14 17:00:00,5801.973333333332,5062.167580477201,5430.784282584723,5904.777671156215
2025-05-14 17:15:00,5749.360000000001,5011.575303142291,5378.5958143499165,5848.076442564997
2025-05-14 17:30:00,5684.7,4973.195417463002,5339.249368725492,5805.3483917925705
2025-05-14 17:45:00,5574.259999999999,4959.1270468891635,5325.4480274935995,5790.356421993613
2025-05-14 18:00:00,5509.133333333334,4917.853550267192,5283.062449840308,5744.444171414238
2025-05-14 18:15:00,5422.846666666667,4881.095064869851,5244.557551786745,5702.217722663791
2025-05-14 18:30:00,5354.663333333333,4829.7401477343765,5190.699061051025,5643.4023619980935
2025-05-14 18:45:00,5345.343333333333,4823.110373603333,5183.800372985452,5635.517402701349
2025-05-14 19:00:00,5338.163333333333,4813.619205172519,5173.861230939201,5624.379876832696
2025-05-14 19:15:00,5344.393333333333,4838.209473226506,5199.4417751830515,5651.607018557396
2025-05-14 19:30:00,5366.87,4820.441709299687,5180.473461360149,5630.5966681935115
2025-05-14 19:45:00,5342.7699999999995,4831.889332136335,5192.141676723729,5642.815426185755
2025-05-14 20:00:00,5319.8533333333335,4815.819465483776,5174.838130686763,5623.668510979497
2025-05-14 20:15:00,5312.956666666666,4819.3966572394465,5178.47048596565,5627.475878009696
2025-05-14 20:30:00,5333.37,4811.645119547989,5170.125640799491,5618.324865678745
2025-05-14 20:45:00,5348.693333333334,4790.505772317502,5147.634493039986,5593.860985229338
2025-05-14 21:00:00,5362.416666666667,4770.583031077559,5126.334351062524,5570.699472471736
2025-05-14 21:15:00,5456.650000000001,4819.990139611449,5178.9934421112575,5628.501586798189
2025-05-14 21:30:00,5536.933333333333,4876.378075442098,5238.889244348198,5694.148734503024
2025-05-14 21:45:00,5658.796666666666,4935.3132330146855,5301.35959899928,5762.584806573379
2025-05-14 22:00:00,5716.346666666667,5000.313636964043,5370.096474702365,5837.806156743824
2025-05-14 22:15:00,5797.583333333333,5072.622679476213,5445.916197205524,5920.36736530069
2025-05-14 22:30:00,5850.933333333333,5131.735065918427,5507.760077291822,5987.77102549727
2025-05-14 22:45:00,5922.43,5195.908294372845,5574.806234204365,6060.794267003838
2025-05-14 23:00:00,5946.786666666667,5227.415994152499,5607.418664846372,6096.483827793477
2025-05-14 23:15:00,5978.7,5254.326804062844,5635.083704441796,6126.78689759957
2025-05-14 23:30:00,5948.956666666666,5249.1105171277595,5628.878072439548,6120.358628399489
2025-05-14 23:45:00,5917.33,5217.033134592871,5594.333499616032,6083.189445908099
2025-05-15 00:00:00,5860.97,5092.1213718779945,5462.140831394767,5940.172990854273
2025-05-15 00:15:00,5774.966666666667,5035.840497858796,5402.29491828166,5875.755111328427
2025-05-15 00:30:00,5694.943333333334,4955.689031014085,5317.253235344987,5783.992013880852
2025-05-15 00:45:00,5608.026666666668,4892.984802696926,5250.424293719381,5711.917726687551
2025-05-15 01:00:00,5522.596666666667,4826.225944675692,5179.221017002146,5635.054236864194
2025-05-15 01:15:00,5432.66,4767.883326648011,5116.504116260043,5567.17176684055
2025-05-15 01:30:00,5347.843333333333,4709.405825439697,5053.53629161817,5498.963119712766
2025-05-15 01:45:00,5235.903333333333,4655.758098318535,4995.536673171774,5436.081509180723
2025-05-15 02:00:00,5122.09,4591.329737000872,4926.109429864297,5360.758608509292
2025-05-15 02:15:00,5052.686666666667,4553.944736459065,4884.508955536194,5315.20266274343
2025-05-15 02:30:00,4973.57,4499.124489755396,4824.498843888346,5249.636640973274
2025-05-15 02:45:00,4903.41,4446.0257961282905,4766.209676577657,5185.872687922918
2025-05-15 03:00:00,4829.98,4388.21149174228,4702.884325660504,5116.587930749988
2025-05-15 03:15:00,4752.2266666666665,4350.226452286923,4660.193004571523,5069.516308267313
2025-05-15 03:30:00,4676.683333333333,4311.9190298562235,4617.092938508199,5021.937137239173
2025-05-15 03:45:00,4617.45,4270.950946885435,4571.13411836803,4971.195525540396
2025-05-15 04:00:00,4555.4800000000005,4226.486799225715,4521.445671272691,4916.347996342209
2025-05-15 04:15:00,4501.066666666667,4202.06382875629,4493.37004166144,4885.263086950609
2025-05-15 04:30:00,4448.296666666666,4166.385448782864,4453.427344233622,4841.255814231977
2025-05-15 04:45:00,4401.716666666667,4143.799722076733,4427.204177268274,4812.052606676052
2025-05-15 05:00:00,4359.333333333333,4117.534384737337,4397.0877727197785,4778.569705251714
2025-05-15 05:15:00,4310.14,4090.8922253157853,4367.406883691023,4746.069356060421
2025-05-15 05:30:00,4252.776666666667,4088.710038783146,4363.410621898674,4741.342968765498
2025-05-15 05:45:00,4220.356666666667,3969.875569022386,4236.8594096285915,4603.761482509021
2025-05-15 06:00:00,4216.246666666667,3809.097875792899,4066.2476975485065,4418.383078286544
2025-05-15 06:15:00,4243.22,3859.5701459574652,4119.403022292463,4476.647487722204
2025-05-15 06:30:00,4241.796666666666,3890.1189552812457,4151.646598482623,4512.204003526406
2025-05-15 06:45:00,4207.406666666667,3870.8915922181764,4131.623944593353,4491.0801197831315
2025-05-15 07:00:00,4183.12,3873.4772655558045,4134.551649276745,4494.783000524703
2025-05-15 07:15:00,4168.733333333334,3868.790178783388,4130.853558595045,4491.91904097346
2025-05-15 07:30:00,4152.533333333333,3869.397402733093,4132.76653103049,4495.09992056989
2025-05-15 07:45:00,4139.9766666666665,3855.4166522267597,4119.410000625642,4481.703266718266
2025-05-15 08:00:00,4140.900000000001,3866.4709178110907,4132.417235530346,4496.84628438526
2025-05-15 08:15:00,4195.716666666667,3958.0887724823347,4230.2526719847,4603.96584738772
2025-05-15 08:30:00,4218.8,4059.9508265433915,4338.925941126242,4722.809180846498
2025-05-15 08:45:00,4270.666666666667,4112.156451065203,4395.513532622264,4785.196989800977
2025-05-15 09:00:00,4415.966666666667,4215.285581756243,4505.686620181727,4905.637767817431
2025-05-15 09:15:00,4608.033333333334,4415.973146185834,4717.956896387468,5136.37677306499
2025-05-15 09:30:00,4785.11,4579.494083902624,4891.278360511289,5324.907790669108
2025-05-15 09:45:00,4901.366666666666,4701.645701270088,5021.240190104216,5466.455526801819
2025-05-15 10:00:00,5017.186666666667,4815.434769823088,5142.52203641797,5598.602778342427
2025-05-15 10:15:00,5068.423333333333,4894.784994272694,5227.246134036286,5690.81987893055
2025-05-15 10:30:00,5156.203333333334,4974.681410841457,5312.655957628603,5783.793474317923
2025-05-15 10:45:00,5283.643333333333,5036.608783562673,5379.302617922302,5856.453030806212
2025-05-15 11:00:00,5321.433333333333,5109.0899341661325,5457.153204857759,5941.274660967623
2025-05-15 11:15:00,5342.956666666666,5054.39273937113,5401.1480863489505,5880.832634392766
2025-05-15 11:30:00,5417.2266666666665,5101.393194910776,5452.101927777431,5936.319774742939
2025-05-15 11:45:00,5478.966666666667,5140.112010506675,5494.475032669028,5982.541989957287
2025-05-15 12:00:00,5553.353333333333,5171.951586902322,5529.74073800922,6021.099342602555
2025-05-15 12:15:00,5592.25,5209.095713794714,5569.847118153324,6064.371967725517
2025-05-15 12:30:00,5592.936666666666,5272.263770303237,5637.4114852854655,6137.441129439407
2025-05-15 12:45:00,5595.4766666666665,5294.567363819278,5662.161828409089,6164.163746836319
2025-05-15 13:00:00,5520.313333333334,5200.901179561816,5565.193237826756,6059.042007221637
2025-05-15 13:15:00,5514.97,5192.644084402117,5557.45645850214,6050.255713980645
2025-05-15 13:30:00,5594.946666666667,5243.3899058131365,5611.815213801392,6108.809875358088
2025-05-15 13:45:00,5741.670000000001,5348.3166696893795,5723.200271360183,6229.21370552
2025-05-15 14:00:00,5820.349999999999,5433.691054539653,5814.925750699234,6328.40424059
2025-05-15 14:15:00,5940.263333333333,5548.109657182492,5936.117187485408,6459.308377071355
2025-05-15 14:30:00,6074.113333333334,5674.097875611421,6069.556044062548,6603.545264714274
2025-05-15 14:45:00,6182.673333333333,5745.111361402051,6145.328106404802,6685.35765159485
2025-05-15 15:00:00,6290.56,5784.261334107115,6187.707657788519,6731.049846366658
2025-05-15 15:15:00,6317.95,5807.716361221112,6211.568842869443,6755.734117114582
2025-05-15 15:30:00,6366.033333333333,5785.763208660273,6188.064877007609,6729.283853119955
2025-05-15 15:45:00,6349.97,5708.29606081939,6108.01900250132,6642.429118654536
2025-05-15 16:00:00,6313.953333333334,5658.327419723906,6056.9188459239485,6587.004236604685
2025-05-15 16:15:00,6272.796666666666,5619.408736769129,6016.869085677949,6543.210306629604
2025-05-15 16:30:00,6197.413333333333,5580.136463431505,5976.4904010002165,6499.123269797161
2025-05-15 16:45:00,6134.4766666666665,5521.827099132306,5916.147176234156,6433.465130169359
2025-05-15 17:00:00,6081.673333333333,5447.912193701767,5839.436911359718,6350.13282528078
2025-05-15 17:15:00,5964.923333333333,5401.766569214916,5792.041546643362,6298.706805042346
2025-05-15 17:30:00,5890.78,5342.993000940413,5731.391853304364,6232.976185413592
2025-05-15 17:45:00,5776.933333333333,5260.535519023026,5645.865015871898,6140.344540737705
2025-05-15 18:00:00,5661.889999999999,5201.515575746718,5584.957280118042,6074.443285604584
2025-05-15 18:15:00,5592.173333333333,5129.02731504304,5508.55114590539,5990.9030596088205
2025-05-15 18:30:00,5531.536666666667,5069.910798723965,5446.173765682703,5922.612374731183
2025-05-15 18:45:00,5496.553333333333,5061.703789099228,5437.253255264106,5912.2922561591895
2025-05-15 19:00:00,5484.136666666666,5057.590316051957,5432.598887806257,5906.636935348006
2025-05-15 19:15:00,5489.786666666667,5069.092217225234,5445.280555254798,5920.457071427562
2025-05-15 19:30:00,5465.886666666666,5082.153953229047,5459.551875138241,5936.035000547708
2025-05-15 19:45:00,5464.536666666667,5069.834296816519,5447.102337512564,5922.690077093037
2025-05-15 20:00:00,5447.783333333333,5049.332569862895,5425.994125049119,5899.990562798563
2025-05-15 20:15:00,5478.776666666668,5043.493364333322,5419.490732329062,5892.652035358767
2025-05-15 20:30:00,5499.703333333334,5053.979630019936,5430.062634659704,5903.836157750813
2025-05-15 20:45:00,5512.903333333333,5059.4871977384955,5435.322540584815,5909.280188691358
2025-05-15 21:00:00,5524.573333333334,5064.933779172858,5440.431260403682,5914.572199970857
2025-05-15 21:15:00,5646.396666666667,5139.735013310456,5518.673985794057,5999.363525038807
2025-05-15 21:30:00,5751.506666666667,5210.157867401569,5592.219853068188,6079.0687725000225
2025-05-15 21:45:00,5909.373333333333,5310.4661002667945,5697.060744329982,6192.684195311034
2025-05-15 22:00:00,5999.43,5365.271022748191,5753.992110073147,6254.380207535381
2025-05-15 22:15:00,6144.233333333334,5442.823558657588,5835.8069039567135,6343.763396587716
2025-05-15 22:30:00,6256.509999999999,5495.4261987458785,5891.298330029794,6404.609367108752
2025-05-15 22:45:00,6346.026666666668,5559.751165537813,5958.990346000945,6478.658229576486
2025-05-15 23:00:00,6384.7733333333335,5586.918177292497,5987.529056269485,6510.259316467468
2025-05-15 23:15:00,6407.633333333334,5615.557399664259,6016.888290940753,6542.316757753621
2025-05-15 23:30:00,6397.81,5594.8681014008835,5994.305665002045,6518.06107818867
2025-05-15 23:45:00,6375.68,5569.748733409451,5966.949316634673,6488.599549205511
2025-05-16 00:00:00,6293.373333333333,5448.811718264477,5838.810761297606,6349.894651861366
2025-05-16 00:15:00,6229.373333333333,5375.86869310222,5760.3656907098475,6264.589897554505
2025-05-16 00:30:00,6146.906666666667,5297.787498995297,5676.404452216816,6173.264569282474
2025-05-16 00:45:00,6049.2,5218.279072695888,5590.827123883501,6080.141703820657
2025-05-16 01:00:00,5941.193333333334,5137.8368063526095,5504.154048353761,5985.782284803483
2025-05-16 01:15:00,5833.06,5056.845038915676,5417.521164506346,5891.903221903781
2025-05-16 01:30:00,5746.7266666666665,4978.25048332319,5333.2974835227815,5800.580471919248
2025-05-16 01:45:00,5662.099999999999,4882.546808891989,5230.99380728167,5689.6099296764305
2025-05-16 02:00:00,5590.6466666666665,4785.010511425129,5126.662960638867,5576.3843472604885
2025-05-16 02:15:00,5502.056666666666,4725.337382907091,5062.255451603193,5506.52211600039
2025-05-16 02:30:00,5437.076666666667,4658.640854083935,4990.3766110964325,5428.502460973527
2025-05-16 02:45:00,5349.913333333334,4596.77758450852,4923.487760039465,5355.827183265708
2025-05-16 03:00:00,5260.21,4532.285669189186,4853.755214771617,5280.006863705987
2025-05-16 03:15:00,5185.243333333333,4467.220891603377,4783.10135588103,5202.961054376127
2025-05-16 03:30:00,5114.893333333333,4403.682206953669,4713.980693450065,5127.511967198739
2025-05-16 03:45:00,5039.753333333333,4352.095944101072,4657.353248743904,5065.535701286425
2025-05-16 04:00:00,4952.656666666667,4297.254711474493,4597.2494626147045,4999.727975854819
2025-05-16 04:15:00,4882.42,4251.076540565305,4546.683448400493,4944.517013367605
2025-05-16 04:30:00,4833.656666666667,4207.061329792018,4498.347216547005,4891.658910710197
2025-05-16 04:45:00,4771.36,4163.170111675416,4450.106112897441,4838.841590477832
2025-05-16 05:00:00,4727.8533333333335,4119.019231043471,4401.564644534253,4785.637781892181
2025-05-16 05:15:00,4669.806666666666,4054.756056886981,4332.968548700766,4711.376473266138
2025-05-16 05:30:00,4576.606666666667,3999.841208421785,4274.18133422742,4647.686307609447
2025-05-16 05:45:00,4523.2733333333335,3960.7546196490894,4232.018400067883,4601.954436224446
2025-05-16 06:00:00,4497.213333333333,3926.809098047358,4195.260006089342,4562.025530168057
2025-05-16 06:15:00,4528.91,3960.617379435802,4230.787139389455,4601.106742598697
2025-05-16 06:30:00,4534.400000000001,3970.773518663007,4241.485307413928,4613.235399730394
2025-05-16 06:45:00,4466.33,3947.7995650077683,4217.405009901923,4587.633245523912
2025-05-16 07:00:00,4437.14,3936.908884482769,4206.053336223935,4575.781673731875
2025-05-16 07:15:00,4444.783333333334,3930.865723737543,4200.808991569195,4571.160763505207
2025-05-16 07:30:00,4445.123333333333,3920.5114563715383,4191.084608593274,4561.650063453774
2025-05-16 07:45:00,4433.993333333333,3912.2055657064134,4183.568267072641,4554.500343593211
2025-05-16 08:00:00,4470.3966666666665,3892.397146000215,4164.030677377025,4534.296631455433
2025-05-16 08:15:00,4502.763333333333,3938.092506998255,4213.86483954269,4589.5653217104655
2025-05-16 08:30:00,4570.633333333334,3978.715997344663,4258.4463293287345,4639.1222523203705
2025-05-16 08:45:00,4607.533333333334,4030.832345973368,4315.183354969965,4701.8348736795915
2025-05-16 09:00:00,4751.31,4158.465051825898,4451.342229827269,4850.596509671387
2025-05-16 09:15:00,4917.863333333334,4336.695959650353,4639.655524707967,5055.131609855501
2025-05-16 09:30:00,5131.12,4500.879197185049,4813.307940668296,5243.77691365132
2025-05-16 09:45:00,5254.323333333334,4609.421084154584,4928.607047226821,5369.191921450231
2025-05-16 10:00:00,5369.19,4715.881924932561,5041.825288263374,5492.357190753632
2025-05-16 10:15:00,5493.346666666667,4771.104278603434,5100.593463699749,5556.041464629599
2025-05-16 10:30:00,5543.593333333333,4851.540793660016,5185.962634718925,5648.563792054855
2025-05-16 10:45:00,5609.860000000001,4955.4495774394345,5296.105375301409,5767.948102289541
2025-05-16 11:00:00,5688.13,5003.75061526377,5347.9451565130175,5824.177434414371
2025-05-16 11:15:00,5733.303333333333,5012.127411330958,5357.7168260925255,5834.684784489635
2025-05-16 11:30:00,5763.846666666667,5071.826846860677,5421.525304856227,5903.775323308532
2025-05-16 11:45:00,5823.776666666668,5122.321818560507,5475.7835619360385,5962.550411393224
2025-05-16 12:00:00,5896.12,5181.305348100861,5539.079267031811,6031.155052067049
2025-05-16 12:15:00,5941.420000000001,5211.484743022633,5571.990365635576,6066.712376687269
2025-05-16 12:30:00,6011.163333333334,5226.3665692505965,5588.948590861437,6085.026610522062
2025-05-16 12:45:00,6016.47,5227.251339036576,5589.759599803544,6085.827748403902
2025-05-16 13:00:00,5934.193333333334,5147.325765641574,5505.78889581018,5994.809377588951
2025-05-16 13:15:00,5924.786666666667,5133.597652394498,5491.841409864833,5979.351234153543
2025-05-16 13:30:00,6014.75,5206.034876665021,5568.525308189502,6062.154741620338
2025-05-16 13:45:00,6163.883333333334,5333.537582120622,5703.16477292013,6207.814860346674
2025-05-16 14:00:00,6301.756666666667,5408.13182636013,5782.322419706754,6293.413784097401
2025-05-16 14:15:00,6418.936666666667,5516.394974138682,5896.925547845099,6417.097443700119
2025-05-16 14:30:00,6602.7266666666665,5633.402102393718,6020.8075862845,6550.89720362884
2025-05-16 14:45:00,6716.833333333333,5726.050418269901,6120.196110100376,6658.688897855625
2025-05-16 15:00:00,6796.763333333333,5808.295040853861,6209.6528351278375,6756.208826749844
2025-05-16 15:15:00,6823.466666666667,5832.370336247982,6236.395648810568,6785.004803530637
2025-05-16 15:30:00,6795.183333333333,5864.6827129008,6272.231350465614,6823.890395165679
2025-05-16 15:45:00,6748.693333333333,5840.118577802932,6247.520229212124,6796.833026904304
2025-05-16 16:00:00,6685.139999999999,5806.44027458506,6213.290883842559,6759.526320967121
2025-05-16 16:15:00,6583.536666666667,5772.130175988968,6178.569182677208,6721.831602812307
2025-05-16 16:30:00,6421.813333333333,5709.676903979978,6114.32383380323,6652.208631831487
2025-05-16 16:45:00,6109.666666666667,5654.480448762841,6057.737366174714,6590.947055026069
2025-05-16 17:00:00,5751.28,5605.927562333274,6008.157962559406,6537.3392870858615
2025-05-16 17:15:00,5451.463333333333,5518.156937075804,5916.668052633642,6437.888474259457
2025-05-16 17:30:00,5314.826666666667,5455.357096996329,5851.4236686360555,6366.934757835626
2025-05-16 17:45:00,5376.733333333334,5356.824602482453,5748.644172526448,6255.363953289309
2025-05-16 18:00:00,5360.7733333333335,5261.487815796783,5649.218448257269,6147.480613469459
2025-05-16 18:15:00,5357.64,5199.974168237112,5584.585066843275,6076.860125980476
2025-05-16 18:30:00,5329.983333333334,5143.889823947735,5525.6364002077,6012.447651936217
2025-05-16 18:45:00,5332.113333333334,5122.1799781509235,5502.773526296363,5987.182597499425
2025-05-16 19:00:00,5323.330000000001,5112.597257281556,5492.616590521704,5975.727628819623
2025-05-16 19:15:00,5336.796666666666,5123.800859205368,5505.106487721447,5989.421407778419
2025-05-16 19:30:00,5356.84,5106.797069792367,5487.913674264615,5970.986521536693
2025-05-16 19:45:00,5368.633333333333,5101.747958410578,5483.223918381672,5966.1314729270025
2025-05-16 20:00:00,5318.553333333333,5080.667105944584,5461.628909830952,5942.985914101949
2025-05-16 20:15:00,5448.826666666667,5100.948589776335,5483.175021877249,5966.448801092271
2025-05-16 20:30:00,5352.233333333334,5113.587222817371,5496.616183281232,5981.149244629953
2025-05-16 20:45:00,5396.776666666667,5123.6981551268145,5507.3202766617915,5992.899766516823
2025-05-16 21:00:00,5370.07,5130.436484577674,5514.39412023861,6000.728385847693
2025-05-16 21:15:00,5502.080000000001,5228.382660619478,5617.560138553349,6112.933589625272
2025-05-16 21:30:00,5599.12,5321.287090671272,5715.332390664682,6219.297552308011
2025-05-16 21:45:00,5722.96,5449.934712923414,5850.553672090122,6366.240116512885
2025-05-16 22:00:00,5809.983333333334,5526.790542933861,5931.258978109806,6454.104579002852
2025-05-16 22:15:00,5945.993333333333,5640.239863728811,6049.326281240904,6581.793347714454
2025-05-16 22:30:00,6005.933333333333,5731.734885647802,6144.217281552311,6684.355029904312
2025-05-16 22:45:00,6071.323333333334,5805.8736725595145,6220.75999445325,6767.017108645795
2025-05-16 23:00:00,6147.22,5840.954049533201,6256.487247330142,6805.586084817882
2025-05-16 23:15:00,6182.196666666667,5860.913025021051,6276.283957563055,6826.901569181119
2025-05-16 23:30:00,6158.0233333333335,5846.544975784011,6259.490920996131,6808.349333790863
2025-05-16 23:45:00,6148.21,5827.814734298758,6237.995471607404,6784.668519446675
2025-05-17 00:00:00,6063.81,5731.097694538505,6050.597496515743,6629.388885792881
2025-05-17 00:15:00,5983.110000000001,5668.872146465548,5983.41181681234,6556.284708650816
2025-05-17 00:30:00,5901.29,5595.090024301389,5903.967026643874,6469.853364152921
2025-05-17 00:45:00,5808.563333333334,5508.916131670266,5811.38720227255,6369.142655428941
2025-05-17 01:00:00,5707.846666666667,5413.162665488056,5708.628738133291,6257.3532504585455
2025-05-17 01:15:00,5609.673333333333,5319.644953507256,5609.079777539731,6149.641327007322
2025-05-17 01:30:00,5543.616666666666,5244.202846013025,5528.4111677980345,6062.333707902114
2025-05-17 01:45:00,5473.98,5166.341936623185,5445.095674462974,5972.101480917396
2025-05-17 02:00:00,5386.91,5096.714651814661,5370.328243657802,5891.073443369985
2025-05-17 02:15:00,5317.483333333334,5019.063300234612,5286.425408237755,5799.679030314351
2025-05-17 02:30:00,5250.623333333333,4956.407294789396,5218.18333399167,5725.192926105539
2025-05-17 02:45:00,5174.16,4879.774382279289,5135.169973911192,5634.638054716588
2025-05-17 03:00:00,5101.176666666666,4802.587649988183,5051.492656169663,5543.300084874652
2025-05-17 03:15:00,5017.626666666666,4736.002607270731,4978.99843798506,5464.09719148612
2025-05-17 03:30:00,4939.083333333333,4673.4491578783945,4910.669603668157,5389.343235428865
2025-05-17 03:45:00,4897.21,4609.510443002803,4840.8218988456265,5312.878724781704
2025-05-17 04:00:00,4835.3,4538.197349454491,4763.170151722608,5227.893295918615
2025-05-17 04:15:00,4771.389999999999,4478.921005140827,4698.478837610141,5157.131952092217
2025-05-17 04:30:00,4728.94,4437.131619154456,4652.116139950637,5106.1680234559435
2025-05-17 04:45:00,4666.263333333333,4385.004020323907,4594.8573586393995,5043.334896522232
2025-05-17 05:00:00,4629.283333333333,4345.861919893682,4551.213096017886,4995.193326792525
2025-05-17 05:15:00,4570.026666666667,4301.036861725049,4505.226993822417,4946.897990763375
2025-05-17 05:30:00,4514.073333333333,4232.604527179036,4434.427818358336,4871.657751464248
2025-05-17 05:45:00,4461.866666666666,4192.079687143386,4392.942927139491,4828.126583346249
2025-05-17 06:00:00,4429.046666666666,4179.770455475001,4381.1038482444765,4816.666010341562
2025-05-17 06:15:00,4390.816666666667,4210.669925572726,4414.7912111262885,4854.56809807147
2025-05-17 06:30:00,4384.82,4218.744398172153,4424.518576774132,4866.459236647479
2025-05-17 06:45:00,4354.246666666667,4170.883243937736,4375.508813951516,4814.658166959518
2025-05-17 07:00:00,4334.04,4151.836416210298,4356.804709959686,4795.654000575741
2025-05-17 07:15:00,4251.763333333333,4161.541979215035,4367.9837885193465,4808.7479241958845
2025-05-17 07:30:00,4247.4766666666665,4159.277279961498,4366.636398945277,4808.23301725119
2025-05-17 07:45:00,4244.276666666667,4154.328731882094,4362.525547130745,4804.692012715979
2025-05-17 08:00:00,4256.7300000000005,4171.6019299975915,4381.822941789042,4826.488105421631
2025-05-17 08:15:00,4264.86,4197.24200272515,4409.128404042224,4856.367572876129
2025-05-17 08:30:00,4315.61,4240.292732170908,4454.800517905559,4906.12897290893
2025-05-17 08:45:00,4351.106666666667,4244.306909927086,4459.543810803092,4911.5243204377875
2025-05-17 09:00:00,4407.316666666667,4364.61593204333,4586.549345530922,5049.390156125485
2025-05-17 09:15:00,4531.81,4517.9176494870135,4748.916165564423,5225.972770713282
2025-05-17 09:30:00,4666.806666666666,4706.364561310474,4948.302337707714,5442.66583377985
2025-05-17 09:45:00,4782.053333333333,4818.16666445392,5067.2697327213145,5572.2186536368745
2025-05-17 10:00:00,4874.203333333334,4928.559870265149,5184.862397311414,5700.2868967949835
2025-05-17 10:15:00,4987.143333333333,5034.635004521695,5297.176263024623,5822.0742542470325
2025-05-17 10:30:00,5039.93,5082.856900371966,5348.823541081417,5878.1372777950055
2025-05-17 10:45:00,5171.400000000001,5146.432416318773,5416.715232298889,5951.820165115093
2025-05-17 11:00:00,5249.16,5215.086339367144,5490.058625138858,6031.432065551334
2025-05-17 11:15:00,5289.193333333334,5257.2968149312355,5535.496337568651,6080.668270139358
2025-05-17 11:30:00,5388.7266666666665,5285.063756407581,5565.879313774986,6113.62067112312
2025-05-17 11:45:00,5460.8,5333.085459861163,5617.66085743401,6169.793457715516
2025-05-17 12:00:00,5528.3966666666665,5393.0397706459535,5682.09804200249,6239.716438967971
2025-05-17 12:15:00,5584.7,5425.685612424062,5716.967298014008,6277.217101273316
2025-05-17 12:30:00,5645.836666666667,5468.051957476543,5761.387200123538,6325.078827465267
2025-05-17 12:45:00,5701.923333333333,5466.6040165690765,5759.894101706699,6323.235985578007
2025-05-17 13:00:00,5626.806666666666,5390.805350638064,5680.405529801624,6236.927144511936
2025-05-17 13:15:00,5647.246666666667,5378.140737155087,5667.795148191583,6222.696971722502
2025-05-17 13:30:00,5746.73,5459.234444324993,5753.7930622446165,6315.372161025985
2025-05-17 13:45:00,5866.796666666666,5593.43096738811,5895.684638067644,6468.6696998180205
2025-05-17 14:00:00,5977.84,5709.620159773797,6018.760251890787,6601.636843404537
2025-05-17 14:15:00,6092.32,5816.90787302539,6132.56371331189,6724.931736416615
2025-05-17 14:30:00,6182.259999999999,5953.531666560609,6280.357226402782,6886.553232971064
2025-05-17 14:45:00,6155.696666666667,6042.236585776917,6376.653151730946,6991.855911589494
2025-05-17 15:00:00,5954.186666666667,6098.764607434838,6438.617491393472,7059.73674494929
2025-05-17 15:15:00,5726.806666666666,6110.739637094807,6452.149505741092,7073.886134093222
2025-05-17 15:30:00,5715.883333333334,6087.274557389655,6428.04300267486,7047.093431204167
2025-05-17 15:45:00,5771.139999999999,6042.431604614196,6381.541246240349,6996.0981481139115
2025-05-17 16:00:00,5816.166666666667,5989.473912471413,6326.571229118072,6935.991258505675
2025-05-17 16:15:00,5860.296666666666,5911.230297169698,6243.505558934847,6844.44545783962
2025-05-17 16:30:00,5827.81,5789.532844482793,6114.831415395442,6703.542028414982
2025-05-17 16:45:00,5768.3,5567.067083434961,5880.3288930596045,6448.0261939981365
2025-05-17 17:00:00,5714.553333333333,5313.6189019549065,5613.30494155651,6157.33144008582
2025-05-17 17:15:00,5646.366666666666,5091.170683221132,5377.652193987947,5899.875285733144
2025-05-17 17:30:00,5572.683333333333,4983.7623294681225,5262.868265464367,5773.449197915798
2025-05-17 17:45:00,5461.616666666666,5010.444370317632,5288.959131782387,5799.729431662016
2025-05-17 18:00:00,5400.860000000001,4982.7553817803955,5257.926253559003,5764.164224053879
2025-05-17 18:15:00,5276.823333333334,4969.335059463529,5243.817967120742,5748.292286139327
2025-05-17 18:30:00,5238.3,4944.908290026569,5218.127595020728,5719.918208223087
2025-05-17 18:45:00,5187.849999999999,4944.578439767686,5217.725765332909,5718.991744218543
2025-05-17 19:00:00,5141.97,4938.181429282652,5210.915620800505,5711.163329161845
2025-05-17 19:15:00,5155.1466666666665,4951.7624847819825,5226.146408237388,5727.989999607416
2025-05-17 19:30:00,5147.243333333333,4965.929579979203,5241.94381442798,5745.465912773424
2025-05-17 19:45:00,5189.58,4972.39119173546,5249.590028967546,5754.140900345667
2025-05-17 20:00:00,5127.393333333333,4931.690129595578,5207.625967240627,5709.08650110693
2025-05-17 20:15:00,5136.073333333333,5020.048505367095,5300.691181231824,5810.046859407894
2025-05-17 20:30:00,5137.416666666667,4954.978628725513,5232.494614067136,5736.285376613072
2025-05-17 20:45:00,5206.78,4982.894891973685,5261.904339304337,5768.305157043965
2025-05-17 21:00:00,5195.919999999999,4965.565421448174,5243.6934292584065,5748.735439214712
2025-05-17 21:15:00,5284.403333333333,5073.818049021848,5357.808642057308,5872.886537497825
2025-05-17 21:30:00,5377.116666666667,5160.785679001077,5449.465520422485,5972.705378287759
2025-05-17 21:45:00,5450.496666666667,5267.78051937183,5562.060790304967,6095.21203835869
2025-05-17 22:00:00,5536.693333333334,5343.623926216267,5641.824093511859,6182.1371983046
2025-05-17 22:15:00,5659.393333333333,5462.390014684872,5766.571507671273,6317.7974676537215
2025-05-17 22:30:00,5763.55,5519.658650902737,5826.600023030908,6383.31545799984
2025-05-17 22:45:00,5858.69,5581.3859315277905,5891.198168357084,6453.767499070042
2025-05-17 23:00:00,5940.883333333334,5644.503405912336,5957.140288409091,6525.654262285289
2025-05-17 23:15:00,5955.2300000000005,5674.130009365153,5987.293605518588,6558.409277457461
2025-05-17 23:30:00,5992.97,5654.067308460942,5965.12603578688,6534.440462280201
2025-05-17 23:45:00,5965.288333333334,5641.835468360403,5951.065630453917,6519.223413625323
2025-05-18 00:00:00,5937.606666666667,5504.589633236849,5805.550398996685,6361.526415635816
2025-05-18 00:15:00,5882.650000000001,5435.231653489162,5731.601318918008,6281.582137822435
2025-05-18 00:30:00,5817.586666666667,5359.913399768687,5651.27239734908,6194.681416925655
2025-05-18 00:45:00,5739.736666666667,5277.6279615969315,5563.507313973056,6099.676579925088
2025-05-18 01:00:00,5657.240000000001,5184.507212010653,5464.244358388951,5992.163537981798
2025-05-18 01:15:00,5565.02,5096.854317096611,5370.248700528141,5890.061907452781
2025-05-18 01:30:00,5494.446666666667,5034.089022664071,5302.28982828183,5816.119231183186
2025-05-18 01:45:00,5414.843333333333,4968.578134326899,5231.3407566658,5738.879933071305
2025-05-18 02:00:00,5327.663333333333,4891.987294576176,5148.649608427601,5648.858607650933
2025-05-18 02:15:00,5235.623333333334,4828.372143676525,5080.830426761252,5575.788178493243
2025-05-18 02:30:00,5161.37,4768.47807523574,5016.827675685902,5506.791645492827
2025-05-18 02:45:00,5088.033333333334,4700.119608653841,4943.8448797752435,5428.001683242623
2025-05-18 03:00:00,5014.150000000001,4633.507130023237,4872.614220401916,5351.04668101236
2025-05-18 03:15:00,4943.07,4560.653202312904,4794.507036663573,5266.413174906663
2025-05-18 03:30:00,4878.14,4491.942072753403,4720.682064530513,5186.355199643564
2025-05-18 03:45:00,4807.14,4451.025393633001,4675.993368128828,5137.804317264038
2025-05-18 04:00:00,4745.876666666667,4393.783885729677,4614.097612695947,5070.543490247603
2025-05-18 04:15:00,4686.3,4335.668948984895,4550.748043126211,5001.317492472452
2025-05-18 04:30:00,4623.956666666667,4294.353388953687,4505.004741821591,4951.106179729444
2025-05-18 04:45:00,4579.14,4239.0973790170265,4444.580977874449,4884.924948821275
2025-05-18 05:00:00,4538.0199999999995,4206.806596083346,4408.256071824928,4844.796013086122
2025-05-18 05:15:00,4483.2300000000005,4162.937866924454,4364.855610982749,4800.3612200347325
2025-05-18 05:30:00,4403.596666666667,4116.136821989035,4318.362437082106,4752.51751544799
2025-05-18 05:45:00,4329.3,4074.2388277291834,4277.015917017516,4710.195049794078
2025-05-18 06:00:00,4287.34,4052.3172104688692,4256.659373040024,4690.563791059501
2025-05-18 06:15:00,4257.5199999999995,4040.5380261306836,4243.0778553319615,4675.616865788967
2025-05-18 06:30:00,4229.9366666666665,4035.5726329652284,4236.673771728046,4668.399238741684
2025-05-18 06:45:00,4209.363333333334,4011.21446574568,4209.923149159795,4639.089109354333
2025-05-18 07:00:00,4185.516666666666,3997.9023273352295,4194.811459339029,4622.34878268175
2025-05-18 07:15:00,4164.956666666666,3960.3134109481193,4155.331784682829,4579.897778326344
2025-05-18 07:30:00,4126.056666666666,3959.21498069693,4154.236738242553,4579.004760682278
2025-05-18 07:45:00,4126.403333333333,3956.818230220265,4151.833815420621,4576.662905512006
2025-05-18 08:00:00,4095.03,3970.9257079594977,4166.832523029559,4593.14943114563
2025-05-18 08:15:00,4098.13,3976.918729911947,4173.740733823693,4601.089502774579
2025-05-18 08:30:00,4102.763333333333,4023.95551252181,4223.843674034447,4655.814994234615
2025-05-18 08:45:00,4123.150000000001,4050.970986300831,4252.994514509923,4687.821033026872
2025-05-18 09:00:00,4163.493333333333,4113.2628212223935,4319.292530666933,4760.067621156186
2025-05-18 09:15:00,4256.043333333334,4232.473306874918,4446.574017303527,4899.120736966173
2025-05-18 09:30:00,4339.373333333334,4357.129221186302,4579.673364445192,5044.474638734995
2025-05-18 09:45:00,4416.253333333333,4460.161031761698,4690.156682112772,5165.322847453582
2025-05-18 10:00:00,4522.806666666666,4545.871595981014,4782.548335319563,5266.572156436107
2025-05-18 10:15:00,4611.996666666667,4645.892647767275,4888.745226745993,5381.894101101691
2025-05-18 10:30:00,4673.893333333333,4697.261832804584,4943.942156280522,5441.966382720132
2025-05-18 10:45:00,4747.943333333334,4802.445749848731,5055.789341622907,5563.441944655045
2025-05-18 11:00:00,4837.96,4871.873130574741,5130.188525059432,5644.360777393725
2025-05-18 11:15:00,4900.61,4906.958415316802,5167.8975475088,5685.05935445947
2025-05-18 11:30:00,4945.576666666667,4983.369200763303,5249.140749459594,5772.9605629017615
2025-05-18 11:45:00,5024.493333333333,5042.8745151193625,5312.743332123839,5841.779636758212
2025-05-18 12:00:00,5085.256666666667,5098.639324230997,5372.535954754968,5906.506924573645
2025-05-18 12:15:00,5173.849999999999,5145.71223471361,5421.978644479559,5959.163301891905
2025-05-18 12:30:00,5230.42,5191.123628232273,5469.7939998748925,6010.099616835906
2025-05-18 12:45:00,5280.383333333333,5228.650041332171,5509.442373878849,6052.232618826335
2025-05-18 13:00:00,5237.443333333334,5153.374760349844,5430.700087457702,5966.127751527787
2025-05-18 13:15:00,5267.4766666666665,5168.831686772082,5449.457352010711,5987.108936451472
2025-05-18 13:30:00,5381.686666666667,5253.909617258832,5541.465126984667,6087.518009886023
2025-05-18 13:45:00,5483.79,5360.546362566233,5656.227585667539,6212.64032696589
2025-05-18 14:00:00,5610.71,5465.0627785132565,5768.084831737262,6334.641762017076
2025-05-18 14:15:00,5716.393333333333,5562.125851993721,5870.3135095863645,6444.50935867757
2025-05-18 14:30:00,5803.373333333333,5647.7214739948895,5960.587703829868,6541.48473634294
2025-05-18 14:45:00,5881.389999999999,5643.240291709677,5956.318146487119,6536.076065843327
2025-05-18 15:00:00,5942.693333333334,5514.692009745632,5821.790350016517,6389.58435015593
2025-05-18 15:15:00,5980.443333333334,5361.788590890859,5661.97718346641,6216.011471453861
2025-05-18 15:30:00,6010.32,5351.048890032099,5651.261222146889,6203.912316415451
2025-05-18 15:45:00,6010.243333333333,5384.118320932992,5686.3286232113205,6241.346498743742
2025-05-18 16:00:00,5964.876666666667,5398.84816020127,5701.506946690637,6256.977301987862
2025-05-18 16:15:00,5924.516666666666,5410.609763974138,5711.935888918499,6266.618833211326
2025-05-18 16:30:00,5894.386666666666,5362.06368832468,5657.661536182119,6205.564823410789
2025-05-18 16:45:00,5796.233333333334,5287.495388798832,5580.358878616395,6121.611034652893
2025-05-18 17:00:00,5744.176666666666,5210.620750006191,5500.660837797279,6035.122645405538
2025-05-18 17:15:00,5668.323333333334,5129.331339604163,5413.912450787763,5939.425166757899
2025-05-18 17:30:00,5592.47,5056.062036283996,5335.601824982599,5852.92844691544
2025-05-18 17:45:00,5516.143333333333,4976.03202612531,5250.192959469717,5758.795766814143
2025-05-18 18:00:00,5438.46,4925.550198381624,5195.822815312011,5698.349719807066
2025-05-18 18:15:00,5388.8966666666665,4830.974734970461,5094.99655006776,5587.533619723015
2025-05-18 18:30:00,5325.116666666666,4795.1660101395355,5055.889365518436,5543.643880307483
2025-05-18 18:45:00,5303.14,4764.659562448388,5022.325757334026,5505.80628285047
2025-05-18 19:00:00,5346.133333333333,4734.821245896741,4989.429685979267,5468.734065127204
2025-05-18 19:15:00,5363.553333333333,4751.931782310531,5007.517132941834,5488.086082701742
2025-05-18 19:30:00,5443.303333333333,4755.255484591248,5011.071581159895,5491.725529969882
2025-05-18 19:45:00,5521.243333333333,4780.197310880534,5037.281151158965,5519.9455025638335
2025-05-18 20:00:00,5583.206666666668,4722.22822009296,4976.324643274533,5453.740951254544
2025-05-18 20:15:00,5636.873333333333,4721.528494501948,4975.585437112825,5452.89277610486
2025-05-18 20:30:00,5705.133333333334,4709.2526240191655,4962.6091048557655,5438.804568440117
2025-05-18 20:45:00,5795.063333333334,4757.387938522277,5013.017004412384,5493.414899435152
2025-05-18 21:00:00,5894.16,4745.461944173328,5000.239565389191,5479.569956252965
2025-05-18 21:15:00,6017.236666666667,4825.733916453073,5084.472873062883,5571.0155105939375
2025-05-18 21:30:00,6151.366666666666,4907.51837177099,5170.198048713585,5664.081036618768
2025-05-18 21:45:00,6317.46,4979.55969101162,5245.585974715105,5745.944371590165
2025-05-18 22:00:00,6401.0233333333335,5053.88499801964,5323.267969262958,5830.288469983485
2025-05-18 22:15:00,6519.893333333333,5164.080420238942,5438.646517558643,5955.552388177074
2025-05-18 22:30:00,6664.5233333333335,5254.334502071995,5532.96350387157,6057.980734463656
2025-05-18 22:45:00,6745.360000000001,5340.4695089592715,5622.838680771543,6155.57841483515
2025-05-18 23:00:00,6803.47,5412.700287210505,5697.990069558491,6237.199930528896
2025-05-18 23:15:00,6816.413333333333,5432.7147603976455,5718.288457022899,6259.439117287681
2025-05-18 23:30:00,6814.173333333333,5461.244532309811,5747.413592664027,6291.213514451855
2025-05-18 23:45:00,6802.78,5441.57511452532,5725.782763387476,6267.9561077159415
2025-05-19 00:00:00,6741.3,5631.806710058231,6008.399370228796,6526.133544844268
2025-05-19 00:15:00,6671.3,5578.770862298294,5951.4761151641,6464.556858181844
2025-05-19 00:30:00,6601.13,5518.940583511399,5887.296683604789,6395.074139514849
2025-05-19 00:45:00,6507.803333333333,5447.484030792281,5810.786420607268,6312.183483680926
2025-05-19 01:00:00,6407.56,5367.97494999613,5725.701776171202,6219.952491849468
2025-05-19 01:15:00,6310.213333333333,5282.3923786346,5634.367573082488,6121.060564110555
2025-05-19 01:30:00,6221.740000000001,5218.42654987579,5565.63391151113,6046.604106679323
2025-05-19 01:45:00,6128.833333333333,5144.869609752515,5486.718399377919,5961.058217278411
2025-05-19 02:00:00,6042.23,5067.587063124304,5403.787017390652,5871.102350427983
2025-05-19 02:15:00,5947.813333333334,4988.746074545644,5320.093737562038,5780.912331229825
2025-05-19 02:30:00,5858.336666666667,4923.040334137362,5250.10706776804,5705.513119850937
2025-05-19 02:45:00,5764.586666666666,4858.129255932979,5180.867584536351,5630.86082181143
2025-05-19 03:00:00,5685.763333333333,4790.885154974268,5109.094977834123,5553.400013649096
2025-05-19 03:15:00,5614.7300000000005,4728.2183942236115,5042.541344990992,5481.855937981608
2025-05-19 03:30:00,5529.123333333333,4671.42084729279,4982.083633144283,5416.852712738245
2025-05-19 03:45:00,5444.613333333334,4613.119978067289,4919.983024607864,5350.004539220193
2025-05-19 04:00:00,5358.990000000001,4559.549006657964,4862.794685569454,5288.414731369565
2025-05-19 04:15:00,5295.0233333333335,4506.749286480973,4805.150700911595,5225.452698778388
2025-05-19 04:30:00,5224.433333333333,4455.927175034821,4749.54177518252,5164.632525414801
2025-05-19 04:45:00,5173.43,4415.1352129738125,4704.435024935197,5115.130119588059
2025-05-19 05:00:00,5112.77,4375.645274934724,4660.668560942325,5067.019020400856
2025-05-19 05:15:00,5009.47,4332.388838882041,4615.2358873273815,5018.59038378237
2025-05-19 05:30:00,4908.763333333333,4270.040371565299,4549.733692424013,4948.356915196512
2025-05-19 05:45:00,4853.836666666667,4212.157880792927,4488.91897720147,4883.147128457987
2025-05-19 06:00:00,4806.07,4184.119070097365,4459.4604671137495,4851.861303474622
2025-05-19 06:15:00,4794.123333333333,4166.844535390277,4440.71379492231,4831.724679319026
2025-05-19 06:30:00,4779.19,4152.103142841038,4424.647462967151,4814.444341931999
2025-05-19 06:45:00,4735.7300000000005,4134.885233141432,4406.006195121049,4794.328655355195
2025-05-19 07:00:00,4674.233333333334,4120.533376096631,4390.410275153675,4777.470838335285
2025-05-19 07:15:00,4662.59,4101.2820241841655,4370.68182580289,4756.747862162712
2025-05-19 07:30:00,4644.186666666667,4084.189452397409,4353.270365383628,4738.500295254703
2025-05-19 07:45:00,4668.283333333333,4083.5302154902784,4353.179259293296,4738.989278161813
2025-05-19 08:00:00,4689.29,4071.911834133996,4341.63776507928,4727.042847734184
2025-05-19 08:15:00,4720.13,4083.3202533171625,4354.843255229741,4742.213813207646
2025-05-19 08:30:00,4774.636666666666,4096.2743708167,4369.748249813659,4759.206336827541
2025-05-19 08:45:00,4826.816666666667,4119.713272849792,4395.749734706616,4788.206978735729
2025-05-19 09:00:00,4972.483333333334,4168.436899151686,4448.4015456775505,4846.073875856997
2025-05-19 09:15:00,5118.053333333333,4268.6056708128335,4554.948829040425,4962.170930306779
2025-05-19 09:30:00,5297.73,4360.941645924453,4653.364353363956,5069.453085380442
2025-05-19 09:45:00,5442.153333333333,4442.303529954074,4740.352363420426,5164.3533243066195
2025-05-19 10:00:00,5620.573333333334,4542.418231067337,4847.146805524319,5280.720708329565
2025-05-19 10:15:00,5742.3,4623.998734064617,4933.605892150089,5374.410610591625
2025-05-19 10:30:00,5841.873333333334,4678.5795816486825,4991.8120411050895,5437.499325654821
2025-05-19 10:45:00,5939.326666666667,4750.602947870321,5068.457123908363,5520.585867851005
2025-05-19 11:00:00,6003.286666666667,4830.65455142039,5153.652892478445,5612.95945518954
2025-05-19 11:15:00,6046.126666666666,4884.913746418698,5211.870162562235,5676.12491975309
2025-05-19 11:30:00,6154.096666666667,4931.9331179531055,5262.600652300227,5731.207151295057
2025-05-19 11:45:00,6200.796666666666,4998.71698218218,5334.214650448088,5808.9516549863365
2025-05-19 12:00:00,6287.38,5053.279133451582,5393.108640793039,5872.949523056017
2025-05-19 12:15:00,6371.509999999999,5119.7509690876195,5463.90403096668,5949.39504672279
2025-05-19 12:30:00,6449.676666666666,5163.1121449191405,5510.538398951129,5999.70320157606
2025-05-19 12:45:00,6302.043333333334,5203.265114597972,5553.919034166139,6046.531996570329
2025-05-19 13:00:00,6396.386666666666,5145.077720130781,5494.101555215077,5981.585432092259
2025-05-19 13:15:00,6419.463333333333,5163.024127032741,5514.136444444157,6003.055162084926
2025-05-19 13:30:00,6505.736666666667,5260.488534387848,5617.819267852798,6115.2193377392805
2025-05-19 13:45:00,6638.826666666667,5351.156561619489,5714.467840427483,6219.817728956508
2025-05-19 14:00:00,6775.7,5457.819046942322,5829.385712983405,6344.325651122071
2025-05-19 14:15:00,6893.889999999999,5548.459013072862,5927.203626618859,6450.1199915708185
2025-05-19 14:30:00,6990.240000000001,5627.673231245604,6012.636875868979,6542.335175693941
2025-05-19 14:45:00,7099.153333333333,5683.587914855764,6071.250457312915,6604.419730673701
2025-05-19 15:00:00,6952.873333333333,5713.873128247478,6104.755128558165,6640.665878889628
2025-05-19 15:15:00,7148.086666666667,5721.440377395752,6114.591007741647,6651.410450688027
2025-05-19 15:30:00,7206.483333333334,5745.677981738648,6142.319807140641,6681.752484924709
2025-05-19 15:45:00,7163.386666666666,5751.869968509845,6150.454730384912,6690.767654084698
2025-05-19 16:00:00,7109.843333333333,5718.522606109282,6116.912954177638,6654.679035063778
2025-05-19 16:15:00,7062.0233333333335,5690.400249350527,6088.6918691048195,6624.0283274660405
2025-05-19 16:30:00,6971.406666666667,5660.839532053525,6059.0022396041095,6591.849630782898
2025-05-19 16:45:00,6919.526666666668,5581.308871721105,5976.851142821727,6502.886446147654
2025-05-19 17:00:00,6838.673333333333,5543.718515360404,5938.788573821355,6461.758219139715
2025-05-19 17:15:00,6729.373333333333,5470.784072320181,5857.412473032519,6369.601686433514
2025-05-19 17:30:00,6622.066666666667,5394.98891870302,5773.043142913509,6274.259391492502
2025-05-19 17:45:00,6500.016666666666,5320.689895786743,5690.249905725902,6180.680567025959
2025-05-19 18:00:00,6402.356666666667,5246.502619140811,5607.570542745822,6087.278482639917
2025-05-19 18:15:00,6272.97,5189.319171516075,5548.094371953875,6022.653520518715
2025-05-19 18:30:00,6204.926666666666,5136.631560599879,5493.322249986162,5963.173930819306
2025-05-19 18:45:00,6143.703333333334,5110.619005277932,5466.5471666019885,5934.07685771669
2025-05-19 19:00:00,6123.123333333333,5134.420781387095,5492.070827182628,5961.69228735244
2025-05-19 19:15:00,6149.963333333333,5157.1695855138705,5516.324856890847,5987.889246756639
2025-05-19 19:30:00,6222.916666666667,5213.000284180242,5575.284466298099,6051.728127403351
2025-05-19 19:45:00,6274.98,5270.581651523596,5636.027172886549,6117.530790664746
2025-05-19 20:00:00,6302.246666666666,5305.830088132859,5673.244826576872,6157.869786267761
2025-05-19 20:15:00,6384.0,5345.8488106699,5715.28293823521,6203.374737350831
2025-05-19 20:30:00,6422.263333333333,5394.8134310314545,5766.643634051159,6259.001568769509
2025-05-19 20:45:00,6491.7266666666665,5462.131650634631,5837.204394679415,6335.44936318697
2025-05-19 21:00:00,6541.453333333334,5533.550071831807,5911.985561552264,6416.482157055452
2025-05-19 21:15:00,6673.786666666667,5637.669918335333,6021.639221194759,6535.693360669391
2025-05-19 21:30:00,6790.896666666667,5751.784680419385,6143.9660630239005,6669.697920499462
2025-05-19 21:45:00,6901.736666666667,5891.731978362197,6293.900509701099,6833.882683234107
2025-05-19 22:00:00,7037.656666666667,5965.347016806415,6372.57064036467,6920.154991317752
2025-05-19 22:15:00,7111.849999999999,6069.475452768853,6484.304596570987,7042.8649385994895
2025-05-19 22:30:00,7151.543333333334,6193.536456873419,6617.326724480967,7188.843233613053
2025-05-19 22:45:00,7178.323333333334,6271.305332982088,6700.463249534243,7280.218110013925
2025-05-19 23:00:00,7229.366666666666,6325.66613801796,6758.486063977865,7344.16948645129
2025-05-19 23:15:00,7221.613333333334,6338.078980871697,6771.272639073128,7358.5394124608
2025-05-19 23:30:00,7166.563333333334,6336.665672977506,6769.183890343044,7356.65360528824
2025-05-19 23:45:00,7125.25,6322.0589929308035,6753.115012992558,7339.585967731323
2025-05-20 00:00:00,7052.650000000001,6205.493058921367,6629.81178035925,7206.283470516818
2025-05-20 00:15:00,6972.3,6143.571494656932,6563.675127403743,7134.804670182597
2025-05-20 00:30:00,6878.7699999999995,6077.491050952106,6493.051112410772,7058.4201008941245
2025-05-20 00:45:00,6789.169999999999,5996.737244322176,6406.895105319821,6965.158844836942
2025-05-20 01:00:00,6698.373333333333,5906.973932632077,6311.159351644154,6861.467847931587
2025-05-20 01:15:00,6582.57,5820.550837780393,6218.8205131327795,6761.405862625913
2025-05-20 01:30:00,6489.683333333333,5741.672554388492,6134.298758062212,6669.760122176208
2025-05-20 01:45:00,6407.213333333333,5661.636664433378,6048.455085256443,6576.625495224752
2025-05-20 02:00:00,6318.650000000001,5578.787897018165,5959.554422471209,6480.119924642028
2025-05-20 02:15:00,6236.866666666666,5500.19509852471,5875.270597593549,6388.719891943759
2025-05-20 02:30:00,6141.213333333333,5423.270807858351,5792.646843194722,6299.057142506577
2025-05-20 02:45:00,6050.496666666667,5343.51515426727,5706.960905490704,6206.0135066463345
2025-05-20 03:00:00,5979.46,5273.094157683255,5630.999483502344,6123.443630928634
2025-05-20 03:15:00,5906.916666666667,5209.326560535501,5561.830007183269,6048.087728966404
2025-05-20 03:30:00,5826.18,5136.125416288248,5482.679928872513,5961.852298184652
2025-05-20 03:45:00,5756.753333333334,5062.841614895477,5403.379452908611,5875.389177988038
2025-05-20 04:00:00,5672.923333333333,4988.13117831309,5322.523417211356,5787.175940456841
2025-05-20 04:15:00,5601.3,4932.982512387935,5262.168491600948,5721.113469160876
2025-05-20 04:30:00,5539.09,4873.873791503194,5197.6107318150725,5650.433530860218
2025-05-20 04:45:00,5474.006666666667,4831.268210124715,5150.3554350559525,5598.440092009858
2025-05-20 05:00:00,5393.453333333334,4781.858390700954,5095.924281016277,5538.609941390894
2025-05-20 05:15:00,5298.636666666666,4704.547690712602,5014.228990359865,5450.561677386479
2025-05-20 05:30:00,5185.866666666667,4626.4177951054535,4931.660953680445,5361.510038646842
2025-05-20 05:45:00,5080.763333333333,4579.972589605187,4882.375385298677,5308.467360508006
2025-05-20 06:00:00,5023.67,4549.327933700016,4849.692820900365,5273.362204811251
2025-05-20 06:15:00,5002.163333333333,4546.106621695627,4845.588340307255,5269.010287553021
2025-05-20 06:30:00,4969.173333333333,4536.809326549437,4835.119766627782,5257.714188476904
2025-05-20 06:45:00,4922.97,4503.653684617972,4799.613285998397,5219.2420618767765
2025-05-20 07:00:00,4873.903333333333,4460.003440727635,4753.11593637386,5168.818283392241
2025-05-20 07:15:00,4869.21,4451.402551115083,4744.333250466439,5159.793153565153
2025-05-20 07:30:00,4880.026666666667,4433.3287880302805,4725.647762078848,5140.002174253614
2025-05-20 07:45:00,4829.336666666667,4449.955635357527,4743.47356203367,5159.7428724599995
2025-05-20 08:00:00,4679.106666666667,4463.513415771508,4758.138001808995,5176.030075278443
2025-05-20 08:15:00,4719.490000000001,4495.7243745894,4793.319494126245,5215.095487305685
2025-05-20 08:30:00,4859.366666666666,4533.4062765697445,4834.324210076032,5260.4508834191865
2025-05-20 08:45:00,4977.553333333333,4575.238578414008,4879.770742626388,5310.6034517830785
2025-05-20 09:00:00,5051.69,4678.159399607816,4989.481763673588,5430.380651705098
2025-05-20 09:15:00,5209.913333333333,4797.9380108857695,5116.752042026504,5569.014405126664
2025-05-20 09:30:00,5438.17,4940.524334446788,5268.080363377171,5733.713846204467
2025-05-20 09:45:00,5541.576666666667,5047.5314956727225,5382.131979212918,5858.021414316848
2025-05-20 10:00:00,5653.633333333334,5178.958637096073,5521.943742151573,6010.2475209182085
2025-05-20 10:15:00,5789.243333333333,5278.834325120708,5628.717592142961,6126.683313450849
2025-05-20 10:30:00,5880.47,5365.475941339641,5721.70012498274,6228.188403883173
2025-05-20 10:45:00,5970.526666666668,5451.321134905953,5813.960424579693,6328.928448921577
2025-05-20 11:00:00,6054.38,5514.369001674009,5882.387195557813,6403.864288554998
2025-05-20 11:15:00,6147.326666666667,5557.895844498799,5929.572671681104,6455.238684859585
2025-05-20 11:30:00,6209.98,5649.0060906580275,6026.86665177046,6560.939592843041
2025-05-20 11:45:00,6264.086666666667,5688.876044438122,6070.449100490811,6608.472242418628
2025-05-20 12:00:00,6347.586666666667,5770.324936831919,6157.832545451486,6703.5039204004415
2025-05-20 12:15:00,6441.046666666666,5846.364989062285,6239.2880156758165,6791.907830461983
2025-05-20 12:30:00,6539.093333333333,5915.294950880008,6313.392078852116,6872.38912317808
2025-05-20 12:45:00,6668.16,5820.458265927324,6215.565562307549,6766.6143047630685
2025-05-20 13:00:00,6641.053333333333,5868.070419739406,6267.505293798477,6823.174090077349
2025-05-20 13:15:00,6669.893333333333,5884.613051763701,6287.038324875886,6844.75155848543
2025-05-20 13:30:00,6793.026666666668,5971.331857313144,6380.40510717917,6946.388910022846
2025-05-20 13:45:00,6886.956666666666,6091.536176484683,6509.0563283423735,7086.316637942684
2025-05-20 14:00:00,7039.8533333333335,6212.496366026734,6638.603522794213,7227.273650769825
2025-05-20 14:15:00,7123.503333333334,6318.71405790814,6752.318641911816,7350.557622329594
2025-05-20 14:30:00,7231.506666666667,6412.837429393023,6853.757485311366,7460.757560910655
2025-05-20 14:45:00,7307.936666666667,6509.916750965255,6958.613577383989,7574.827559375974
2025-05-20 15:00:00,7338.110000000001,6424.516995199801,6869.902498492686,7478.3082105831745
2025-05-20 15:15:00,7349.276666666668,6567.417082834749,7021.862725612534,7642.967748268205
2025-05-20 15:30:00,7313.903333333333,6598.266402465358,7056.345422774735,7680.472961615167
2025-05-20 15:45:00,7282.796666666666,6543.533282369852,6999.939865242789,7619.071780310824
2025-05-20 16:00:00,7214.973333333332,6483.207733092591,6938.3005606459465,7552.087309503675
2025-05-20 16:15:00,7157.483333333334,6427.966864271817,6880.811747238591,7489.078609604252
2025-05-20 16:30:00,7116.223333333334,6343.8068591483025,6792.789198968324,7393.039326489881
2025-05-20 16:45:00,7021.400000000001,6281.683597070684,6727.952783884403,7322.186631507469
2025-05-20 17:00:00,6935.473333333332,6201.7578530333685,6644.441302714521,7231.158814567145
2025-05-20 17:15:00,6860.96,6108.518205296068,6544.40875939225,7120.578080074464
2025-05-20 17:30:00,6745.326666666667,6018.617199863259,6447.895800972153,7013.868811701318
2025-05-20 17:45:00,6643.543333333334,5924.45584853532,6346.911390938123,6902.36994759855
2025-05-20 18:00:00,6524.959999999999,5841.300860240941,6257.486342482409,6803.450053260842
2025-05-20 18:15:00,6457.56,5744.080586307667,6155.827328843005,6693.034689332742
2025-05-20 18:30:00,6385.009999999999,5684.362974941592,6093.548132503746,6625.339056278348
2025-05-20 18:45:00,6351.406666666667,5639.414254961849,6046.757792492701,6574.472183284104
2025-05-20 19:00:00,6326.016666666666,5627.683835592032,6034.831011226333,6561.425199311766
2025-05-20 19:15:00,6368.3,5652.114298249304,6060.00044559843,6588.043979110559
2025-05-20 19:30:00,6416.77,5705.623378494632,6115.669762783983,6647.747423910275
2025-05-20 19:45:00,6473.576666666667,5750.52009573533,6162.235153695679,6697.617568238865
2025-05-20 20:00:00,6506.313333333333,5773.40365666753,6185.611435068171,6722.388070185011
2025-05-20 20:15:00,6608.5199999999995,5833.680168632367,6249.418090394566,6791.80699792736
2025-05-20 20:30:00,6663.7300000000005,5864.340449952251,6282.035362915387,6827.449394083339
2025-05-20 20:45:00,6725.856666666667,5916.083849272757,6336.720233192852,6887.019986774917
2025-05-20 21:00:00,6789.306666666666,5956.1977708080185,6379.100481749765,6933.269203616231
2025-05-20 21:15:00,6827.5233333333335,6067.52097650383,6496.319919959045,7060.702569877347
2025-05-20 21:30:00,6947.75,6169.902550699662,6604.048514360266,7177.855137701744
2025-05-20 21:45:00,7142.263333333333,6270.776289020209,6710.091565409574,7293.18042750052
2025-05-20 22:00:00,7259.84,6382.79041616937,6827.732897232221,7421.068443448968
2025-05-20 22:15:00,7334.686666666667,6458.130995979724,6906.980666496694,7507.507140272628
2025-05-20 22:30:00,7435.62,6509.06033935064,6960.470963868272,7566.021818415739
2025-05-20 22:45:00,7498.790000000001,6546.004577779557,6999.154560231734,7608.474525059796
2025-05-20 23:00:00,7507.266666666666,6593.7249888669085,7049.451026221268,7663.6794469229535
2025-05-20 23:15:00,7490.003333333333,6595.918026303705,7051.39169891874,7666.270705357609
2025-05-20 23:30:00,7448.87,6557.619560003343,7010.674358937699,7622.608739096948
2025-05-20 23:45:00,7389.955,6525.433281375696,6976.258607992599,7585.7420337388685
2025-05-21 00:00:00,7331.04,6397.659883821744,6841.302834632872,7439.894389078586
2025-05-21 00:15:00,7233.553333333333,6328.497300719038,6767.9238673670725,7360.812210821029
2025-05-21 00:30:00,7140.653333333333,6245.994745162034,6680.412216303111,7266.372677583891
2025-05-21 00:45:00,7021.453333333334,6168.169816625522,6597.698018026497,7177.085265671518
2025-05-21 01:00:00,6894.236666666667,6086.9454353429255,6511.297789695622,7083.7544924279255
2025-05-21 01:15:00,6791.613333333334,5990.46117458345,6408.510668983799,6972.452283648239
2025-05-21 01:30:00,6695.06,5910.063384033545,6322.5141871366295,6879.289985641771
2025-05-21 01:45:00,6616.16,5836.927308452589,6244.040819955244,6794.223200630978
2025-05-21 02:00:00,6521.650000000001,5759.872782794256,6161.348988489829,6704.5269086240505
2025-05-21 02:15:00,6449.243333333333,5689.20285102081,6085.14541453307,6621.719678045865
2025-05-21 02:30:00,6348.7266666666665,5607.2150806328045,5996.958928706975,6525.866314769024
2025-05-21 02:45:00,6272.920000000001,5528.322811076344,5911.936806662664,6433.379096856643
2025-05-21 03:00:00,6195.1033333333335,5463.687687517409,5841.810587891525,6356.969309266882
2025-05-21 03:15:00,6102.416666666667,5401.671171902605,5774.115897803496,6282.9671424094995
2025-05-21 03:30:00,6016.576666666667,5331.8582592943385,5698.160535967318,6199.949148052656
2025-05-21 03:45:00,5945.563333333333,5270.314094874695,5630.828458596208,6126.2105492380415
2025-05-21 04:00:00,5870.453333333334,5197.771398929714,5551.884936002053,6039.825363809338
2025-05-21 04:15:00,5801.416666666667,5138.321632077615,5486.524982199665,5968.013714129576
2025-05-21 04:30:00,5750.876666666667,5083.660349463919,5426.153090705796,5901.543772228043
2025-05-21 04:45:00,5666.996666666666,5030.206250184577,5367.01428807026,5836.347696931435
2025-05-21 05:00:00,5610.513333333333,4964.945823530208,5295.444615380844,5757.620624136078
2025-05-21 05:15:00,5514.95,4889.764286514962,5216.594206120334,5673.06226583993
2025-05-21 05:30:00,5409.37,4805.346896797751,5128.028817608851,5577.919166470456
2025-05-21 05:45:00,5313.213333333333,4712.391086114687,5030.488962635171,5472.995783986868
2025-05-21 06:00:00,5241.173333333333,4640.662938950498,4955.253639768833,5392.188049791348
2025-05-21 06:15:00,5230.23,4634.663852796654,4948.2309308766025,5384.6739659546965
2025-05-21 06:30:00,5159.526666666667,4616.0542715594775,4927.979208770338,5362.776933087253
2025-05-21 06:45:00,5113.076666666667,4578.857447434815,4888.227209389761,5319.704399621379
2025-05-21 07:00:00,5085.343333333333,4539.872603612297,4846.631159068947,5274.591626055052
2025-05-21 07:15:00,5070.456666666666,4537.268741953317,4844.391956342688,5272.8198440623655
2025-05-21 07:30:00,5068.96,4539.45613019097,4847.235319361891,5276.52022610279
2025-05-21 07:45:00,5082.466666666667,4500.664456124505,4807.083664340816,5233.5999497068315
2025-05-21 08:00:00,5109.083333333333,4405.537296552229,4707.810890799182,5126.588674813231
2025-05-21 08:15:00,5165.45,4452.4913209037595,4758.359298455022,5182.22409802357
2025-05-21 08:30:00,5214.04,4573.652375954226,4886.942558561075,5322.3973926734525
2025-05-21 08:45:00,5266.45,4668.645710954112,4988.116523280073,5432.8542741070805
2025-05-21 09:00:00,5350.586666666667,4749.8027603215705,5074.841706647336,5527.642778574253
2025-05-21 09:15:00,5558.303333333333,4906.367693690162,5241.001578637642,5708.579841293993
2025-05-21 09:30:00,5769.93,5106.880159200817,5453.428218032952,5939.647770563336
2025-05-21 09:45:00,5934.56,5213.123279483681,5566.920384440903,6063.512011060975
2025-05-21 10:00:00,6052.166666666667,5325.496373379417,5686.957883523243,6194.473785736595
2025-05-21 10:15:00,6157.72,5444.037837339303,5813.462929602584,6332.37157265343
2025-05-21 10:30:00,6254.2699999999995,5532.145735369883,5908.107496754902,6435.759072321127
2025-05-21 10:45:00,6386.923333333333,5614.124963473147,5996.427965985089,6532.311395182948
2025-05-21 11:00:00,6445.703333333334,5690.731302098884,6079.220385497808,6622.895168952683
2025-05-21 11:15:00,6508.486666666667,5751.301429787407,6145.162200148865,6695.163873171995
2025-05-21 11:30:00,6578.62,5811.129878068784,6210.443947807295,6766.746711057033
2025-05-21 11:45:00,6658.45,5861.3054237630495,6265.704360364637,6827.503603842856
2025-05-21 12:00:00,6713.963333333333,5933.417830489457,6344.130518213886,6913.399348174816
2025-05-21 12:15:00,6787.94,6009.499016177881,6425.629201750346,7001.850083802197
2025-05-21 12:30:00,6816.336666666667,6093.700044007846,6515.776490400323,7099.715674867487
2025-05-21 12:45:00,6983.12,6172.04661001534,6599.889986503942,7191.089457693627
2025-05-21 13:00:00,6912.403333333333,6148.115414399599,6575.109771584097,7164.453711775801
2025-05-21 13:15:00,6942.169999999999,6167.357068532064,6595.872398572632,7186.533507519229
2025-05-21 13:30:00,7053.516666666666,6266.235934988646,6700.40819938828,7299.443457507496
2025-05-21 13:45:00,7177.490000000001,6358.6161595280555,6798.222542279901,7405.126562711177
2025-05-21 14:00:00,7306.303333333333,6488.773995477724,6935.826550521513,7553.983816260352
2025-05-21 14:15:00,7397.766666666666,6574.714438444851,7027.07492907985,7652.670630277473
2025-05-21 14:30:00,7465.71,6677.688309374347,7136.348995306845,7770.969263730419
2025-05-21 14:45:00,7564.889999999999,6753.6031353764,7218.609093535835,7860.676036233271
2025-05-21 15:00:00,7647.68,6767.093269186533,7234.54482119716,7878.193452257143
2025-05-21 15:15:00,7683.813333333334,6792.172033326582,7258.160769011204,7900.860144552217
2025-05-21 15:30:00,7700.263333333333,6762.968495245813,7224.620512651401,7861.564693105139
2025-05-21 15:45:00,7631.796666666666,6721.992475997828,7178.77607763551,7809.0012614690895
2025-05-21 16:00:00,7597.293333333334,6658.101497370348,7108.9148101081855,7730.477927320596
2025-05-21 16:15:00,7525.900000000001,6609.09929285422,7059.122954062609,7676.697651887622
2025-05-21 16:30:00,7452.53,6567.407600195583,7017.05380011854,7631.3489414583
2025-05-21 16:45:00,7378.786666666667,6490.031545593925,6937.531089820832,7545.478183668959
2025-05-21 17:00:00,7217.38,6414.435633374246,6859.906104978235,7461.724800316059
2025-05-21 17:15:00,7106.599999999999,6349.432439170434,6794.402233705487,7391.816769402986
2025-05-21 17:30:00,6968.639999999999,6251.834505777411,6694.6676461527295,7284.874309495049
2025-05-21 17:45:00,6843.016666666666,6156.779709469971,6597.609098286149,7180.887212713375
2025-05-21 18:00:00,6769.400000000001,6057.817701490714,6496.442253864189,7072.501748821694
2025-05-21 18:15:00,6604.156666666667,5981.873826890134,6413.730312016138,6980.336849365086
2025-05-21 18:30:00,6581.406666666667,5911.294261096125,6336.634804131322,6894.305974861012
2025-05-21 18:45:00,6529.259999999999,5877.77961233387,6298.451544648964,6850.485242536095
2025-05-21 19:00:00,6513.759999999999,5854.836158670958,6271.3396201240785,6818.703354306292
2025-05-21 19:15:00,6544.606666666667,5887.169833691848,6305.176717629673,6854.958668134964
2025-05-21 19:30:00,6495.013333333333,5927.711089852389,6347.587347598153,6900.539446121273
2025-05-21 19:45:00,6107.356666666667,5967.680465402739,6389.341089100597,6945.440059685
2025-05-21 20:00:00,5094.106666666667,5979.133087765831,6401.073279174565,6957.837456787526
2025-05-21 20:15:00,4328.12,6058.113491037803,6484.772785282329,7048.974989959502
2025-05-21 20:30:00,3831.31,6106.222802213906,6535.964596871429,7104.907480540562
2025-05-21 20:45:00,3897.17,6157.342715944554,6590.237680053337,7164.194751224923
2025-05-21 21:00:00,4066.92,6207.085040515274,6642.976402124865,7221.831205950667
2025-05-21 21:15:00,4193.043333333334,6258.796673980336,6697.448482726013,7281.190642657147
2025-05-21 21:30:00,4308.9800000000005,6364.494480201361,6808.539377576515,7401.905126307177
2025-05-21 21:45:00,4533.570000000001,6525.127994080074,6977.242259103913,7585.046615154268
2025-05-21 22:00:00,4792.903333333333,6626.06131420577,7083.120886780501,7700.107224665833
2025-05-21 22:15:00,5060.68,6697.045506325757,7157.548769739279,7781.160248105347
2025-05-21 22:30:00,5309.003333333333,6780.201141569583,7246.192311111451,7878.321480954195
2025-05-21 22:45:00,5473.613333333334,6838.468144738925,7308.160800974961,7946.367682665735
2025-05-21 23:00:00,5582.013333333333,6853.816439321805,7323.9480060050755,7963.89603556046
2025-05-21 23:15:00,5715.813333333334,6846.117380505531,7315.739626993082,7955.652757493596
2025-05-21 23:30:00,5758.046666666666,6810.4255897653,7278.003989513349,7915.384624776114
2025-05-21 23:45:00,5750.81,6762.295551872315,7227.081530221146,7860.794281970341
2025-05-22 00:00:00,5785.886666666666,6644.363828341477,7102.708285104053,7726.576658931764
2025-05-22 00:15:00,5863.533333333333,6560.540295359137,7014.170282286103,7631.231169641734
2025-05-22 00:30:00,5867.283333333333,6478.462066121324,6927.3476371358865,7537.701124043157
2025-05-22 00:45:00,5656.056666666666,6376.172226541558,6819.174718965698,7420.989753522321
2025-05-22 01:00:00,5501.223333333332,6270.286218369088,6707.1091082411285,7300.011083998534
2025-05-22 01:15:00,5442.849999999999,6176.171021401445,6607.175675838073,7192.0454371443875
2025-05-22 01:30:00,5371.043333333334,6091.140734530691,6516.677298382659,7094.249254873839
2025-05-22 01:45:00,5296.763333333333,6016.664191774568,6437.160521451696,7008.2961705283315
2025-05-22 02:00:00,5217.586666666667,5928.1123709969015,6342.754886914129,6906.151234611578
2025-05-22 02:15:00,5184.93,5861.192899173813,6270.491409514175,6827.613458089281
2025-05-22 02:30:00,5102.143333333333,5772.149798759323,6174.892851059007,6723.728437950102
2025-05-22 02:45:00,5040.383333333333,5701.872315566826,6098.921109645219,6641.04813307481
2025-05-22 03:00:00,4909.913333333333,5631.890040742498,6023.177368605249,6558.551247646475
2025-05-22 03:15:00,4891.1866666666665,5551.407091184733,5936.568964225547,6464.380119696785
2025-05-22 03:30:00,4807.013333333333,5476.393029243337,5855.6359127208225,6376.294118245174
2025-05-22 03:45:00,4770.806666666666,5411.874634377114,5785.665665514287,6300.022595498435
2025-05-22 04:00:00,4693.266666666666,5345.747786365485,5713.948847255506,6221.793977228025
2025-05-22 04:15:00,4635.796666666666,5284.562906739855,5647.3741075641,6149.073213408851
2025-05-22 04:30:00,4586.636666666666,5235.962044830098,5593.97713358282,6090.568448111902
2025-05-22 04:45:00,4517.213333333333,5165.769038350665,5517.861105373108,6007.383217343327
2025-05-22 05:00:00,4470.4766666666665,5115.102105948313,5462.230886320057,5946.335213835389
2025-05-22 05:15:00,4410.266666666666,5038.346756984437,5382.335147939355,5861.0513632676
2025-05-22 05:30:00,4385.599999999999,4953.0532011671785,5293.457351613934,5765.9769587227975
2025-05-22 05:45:00,4334.096666666667,4876.723391436755,5213.992227751599,5681.0464134621525
2025-05-22 06:00:00,4308.849999999999,4826.000579003586,5161.43240448092,5625.216868848934
2025-05-22 06:15:00,4322.0,4821.156735130495,5153.4343337241635,5615.17990956829
2025-05-22 06:30:00,4352.41,4769.685305168847,5096.470133528616,5552.035575697277
2025-05-22 06:45:00,4292.55,4726.771845705293,5048.523428068048,5498.617348742929
2025-05-22 07:00:00,4319.25,4699.106970998164,5016.630707491773,5462.5530362581485
2025-05-22 07:15:00,4291.026666666667,4688.088837209175,5005.065328791859,5450.349718062109
2025-05-22 07:30:00,4273.0,4686.341834867524,5003.28891614736,5448.718377977913
2025-05-22 07:45:00,4245.0,4690.11804947131,5007.371085495643,5453.40371177871
2025-05-22 08:00:00,4222.82,4688.497875545512,5005.846895382098,5451.986170423306
2025-05-22 08:15:00,4278.363333333334,4711.542741919395,5031.277212918121,5480.403851582881
2025-05-22 08:30:00,4305.133333333334,4737.31593438034,5059.649460528447,5511.989372411427
2025-05-22 08:45:00,4392.16,4777.823523880606,5103.582686490175,5560.42069159654
2025-05-22 09:00:00,4446.389999999999,4860.846656865922,5192.268309306131,5657.333511048098
2025-05-22 09:15:00,4629.736666666667,5048.718636858726,5391.318223648721,5873.909935061351
2025-05-22 09:30:00,4814.636666666666,5244.325475877035,5598.591190612568,6099.39339010576
2025-05-22 09:45:00,4926.693333333334,5387.232564411802,5750.6011860282315,6264.995212134736
2025-05-22 10:00:00,5033.613333333334,5499.424296982881,5870.448153511708,6395.750528441681
2025-05-22 10:15:00,5108.18,5594.710259230257,5972.156980706172,6506.535019839272
2025-05-22 10:30:00,5178.75,5683.191618599857,6066.829056514378,6609.707997330763
2025-05-22 10:45:00,5263.53,5801.388953115037,6192.834112332498,6746.850677234935
2025-05-22 11:00:00,5272.46,5856.063226412864,6252.220666999881,6811.827730922768
2025-05-22 11:15:00,5378.099999999999,5912.7269203309315,6313.328852246579,6878.3700961043505
2025-05-22 11:30:00,5429.18,5978.2922661897965,6383.907903011086,6955.20438452433
2025-05-22 11:45:00,5475.383333333334,6045.928329364588,6456.782026535053,7034.558679330313
2025-05-22 12:00:00,5550.81,6100.7427678298045,6516.305896832491,7099.483410103863
2025-05-22 12:15:00,5593.963333333333,6165.055597149027,6585.319561934609,7174.324045869651
2025-05-22 12:30:00,5636.2266666666665,6195.043992395757,6618.39142223237,7210.26176015268
2025-05-22 12:45:00,5622.486666666667,6321.561016708165,6752.989434423396,7356.258678187814
2025-05-22 13:00:00,5523.926666666666,6256.558649621752,6686.49884186726,7284.406960114147
2025-05-22 13:15:00,5466.889999999999,6278.7466597197645,6711.597865212991,7311.771358590064
2025-05-22 13:30:00,5446.123333333333,6375.510556394436,6815.152817990642,7424.204191941278
2025-05-22 13:45:00,5573.113333333334,6488.990398624786,6936.374712501945,7555.837236376695
2025-05-22 14:00:00,5695.05,6605.0167135568445,7060.373721861357,7690.537954206855
2025-05-22 14:15:00,5830.293333333334,6694.27378462594,7156.225879118027,7794.717660677011
2025-05-22 14:30:00,5930.413333333333,6770.79581426121,7238.791868953941,7884.562147255032
2025-05-22 14:45:00,5982.97,6862.619715937055,7336.990217946886,7991.824953205432
2025-05-22 15:00:00,6067.77,6939.24943816533,7419.757321494464,8082.639424725352
2025-05-22 15:15:00,6082.533333333333,6965.07281224375,7446.911661004827,8110.895238090015
2025-05-22 15:30:00,6123.253333333334,6977.315887296936,7459.517867321415,8123.287848128122
2025-05-22 15:45:00,6136.973333333332,6920.958296027571,7399.824742625706,8057.265523196959
2025-05-22 16:00:00,6090.106666666667,6884.201479374825,7360.780266278365,8013.682418887968
2025-05-22 16:15:00,6044.316666666667,6818.936726053627,7289.525534451532,7933.713195816027
2025-05-22 16:30:00,6004.553333333333,6750.774597247523,7215.26947026046,7850.5550681005725
2025-05-22 16:45:00,5958.69,6677.382216556364,7135.553827992607,7761.543287149147
2025-05-22 17:00:00,5907.446666666667,6547.06617797382,6996.0638377835285,7607.821563054275
2025-05-22 17:15:00,5836.709999999999,6446.513554525006,6888.956609027335,7489.981978694034
2025-05-22 17:30:00,5778.87,6325.864416536234,6760.7488433714,7349.335712502334
2025-05-22 17:45:00,5687.426666666666,6213.402728014719,6641.146826310664,7218.070189979449
2025-05-22 18:00:00,5613.006666666667,6132.658565512392,6554.862563944622,7122.960841079708
2025-05-22 18:15:00,5523.080000000001,6002.805578683043,6419.528871638307,6976.463108023072
2025-05-22 18:30:00,5489.736666666667,5972.135207692155,6388.373707916828,6942.900420800618
2025-05-22 18:45:00,5447.2300000000005,5929.531497393488,6344.6550099876085,6895.769169404158
2025-05-22 19:00:00,5411.47,5917.490333871753,6333.00983260199,6883.434546116593
2025-05-22 19:15:00,5424.009999999999,5943.754527982516,6360.83539085367,6913.420139073371
2025-05-22 19:30:00,5459.786666666667,5910.851001185823,6326.4524443985765,6876.032401800092
2025-05-22 19:45:00,5480.846666666667,5649.440136187675,6051.951923717131,6578.48700220397
2025-05-22 20:00:00,5463.786666666667,4951.215036877734,5318.487396328428,5783.6401054370635
2025-05-22 20:15:00,5449.723333333333,4594.424846809125,4944.138972440202,5378.27803401073
2025-05-22 20:30:00,5453.433333333333,4363.932252738564,4702.398550506071,5116.628839854839
2025-05-22 20:45:00,5493.606666666667,4412.494872430093,4753.74180961318,5172.57849200377
2025-05-22 21:00:00,5502.97,4533.239721577736,4880.829972522649,5310.616461553122
2025-05-22 21:15:00,5550.5,4635.685488608278,4988.723097164723,5427.943916268181
2025-05-22 21:30:00,5662.876666666667,4738.112079505087,5096.498984471578,5545.147730270143
2025-05-22 21:45:00,5771.329999999999,4927.857344987797,5295.907223472378,5761.642718484005
2025-05-22 22:00:00,5857.136666666666,5126.365806577439,5504.4163511982,5987.994280737785
2025-05-22 22:15:00,5975.07,5335.168601714903,5723.874660512257,6226.363888457299
2025-05-22 22:30:00,6053.62,5527.901434368009,5926.3385363939815,6446.305029079316
2025-05-22 22:45:00,6156.956666666666,5657.209445764949,6062.056146894875,6593.902942000787
2025-05-22 23:00:00,6230.236666666667,5736.922093599035,6145.554163516254,6684.89456412944
2025-05-22 23:15:00,6254.806666666666,5830.123520069012,6243.34815752479,6791.514527331282
2025-05-22 23:30:00,6241.796666666666,5853.559484917185,6267.729985446412,6818.556335062157
2025-05-22 23:45:00,6223.53,5840.187216039526,6253.322771706015,6803.533591926921
2025-05-23 00:00:00,6138.266666666666,5782.201388433056,6191.926500414148,6737.5572651229
2025-05-23 00:15:00,6043.826666666667,5817.455102392615,6228.243489904314,6777.340663059773
2025-05-23 00:30:00,5951.990000000001,5797.843969050992,6206.803275251718,6754.495558562631
2025-05-23 00:45:00,5855.486666666667,5627.010014554367,6026.37718355725,6559.328396332748
2025-05-23 01:00:00,5734.3,5492.330994842685,5883.819459983786,6405.145854008038
2025-05-23 01:15:00,5613.38,5426.71408854738,5813.703681208609,6329.408911546735
2025-05-23 01:30:00,5532.540000000001,5355.214390658918,5737.298435409677,6246.802479638391
2025-05-23 01:45:00,5459.086666666667,5284.531728092168,5661.645758683748,6164.955056930719
2025-05-23 02:00:00,5360.933333333333,5209.363054896433,5581.178359240221,6077.832026820273
2025-05-23 02:15:00,5280.003333333333,5166.485805158538,5534.537600480534,6027.303133699896
2025-05-23 02:30:00,5197.423333333333,5089.941830113577,5452.435003887462,5938.286549726155
2025-05-23 02:45:00,5109.123333333334,5027.532550143674,5385.094146279347,5865.202925123838
2025-05-23 03:00:00,5037.29,4917.618519157568,5267.764393549913,5737.888132646869
2025-05-23 03:15:00,4964.766666666666,4884.506077715983,5230.921718812222,5697.642712659175
2025-05-23 03:30:00,4929.866666666666,4807.56371569968,5147.9628655162,5607.361570162265
2025-05-23 03:45:00,4850.746666666667,4764.603096419728,5100.640431773651,5555.631019357907
2025-05-23 04:00:00,4787.223333333332,4691.398850722269,5021.488357407035,5469.345622811001
2025-05-23 04:15:00,4746.086666666666,4634.3172092114955,4958.859493938866,5400.6562455292
2025-05-23 04:30:00,4707.24,4587.641475999794,4907.120153798001,5343.703347402183
2025-05-23 04:45:00,4629.326666666667,4522.292438336761,4835.728186494287,5265.392737264901
2025-05-23 05:00:00,4594.473333333334,4477.316748114311,4785.712142868223,5210.183874672739
2025-05-23 05:15:00,4530.606666666667,4413.827263390606,4713.064374053809,5128.2744712320655
2025-05-23 05:30:00,4475.113333333334,4369.437910289545,4660.470378554474,5068.037485787521
2025-05-23 05:45:00,4421.42,4312.782725281061,4594.986034484863,4993.777001737139
2025-05-23 06:00:00,4394.763333333333,4280.695831366007,4555.315764119702,4947.435074454366
2025-05-23 06:15:00,4417.136666666666,4294.526378273935,4569.6117934194335,4963.3475620099925
2025-05-23 06:30:00,4427.366666666667,4311.621418637906,4587.356493978832,4982.948893089275
2025-05-23 06:45:00,4469.116666666666,4259.240108760049,4532.138675480313,4923.443507487191
2025-05-23 07:00:00,4451.623333333333,4272.433129214381,4545.845236294064,4938.581931836318
2025-05-23 07:15:00,4468.74,4253.68535620612,4526.767440662227,4918.645441762437
2025-05-23 07:30:00,4462.766666666666,4240.429757388831,4513.508576297751,4904.979034939829
2025-05-23 07:45:00,4506.913333333333,4222.167713175801,4495.046214372094,4885.64252966369
2025-05-23 08:00:00,4508.176666666666,4213.898388080112,4487.144728698241,4877.721823988405
2025-05-23 08:15:00,4535.473333333333,4263.833614966253,4540.33863081113,4935.8981080265885
2025-05-23 08:30:00,4569.066666666667,4296.89710689848,4575.8833530963575,4974.929885724266
2025-05-23 08:45:00,4614.28,4368.580780403865,4652.082588564465,5057.998595934293
2025-05-23 09:00:00,4721.086666666667,4434.2688648001495,4722.070192732677,5134.324632695725
2025-05-23 09:15:00,4899.106666666667,4605.801615401863,4903.468259789154,5331.447896126503
2025-05-23 09:30:00,5103.316666666667,4783.413337926562,5091.34976481763,5535.593159419052
2025-05-23 09:45:00,5214.830000000001,4892.899984813384,5207.763013790777,5662.296885600327
2025-05-23 10:00:00,5335.246666666667,4993.894617884447,5315.360268272106,5779.452746632929
2025-05-23 10:15:00,5438.793333333333,5070.1990608359065,5396.76296676433,5867.9893648341
2025-05-23 10:30:00,5519.43,5136.083099186864,5467.3302843404845,5944.798307502408
2025-05-23 10:45:00,5591.456666666666,5212.853853132848,5549.449247982363,6034.142072696241
2025-05-23 11:00:00,5655.786666666667,5233.972239094984,5573.218373975977,6060.2800628901805
2025-05-23 11:15:00,5753.913333333333,5318.061683585902,5663.017441305473,6157.830172705411
2025-05-23 11:30:00,5819.003333333334,5363.236863213801,5712.053714374263,6211.239452807064
2025-05-23 11:45:00,5860.580000000001,5408.996557103391,5761.823709431082,6265.47687329914
2025-05-23 12:00:00,5864.096666666667,5474.1739248189115,5832.112883500331,6341.985349339671
2025-05-23 12:15:00,5927.836666666667,5514.243468692967,5875.779048413529,6389.44109975493
2025-05-23 12:30:00,5939.3,5555.481662846029,5920.791149571414,6438.398597700375
2025-05-23 12:45:00,5979.37,5558.306516860716,5925.564287072206,6443.7998641303275
2025-05-23 13:00:00,5889.256666666667,5467.501742699729,5832.088237957802,6342.78838555684
2025-05-23 13:15:00,5891.849999999999,5425.642128733848,5789.779549289559,6297.028935337044
2025-05-23 13:30:00,5959.093333333333,5434.134214805156,5800.477742406034,6308.7615552691495
2025-05-23 13:45:00,6108.366666666666,5551.9623121159575,5926.146143181477,6445.131351437627
2025-05-23 14:00:00,6215.766666666667,5664.688567857733,6046.556618537337,6575.862121871642
2025-05-23 14:15:00,6354.62,5780.727540407189,6169.81519311893,6709.250521043998
2025-05-23 14:30:00,6429.996666666667,5877.44466012961,6272.867736253961,6820.805396385409
2025-05-23 14:45:00,6496.253333333334,5935.640454433994,6335.538835216327,6888.666024618575
2025-05-23 15:00:00,6589.94,6005.029532512331,6413.3644349200185,6973.144326436386
2025-05-23 15:15:00,6560.166666666667,6016.0147590404995,6429.422889390677,6990.430793450362
2025-05-23 15:30:00,6591.983333333334,6034.3622340179445,6452.064203863349,7014.345923764737
2025-05-23 15:45:00,6577.349999999999,6022.815158742244,6443.968991972732,7005.302250440761
2025-05-23 16:00:00,6488.723333333332,5967.253044910559,6392.734600026238,6949.419600472196
2025-05-23 16:15:00,6417.04,5904.994317885821,6334.114655993214,6885.337327257823
2025-05-23 16:30:00,6378.2266666666665,5838.476151449256,6271.055783152175,6816.505279322083
2025-05-23 16:45:00,6314.206666666666,5749.385827106311,6182.7543035520675,6719.654195040262
2025-05-23 17:00:00,6286.106666666667,5647.812580628739,6080.515670462834,6608.11248417349
2025-05-23 17:15:00,6232.54,5545.441431214576,5967.771766610647,6482.048797706178
2025-05-23 17:30:00,6119.243333333333,5467.1560498482495,5880.368867143006,6383.5968108889365
2025-05-23 17:45:00,6057.06,5388.768585076622,5793.791035917739,6286.526775650227
2025-05-23 18:00:00,5953.543333333334,5316.37086815447,5711.867317756124,6193.79163301548
2025-05-23 18:15:00,5856.073333333334,5235.357689028983,5627.072163168778,6101.623585271829
2025-05-23 18:30:00,5758.703333333334,5202.707183361517,5592.81525104483,6064.1496549238545
2025-05-23 18:45:00,5729.98,5169.013630762236,5558.092403889846,6026.521898176345
2025-05-23 19:00:00,5665.509999999999,5139.741546381376,5527.980212727743,5993.932250488274
2025-05-23 19:15:00,5699.126666666667,5152.716390185253,5541.3243624526685,6008.058021562101
2025-05-23 19:30:00,5722.56,5166.757447690424,5550.235698385601,6014.851853079128
2025-05-23 19:45:00,5730.596666666667,5146.047386803175,5528.971507565747,5991.955448768961
2025-05-23 20:00:00,5697.566666666667,5035.265653344135,5413.018410077881,5866.482849295035
2025-05-23 20:15:00,5733.79,4972.127786077512,5347.170415812884,5795.409136417523
2025-05-23 20:30:00,5748.19,4906.380115844526,5278.505007545202,5721.3025083936545
2025-05-23 20:45:00,5782.526666666668,4911.348516547254,5284.049768759266,5727.625310092603
2025-05-23 21:00:00,5798.900000000001,4905.228569923888,5277.858400194329,5721.242748820819
2025-05-23 21:15:00,5887.736666666667,4961.880192625193,5338.0067017640695,5787.078662514334
2025-05-23 21:30:00,6005.43,5067.518040850064,5449.5210552192575,5908.577775945151
2025-05-23 21:45:00,6118.206666666666,5181.457693609387,5569.655516072976,6039.416724074796
2025-05-23 22:00:00,6181.29,5279.335838111786,5672.810935861126,6151.8522631661735
2025-05-23 22:15:00,6268.403333333333,5404.547852737007,5804.451817223295,6295.0636765263835
2025-05-23 22:30:00,6392.139999999999,5493.117545368624,5897.485693911031,6396.427430234439
2025-05-23 22:45:00,6443.206666666666,5590.320771882632,5999.831767552285,6508.030342201436
2025-05-23 23:00:00,6529.456666666666,5664.163668788181,6078.470837399303,6594.365963285697
2025-05-23 23:15:00,6563.693333333334,5699.587285254705,6115.760769676017,6635.465597638739
2025-05-23 23:30:00,6566.360000000001,5692.210879671635,6107.529019882364,6627.004731854647
2025-05-23 23:45:00,6543.875,5679.512376592633,6093.586415792676,6612.32254878389
2025-05-24 00:00:00,6465.986666666667,5592.597450129691,5917.70230446786,6470.333671258593
2025-05-24 00:15:00,6374.096666666667,5523.95564034947,5844.870442677643,6391.844331693705
2025-05-24 00:30:00,6276.833333333333,5450.569567960563,5766.93623662476,6307.782833831607
2025-05-24 00:45:00,6178.606666666667,5353.033784865313,5663.514532813744,6196.056950623781
2025-05-24 01:00:00,6076.06,5241.820600732532,5545.609161002676,6068.587480352437
2025-05-24 01:15:00,5996.266666666666,5140.140059626383,5437.484629584125,5951.583143603098
2025-05-24 01:30:00,5895.696666666667,5068.784038316162,5361.108713090065,5868.927049234042
2025-05-24 01:45:00,5812.213333333333,5001.6448761799065,5289.057096718351,5790.900260489951
2025-05-24 02:00:00,5730.966666666667,4914.781010443189,5196.181542092313,5690.250418863145
2025-05-24 02:15:00,5646.866666666666,4846.028656304547,5122.357341539935,5610.265786742066
2025-05-24 02:30:00,5565.37,4771.520682546937,5042.393693707315,5523.566948876571
2025-05-24 02:45:00,5488.316666666667,4694.1054707902,4959.288150981226,5433.4008498104
2025-05-24 03:00:00,5401.213333333333,4622.666604040472,4882.379003760677,5349.885470785195
2025-05-24 03:15:00,5331.14,4559.97089948395,4814.578842883389,5276.17623389662
2025-05-24 03:30:00,5278.9800000000005,4517.775257954482,4768.245240030394,5225.6633348432315
2025-05-24 03:45:00,5203.673333333333,4453.817276101681,4698.98535438691,5150.24299709114
2025-05-24 04:00:00,5135.84,4394.558383953427,4634.60537236201,5080.045953623526
2025-05-24 04:15:00,5069.5233333333335,4352.229202498829,4588.082966211328,5029.2166093526075
2025-05-24 04:30:00,4992.650000000001,4315.342674516721,4547.23586872852,4984.47366698455
2025-05-24 04:45:00,4943.743333333333,4246.780465900696,4473.076321472995,4903.571348686678
2025-05-24 05:00:00,4887.366666666666,4212.319849677996,4434.715091784202,4861.398757400318
2025-05-24 05:15:00,4823.733333333334,4156.230557599138,4375.314238967817,4797.508550612916
2025-05-24 05:30:00,4731.913333333333,4109.990462692902,4326.248464838062,4744.759669600641
2025-05-24 05:45:00,4643.7266666666665,4062.5253567131167,4275.891426177762,4690.555955669791
2025-05-24 06:00:00,4621.453333333334,4040.080019341297,4251.8227670468095,4664.78475213653
2025-05-24 06:15:00,4619.256666666667,4054.2124595342516,4266.19273028549,4680.614466983426
2025-05-24 06:30:00,4588.213333333333,4064.375625470534,4276.411832023895,4691.898238338729
2025-05-24 06:45:00,4521.95,4084.7943914865623,4297.431896274013,4714.840666644218
2025-05-24 07:00:00,4502.796666666666,4073.4698127009237,4285.13793660411,4701.642268267136
2025-05-24 07:15:00,4526.283333333334,4076.5223783345823,4288.841170270865,4706.309658206975
2025-05-24 07:30:00,4503.753333333333,4071.425862824466,4284.032329438657,4701.718179299609
2025-05-24 07:45:00,4473.283333333333,4101.493095905914,4316.221333043469,4737.185605824915
2025-05-24 08:00:00,4467.423333333333,4092.3451335988566,4307.275171060314,4728.051454629451
2025-05-24 08:15:00,4513.29,4113.746233572925,4330.735383370378,4754.171460176978
2025-05-24 08:30:00,4551.583333333333,4129.648972930976,4348.494868485564,4774.0941978130995
2025-05-24 08:45:00,4584.043333333334,4175.49002648417,4397.788013284184,4828.170591142092
2025-05-24 09:00:00,4633.349999999999,4264.751795273081,4492.784495393758,4931.758915472248
2025-05-24 09:15:00,4768.17,4424.751072242097,4661.944303259718,5115.539465192809
2025-05-24 09:30:00,4912.706666666666,4604.829040991754,4852.2951446292955,5322.279036238838
2025-05-24 09:45:00,5026.733333333334,4709.545050851502,4963.574924111525,5443.338736486165
2025-05-24 10:00:00,5171.9766666666665,4819.034933251776,5079.975365897962,5569.952210599361
2025-05-24 10:15:00,5262.906666666667,4915.358343052569,5182.287649396809,5681.064828200788
2025-05-24 10:30:00,5335.5199999999995,4986.509303584591,5258.26659141671,5763.656316192979
2025-05-24 10:45:00,5384.116666666667,5061.568131805036,5338.465456201395,5850.838035675284
2025-05-24 11:00:00,5444.64,5119.667470072634,5400.963811025826,5918.861234955799
2025-05-24 11:15:00,5492.163333333333,5203.469177905503,5489.9741444169495,6015.230905843832
2025-05-24 11:30:00,5616.496666666666,5263.990251394031,5554.645806079628,6085.256782077911
2025-05-24 11:45:00,5671.993333333333,5306.309734975607,5600.315193257798,6134.725046101724
2025-05-24 12:00:00,5746.513333333333,5324.323600973083,5620.569662773016,6156.690581573301
2025-05-24 12:15:00,5870.143333333333,5377.163778506867,5677.408965900997,6218.257742091866
2025-05-24 12:30:00,5937.063333333334,5394.535989120902,5695.935777375546,6238.306272789545
2025-05-24 12:45:00,5975.639999999999,5426.105008529503,5728.909264089118,6274.032023995634
2025-05-24 13:00:00,5922.586666666667,5345.247814555608,5643.886556718174,6181.947346178094
2025-05-24 13:15:00,5947.143333333333,5344.327356593785,5643.247773212163,6181.057665179156
2025-05-24 13:30:00,6054.836666666667,5404.9075793955635,5707.32858437235,6250.351847235248
2025-05-24 13:45:00,6112.57,5539.961698726312,5849.754735854687,6404.596820652831
2025-05-24 14:00:00,6216.796666666666,5643.475855580064,5959.148035498626,6523.106101784467
2025-05-24 14:15:00,6361.7266666666665,5770.159691173827,6095.054271724247,6670.939802779072
2025-05-24 14:30:00,6446.003333333334,5839.590606530548,6170.469434302125,6753.084341565747
2025-05-24 14:45:00,6575.713333333333,5887.112549263537,6222.792748995807,6810.193681675397
2025-05-24 15:00:00,6598.82,5934.445449341225,6275.489054822209,6867.998832497561
2025-05-24 15:15:00,6631.636666666666,5885.019221761722,6223.673818439313,6810.87222292947
2025-05-24 15:30:00,6616.37,5905.14633689829,6245.035311551476,6833.120895819048
2025-05-24 15:45:00,6575.62,5897.253836473555,6236.987517661469,6823.549658806658
2025-05-24 16:00:00,6481.753333333334,5833.889188041995,6170.719495274537,6750.956019515618
2025-05-24 16:15:00,6430.856666666667,5784.022567666594,6118.9250067728,6694.272718182559
2025-05-24 16:30:00,6349.216666666667,5749.035486990743,6082.8049652075015,6654.637422782312
2025-05-24 16:45:00,6256.52,5693.779319578598,6025.4260936869705,6592.0285434439
2025-05-24 17:00:00,6174.013333333333,5663.587277958467,5994.406252122044,6558.043093458676
2025-05-24 17:15:00,6092.886666666666,5612.3235583826145,5941.512391136309,6500.577507472143
2025-05-24 17:30:00,6040.666666666667,5520.524945129119,5846.046176904839,6397.038567869836
2025-05-24 17:45:00,5943.16,5457.317721187746,5780.621346948496,6326.107838668383
2025-05-24 18:00:00,5833.373333333334,5372.09878253348,5692.0682892712575,6230.168911839677
2025-05-24 18:15:00,5758.533333333333,5281.38078513859,5597.240330419639,6127.15561893934
2025-05-24 18:30:00,5742.366666666666,5206.395699500836,5518.9216819584535,6042.0797763066
2025-05-24 18:45:00,5695.893333333333,5177.7368771526435,5489.244914794032,6009.757020682923
2025-05-24 19:00:00,5700.696666666667,5125.795707677309,5435.07418474954,5950.934864491517
2025-05-24 19:15:00,5706.0,5152.954826450723,5464.204754458608,5982.578886726815
2025-05-24 19:30:00,5755.753333333333,5172.815857841308,5485.619166308562,6005.897007623564
2025-05-24 19:45:00,5765.933333333333,5185.085286164194,5499.002025077831,6020.543842231581
2025-05-24 20:00:00,5766.046666666666,5153.440188196086,5466.186993091839,5985.158921026008
2025-05-24 20:15:00,5773.313333333333,5177.652083475488,5492.105476325838,6013.52255794542
2025-05-24 20:30:00,5810.253333333333,5189.175144307613,5504.61788236396,6027.37949719441
2025-05-24 20:45:00,5842.783333333333,5223.831068416866,5541.3512738533545,6067.498024989622
2025-05-24 21:00:00,5872.41,5236.385709049975,5554.778746156717,6082.37426753378
2025-05-24 21:15:00,5931.473333333332,5315.020848572028,5637.778905272057,6172.8093666698605
2025-05-24 21:30:00,6018.37,5420.876298460405,5749.27863896022,6294.1297513731815
2025-05-24 21:45:00,6135.443333333334,5519.433452331681,5853.009582876276,6407.03110560847
2025-05-24 22:00:00,6350.223333333332,5583.685845094034,5920.595789065948,6480.761270076585
2025-05-24 22:15:00,6518.173333333333,5672.973161715407,6014.252267658661,6582.65023102036
2025-05-24 22:30:00,6615.32,5779.654943691326,6126.07082126035,6704.206008926715
2025-05-24 22:45:00,6717.1033333333335,5838.729856958114,6187.760874019754,6771.425422971013
2025-05-24 23:00:00,6771.223333333332,5917.069357178914,6269.573087650931,6860.427436895625
2025-05-24 23:15:00,6797.363333333334,5947.316417209512,6300.864682122132,6894.741653181388
2025-05-24 23:30:00,6804.903333333333,5952.786573527012,6306.007450058903,6900.6918540148245
2025-05-24 23:45:00,6777.02,5933.474478907941,6284.995235624345,6878.267659769782
2025-05-25 00:00:00,6745.193333333334,5804.422000859569,6148.574094834326,6730.7507123820415
2025-05-25 00:15:00,6670.77,5725.915156152662,6065.1351626874575,6640.604757576048
2025-05-25 00:30:00,6512.526666666668,5641.193939783672,5975.049443277303,6543.213099589357
2025-05-25 00:45:00,6231.623333333333,5555.02579686046,5883.326943848091,6444.001484716709
2025-05-25 01:00:00,5926.139999999999,5461.314522070553,5783.565216076479,6336.029421045715
2025-05-25 01:15:00,5620.78,5383.998416628611,5701.0370729248925,6246.761106022478
2025-05-25 01:30:00,5167.333333333333,5298.422066655331,5609.721797327258,6147.916853216806
2025-05-25 01:45:00,4743.33,5224.039049791933,5530.060051145815,6061.643794587305
2025-05-25 02:00:00,4296.693333333334,5148.053228311706,5448.612573418903,5973.3773168107355
2025-05-25 02:15:00,4066.1966666666667,5071.463317591621,5366.554521523205,5884.470555623402
2025-05-25 02:30:00,3901.4466666666667,4998.501829872345,5288.215555568393,5799.532208784645
2025-05-25 02:45:00,3929.433333333333,4927.91059125337,5212.279030354746,5717.134394189161
2025-05-25 03:00:00,3875.433333333333,4851.810591494592,5130.473066646924,5628.312867786318
2025-05-25 03:15:00,3854.0066666666667,4787.451650348386,5060.92557001698,5552.710233208467
2025-05-25 03:30:00,3823.6666666666665,4739.326036435058,5008.362154266137,5495.446763563552
2025-05-25 03:45:00,3796.28,4671.641372636925,4935.187152371455,5415.784040195534
2025-05-25 04:00:00,3812.8266666666664,4610.844361093027,4869.191278158676,5343.836030132063
2025-05-25 04:15:00,3807.286666666667,4553.093842640346,4806.346165239836,5275.238100595495
2025-05-25 04:30:00,3811.4300000000003,4487.629720603791,4735.354876740441,5197.749733909219
2025-05-25 04:45:00,3805.8933333333334,4440.299157530206,4683.378910536414,5140.8039059469265
2025-05-25 05:00:00,3817.86,4393.106442138121,4631.520189346265,5083.92410786768
2025-05-25 05:15:00,3854.943333333333,4340.174988664181,4576.774579495405,5025.974159328746
2025-05-25 05:30:00,3844.3866666666668,4265.180652807429,4498.838380428793,4942.837417002747
2025-05-25 05:45:00,3809.236666666666,4192.96640773591,4423.818530898261,4862.805175440324
2025-05-25 06:00:00,3860.976666666667,4167.883571033651,4398.316743880492,4836.376924923407
2025-05-25 06:15:00,3840.0533333333333,4165.255495757406,4394.592272031094,4832.273894929181
2025-05-25 06:30:00,3876.72,4136.146811846422,4363.067351098525,4797.998435855976
2025-05-25 06:45:00,3810.7900000000004,4091.240612588666,4314.9729389880395,4745.7232502817
2025-05-25 07:00:00,3830.0499999999997,4071.6315338783543,4293.489137294499,4722.241045973217
2025-05-25 07:15:00,3738.4266666666667,4088.3871028496173,4311.22341071135,4741.868017154104
2025-05-25 07:30:00,3750.693333333333,4060.673498018974,4282.2890437894885,4710.8899995552865
2025-05-25 07:45:00,3738.1066666666666,4051.2949158435663,4272.6728750759685,4700.813377868891
2025-05-25 08:00:00,3743.0766666666664,4046.575861594405,4268.014726290771,4696.081349834466
2025-05-25 08:15:00,3730.2566666666667,4080.709797545621,4304.121919657076,4735.4168524527
2025-05-25 08:30:00,3702.536666666667,4112.951071327927,4338.316401225116,4772.659747404696
2025-05-25 08:45:00,3680.97,4141.9169888921515,4369.151470649082,4806.246471592628
2025-05-25 09:00:00,3607.3866666666668,4193.638011702184,4423.9793405849705,4865.81977960919
2025-05-25 09:15:00,3657.713333333333,4317.805998348962,4554.888040170066,5007.744546847062
2025-05-25 09:30:00,3742.75,4447.533195612288,4691.734135438757,5156.0996273143355
2025-05-25 09:45:00,3838.1366666666668,4547.392669176365,4797.303754498085,5270.564630641629
2025-05-25 10:00:00,3943.48,4673.527129777033,4930.582323248971,5415.059877842854
2025-05-25 10:15:00,4112.21,4758.087656025811,5019.807277492568,5511.502519671656
2025-05-25 10:30:00,4143.27,4824.461915135358,5090.038318625515,5587.376972070013
2025-05-25 10:45:00,4199.8533333333335,4874.70537587406,5143.437390171866,5645.030010130036
2025-05-25 11:00:00,4229.57,4933.391644307831,5205.822680005242,5712.442032549659
2025-05-25 11:15:00,4277.2,4981.442805025003,5256.666730986002,5767.047837523959
2025-05-25 11:30:00,4340.326666666667,5078.620366713309,5359.240303022992,5877.736674072133
2025-05-25 11:45:00,4353.58,5129.867995008918,5413.68121333225,5936.3024664029535
2025-05-25 12:00:00,4409.576666666667,5188.480991476592,5475.9795895209045,6003.4191930336865
2025-05-25 12:15:00,4449.6466666666665,5290.619050643545,5584.366226528924,6120.679705357345
2025-05-25 12:30:00,4479.66,5343.358330442067,5640.9745008749405,6181.876941064341
2025-05-25 12:45:00,4501.849999999999,5378.6027417677715,5679.31999562503,6223.331145470658
2025-05-25 13:00:00,4432.7699999999995,5324.375883221305,5623.784923462699,6163.106402850246
2025-05-25 13:15:00,4396.486666666667,5344.754730050377,5645.888797150339,6186.4922924950815
2025-05-25 13:30:00,4403.09,5438.649130453979,5745.334653056478,6293.739553589276
2025-05-25 13:45:00,4450.173333333333,5504.636024935008,5815.567678655117,6369.388516138629
2025-05-25 14:00:00,4484.17,5603.700732086401,5920.652932308628,6482.861463304891
2025-05-25 14:15:00,4530.900000000001,5727.58285175074,6050.083826209324,6621.553595083374
2025-05-25 14:30:00,4582.45,5801.958335667091,6127.597655662444,6704.050405925011
2025-05-25 14:45:00,4615.986666666667,5904.458565453693,6234.745974850569,6818.721621273712
2025-05-25 15:00:00,4636.753333333333,5932.041386692343,6265.536699068291,6850.858780502495
2025-05-25 15:15:00,4651.696666666667,5954.101055546054,6291.769576975684,6879.054694803544
2025-05-25 15:30:00,4659.863333333334,5949.460882836279,6287.683059363066,6874.118359359397
2025-05-25 15:45:00,4665.343333333333,5919.292975987442,6256.841595564582,6840.255318831798
2025-05-25 16:00:00,4680.3966666666665,5838.239890917473,6172.598806576501,6748.591597365058
2025-05-25 16:15:00,4670.4366666666665,5791.1317187474215,6125.039976040317,6697.393895656219
2025-05-25 16:30:00,4673.513333333333,5727.005369140806,6059.64501317256,6626.9324302298055
2025-05-25 16:45:00,4646.923333333333,5645.817490109773,5976.360963177802,6537.1488046255035
2025-05-25 17:00:00,4634.076666666667,5578.866363917637,5908.06109966438,6463.662927796222
2025-05-25 17:15:00,4622.72,5509.440256978922,5837.545841225685,6388.080271409076
2025-05-25 17:30:00,4609.093333333333,5453.45488100006,5781.163053909621,6327.86911152533
2025-05-25 17:45:00,4580.323333333334,5371.520165842283,5697.523148984214,6238.178008176139
2025-05-25 18:00:00,4590.043333333334,5277.599141260898,5601.287341808319,6134.891442661699
2025-05-25 18:15:00,4563.150000000001,5209.677560314755,5530.6516915199245,6058.255609917064
2025-05-25 18:30:00,4556.743333333333,5180.910175037984,5501.130899026827,6026.219582702263
2025-05-25 18:45:00,4560.446666666667,5145.400255020113,5464.499842450436,5986.524106969634
2025-05-25 19:00:00,4589.526666666667,5148.535380325819,5468.433484863902,5990.826225802936
2025-05-25 19:15:00,4654.31,5158.657627694209,5479.300902081788,6002.436125937666
2025-05-25 19:30:00,4708.333333333333,5205.813922876454,5529.025887211884,6056.187005310359
2025-05-25 19:45:00,4747.816666666667,5220.031611976202,5544.090681540628,6072.412040217841
2025-05-25 20:00:00,4785.426666666666,5220.6075680207205,5544.761078544763,6073.067305727877
2025-05-25 20:15:00,4819.063333333333,5228.468264639163,5553.744812449741,6083.243483747509
2025-05-25 20:30:00,4865.516666666666,5261.760380559283,5589.370218642606,6122.308354031352
2025-05-25 20:45:00,4897.333333333333,5296.913655263755,5626.869332689129,6163.419498946731
2025-05-25 21:00:00,4912.106666666667,5330.750598633804,5662.898440864509,6202.949562676037
2025-05-25 21:15:00,4973.543333333334,5396.275770049428,5731.760908997522,6277.820853602961
2025-05-25 21:30:00,5091.406666666667,5484.63630553726,5824.516286914529,6378.585688553936
2025-05-25 21:45:00,5182.156666666667,5597.531610636685,5942.94553380965,6507.169664610166
2025-05-25 22:00:00,5235.586666666667,5762.503461255856,6115.979095981213,6694.9173284396675
2025-05-25 22:15:00,5315.123333333333,5903.974950006817,6264.215140072864,6855.7853407639295
2025-05-25 22:30:00,5393.92,6003.158056824685,6367.912634660501,6968.378323506077
2025-05-25 22:45:00,5439.506666666667,6093.957243259604,6464.212885726493,7073.648565761872
2025-05-25 23:00:00,5485.253333333334,6150.603829921909,6523.957801601267,7139.025613710159
2025-05-25 23:15:00,5510.290000000001,6177.39308251195,6551.961576575324,7169.91301262146
2025-05-25 23:30:00,5485.79,6185.692443684172,6560.089534832025,7179.079169324079
2025-05-25 23:45:00,5444.318333333333,6164.91216046142,6537.413282878699,7154.770395186972
2025-05-26 00:00:00,5402.846666666666,6350.614302907908,6815.393023433672,7408.004808132521
2025-05-26 00:15:00,5328.373333333333,6283.084874442196,6743.729788917222,7330.781782827164
2025-05-26 00:30:00,5246.876666666666,6157.521010058102,6610.979495956824,7187.3220541854125
2025-05-26 00:45:00,5150.266666666666,5944.133859639179,6385.848567268022,6943.71312285887
2025-05-26 01:00:00,5060.436666666667,5711.337710812713,6140.2125632420675,6677.835860314221
2025-05-26 01:15:00,4984.2266666666665,5480.159136358513,5895.920504833401,6413.200142706028
2025-05-26 01:30:00,4892.856666666667,5146.98044482132,5544.361619763864,6032.276754791499
2025-05-26 01:45:00,4809.616666666667,4833.462102160627,5213.351402336241,5673.56325478259
2025-05-26 02:00:00,4744.693333333334,4542.765230667985,4906.214707480312,5340.660478236363
2025-05-26 02:15:00,4652.436666666667,4411.631071660535,4766.732843857742,5189.448335098942
2025-05-26 02:30:00,4599.67,4312.471863778129,4660.749895673778,5074.4737682455125
2025-05-26 02:45:00,4512.426666666667,4310.616862249362,4656.903544320858,5070.110790039572
2025-05-26 03:00:00,4487.426666666666,4257.786734080774,4599.422447677191,5007.566032706537
2025-05-26 03:15:00,4410.303333333333,4229.813509937616,4567.857235287122,4972.957781172598
2025-05-26 03:30:00,4386.29,4197.922151356531,4532.105712465573,4933.748644310743
2025-05-26 03:45:00,4314.69,4165.254558542615,4495.475145176947,4893.522262740091
2025-05-26 04:00:00,4257.336666666667,4157.0964675447985,4484.536578578406,4881.070981221214
2025-05-26 04:15:00,4221.19,4136.609954859477,4460.59644807032,4854.467262370144
2025-05-26 04:30:00,4184.336666666667,4121.853094894603,4442.633137181737,4834.276660043462
2025-05-26 04:45:00,4142.716666666666,4104.860227950449,4422.285624878096,4811.440260322004
2025-05-26 05:00:00,4121.213333333333,4096.794849405723,4411.2894338314245,4798.675854474589
2025-05-26 05:15:00,4114.036666666667,4094.848409015466,4400.8643033077515,4782.561487140048
2025-05-26 05:30:00,4043.366666666667,4057.0757041147035,4352.789275843642,4725.592347043694
2025-05-26 05:45:00,4032.5833333333335,4007.605229111694,4292.420684841557,4655.246379365909
2025-05-26 06:00:00,4006.66,4026.489672896651,4303.866803011826,4662.664853408142
2025-05-26 06:15:00,4058.2233333333334,4011.4947619282193,4287.515020450559,4645.123310641424
2025-05-26 06:30:00,4055.6766666666667,4032.1262480402966,4308.610145826644,4668.110802338833
2025-05-26 06:45:00,4073.4533333333334,3973.951710623937,4246.941337363888,4601.3708503024955
2025-05-26 07:00:00,4115.046666666666,3978.1293287352964,4250.811808780119,4605.606644174608
2025-05-26 07:15:00,4144.526666666667,3926.997918412147,4196.983271411561,4547.52589465258
2025-05-26 07:30:00,4140.073333333333,3931.507675126142,4201.658369761514,4552.803911833947
2025-05-26 07:45:00,4089.5033333333336,3922.5981968263773,4192.291800340278,4542.8348668742865
2025-05-26 08:00:00,4107.4366666666665,3927.36315747737,4197.3539878656875,4548.472823097016
2025-05-26 08:15:00,4156.7,3928.457742601532,4198.143182846284,4549.130835377866
2025-05-26 08:30:00,4227.743333333333,3924.52315397442,4193.724561254898,4544.125693373149
2025-05-26 08:45:00,4233.343333333333,3922.386819090749,4191.276677262288,4541.240084095394
2025-05-26 09:00:00,4359.013333333333,3910.835162486649,4179.024515503632,4527.718841182627
2025-05-26 09:15:00,4515.3533333333335,3978.7476659217173,4250.346806089935,4604.750524728301
2025-05-26 09:30:00,4688.45,4074.3314957417183,4350.836675418953,4713.384544028939
2025-05-26 09:45:00,4842.763333333333,4168.812575830726,4450.269501991861,4820.873999113845
2025-05-26 10:00:00,4971.990000000001,4277.848242606346,4565.098252740901,4945.051411666959
2025-05-26 10:15:00,5041.623333333333,4416.804836428596,4711.712957525716,5103.843970482065
2025-05-26 10:30:00,5091.643333333333,4456.161770434604,4753.8038055635125,5149.388843439787
2025-05-26 10:45:00,5151.763333333333,4511.330287589847,4812.6201860569445,5213.074916815973
2025-05-26 11:00:00,5157.243333333333,4546.796794885889,4850.854865114135,5254.480436188506
2025-05-26 11:15:00,5214.94,4588.268933657131,4894.544011233266,5301.1703621604765
2025-05-26 11:30:00,5264.966666666667,4654.39877399303,4964.256754453411,5376.088606069569
2025-05-26 11:45:00,5271.8133333333335,4672.521299658406,4983.654414875271,5396.518953439292
2025-05-26 12:00:00,5284.6033333333335,4727.053144106673,5041.422057324535,5458.563329869506
2025-05-26 12:15:00,5300.623333333333,4775.296307636332,5094.648025781742,5517.029547025809
2025-05-26 12:30:00,5315.81,4810.101953363224,5133.87522254678,5560.37012083674
2025-05-26 12:45:00,5306.973333333332,4812.765517306128,5139.45181115672,5567.293547343467
2025-05-26 13:00:00,5196.14,4765.686172214867,5092.885001046218,5517.764056046217
2025-05-26 13:15:00,5163.536666666667,4742.478474928939,5069.684888074129,5492.384717026776
2025-05-26 13:30:00,5249.076666666667,4767.891981864593,5097.673661042276,5522.52748381448
2025-05-26 13:45:00,5344.973333333332,4820.882356991459,5154.739465292136,5584.234334600842
2025-05-26 14:00:00,5439.259999999999,4866.747488277733,5207.344963704253,5641.283585408954
2025-05-26 14:15:00,5567.663333333333,4921.872754784853,5269.654762765818,5708.827001847786
2025-05-26 14:30:00,5643.936666666667,4973.67265657137,5328.563857872219,5772.746999864069
2025-05-26 14:45:00,5691.2,5018.38171700811,5379.331674765442,5827.876676461857
2025-05-26 15:00:00,5763.856666666667,5018.109744883608,5380.7824157403975,5829.544545164188
2025-05-26 15:15:00,5791.223333333332,5050.895370983124,5416.308853607744,5867.7121549238045
2025-05-26 15:30:00,5788.0199999999995,5060.337719304472,5427.3817556402355,5879.446763902468
2025-05-26 15:45:00,5780.25,5053.406773114765,5421.317032171583,5872.6759121027835
2025-05-26 16:00:00,5767.19,5044.89452597304,5413.647840335301,5864.230998915674
2025-05-26 16:15:00,5750.466666666667,5025.445541124835,5395.389968241886,5844.946445545272
2025-05-26 16:30:00,5735.829999999999,5007.0656025962935,5378.2977419954095,5826.988288557109
2025-05-26 16:45:00,5731.493333333333,4971.271644837982,5342.946115677183,5789.3067035335025
2025-05-26 17:00:00,5675.963333333333,4946.198284155988,5318.884730725104,5763.920140771265
2025-05-26 17:15:00,5661.756666666667,4913.562244573746,5285.19559532868,5727.020296603744
2025-05-26 17:30:00,5591.073333333334,4881.36040676193,5251.974745447369,5690.685557314101
2025-05-26 17:45:00,5526.2,4835.092397588941,5203.980801042512,5638.398452431543
2025-05-26 18:00:00,5466.2733333333335,4814.296640762107,5184.497553754949,5617.128915067337
2025-05-26 18:15:00,5410.5233333333335,4766.822108491469,5136.731990860383,5565.100857336443
2025-05-26 18:30:00,5367.64,4747.185950446751,5118.193296102002,5544.790883854011
2025-05-26 18:45:00,5312.393333333333,4732.050916407573,5104.356515419784,5529.621034459317
2025-05-26 19:00:00,5327.453333333334,4744.852098234428,5120.418794184955,5546.9150126450895
2025-05-26 19:15:00,5389.496666666667,4792.212124539414,5173.475203262379,5604.822900533775
2025-05-26 19:30:00,5401.71,4839.237422059144,5226.1309052779925,5662.331845377168
2025-05-26 19:45:00,5427.086666666667,4869.7968996207655,5261.432125324981,5701.067259994526
2025-05-26 20:00:00,5427.203333333334,4897.246236044218,5292.233721833264,5734.907942394948
2025-05-26 20:15:00,5446.81,4927.7688948560035,5324.492051308144,5769.210912683982
2025-05-26 20:30:00,5484.893333333333,4964.375807067112,5363.066625586066,5810.378120363662
2025-05-26 20:45:00,5495.97,4993.600745834984,5393.804409819769,5843.0693923592
2025-05-26 21:00:00,5501.509999999999,5009.376513481427,5410.910535278769,5861.0247492321505
2025-05-26 21:15:00,5564.419999999999,5073.581690433835,5481.23477334846,5938.283271484651
2025-05-26 21:30:00,5679.193333333334,5177.3109005465785,5592.984428809785,6060.433409162792
2025-05-26 21:45:00,5770.866666666666,5266.488958915458,5689.345708567071,6165.907999916443
2025-05-26 22:00:00,5844.34,5338.269674604644,5767.324568292132,6251.458492497755
2025-05-26 22:15:00,5920.356666666667,5416.720818245717,5852.080630223802,6344.261979980285
2025-05-26 22:30:00,5977.733333333334,5485.933760560341,5927.019458045753,6426.414150573715
2025-05-26 22:45:00,6036.3,5531.104975594843,5976.5864638952235,6481.0560772966055
2025-05-26 23:00:00,6059.843333333333,5573.026865287847,6022.233557130725,6531.413206408542
2025-05-26 23:15:00,6051.3533333333335,5590.994587180614,6042.718820578703,6554.56109953049
2025-05-26 23:30:00,6008.4800000000005,5565.572958706964,6017.004152373525,6527.386006444686
2025-05-26 23:45:00,5966.66,5527.516688632894,5977.046417858516,6484.680153354281
2025-05-27 00:00:00,5870.823333333334,5420.738400336205,5863.427400422502,6361.741432829223
2025-05-27 00:15:00,5773.576666666667,5347.176305978584,5782.11634332742,6272.423002700586
2025-05-27 00:30:00,5674.009999999999,5256.6170566306955,5680.641769190488,6160.192696825162
2025-05-27 00:45:00,5568.533333333333,5145.469273376868,5556.982337258177,6023.672405750433
2025-05-27 01:00:00,5471.713333333333,5035.511720298025,5434.460829645512,5888.336973135023
2025-05-27 01:15:00,5356.983333333334,4937.580072593867,5328.668014744954,5773.185189792156
2025-05-27 01:30:00,5263.803333333333,4820.209386346274,5204.31560426344,5638.786517830768
2025-05-27 01:45:00,5159.253333333334,4713.834683718202,5091.409395014973,5516.734381045534
2025-05-27 02:00:00,5074.0633333333335,4615.3405309899,4986.680320902029,5403.484500027841
2025-05-27 02:15:00,4988.34,4520.642961477867,4884.74773801545,5292.471767384525
2025-05-27 02:30:00,4932.473333333333,4456.37439374747,4814.689952521801,5215.936730962014
2025-05-27 02:45:00,4856.51,4386.2162094818295,4738.357093922736,5132.539348920979
2025-05-27 03:00:00,4781.873333333333,4353.35058618018,4701.12030614837,5091.442486412804
2025-05-27 03:15:00,4726.8533333333335,4289.324472854574,4632.530526661692,5017.284842918317
2025-05-27 03:30:00,4656.536666666667,4260.00926118857,4600.336694422642,4982.500892420887
2025-05-27 03:45:00,4593.1033333333335,4199.217783972041,4535.011483525574,4911.751350889096
2025-05-27 04:00:00,4538.87,4149.856576743526,4481.637708968188,4853.887754447968
2025-05-27 04:15:00,4491.81,4115.386152052108,4443.493038371864,4812.217894349963
2025-05-27 04:30:00,4445.516666666666,4082.247175528969,4406.704593963437,4771.95431627806
2025-05-27 04:45:00,4407.903333333333,4045.2077557875236,4365.783352079412,4727.1501774635435
2025-05-27 05:00:00,4364.56,4021.3052485391354,4338.635699013395,4697.209962848252
2025-05-27 05:15:00,4317.009999999999,4012.1659532995645,4330.382983104623,4689.965079977407
2025-05-27 05:30:00,4277.05,3952.5330658804082,4269.071410284793,4625.168410529195
2025-05-27 05:45:00,4231.240000000001,3932.5409251438537,4249.400648881771,4605.43772894396
2025-05-27 06:00:00,4232.740000000001,3917.795223944673,4235.245128028119,4591.629966635148
2025-05-27 06:15:00,4245.623333333334,3951.6623268590515,4270.347608789347,4629.925255548378
2025-05-27 06:30:00,4271.693333333334,3950.8685849930707,4269.0557824612315,4628.735886255449
2025-05-27 06:45:00,4236.9766666666665,3952.4639056806454,4270.3006209770265,4630.250053476399
2025-05-27 07:00:00,4266.16,3978.5082815898786,4297.265123382062,4659.591780123486
2025-05-27 07:15:00,4268.786666666667,3990.733473107356,4309.5102748974,4672.782126348462
2025-05-27 07:30:00,4288.723333333333,3990.140347033565,4308.338022249363,4671.398231544548
2025-05-27 07:45:00,4297.6033333333335,3949.1717686069665,4264.804882180304,4624.080816678988
2025-05-27 08:00:00,4347.0633333333335,3946.26948137174,4261.325690180965,4620.137635244066
2025-05-27 08:15:00,4386.77,3987.3797444021457,4304.640346486145,4667.201638021607
2025-05-27 08:30:00,4438.006666666667,4050.3857571576236,4371.033529677375,4739.253320081243
2025-05-27 08:45:00,4498.1466666666665,4070.2904938566116,4392.227640601785,4762.311742797218
2025-05-27 09:00:00,4586.18,4153.09929298148,4479.593583420513,4857.061577640505
2025-05-27 09:15:00,4758.806666666666,4273.538649250473,4606.706731874918,4994.954962416002
2025-05-27 09:30:00,4962.886666666666,4414.1053531621965,4755.062029908628,5155.862757448054
2025-05-27 09:45:00,5084.183333333333,4525.814444802886,4873.202037990922,5284.030367457675
2025-05-27 10:00:00,5218.893333333333,4630.9816011202975,4983.015622437702,5403.118136508725
2025-05-27 10:15:00,5337.363333333334,4715.674302860648,5070.62543607101,5497.740346838841
2025-05-27 10:30:00,5409.183333333333,4768.92823119385,5125.318736430911,5556.707960368434
2025-05-27 10:45:00,5483.87,4831.286263852478,5189.6909364151825,5626.181104812445
2025-05-27 11:00:00,5539.526666666668,4851.987630216798,5210.416672941805,5648.380921512188
2025-05-27 11:15:00,5595.243333333333,4913.71808955103,5273.851208280279,5717.4006016904395
2025-05-27 11:30:00,5614.933333333333,4970.930816815745,5332.658693298681,5781.435827209784
2025-05-27 11:45:00,5660.84,4987.721850093024,5349.120272187865,5799.618486101429
2025-05-27 12:00:00,5662.373333333333,5021.618243909197,5383.671798010988,5837.439905976995
2025-05-27 12:15:00,5723.323333333334,5053.193003899459,5416.343152270176,5872.822244487884
2025-05-27 12:30:00,5785.056666666666,5083.738422458301,5448.051312778059,5907.2041775271655
2025-05-27 12:45:00,5812.356666666667,5098.00954128123,5462.778978727391,5923.232552080637
2025-05-27 13:00:00,5732.356666666667,5012.610347615283,5372.911335245067,5825.971578631913
2025-05-27 13:15:00,5687.509999999999,4991.165456229387,5350.637053149891,5801.711495832587
2025-05-27 13:30:00,5734.096666666667,5071.93146446136,5435.851038165794,5893.979034268377
2025-05-27 13:45:00,5864.776666666668,5160.275877427878,5529.1323975013365,5995.044776771627
2025-05-27 14:00:00,5970.973333333332,5251.62959684278,5625.677107953548,6099.705074023666
2025-05-27 14:15:00,6062.170000000001,5359.362941777462,5740.844078161476,6224.78675723764
2025-05-27 14:30:00,6169.2733333333335,5436.714245776272,5824.522835695459,6315.966742822127
2025-05-27 14:45:00,6221.626666666667,5487.004822785808,5879.342585130475,6375.6969577600175
2025-05-27 15:00:00,6059.093333333333,5547.931893743622,5945.87189793134,6448.390264620598
2025-05-27 15:15:00,6073.55,5571.821987485842,5972.7845653680315,6477.614429804004
2025-05-27 15:30:00,6145.87,5562.6684380221095,5964.564518968706,6468.606256027527
2025-05-27 15:45:00,6218.59,5546.254314758456,5948.780339379129,6451.4663737365045
2025-05-27 16:00:00,6214.416666666667,5525.850355086265,5928.861371838518,6429.910597960212
2025-05-27 16:15:00,6167.326666666667,5501.600264939088,5904.708348962138,6403.668006862614
2025-05-27 16:30:00,6142.360000000001,5481.576507107644,5885.0379015484295,6382.3460079738825
2025-05-27 16:45:00,6072.670000000001,5460.860276844909,5864.675101795042,6360.336079827051
2025-05-27 17:00:00,6027.916666666667,5405.85887234478,5808.321120079279,6299.387438501911
2025-05-27 17:15:00,6004.426666666666,5381.3609815004365,5780.749385739288,6267.4874876786325
2025-05-27 17:30:00,5951.233333333334,5314.908530461908,5709.113848244037,6187.898061204605
2025-05-27 17:45:00,5877.003333333334,5253.902014711176,5643.203924448026,6114.568489498377
2025-05-27 18:00:00,5817.98,5196.292048484956,5580.858769459896,6045.155016981119
2025-05-27 18:15:00,5735.673333333333,5146.64836622661,5528.573928976411,5987.83385665189
2025-05-27 18:30:00,5685.396666666667,5105.820850686901,5485.531918592617,5940.576252308212
2025-05-27 18:45:00,5659.233333333334,5064.022237954195,5441.442906101952,5892.229296921206
2025-05-27 19:00:00,5633.136666666666,5073.164447156456,5450.836087450054,5901.877220171595
2025-05-27 19:15:00,5665.016666666666,5127.875617003639,5508.668613873143,5964.459543975642
2025-05-27 19:30:00,5737.34,5146.232364801371,5528.259456051367,5985.638773901104
2025-05-27 19:45:00,5742.110000000001,5175.242972713838,5558.986763902331,6018.917014465918
2025-05-27 20:00:00,5768.453333333334,5183.919126909717,5568.288545985105,6029.006616547686
2025-05-27 20:15:00,5798.563333333333,5213.398220267728,5600.105391801328,6064.005997719329
2025-05-27 20:30:00,5846.170000000001,5250.648299403399,5640.010501992618,6107.789761140969
2025-05-27 20:45:00,5893.343333333333,5268.69419329229,5659.658837221167,6129.639402202086
2025-05-27 21:00:00,5926.816666666667,5281.748478814483,5673.976054455833,6145.724094860929
2025-05-27 21:15:00,6042.803333333333,5338.712125675199,5734.208933091982,6211.488768645236
2025-05-27 21:30:00,6174.71,5445.745621238693,5846.946278638349,6334.150218698467
2025-05-27 21:45:00,6320.316666666667,5542.773159497978,5949.070264131755,6445.3102868875085
2025-05-27 22:00:00,6413.923333333333,5617.507619396393,6028.61635560793,6532.441589411476
2025-05-27 22:15:00,6506.099999999999,5692.524252423294,6109.12345474511,6621.039630416171
2025-05-27 22:30:00,6581.056666666666,5756.545926229533,6177.635123988882,6696.471143058803
2025-05-27 22:45:00,6637.21,5814.3652058319,6239.537558742777,6764.733278396236
2025-05-27 23:00:00,6658.78,5840.060176809591,6266.949901069042,6795.309537524057
2025-05-27 23:15:00,6631.893333333333,5838.480392695816,6265.0485970000245,6793.819107084755
2025-05-27 23:30:00,6608.193333333334,5804.488657680964,6228.977364042575,6755.2730650648955
2025-05-27 23:45:00,6548.331666666667,5766.339105882807,6188.4184276792985,6711.83110133025
2025-05-28 00:00:00,6488.47,5626.115990837749,6040.505046864692,6552.024150368765
2025-05-28 00:15:00,6389.606666666667,5541.35531010025,5950.860898692263,6455.398608240571
2025-05-28 00:30:00,6272.193333333334,5453.666372823715,5858.022236058542,6355.2682154473505
2025-05-28 00:45:00,6154.636666666666,5358.752456179503,5757.476581672621,6246.740237598274
2025-05-28 01:00:00,6043.43,5269.047603616694,5662.288691316403,6143.96867433101
2025-05-28 01:15:00,5930.900000000001,5171.543067014499,5558.672930128433,6031.931444878653
2025-05-28 01:30:00,5847.213333333333,5087.731307511275,5469.333081049475,5935.3091903530085
2025-05-28 01:45:00,5766.41,4998.789486738815,5374.497998077713,5832.675880556728
2025-05-28 02:00:00,5675.57,4922.998252602916,5293.376558796617,5744.844138617278
2025-05-28 02:15:00,5600.71,4847.887247982588,5212.99380383052,5657.834157920789
2025-05-28 02:30:00,5518.536666666667,4792.731711098058,5153.482733045159,5593.37899651711
2025-05-28 02:45:00,5446.253333333333,4723.343117727495,5078.931275177654,5512.5634721825045
2025-05-28 03:00:00,5371.823333333334,4659.872219094343,5010.51459697967,5438.331901509613
2025-05-28 03:15:00,5293.576666666667,4604.497724788364,4950.5274448787995,5373.170215812668
2025-05-28 03:30:00,5222.153333333334,4543.822158502502,4884.9011185592135,5301.833334336369
2025-05-28 03:45:00,5147.886666666666,4485.329051413205,4821.504043274467,5232.847329882867
2025-05-28 04:00:00,5089.996666666667,4433.268275000244,4764.807751413834,5171.057709093488
2025-05-28 04:15:00,5033.166666666667,4389.698440131341,4716.981959995586,5118.816027983416
2025-05-28 04:30:00,4990.266666666666,4348.012162235326,4671.092420156472,5068.609139323857
2025-05-28 04:45:00,4931.293333333334,4308.536616402118,4627.490260900414,5020.818538531067
2025-05-28 05:00:00,4890.1466666666665,4269.388775384979,4584.204803645405,4973.310097462451
2025-05-28 05:15:00,4802.929999999999,4226.4744339035215,4538.888297975753,4924.8444525339155
2025-05-28 05:30:00,4734.696666666667,4183.22881621269,4493.211636634814,4875.930871277469
2025-05-28 05:45:00,4663.31,4135.40755981013,4442.72366346378,4821.748164735927
2025-05-28 06:00:00,4651.296666666666,4105.08502021132,4410.622726864273,4787.4361426945925
2025-05-28 06:15:00,4642.073333333334,4121.324363927222,4427.327738241085,4805.877538652794
2025-05-28 06:30:00,4658.963333333333,4130.366292202608,4436.490520623578,4816.098135061005
2025-05-28 06:45:00,4643.09,4100.139597311337,4404.425921241501,4781.599931093418
2025-05-28 07:00:00,4640.1033333333335,4122.249997540776,4427.379144224355,4806.676513994416
2025-05-28 07:15:00,4657.833333333333,4126.3056110945945,4431.77130726696,4811.8460914464495
2025-05-28 07:30:00,4695.743333333333,4141.286985899433,4447.690730141895,4829.471246894027
2025-05-28 07:45:00,4739.013333333333,4141.13215003439,4447.764693188041,4829.894766954651
2025-05-28 08:00:00,4775.88,4170.904823064476,4479.342296201306,4864.427481612107
2025-05-28 08:15:00,4831.526666666667,4199.535713446127,4509.668190423618,4897.49841920693
2025-05-28 08:30:00,4853.803333333333,4252.916820541921,4566.0714105337065,4958.8065083686315
2025-05-28 08:45:00,4938.913333333333,4303.812376293848,4619.944958720021,5017.357525988289
2025-05-28 09:00:00,5044.623333333333,4390.73445905339,4711.753779509617,5117.003067854115
2025-05-28 09:15:00,5241.426666666666,4556.85260319932,4886.61217382381,5306.469895218049
2025-05-28 09:30:00,5403.763333333333,4744.156801605713,5083.82495631055,5520.1563448186425
2025-05-28 09:45:00,5564.899999999999,4865.680402856928,5212.032506402915,5659.070168134739
2025-05-28 10:00:00,5702.756666666667,4988.514556614821,5341.722280975566,5799.595186016815
2025-05-28 10:15:00,5774.133333333334,5091.6176305015915,5450.427360075819,5917.1463202085315
2025-05-28 10:30:00,5901.97,5160.074276900399,5522.846081412516,5995.391323679489
2025-05-28 10:45:00,5978.893333333333,5234.252890327148,5601.390552174181,6080.291695686528
2025-05-28 11:00:00,6059.326666666667,5283.46119737226,5653.818641150251,6136.914182628375
2025-05-28 11:15:00,6084.796666666666,5329.944265522861,5703.380147439911,6190.374563743655
2025-05-28 11:30:00,6155.546666666666,5357.609408985946,5733.291342145114,6222.571416118173
2025-05-28 11:45:00,6193.466666666667,5401.02545226867,5779.869510841306,6272.861540944422
2025-05-28 12:00:00,6188.853333333333,5410.566018652465,5790.979016404775,6284.754786845737
2025-05-28 12:15:00,6265.84,5463.834505586741,5848.025061636001,6346.3830844170525
2025-05-28 12:30:00,6300.59,5514.0592214355565,5901.991626727353,6404.717787155833
2025-05-28 12:45:00,6333.669999999999,5551.999454883742,5943.169253963362,6449.240865472852
2025-05-28 13:00:00,6229.670000000001,5475.323867398391,5864.050365211195,6363.460906136011
2025-05-28 13:15:00,6181.143333333333,5444.747531557027,5833.352253231788,6330.119688060974
2025-05-28 13:30:00,6288.3966666666665,5499.400745573706,5892.30242110744,6393.974837570512
2025-05-28 13:45:00,6499.4766666666665,5616.889370035134,6017.37095993246,6529.531741716874
2025-05-28 14:00:00,6626.63,5717.772902818442,6124.317122679133,6645.478579029324
2025-05-28 14:15:00,6709.8,5808.456576905418,6220.516807027517,6749.623558678134
2025-05-28 14:30:00,6809.110000000001,5905.140684662007,6324.982753830238,6863.658256972812
2025-05-28 14:45:00,6867.259999999999,5961.752506159738,6386.460920990484,6930.7194181724535
2025-05-28 15:00:00,6870.036666666667,5868.53108758362,6289.677694153047,6825.9183948891505
2025-05-28 15:15:00,6904.576666666667,5886.0777934459065,6309.437901871835,6847.1647428795595
2025-05-28 15:30:00,6871.686666666667,5936.324754181873,6363.621866929292,6905.777008342753
2025-05-28 15:45:00,6837.8533333333335,5975.029708062898,6405.743781244635,6951.383661299965
2025-05-28 16:00:00,6771.7300000000005,5965.358143785916,6397.0998772169405,6942.045445411254
2025-05-28 16:15:00,6704.826666666667,5921.953781814404,6352.45923812708,6893.35832284255
2025-05-28 16:30:00,6689.946666666667,5893.579287473215,6323.6509750197665,6861.890336735242
2025-05-28 16:45:00,6621.490000000001,5834.507646819519,6262.628542565722,6795.577657054683
2025-05-28 17:00:00,6549.116666666666,5777.380452756887,6203.676447581594,6731.569392675196
2025-05-28 17:15:00,6477.566666666667,5744.454150497782,6169.439148648767,6693.912676433354
2025-05-28 17:30:00,6386.41,5682.615731742092,6104.839962641755,6623.413760576363
2025-05-28 17:45:00,6319.026666666668,5606.451044289375,6025.194433328115,6536.666389142778
2025-05-28 18:00:00,6225.586666666667,5548.987202777732,5965.191808947895,6471.257244123381
2025-05-28 18:15:00,6177.586666666667,5464.339066030019,5876.132564142812,6374.087661954703
2025-05-28 18:30:00,6150.47,5419.5711400934615,5828.950902184938,6322.344367489448
2025-05-28 18:45:00,6092.116666666666,5389.564096468205,5797.249682512903,6287.420715701857
2025-05-28 19:00:00,6063.613333333334,5370.237092885996,5776.734146329877,6264.659815074782
2025-05-28 19:15:00,6103.8966666666665,5401.675310740285,5810.23856952998,6300.961863135709
2025-05-28 19:30:00,6159.913333333333,5448.2400243182055,5859.585284729136,6354.465739406663
2025-05-28 19:45:00,6197.46,5410.142824531628,5819.933187297644,6311.562917401907
2025-05-28 20:00:00,6196.656666666667,5315.124470098867,5720.418909323435,6203.8218350695715
2025-05-28 20:15:00,6196.139999999999,5253.044688619707,5655.682501430023,6133.9526274305
2025-05-28 20:30:00,6257.580000000001,5235.838394241417,5638.012893783928,6115.104601488623
2025-05-28 20:45:00,6295.246666666666,5278.379386051836,5683.030050067713,6164.199344127695
2025-05-28 21:00:00,6316.75,5322.599884724502,5729.724518921206,6215.123412226503
2025-05-28 21:15:00,6414.7733333333335,5427.612889996937,5840.436302582504,6335.586584560093
2025-05-28 21:30:00,6547.836666666667,5546.635902024154,5965.769397226785,6471.896677812222
2025-05-28 21:45:00,6645.19,5688.701353444483,6116.969585795353,6637.055610655083
2025-05-28 22:00:00,6701.88,5794.556798181019,6229.932748664809,6760.733915642932
2025-05-28 22:15:00,6825.576666666667,5901.606330807623,6344.015965751861,6885.604736738895
2025-05-28 22:30:00,6918.71,5991.532702573007,6439.691025926187,6990.372057933167
2025-05-28 22:45:00,6980.176666666666,6059.763778074062,6512.123814591994,7069.780402175026
2025-05-28 23:00:00,6984.96,6092.205002310483,6546.223476613265,7107.342249377352
2025-05-28 23:15:00,6949.633333333334,6091.179043500285,6544.660777081464,7106.055840967203
2025-05-28 23:30:00,6854.509999999999,6076.456953199846,6528.590306528401,7089.019562712323
2025-05-28 23:45:00,6793.61,6031.377395519345,6480.5077343697785,7037.262166371066
2025-05-29 00:00:00,6684.139999999999,5921.561776969857,6364.296137176695,6911.6441030927945
2025-05-29 00:15:00,6595.28,5852.100469059923,6290.603340513975,6832.221862054486
2025-05-29 00:30:00,6499.579999999999,5761.657115294959,6194.74937621601,6728.742671398067
2025-05-29 00:45:00,6399.966666666667,5646.30578037663,6072.611302859706,6596.735894381019
2025-05-29 01:00:00,6283.22,5542.363251739405,5962.344216769041,6477.543203492832
2025-05-29 01:15:00,6195.846666666667,5446.512799960317,5860.587788893896,6367.60217474132
2025-05-29 01:30:00,6090.216666666667,5371.087438484292,5780.179996053986,6280.740061418535
2025-05-29 01:45:00,6019.490000000001,5295.149511482897,5699.12794208789,6193.123364349314
2025-05-29 02:00:00,5940.953333333334,5213.370462982228,5611.83753530421,6098.6884267928635
2025-05-29 02:15:00,5860.506666666667,5149.614583829428,5543.505673445322,6024.818131562795
2025-05-29 02:30:00,5774.8966666666665,5077.44791694995,5466.2449414467565,5941.211036454105
2025-05-29 02:45:00,5708.266666666666,5012.858916661,5396.857373245908,5866.072501088953
2025-05-29 03:00:00,5614.920000000001,4939.031305617032,5317.681922461135,5780.264262283861
2025-05-29 03:15:00,5534.6466666666665,4876.486550016518,5250.2835672017245,5707.153305313334
2025-05-29 03:30:00,5494.36,4809.929507789871,5178.599988652816,5629.334281909875
2025-05-29 03:45:00,5430.956666666666,4747.937295933953,5111.648493480538,5556.578182693236
2025-05-29 04:00:00,5364.033333333333,4693.191109589792,5052.252619875368,5491.944762251543
2025-05-29 04:15:00,5317.2266666666665,4641.795849060037,4995.962497271637,5430.368319264405
2025-05-29 04:30:00,5247.093333333333,4600.907031192846,4950.667515734018,5380.642801887059
2025-05-29 04:45:00,5179.126666666667,4547.624151388851,4892.316650403244,5316.707745730576
2025-05-29 05:00:00,5125.5633333333335,4508.633814280853,4848.953436870438,5268.952161765394
2025-05-29 05:15:00,5048.61,4439.973068336021,4777.926429671535,5193.522720800316
2025-05-29 05:30:00,4952.116666666667,4388.50253892279,4724.946708590511,5137.591485910755
2025-05-29 05:45:00,4899.906666666667,4331.923027377377,4666.595364516937,5075.783977477009
2025-05-29 06:00:00,4875.663333333333,4323.803398587525,4659.1577297366675,5069.092770693818
2025-05-29 06:15:00,4875.123333333333,4323.490637658366,4658.716927278589,5069.118000105702
2025-05-29 06:30:00,4882.323333333334,4342.911200482648,4679.026349065222,5091.579884040337
2025-05-29 06:45:00,4833.263333333333,4316.537318830942,4651.252599021116,5061.894093640797
2025-05-29 07:00:00,4812.639999999999,4320.423904727457,4655.303770888237,5066.651466688368
2025-05-29 07:15:00,4839.136666666666,4326.767046730563,4662.0991279619575,5074.425124105271
2025-05-29 07:30:00,4867.9366666666665,4351.88401452737,4688.66663549249,5103.588450652175
2025-05-29 07:45:00,4881.166666666667,4369.965589797603,4707.899107541175,5124.771962958266
2025-05-29 08:00:00,4918.076666666667,4390.538093937553,4729.811348373305,5148.831375966653
2025-05-29 08:15:00,4992.2733333333335,4431.179075865895,4772.632995053296,5195.361157840339
2025-05-29 08:30:00,5043.723333333333,4443.415293541188,4785.6892815884,5209.617446697313
2025-05-29 08:45:00,5106.136666666666,4501.4878922818125,4846.981157534016,5276.125455745423
2025-05-29 09:00:00,5199.13,4583.747924846248,4933.770586201447,5370.2505849130885
2025-05-29 09:15:00,5403.893333333333,4764.241663525662,5123.9746804300685,5576.508764927002
2025-05-29 09:30:00,5642.663333333333,4923.3893420194045,5291.850473267548,5758.568796842428
2025-05-29 09:45:00,5778.493333333333,5063.533704590057,5439.863540805468,5919.106591951786
2025-05-29 10:00:00,5861.446666666667,5188.291419090898,5571.8173623452485,6062.247798137399
2025-05-29 10:15:00,5997.913333333334,5259.2575946101615,5647.125423309501,6143.8545468392595
2025-05-29 10:30:00,6084.066666666667,5365.862531173642,5759.986184384594,6266.166520019347
2025-05-29 10:45:00,6188.346666666667,5442.789477349301,5840.223679053852,6353.083297697301
2025-05-29 11:00:00,6236.193333333333,5509.131429209525,5908.677921318978,6427.222208292285
2025-05-29 11:15:00,6326.44,5547.0531067063175,5947.539478527135,6469.173017230195
2025-05-29 11:30:00,6365.563333333333,5608.983587305997,6011.742923758277,6538.613450130053
2025-05-29 11:45:00,6429.046666666666,5649.710672407108,6053.790506936377,6584.079071002085
2025-05-29 12:00:00,6469.336666666667,5660.99849937453,6065.029956760373,6596.197922122662
2025-05-29 12:15:00,6557.416666666667,5729.0832859092125,6135.984137733321,6673.136830367601
2025-05-29 12:30:00,6626.033333333333,5766.561222123739,6174.9020719230875,6715.404845531522
2025-05-29 12:45:00,6624.873333333333,5793.675925312815,6203.049462840604,6746.048350933166
2025-05-29 13:00:00,6555.82,5704.254127338611,6108.882541110307,6644.202351926077
2025-05-29 13:15:00,6561.833333333333,5662.239793627785,6064.925475714853,6596.520630028309
2025-05-29 13:30:00,6599.626666666667,5743.251029399429,6150.323811102107,6689.06156353525
2025-05-29 13:45:00,6749.400000000001,5922.596054709146,6339.1338209505975,6893.714948127868
2025-05-29 14:00:00,6867.509999999999,6038.79322242582,6461.7048761458245,7026.650798797101
2025-05-29 14:15:00,7000.5233333333335,6125.410481620301,6554.647964763631,7127.52443472806
2025-05-29 14:30:00,7085.7266666666665,6222.197630587366,6659.229653079997,7241.472501254663
2025-05-29 14:45:00,7145.066666666667,6278.745646287034,6720.8907767200535,7308.632825738915
2025-05-29 15:00:00,7195.486666666667,6280.543588023399,6724.1275273175215,7312.088383053085
2025-05-29 15:15:00,7302.6033333333335,6308.868970767276,6755.462911651147,7345.920260642672
2025-05-29 15:30:00,7225.3,6299.281075209244,6746.421720854825,7335.777971688539
2025-05-29 15:45:00,7131.21,6283.392791416368,6730.825132833691,7318.59703166068
2025-05-29 16:00:00,7047.63,6230.806281538358,6676.731514563447,7259.765573910853
2025-05-29 16:15:00,6990.0199999999995,6172.293048592337,6615.245149615009,7192.173023112636
2025-05-29 16:30:00,6879.953333333334,6150.87951733678,6592.776924086304,7166.92349858882
2025-05-29 16:45:00,6738.7,6088.563215537722,6527.372872287492,7095.211387128634
2025-05-29 17:00:00,6544.96,6025.730377183362,6461.4537387434375,7023.002153394184
2025-05-29 17:15:00,6374.766666666666,5960.925899629469,6393.72639048899,6949.055913571723
2025-05-29 17:30:00,6107.843333333333,5883.24231693508,6312.480852646937,6860.5191569326025
2025-05-29 17:45:00,5825.21,5814.696332104308,6240.83925468182,6782.4447752763845
2025-05-29 18:00:00,5705.323333333334,5731.57298172811,6153.879685322915,6687.8253212165055
2025-05-29 18:15:00,5605.703333333334,5676.654369888822,6095.566747749946,6623.646394023243
2025-05-29 18:30:00,5543.143333333333,5645.806096024889,6062.522116735842,6586.896088488348
2025-05-29 18:45:00,5559.63,5595.831189400482,6009.356939536744,6528.388506911215
2025-05-29 19:00:00,5523.400000000001,5568.155343718308,5979.583965785353,6495.2705544136015
2025-05-29 19:15:00,5575.046666666666,5599.372981009954,6011.76214643053,6529.402506736321
2025-05-29 19:30:00,5599.900000000001,5646.495173114578,6060.6000196014975,6581.6220153074155
2025-05-29 19:45:00,5619.05,5674.169930360034,6088.951034839056,6611.673778542615
2025-05-29 20:00:00,5595.5,5672.547947444932,6086.461072756773,6608.334402610924
2025-05-29 20:15:00,5598.756666666667,5674.799235051148,6088.822093524932,6610.84560615896
2025-05-29 20:30:00,5591.386666666666,5722.7802734801735,6139.149474004365,6665.352746145995
2025-05-29 20:45:00,5553.666666666667,5758.19504838546,6176.193638196921,6705.482250762962
2025-05-29 21:00:00,5531.973333333332,5777.83614928338,6196.579439132783,6727.572703403766
2025-05-29 21:15:00,5623.486666666667,5867.006162886368,6290.403928920671,6829.5740654004085
2025-05-29 21:30:00,5754.740000000001,5988.2537749944895,6417.830883200072,6967.990159703986
2025-05-29 21:45:00,5851.5233333333335,6087.994944327622,6522.562486469457,7081.812932757851
2025-05-29 22:00:00,5878.943333333334,6149.745203080083,6587.276817701002,7152.268271844877
2025-05-29 22:15:00,6010.13,6263.308805125587,6706.3154650580145,7281.579684703258
2025-05-29 22:30:00,6181.43,6348.89361692038,6796.100892019123,7379.296594226065
2025-05-29 22:45:00,6286.083333333333,6413.724953189092,6864.813624880766,7454.555196748439
2025-05-29 23:00:00,6328.43,6429.981722781932,6881.3677251754225,7472.802407810476
2025-05-29 23:15:00,6365.79,6408.265787336241,6857.947278062022,7447.749692477415
2025-05-29 23:30:00,6352.4,6340.158912413063,6785.6710860571975,7369.727944206212
2025-05-29 23:45:00,6302.756666666666,6291.14308095713,6733.331596035574,7313.276345583562
2025-05-30 00:00:00,6253.113333333334,6135.2102735421695,6568.549348661581,7134.946108522795
2025-05-30 00:15:00,6164.986666666667,6053.1427113932905,6481.248044450342,7040.533477800793
2025-05-30 00:30:00,6069.716666666667,5964.197174057897,6386.602795294813,6938.11970995229
2025-05-30 00:45:00,5983.346666666667,5871.352992115478,6287.745080474739,6831.094994853182
2025-05-30 01:00:00,5892.573333333334,5764.076771792314,6173.61090316087,6707.467627533653
2025-05-30 01:15:00,5799.7699999999995,5677.2820840375725,6081.246518904346,6607.622291397036
2025-05-30 01:30:00,5705.706666666666,5585.853801888101,5983.905028679893,6502.3295287379315
2025-05-30 01:45:00,5637.266666666666,5519.478845302431,5912.77787088456,6425.3859186334985
2025-05-30 02:00:00,5560.3,5444.557098481682,5832.569883292577,6338.543984929131
2025-05-30 02:15:00,5486.916666666667,5371.18506845834,5754.135643742352,6253.726841877808
2025-05-30 02:30:00,5417.240000000001,5294.303810608152,5671.921934270005,6164.752743839294
2025-05-30 02:45:00,5344.099999999999,5229.700254531157,5602.519074288651,6089.597638434965
2025-05-30 03:00:00,5261.37,5148.153083845651,5515.233735445808,5995.001596091779
2025-05-30 03:15:00,5214.78,5075.964819043959,5437.947484975119,5911.339089509605
2025-05-30 03:30:00,5139.123333333334,5036.1522314764825,5394.603880066498,5864.391899744943
2025-05-30 03:45:00,5081.166666666667,4974.988896849136,5328.766397251495,5793.005821419782
2025-05-30 04:00:00,5001.13,4914.0087475017535,5263.064573426502,5721.7022155287805
2025-05-30 04:15:00,4934.32,4869.7280532531295,5214.613591120331,5668.864526496518
2025-05-30 04:30:00,4893.05,4811.701379582048,5151.679038997815,5600.269255529218
2025-05-30 04:45:00,4845.25,4748.656108567938,5083.436997421887,5525.8605378996845
2025-05-30 05:00:00,4812.963333333333,4702.564016902894,5032.9777755578425,5470.660111886283
2025-05-30 05:15:00,4732.393333333333,4636.561284867296,4965.108017131684,5398.896168301867
2025-05-30 05:30:00,4668.38,4558.190335967532,4884.232531809327,5312.981658371
2025-05-30 05:45:00,4623.663333333333,4511.702778549366,4836.848263208206,5263.3023070010295
2025-05-30 06:00:00,4586.223333333333,4493.838753783852,4819.538357320351,5246.157924185973
2025-05-30 06:15:00,4584.156666666667,4497.891251172125,4823.3186999623,5250.5128190747255
2025-05-30 06:30:00,4581.276666666668,4507.064392641774,4832.497718072626,5260.669564937039
2025-05-30 06:45:00,4549.706666666666,4474.907966107831,4798.28420087368,5223.761369041031
2025-05-30 07:00:00,4563.849999999999,4454.555959656685,4776.5063546585325,5200.286314421541
2025-05-30 07:15:00,4563.943333333334,4469.702732156657,4792.307260982022,5217.655419108497
2025-05-30 07:30:00,4609.286666666667,4484.129216603097,4807.400512121384,5234.222455236566
2025-05-30 07:45:00,4653.79,4494.686002353999,4818.484490359666,5246.413444273857
2025-05-30 08:00:00,4661.456666666666,4518.053954491948,4843.090302846875,5273.228701016241
2025-05-30 08:15:00,4649.1033333333335,4580.4577269180945,4909.748040767293,5346.238609709029
2025-05-30 08:30:00,4674.493333333333,4626.342696794255,4959.127376782732,5400.505783764875
2025-05-30 08:45:00,4752.783333333333,4685.390030722043,5022.416170577701,5469.829182977161
2025-05-30 09:00:00,4860.033333333334,4778.543824487375,5121.623084374466,5578.061337576502
2025-05-30 09:15:00,5008.783333333334,4964.6729123410405,5317.869083165655,5790.947915796782
2025-05-30 09:30:00,5217.626666666667,5175.903643697289,5540.583045502797,6032.51155043306
2025-05-30 09:45:00,5345.46,5302.199150080016,5674.168621455677,6177.497285695529
2025-05-30 10:00:00,5440.653333333333,5390.615052316723,5768.06467140175,6279.48086796488
2025-05-30 10:15:00,5528.37,5509.0144380578295,5894.177231136495,6416.79047324642
2025-05-30 10:30:00,5555.04,5592.315306864367,5983.528484409252,6514.279297565102
2025-05-30 10:45:00,5594.240000000001,5683.158098507583,6080.917466360313,6620.495294361782
2025-05-30 11:00:00,5619.156666666667,5735.177683690631,6137.636714503983,6682.663521543382
2025-05-30 11:15:00,5659.876666666667,5811.83610420071,6218.777734317778,6770.261742975343
2025-05-30 11:30:00,5617.906666666667,5853.203959952642,6262.962887153144,6817.844287692251
2025-05-30 11:45:00,5610.126666666666,5906.960931833123,6320.283246537287,6879.693112650619
2025-05-30 12:00:00,5617.206666666666,5937.280136127114,6353.100419841452,6915.027153399914
2025-05-30 12:15:00,5662.400000000001,6013.606314571214,6434.491647621543,7003.117120598238
2025-05-30 12:30:00,5635.236666666667,6068.000078005907,6492.959674258856,7066.411011007476
2025-05-30 12:45:00,5579.740000000001,6075.727862002006,6501.739259843612,7075.878063864606
2025-05-30 13:00:00,5389.183333333333,6007.200284049526,6429.742874518357,6997.834959687667
2025-05-30 13:15:00,5281.93,6006.882047012808,6429.883315862722,6997.642370646413
2025-05-30 13:30:00,5318.806666666666,6053.895192653182,6479.857603633877,7051.5035784855645
2025-05-30 13:45:00,5404.900000000001,6198.851685313181,6632.833381184141,7217.032764888077
2025-05-30 14:00:00,5477.836666666667,6309.365564604812,6749.726887642345,7343.521935059036
2025-05-30 14:15:00,5525.509999999999,6427.166655786218,6874.141493545925,7477.640816181917
2025-05-30 14:30:00,5595.54,6510.674950857449,6963.864788459275,7574.808906646866
2025-05-30 14:45:00,5678.650000000001,6568.3763920994425,7026.102497472367,7642.0416101317205
2025-05-30 15:00:00,5770.66,6616.528579763768,7078.231076007144,7698.309644316676
2025-05-30 15:15:00,5814.91,6692.954345214503,7162.123691527063,7790.184001940022
2025-05-30 15:30:00,5839.323333333334,6639.289424884861,7107.5064571116145,7731.144572663851
2025-05-30 15:45:00,5863.503333333334,6568.149135042811,7034.593797358295,7652.345100865572
2025-05-30 16:00:00,5849.616666666666,6492.4480255985845,6956.94649551737,7568.479738903158
2025-05-30 16:15:00,5840.45,6433.613475981066,6895.9738514911605,7502.01395565534
2025-05-30 16:30:00,5782.03,6344.677457548166,6803.420245966906,7401.390632411563
2025-05-30 16:45:00,5752.566666666667,6220.427138204326,6673.801856724263,7260.666532423969
2025-05-30 17:00:00,5704.293333333334,6061.857489924172,6508.15640383716,7080.964838182209
2025-05-30 17:15:00,5714.833333333333,5915.299726391943,6351.988178904209,6909.474528230423
2025-05-30 17:30:00,5632.096666666667,5700.627379435793,6124.273383684034,6660.514657316035
2025-05-30 17:45:00,5559.243333333333,5491.182772170443,5902.054973819959,6417.566251348223
2025-05-30 18:00:00,5493.72,5383.342389962129,5786.574737983216,6290.33174115211
2025-05-30 18:15:00,5434.626666666666,5297.641642447714,5696.652882809136,6192.390328832943
2025-05-30 18:30:00,5381.443333333333,5238.3629301840865,5634.469941655464,6124.554666738696
2025-05-30 18:45:00,5335.580000000001,5239.592389606334,5635.827877969921,6125.61651317096
2025-05-30 19:00:00,5302.09,5203.018287743191,5597.436392963779,6083.648278131022
2025-05-30 19:15:00,5328.296666666666,5245.603954772182,5642.651920052946,6132.640375605011
2025-05-30 19:30:00,5355.466666666667,5270.442702612634,5669.174127344129,6161.411815384518
2025-05-30 19:45:00,5361.673333333333,5287.710423785186,5687.68639837045,6181.535392667238
2025-05-30 20:00:00,5324.573333333333,5265.091091692281,5664.2318950407225,6156.212014739883
2025-05-30 20:15:00,5326.54,5276.668204230317,5676.99834801171,6170.405670509198
2025-05-30 20:30:00,5335.143333333333,5274.709433391988,5675.468845048446,6169.128363815585
2025-05-30 20:45:00,5341.330000000001,5257.851934729013,5658.205723798947,6150.81818764688
2025-05-30 21:00:00,5309.080000000001,5245.5819728770875,5645.674985414541,6137.647784302742
2025-05-30 21:15:00,5409.683333333333,5331.999682792695,5736.121556952048,6235.663089970944
2025-05-30 21:30:00,5538.986666666667,5450.692490701119,5860.378078745931,6370.3179577002675
2025-05-30 21:45:00,5618.829999999999,5543.077361081334,5956.894974108893,6474.91357159566
2025-05-30 22:00:00,5658.443333333334,5577.073739346378,5991.965641563259,6512.921522974781
2025-05-30 22:15:00,5773.503333333334,5693.766993443907,6114.292187321375,6645.795673690358
2025-05-30 22:30:00,5883.41,5836.221594456488,6263.570748966145,6807.861344174697
2025-05-30 22:45:00,5957.383333333334,5922.234013343001,6353.438751452275,6905.532693852418
2025-05-30 23:00:00,6006.7733333333335,5964.705413083781,6397.447633682756,6953.489906145055
2025-05-30 23:15:00,6043.296666666666,5992.831028919116,6426.388904115356,6985.175888487804
2025-05-30 23:30:00,6020.283333333333,5974.765058673979,6406.683863070984,6964.119778102599
2025-05-30 23:45:00,5986.625,5932.720581801651,6361.668224138215,6915.604240255421
2025-05-31 00:00:00,5963.303333333333,5858.0488188914605,6198.403110154841,6787.1263106454835
2025-05-31 00:15:00,5888.086666666667,5776.803271864416,6112.330221294237,6694.289110332829
2025-05-31 00:30:00,5810.566666666667,5689.346110216218,6019.6134416170835,6594.209345403747
2025-05-31 00:45:00,5728.099999999999,5607.047682783751,5932.199548415012,6499.8293853084415
2025-05-31 01:00:00,5644.580000000001,5519.322621677117,5838.96994274626,6399.0983587070905
2025-05-31 01:15:00,5547.723333333332,5434.996802986334,5748.834426144628,6301.423873689381
2025-05-31 01:30:00,5472.683333333333,5347.110981953173,5654.849680263495,6199.524119432013
2025-05-31 01:45:00,5401.71,5281.671008005423,5584.339944938795,6123.0052125847305
2025-05-31 02:00:00,5317.873333333334,5209.099628042168,5506.236330901824,6038.199229285034
2025-05-31 02:15:00,5237.63,5139.294628562496,5431.063035367349,5956.589842802993
2025-05-31 02:30:00,5173.426666666666,5071.878797662494,5358.306910237432,5877.538126418251
2025-05-31 02:45:00,5101.240000000001,5003.794679863241,5284.7610506520305,5797.567929243989
2025-05-31 03:00:00,5016.2733333333335,4925.6238143478995,5200.536286697579,5705.962525241854
2025-05-31 03:15:00,4956.259999999999,4875.42835081997,5146.111647680502,5646.90977335138
2025-05-31 03:30:00,4910.506666666667,4810.968431778645,5076.631230330767,5571.478076091322
2025-05-31 03:45:00,4850.67,4755.396748689249,5016.424908716051,5506.0309877549535
2025-05-31 04:00:00,4791.953333333334,4684.2059391759085,4939.752913252633,5422.677313260013
2025-05-31 04:15:00,4730.616666666666,4622.832235488757,4872.493353592385,5348.8887107792125
2025-05-31 04:30:00,4671.693333333333,4576.494804830525,4820.987809713782,5292.10770879238
2025-05-31 04:45:00,4615.99,4528.028827425648,4767.2109582246685,5232.803240146775
2025-05-31 05:00:00,4571.013333333333,4491.660328332351,4726.115703879564,5187.179423104321
2025-05-31 05:15:00,4496.7266666666665,4438.421702631322,4669.831269353874,5126.747583269275
2025-05-31 05:30:00,4431.866666666667,4388.197143750581,4616.701174639311,5069.676083572508
2025-05-31 05:45:00,4376.626666666667,4351.5551187112305,4577.836082493798,5028.006385485105
2025-05-31 06:00:00,4379.556666666666,4328.892206066852,4553.660458782597,5002.200719509381
2025-05-31 06:15:00,4452.156666666667,4326.6944716306725,4550.752923556048,4999.227245185667
2025-05-31 06:30:00,4468.593333333333,4322.824509861001,4546.107720622155,4994.322742989392
2025-05-31 06:45:00,4438.346666666667,4295.243110446116,4516.578948127519,4962.409451909748
2025-05-31 07:00:00,4438.53,4300.478134283759,4521.560291467838,4967.848976851264
2025-05-31 07:15:00,4446.41,4304.310283778353,4526.690587894012,4974.469936665772
2025-05-31 07:30:00,4461.123333333333,4337.475747262101,4562.686448286606,5014.501291148199
2025-05-31 07:45:00,4475.99,4367.755300246476,4595.706567807692,5051.276524778186
2025-05-31 08:00:00,4453.69,4378.173452245771,4607.923912887342,5065.482181323663
2025-05-31 08:15:00,4490.68,4384.531622915139,4616.675080489138,5076.396586035431
2025-05-31 08:30:00,4493.97,4415.56759081226,4651.42749270528,5115.4657013137785
2025-05-31 08:45:00,4522.423333333333,4482.587827540513,4724.065224230388,5195.571074921477
2025-05-31 09:00:00,4561.376666666667,4574.972755591767,4823.4372923066085,5304.6337367537835
2025-05-31 09:15:00,4680.7733333333335,4715.014876906804,4970.293106883668,5463.349997237509
2025-05-31 09:30:00,4850.703333333334,4900.841755806458,5165.345810967047,5674.288587643631
2025-05-31 09:45:00,4983.526666666667,5017.38825455194,5287.71653816966,5806.470463702039
2025-05-31 10:00:00,5068.446666666667,5109.18903391186,5384.195720095065,5910.601557613128
2025-05-31 10:15:00,5159.1033333333335,5193.525975471162,5471.361603321699,6003.591356583899
2025-05-31 10:30:00,5244.973333333333,5226.711195748341,5504.9012685787675,6038.485704466312
2025-05-31 10:45:00,5279.453333333334,5270.654178656441,5549.857106616529,6085.768077211325
2025-05-31 11:00:00,5349.046666666666,5298.68653236522,5578.214329581124,6115.085933385427
2025-05-31 11:15:00,5403.99,5338.79944379075,5619.745848545339,6158.949212876114
2025-05-31 11:30:00,5466.849999999999,5328.4281726438585,5608.359639312014,6145.500682894861
2025-05-31 11:45:00,5513.686666666667,5334.882261874111,5614.769193177969,6151.368571338324
2025-05-31 12:00:00,5598.323333333334,5351.337737319848,5631.805517423045,6168.788188137854
2025-05-31 12:15:00,5676.156666666667,5405.519228091174,5690.41879157876,6232.521938410398
2025-05-31 12:30:00,5679.703333333334,5402.080390857098,5688.616443668315,6230.833153565078
2025-05-31 12:45:00,5713.606666666667,5369.469940345681,5656.284153571763,6196.108747676721
2025-05-31 13:00:00,5646.026666666668,5222.207182360502,5503.6170160574475,6031.039768533748
2025-05-31 13:15:00,5664.47,5147.986272719623,5424.878487948223,5944.176395193388
2025-05-31 13:30:00,5737.193333333334,5188.230532109314,5466.502115848571,5987.790676134364
2025-05-31 13:45:00,5850.813333333333,5267.766604186013,5549.510068824465,6076.305116636497
2025-05-31 14:00:00,5950.636666666666,5338.864998124897,5624.924920949907,6156.697008668155
2025-05-31 14:15:00,6068.71,5402.066030953573,5694.937723043264,6233.168599800101
2025-05-31 14:30:00,6150.2266666666665,5469.032128198429,5768.60899002007,6313.650408297621
2025-05-31 14:45:00,6228.043333333334,5543.853647741468,5849.840978729286,6402.356444737741
2025-05-31 15:00:00,6288.079999999999,5604.982943124742,5916.770550462286,6475.628147398974
2025-05-31 15:15:00,6311.150000000001,5636.513716435027,5950.815414901257,6512.362218159869
2025-05-31 15:30:00,6306.55,5641.230384410575,5956.460879256139,6518.248051729323
2025-05-31 15:45:00,6237.776666666668,5644.624510897082,5960.968029981772,6523.052498698205
2025-05-31 16:00:00,6071.093333333333,5615.607303483198,5933.309430511327,6493.337474501271
2025-05-31 16:15:00,5802.533333333333,5594.971229006235,5912.596590088731,6470.125297806902
2025-05-31 16:30:00,5551.853333333333,5528.73952848611,5843.4686999996475,6394.255084047123
2025-05-31 16:45:00,5340.596666666667,5476.483035340785,5788.121221608677,6332.943226469363
2025-05-31 17:00:00,5228.926666666666,5402.822726938209,5715.802520815942,6253.701268467195
2025-05-31 17:15:00,5148.556666666666,5370.226360512254,5685.993975566087,6219.560604762195
2025-05-31 17:30:00,5155.6033333333335,5268.254920725816,5583.474813812799,6106.763644823521
2025-05-31 17:45:00,5106.96,5168.976754097273,5480.6711981385115,5993.589142127814
2025-05-31 18:00:00,5109.406666666667,5094.265081497358,5400.359613621632,5904.707404222775
2025-05-31 18:15:00,5051.733333333334,5029.441710708195,5332.2491575892955,5830.319189187555
2025-05-31 18:30:00,5044.099999999999,4982.268625211616,5282.6623347145,5776.051126895343
2025-05-31 18:45:00,5026.713333333333,4943.496320548495,5241.874263275491,5731.362485705343
2025-05-31 19:00:00,5016.286666666667,4914.423718698705,5211.241968755516,5697.7205979537275
2025-05-31 19:15:00,5055.486666666667,4937.68091833546,5236.151712333191,5724.70952659131
2025-05-31 19:30:00,5052.433333333333,4963.3296849336675,5263.524895814128,5754.403076702994
2025-05-31 19:45:00,5079.286666666667,4971.8399167434645,5272.836867639504,5764.557290501202
2025-05-31 20:00:00,5065.400000000001,4941.322691466839,5241.085125530777,5730.243097438495
2025-05-31 20:15:00,5105.513333333333,4944.056791698161,5244.3182078670725,5733.943589564054
2025-05-31 20:30:00,5121.046666666666,4953.471983915824,5254.494551877088,5745.187749059456
2025-05-31 20:45:00,5131.86,4960.933521468729,5262.536899743212,5754.135470300951
2025-05-31 21:00:00,5162.736666666667,4939.851782716986,5240.505605504381,5730.507461121014
2025-05-31 21:15:00,5239.2266666666665,5028.386817890884,5334.027846311256,5832.425639088313
2025-05-31 21:30:00,5327.383333333334,5143.57609865167,5455.45497466112,5964.584704975511
2025-05-31 21:45:00,5447.429999999999,5224.251744437576,5540.521869858819,6057.3433032286575
2025-05-31 22:00:00,5509.990000000001,5282.451862806917,5601.871389189166,6124.396891979021
2025-05-31 22:15:00,5615.669999999999,5397.932508154854,5723.045624455155,6256.103852594596
2025-05-31 22:30:00,5675.21,5504.831795232954,5835.0926809912935,6377.907234275682
2025-05-31 22:45:00,5763.473333333332,5581.105524169482,5914.8511827672,6464.705461129501
2025-05-31 23:00:00,5772.889999999999,5628.999275468361,5964.678202026366,6519.048599092277
2025-05-31 23:15:00,5782.516666666666,5661.114626300529,5997.328788938051,6554.4797782633195
2025-05-31 23:30:00,5772.783333333333,5645.949784428205,5979.542513728263,6534.927298231097
2025-05-31 23:45:00,5723.385,5613.502037500199,5943.4797956528855,6495.537539397193
2025-06-01 00:00:00,5673.986666666667,5504.583552375687,5826.273336104686,6367.864603591282
2025-06-01 00:15:00,5622.38,5433.211119717985,5748.507958588174,6282.993125130383
2025-06-01 00:30:00,5549.996666666667,5351.091543017055,5660.562379580014,6187.619455255564
2025-06-01 00:45:00,5482.2733333333335,5252.638631725863,5555.812338088634,6074.209866678681
2025-06-01 01:00:00,5408.16,5150.078765454281,5446.632990477065,5955.951509347544
2025-06-01 01:15:00,5321.383333333334,5038.312361559886,5328.15584328806,5827.892055866407
2025-06-01 01:30:00,5267.326666666667,4925.788357660056,5208.7735685949965,5698.797535995945
2025-06-01 01:45:00,5205.28,4821.211181799237,5097.634163393554,5578.578449134821
2025-06-01 02:00:00,5140.1033333333335,4704.102732732794,4973.227975781463,5443.9251771516065
2025-06-01 02:15:00,5076.2,4613.686934986597,4876.888174937773,5339.70572499816
2025-06-01 02:30:00,5014.993333333333,4542.59185864989,4800.753216914603,5257.318508690909
2025-06-01 02:45:00,4939.516666666667,4487.086118723805,4740.908191056295,5192.520188475428
2025-06-01 03:00:00,4878.893333333333,4412.682778959208,4661.127900657229,5106.056550771558
2025-06-01 03:15:00,4812.763333333333,4362.320630876086,4606.5281489204635,5046.8140482745885
2025-06-01 03:30:00,4727.363333333334,4318.287323110399,4558.507185029675,4994.635626482922
2025-06-01 03:45:00,4659.973333333333,4266.151891009668,4501.910863486409,4933.1003025474
2025-06-01 04:00:00,4595.94,4217.973033294073,4449.414386024463,4875.943007226549
2025-06-01 04:15:00,4544.72,4167.298914251347,4394.733152897057,4816.68004682528
2025-06-01 04:30:00,4510.293333333333,4121.435716099108,4345.063553207253,4762.784335670885
2025-06-01 04:45:00,4462.753333333333,4076.720620282987,4296.564974031953,4710.0952344086745
2025-06-01 05:00:00,4413.0,4042.755512595159,4259.332367916742,4669.5528269139195
2025-06-01 05:15:00,4346.293333333334,4000.390026483178,4215.4437542064325,4623.204537250047
2025-06-01 05:30:00,4289.436666666667,3962.0920034868354,4175.816140069303,4581.415754532034
2025-06-01 05:45:00,4243.556666666666,3927.4523009756176,4140.027511588207,4543.731232981347
2025-06-01 06:00:00,4203.623333333334,3932.532348516836,4145.970527473599,4551.213408096149
2025-06-01 06:15:00,4170.93,3981.0591780371733,4197.568491459301,4608.116048831958
2025-06-01 06:30:00,4136.66,3997.3586017537,4215.3286306697255,4628.30421316483
2025-06-01 06:45:00,4095.2999999999997,3967.7611506386315,4184.897988450379,4596.228098346256
2025-06-01 07:00:00,4037.036666666667,3972.4443895487448,4190.515767379348,4603.171693688269
2025-06-01 07:15:00,4054.5433333333335,3969.131524399042,4188.018159712447,4601.445680121784
2025-06-01 07:30:00,4043.066666666667,3985.285440327149,4206.020696072502,4621.898183130002
2025-06-01 07:45:00,4008.5166666666664,4000.204376498983,4222.781899239713,4640.973954227516
2025-06-01 08:00:00,4006.293333333333,3986.7545170825533,4209.802769205475,4627.79548799234
2025-06-01 08:15:00,3972.9133333333334,4011.614048742767,4237.139507964779,4658.2789504612365
2025-06-01 08:30:00,3969.5633333333335,4015.0705554519623,4242.066658746009,4664.459570088873
2025-06-01 08:45:00,3971.44,4041.829567325124,4271.556130051894,4697.239763468162
2025-06-01 09:00:00,4017.6966666666667,4073.3321959328237,4306.116188379748,4735.502596174632
2025-06-01 09:15:00,4139.826666666667,4179.140502651706,4418.344937623914,4857.593150324137
2025-06-01 09:30:00,4191.98,4328.50833961691,4576.432833620237,5029.372876860558
2025-06-01 09:45:00,4230.956666666666,4445.870590779311,4700.998293385058,5164.828823684577
2025-06-01 10:00:00,4260.073333333333,4533.25458177898,4791.05687011257,5262.77354297329
2025-06-01 10:15:00,4288.633333333333,4629.178407254923,4890.099309350912,5370.152219223299
2025-06-01 10:30:00,4371.756666666667,4699.861107848903,4962.7362590136345,5448.931586819593
2025-06-01 10:45:00,4441.54,4739.746420612392,5003.133054655069,5492.793366625926
2025-06-01 11:00:00,4527.616666666667,4800.179132404151,5065.232711145977,5560.193773088129
2025-06-01 11:15:00,4550.81,4852.132725570876,5118.689134141475,5618.106719780742
2025-06-01 11:30:00,4600.836666666666,4903.125434516653,5171.255201554805,5675.084261444163
2025-06-01 11:45:00,4682.343333333333,4942.19158709182,5211.411316054217,5718.64757270573
2025-06-01 12:00:00,4793.913333333333,5012.690792909932,5284.709529340252,5798.160024621051
2025-06-01 12:15:00,4877.913333333334,5079.2218444875825,5354.397796714152,5873.359026866193
2025-06-01 12:30:00,4891.313333333333,5085.778825547654,5361.197685909151,5880.456037167333
2025-06-01 12:45:00,4952.94,5109.598664322552,5386.249996066829,5907.377567084095
2025-06-01 13:00:00,4917.473333333333,5037.597838279133,5310.75129635409,5825.392116515809
2025-06-01 13:15:00,4943.283333333333,5035.890894377327,5308.801358599232,5822.143403079117
2025-06-01 13:30:00,5060.06,5092.983502315739,5368.733307893003,5886.003637623018
2025-06-01 13:45:00,5197.623333333333,5186.746385115059,5467.295490151253,5991.779721682786
2025-06-01 14:00:00,5283.846666666667,5269.536019789255,5554.431461216576,6085.232879668796
2025-06-01 14:15:00,5399.8533333333335,5365.49261304779,5657.410528652146,6197.102151449823
2025-06-01 14:30:00,5482.46,5439.270732539557,5738.1836040249345,6285.43709641521
2025-06-01 14:45:00,5572.170000000001,5509.3480862697825,5815.09042397379,6369.614577603569
2025-06-01 15:00:00,5640.4766666666665,5565.644706545343,5877.284578088408,6437.765393725759
2025-06-01 15:15:00,5672.89,5588.350257733304,5902.268078707141,6464.456199138551
2025-06-01 15:30:00,5665.849999999999,5588.813197852602,5903.542705474936,6465.32915270272
2025-06-01 15:45:00,5634.5199999999995,5543.646325672014,5856.94387526233,6414.391568194542
2025-06-01 16:00:00,5578.983333333334,5426.903614759651,5735.2068658968565,6282.099438526446
2025-06-01 16:15:00,5473.163333333333,5233.59736675734,5529.558017672301,6056.583373628699
2025-06-01 16:30:00,5089.543333333334,5049.8524177830095,5333.996466531718,5842.061128109054
2025-06-01 16:45:00,4564.926666666666,4889.577142841321,5163.126433656044,5654.356692783234
2025-06-01 17:00:00,4286.626666666667,4799.4452459496815,5065.9740504669535,5546.593071594607
2025-06-01 17:15:00,4126.87,4730.294228326142,4986.74849746294,5455.545202025953
2025-06-01 17:30:00,4180.793333333334,4712.602006562172,4961.595809184081,5423.147889004434
2025-06-01 17:45:00,4270.996666666667,4655.977561385422,4895.5466582170475,5346.491157870864
2025-06-01 18:00:00,4319.993333333333,4639.4784748539505,4871.64822451963,5315.561921100254
2025-06-01 18:15:00,4363.256666666667,4591.65490648534,4824.802279470256,5266.496159844232
2025-06-01 18:30:00,4405.09,4580.606942826731,4816.572331230296,5259.322460280436
2025-06-01 18:45:00,4448.099999999999,4566.564970407416,4805.170183705479,5248.756564659158
2025-06-01 19:00:00,4496.59,4564.124671578189,4805.921954289797,5251.402590736821
2025-06-01 19:15:00,4520.12,4602.455047404475,4848.004760303601,5297.895976961424
2025-06-01 19:30:00,4551.746666666667,4613.346139395491,4861.211801412057,5313.135097320846
2025-06-01 19:45:00,4563.203333333334,4641.297633733219,4892.285788007292,5347.766317188341
2025-06-01 20:00:00,4536.033333333333,4636.585518050214,4888.981686496574,5345.173615678113
2025-06-01 20:15:00,4569.736666666667,4670.367955217711,4924.833020214302,5384.218958786048
2025-06-01 20:30:00,4585.253333333333,4690.001861783296,4945.744773147531,5407.095913190923
2025-06-01 20:45:00,4605.52,4705.530775059,4962.262411972257,5425.227385347237
2025-06-01 21:00:00,4621.863333333334,4729.958355901787,4988.041550536439,5453.406341631651
2025-06-01 21:15:00,4711.246666666667,4804.917547221662,5067.544728640326,5540.296473142937
2025-06-01 21:30:00,4801.443333333334,4897.2484633112945,5165.2009161724745,5646.860443018562
2025-06-01 21:45:00,4881.55,5005.379116029641,5279.354265336181,5771.299754441334
2025-06-01 22:00:00,4938.07,5062.8587088990225,5340.190050977559,5837.959552750407
2025-06-01 22:15:00,5029.786666666667,5161.5206405117115,5444.424830904336,5951.799728827313
2025-06-01 22:30:00,5128.403333333333,5228.998160403235,5515.786487802249,6030.005429090255
2025-06-01 22:45:00,5220.736666666667,5306.605432202437,5597.675633551137,6119.601063686181
2025-06-01 23:00:00,5288.599999999999,5326.875295104405,5619.2116747129185,6143.777006655452
2025-06-01 23:15:00,5319.456666666667,5341.458695773942,5634.29082358959,6160.6864460301485
2025-06-01 23:30:00,5342.056666666666,5331.1915544177455,5623.143784203961,6149.148041463023
2025-06-01 23:45:00,5309.778333333334,5290.419434359092,5579.829673192789,6102.72059465568
2025-06-02 00:00:00,5277.5,5468.606259689823,5850.278931662594,6348.039373605616
2025-06-02 00:15:00,5223.383333333334,5415.614321921159,5793.280194762004,6286.2994520500315
2025-06-02 00:30:00,5153.916666666667,5347.311087882273,5720.077773097429,6206.95805704066
2025-06-02 00:45:00,5088.150000000001,5279.053301821408,5646.8064057151305,6127.495596637021
2025-06-02 01:00:00,5005.846666666667,5206.706484422003,5569.124562137632,6043.204771420621
2025-06-02 01:15:00,4916.79,5127.196333661741,5484.777883216363,5952.291680746877
2025-06-02 01:30:00,4858.8966666666665,5070.737905425356,5424.539283426844,5887.44761491162
2025-06-02 01:45:00,4803.68,5009.781831377404,5359.469842379082,5817.312423834706
2025-06-02 02:00:00,4733.906666666667,4947.707214007624,5293.123417055861,5745.735087688415
2025-06-02 02:15:00,4671.6033333333335,4883.8264139830435,5225.146766171777,5672.575469706245
2025-06-02 02:30:00,4612.71,4827.759333200885,5165.286120947509,5608.148729698543
2025-06-02 02:45:00,4550.03,4757.062269249347,5089.9680919316115,5526.909772784529
2025-06-02 03:00:00,4489.34,4702.874360138982,5031.911844616652,5464.311891297649
2025-06-02 03:15:00,4425.616666666667,4640.851685722159,4964.940356751506,5391.5820406518105
2025-06-02 03:30:00,4365.886666666666,4572.044984335811,4890.77175619452,5310.988825767542
2025-06-02 03:45:00,4310.406666666667,4508.95142072624,4822.541608930552,5236.765746925988
2025-06-02 04:00:00,4260.883333333334,4449.685646506196,4758.276008924454,5166.7740902484
2025-06-02 04:15:00,4230.153333333333,4402.430055720529,4706.82132079456,5110.763055380207
2025-06-02 04:30:00,4189.516666666666,4366.476205432433,4667.197284655522,5067.5082984285245
2025-06-02 04:45:00,4184.42,4321.985126984976,4618.569213746602,5014.434550745665
2025-06-02 05:00:00,4165.82,4278.660464066136,4571.138963750653,4962.597735508403
2025-06-02 05:15:00,4116.333333333333,4231.08052213605,4522.380293136213,4911.379512106957
2025-06-02 05:30:00,4087.146666666667,4189.739898191949,4480.1642936791895,4867.193194959123
2025-06-02 05:45:00,4042.5399999999995,4162.927463710423,4453.20676812707,4839.485196242796
2025-06-02 06:00:00,4025.226666666667,4142.680857905289,4433.150585275135,4819.202084930917
2025-06-02 06:15:00,4029.5933333333337,4141.488958591351,4432.637476574376,4819.719067999503
2025-06-02 06:30:00,4044.5333333333333,4128.125935527845,4419.356942172113,4806.353274215594
2025-06-02 06:45:00,4047.736666666666,4108.104781241612,4399.108420512813,4785.391859329206
2025-06-02 07:00:00,4088.153333333333,4084.598799593149,4375.2332436128845,4760.458589964235
2025-06-02 07:15:00,4079.41,4101.967772906607,4394.341609715002,4782.063176550351
2025-06-02 07:30:00,4086.6233333333334,4095.8711447826404,4388.846923232789,4776.972851629059
2025-06-02 07:45:00,4109.113333333334,4076.5434259433646,4369.508226523348,4756.849644546995
2025-06-02 08:00:00,4155.453333333334,4077.8196183823056,4371.878137877291,4760.221821439092
2025-06-02 08:15:00,4183.943333333333,4072.01925123918,4365.666971403735,4753.457190350349
2025-06-02 08:30:00,4232.9800000000005,4080.649373211674,4374.69160105459,4763.181924307799
2025-06-02 08:45:00,4256.05,4086.949042237863,4381.349499506353,4770.326147862717
2025-06-02 09:00:00,4390.41,4141.856184394947,4439.159754107901,4832.886811419186
2025-06-02 09:15:00,4549.29,4258.632742437484,4561.3303915644465,4964.691543703292
2025-06-02 09:30:00,4709.533333333334,4335.057937090467,4641.206448638518,5050.662843171505
2025-06-02 09:45:00,4861.5633333333335,4395.339564069716,4704.224127714364,5118.367390207207
2025-06-02 10:00:00,4972.34,4443.0108680510875,4754.099266743151,5171.835865294606
2025-06-02 10:15:00,5085.22,4480.394994935712,4792.181457981922,5211.801893196989
2025-06-02 10:30:00,5195.083333333333,4551.6561170243085,4865.965502338651,5290.46758401669
2025-06-02 10:45:00,5230.363333333334,4610.121356229173,4926.421117794976,5354.708266443185
2025-06-02 11:00:00,5223.75,4675.487546601719,4994.24313325602,5426.952712351953
2025-06-02 11:15:00,5262.62,4703.755467469273,5025.276529934649,5460.743413661432
2025-06-02 11:30:00,5278.236666666667,4753.030880809084,5078.498747055709,5518.60710256971
2025-06-02 11:45:00,5387.183333333333,4815.154413256736,5145.338382529488,5591.259592198948
2025-06-02 12:00:00,5338.966666666666,4903.740622160931,5240.098420058997,5694.203037723036
2025-06-02 12:15:00,5253.1866666666665,4972.78021078021,5314.199458310936,5774.637749832042
2025-06-02 12:30:00,5317.803333333333,4986.296293209267,5330.0877190874,5792.036909892403
2025-06-02 12:45:00,5375.656666666667,5023.682324117455,5371.169569620642,5836.781979167174
2025-06-02 13:00:00,5394.033333333333,4982.433575619922,5331.119496971521,5793.717081578123
2025-06-02 13:15:00,5394.83,4993.785595532151,5341.62437467672,5802.994784441358
2025-06-02 13:30:00,5449.373333333334,5088.645359713926,5439.773777210066,5907.28979471256
2025-06-02 13:45:00,5567.05,5204.693004295868,5560.288173267045,6035.875783763713
2025-06-02 14:00:00,5618.206666666666,5284.264381060644,5642.583814974576,6123.106682072552
2025-06-02 14:15:00,5725.756666666667,5393.189986874354,5759.220630183709,6249.889904959501
2025-06-02 14:30:00,5819.610000000001,5469.238791684979,5841.411079335841,6339.408902385939
2025-06-02 14:45:00,5711.349999999999,5547.236080284211,5925.736191144946,6431.303732999719
2025-06-02 15:00:00,5626.37,5599.872409879467,5984.669471270244,6495.794690233945
2025-06-02 15:15:00,5600.093333333333,5631.962361335452,6020.552309761501,6534.35710977042
2025-06-02 15:30:00,5526.456666666668,5624.274469248597,6013.570955128774,6526.003486358657
2025-06-02 15:45:00,5688.616666666666,5587.694735628204,5974.553351204577,6482.186545972432
2025-06-02 16:00:00,5723.400000000001,5516.462853351225,5903.0221519545985,6402.582331448288
2025-06-02 16:15:00,5676.566666666667,5407.9335977388455,5795.9879458962805,6286.834822732715
2025-06-02 16:30:00,5631.553333333333,5115.621021409498,5490.62562421145,5956.183946051398
2025-06-02 16:45:00,5569.556666666666,4732.700333531515,5090.108856262851,5522.4868440099835
2025-06-02 17:00:00,5497.763333333333,4521.068046686797,4869.569013414822,5283.872174553784
2025-06-02 17:15:00,5421.803333333333,4382.92176337704,4714.5760225121385,5108.524401283639
2025-06-02 17:30:00,5360.799999999999,4393.40134255284,4715.7360757567185,5102.440371262058
2025-06-02 17:45:00,5288.736666666667,4423.994141787495,4738.030657604064,5119.313160989523
2025-06-02 18:00:00,5231.55,4432.659880655192,4737.285946501544,5111.274122027247
2025-06-02 18:15:00,5180.766666666666,4446.358587767431,4754.221777687544,5130.751629768733
2025-06-02 18:30:00,5158.44,4467.784486009048,4779.256400901514,5159.053023879815
2025-06-02 18:45:00,5002.84,4488.210314779956,4803.213584789401,5186.232085443906
2025-06-02 19:00:00,5059.196666666667,4522.718657618597,4841.9309673902235,5229.447211499953
2025-06-02 19:15:00,5000.7266666666665,4550.869705440417,4873.076518192722,5263.92619707221
2025-06-02 19:30:00,5009.893333333333,4577.2519442829525,4902.314769539551,5296.373709301049
2025-06-02 19:45:00,5013.423333333333,4593.182610418621,4920.516887920293,5316.8941988415445
2025-06-02 20:00:00,4949.806666666666,4575.117028890403,4902.940897648601,5298.673717024875
2025-06-02 20:15:00,4932.886666666666,4609.037819325406,4940.518537211924,5340.648434694822
2025-06-02 20:30:00,4939.7266666666665,4628.568628216587,4962.9029364296675,5366.179900387104
2025-06-02 20:45:00,4917.916666666667,4649.3241845746725,4986.492452961835,5393.033161869274
2025-06-02 21:00:00,4915.786666666667,4667.835775457891,5007.637424997965,5417.2493406626945
2025-06-02 21:15:00,5013.92,4750.55929080992,5096.1488035059865,5514.470783154678
2025-06-02 21:30:00,5056.913333333333,4840.102959343396,5191.728094831646,5619.354350591847
2025-06-02 21:45:00,5146.650000000001,4922.798730876177,5280.011769179262,5716.331613448691
2025-06-02 22:00:00,5202.929999999999,4983.1208316742295,5344.685074577801,5787.719818560444
2025-06-02 22:15:00,5296.39,5068.221272681441,5434.429422510908,5885.695402801604
2025-06-02 22:30:00,5398.203333333334,5150.405698234604,5520.998394430914,5980.216729307014
2025-06-02 22:45:00,5475.703333333334,5230.49726252949,5605.254223202679,6072.213993983424
2025-06-02 23:00:00,5546.756666666667,5283.787788399213,5661.237345457677,6133.5536048871445
2025-06-02 23:15:00,5580.490000000001,5305.6630233664555,5684.046573428473,6158.921272528166
2025-06-02 23:30:00,5566.7733333333335,5313.603952703574,5691.390035734836,6167.171296095672
2025-06-02 23:45:00,5549.68,5280.942293671266,5655.958245657188,6129.037345836418
2025-06-03 00:00:00,5511.349999999999,5178.185199371899,5547.628956328347,6012.277140339276
2025-06-03 00:15:00,5463.436666666666,5123.098347000523,5489.037438848205,5949.218512914397
2025-06-03 00:30:00,5385.733333333334,5054.735389712956,5416.3803344781,5870.875236130907
2025-06-03 00:45:00,5316.096666666666,4988.797085352632,5346.153790411518,5795.11933674542
2025-06-03 01:00:00,5237.066666666667,4911.772400074196,5264.165609665378,5706.569419550366
2025-06-03 01:15:00,5163.803333333333,4825.406603722005,5171.886966869608,5606.5726617939235
2025-06-03 01:30:00,5074.136666666666,4766.687652565658,5108.543871638143,5537.875931310019
2025-06-03 01:45:00,4983.25,4708.169831240578,5045.306297615063,5469.237074638322
2025-06-03 02:00:00,4910.676666666666,4641.1775997438635,4973.063933652454,5390.782290488642
2025-06-03 02:15:00,4848.32,4579.8523191645945,4906.920733865795,5319.039279960898
2025-06-03 02:30:00,4771.713333333333,4523.759028728478,4846.181269225661,5253.090154878712
2025-06-03 02:45:00,4696.893333333333,4461.641191103046,4779.024978251824,5180.125081623672
2025-06-03 03:00:00,4645.983333333334,4403.10315738238,4715.547364031648,5111.082550462223
2025-06-03 03:15:00,4598.5199999999995,4343.9910286944405,4651.390365303478,5041.239568672753
2025-06-03 03:30:00,4541.639999999999,4283.739735720302,4585.966540919352,4969.9592296406
2025-06-03 03:45:00,4480.606666666667,4229.1785243443765,4526.456947847216,4905.022779925059
2025-06-03 04:00:00,4406.833333333333,4179.33096134748,4471.842553206552,4845.326197819037
2025-06-03 04:15:00,4360.033333333334,4144.015847978916,4431.837586885395,4800.98899009217
2025-06-03 04:30:00,4304.293333333334,4103.768828255544,4386.608794727284,4750.927977755094
2025-06-03 04:45:00,4257.063333333333,4087.488517551525,4366.5234197533555,4728.0498539914815
2025-06-03 05:00:00,4210.333333333333,4060.3544433098814,4335.007903581624,4692.725113736494
2025-06-03 05:15:00,4142.776666666667,4017.0099434445206,4292.766239295489,4649.953199655747
2025-06-03 05:30:00,4088.4933333333333,3988.5150237785256,4266.112873889549,4624.014954656574
2025-06-03 05:45:00,4046.226666666667,3949.997855152091,4228.9261864011005,4586.607264271569
2025-06-03 06:00:00,3997.9733333333334,3937.947214355894,4219.547790960906,4579.279048152902
2025-06-03 06:15:00,4014.4300000000003,3939.080014295955,4219.895969639829,4579.670549973096
2025-06-03 06:30:00,4042.0166666666664,3948.2424970223265,4228.698953844943,4589.175498480951
2025-06-03 06:45:00,4000.623333333333,3941.3121595911325,4220.622210398849,4580.344550967501
2025-06-03 07:00:00,3965.11,3965.373267921067,4245.138327937563,4606.7888989428775
2025-06-03 07:15:00,3892.353333333333,3962.077102268616,4241.563755500159,4603.162904858053
2025-06-03 07:30:00,3890.896666666666,3969.581259354587,4249.384661764737,4611.8496918922665
2025-06-03 07:45:00,3911.1800000000003,3981.6306188827775,4262.036683623938,4625.739799238112
2025-06-03 08:00:00,3905.376666666667,4013.31672407651,4295.381244597435,4662.024287160563
2025-06-03 08:15:00,3905.81,4037.2074756687084,4320.970545883844,4690.125581088334
2025-06-03 08:30:00,3958.5633333333335,4082.957520842846,4369.600074560791,4743.173053300929
2025-06-03 08:45:00,3995.6,4101.889719616551,4390.137308798182,4765.764020517074
2025-06-03 09:00:00,4091.2000000000003,4210.873782517265,4505.366866129178,4890.950953866047
2025-06-03 09:15:00,4268.94,4358.276009312455,4661.1710600473225,5060.178034065808
2025-06-03 09:30:00,4493.643333333333,4506.742295438617,4818.190207512084,5230.718230633234
2025-06-03 09:45:00,4521.813333333333,4634.043745315771,4953.075815188839,5377.27555574057
2025-06-03 10:00:00,4767.973333333333,4734.041476231068,5059.382536447224,5492.870119420569
2025-06-03 10:15:00,4845.143333333333,4834.539081377888,5166.20168954126,5608.947784807143
2025-06-03 10:30:00,4937.509999999999,4930.913906519428,5268.801516633056,5720.466873711748
2025-06-03 10:45:00,4993.686666666667,4975.101030863032,5316.689306364567,5772.7180392237215
2025-06-03 11:00:00,5064.246666666667,4989.5407144520095,5333.442031017353,5791.25311849138
2025-06-03 11:15:00,5090.1866666666665,5029.150290406062,5376.147333093815,5837.528507196548
2025-06-03 11:30:00,4909.803333333333,5049.939527492958,5399.199787336664,5862.537618903621
2025-06-03 11:45:00,5102.7733333333335,5140.277611184388,5495.437378061519,5966.8825880092
2025-06-03 12:00:00,5133.736666666667,5121.581932415155,5477.247749616025,5947.271879703118
2025-06-03 12:15:00,5142.836666666666,5080.8688479054845,5435.5601805837105,5901.9132992138075
2025-06-03 12:30:00,5174.18,5137.362512323022,5496.112674600408,5967.3844567467095
2025-06-03 12:45:00,5149.756666666667,5191.1033538182855,5553.8898448753425,6029.894654245117
2025-06-03 13:00:00,5035.433333333333,5188.757842323217,5554.418535911945,6030.4825839797495
2025-06-03 13:15:00,5007.733333333334,5186.374104816821,5552.122419676442,6027.1030848933815
2025-06-03 13:30:00,5015.143333333333,5243.30356074522,5612.247803631693,6091.417253853482
2025-06-03 13:45:00,5080.933333333333,5353.680762606186,5728.629220287012,6216.746434262273
2025-06-03 14:00:00,5105.86,5413.505189040057,5792.003616646879,6284.696088711886
2025-06-03 14:15:00,5135.516666666666,5510.947327777327,5895.695485264475,6396.670062765496
2025-06-03 14:30:00,5178.986666666667,5599.571527985715,5990.947713268373,6499.90115631987
2025-06-03 14:45:00,5198.990000000001,5540.820027588168,5929.785349403886,6432.925383327288
2025-06-03 15:00:00,5170.416666666667,5470.200806134102,5856.237325038427,6352.592257053477
2025-06-03 15:15:00,5163.453333333334,5456.75560303279,5843.80339876546,6339.197654257818
2025-06-03 15:30:00,5207.973333333333,5411.74467221341,5798.277730377469,6290.0097661534655
2025-06-03 15:45:00,5258.55,5526.969527368586,5921.153500798456,6423.364919312283
2025-06-03 16:00:00,5284.946666666667,5542.662215008575,5939.5211917774295,6443.540561069185
2025-06-03 16:15:00,5290.496666666667,5491.797213375462,5886.556228234785,6385.507499814221
2025-06-03 16:30:00,5292.136666666666,5420.51495930257,5812.184188024737,6304.341230893251
2025-06-03 16:45:00,5255.8966666666665,5318.158794771339,5705.202163785658,6187.901367082434
2025-06-03 17:00:00,5238.62,5235.004355376449,5618.420344999651,6093.411284435542
2025-06-03 17:15:00,5235.403333333333,5159.655421417766,5537.183133634251,6003.197006728402
2025-06-03 17:30:00,5178.27,5109.068974230442,5481.972617481428,5941.24270238058
2025-06-03 17:45:00,5088.400000000001,5052.428399390701,5420.406167966005,5872.456794415994
2025-06-03 18:00:00,5062.96,5003.2997391544795,5366.72793984626,5812.271840927622
2025-06-03 18:15:00,4990.376666666667,4961.437581750911,5323.834206542285,5765.941236315353
2025-06-03 18:30:00,4977.333333333333,4942.36546696185,5304.863748145125,5745.581788865507
2025-06-03 18:45:00,4923.996666666667,4836.0886955948035,5194.252452508558,5625.966305554148
2025-06-03 19:00:00,4921.586666666666,4876.300890810613,5237.502749696316,5673.1159368243625
2025-06-03 19:15:00,4917.033333333334,4844.0961513295815,5204.1462010740415,5636.968022501838
2025-06-03 19:30:00,4916.556666666666,4863.896864967295,5225.37563321817,5660.004257574376
2025-06-03 19:45:00,4932.566666666667,4870.903875021113,5233.108375044227,5668.447231602551
2025-06-03 20:00:00,4902.54,4829.7332724853995,5190.164582996963,5622.005431433043
2025-06-03 20:15:00,4943.6033333333335,4829.358214593581,5189.888072961755,5621.740073184141
2025-06-03 20:30:00,4963.903333333333,4843.687360404071,5204.983613406273,5638.1517438953915
2025-06-03 20:45:00,4978.736666666667,4839.033545519133,5200.054789340262,5632.881130172808
2025-06-03 21:00:00,4983.6866666666665,4846.099485158335,5207.351196170171,5640.869473653692
2025-06-03 21:15:00,5024.676666666666,4937.735044404861,5304.130734584422,5746.317230726616
2025-06-03 21:30:00,5099.813333333333,4996.774233421299,5366.568622661203,5814.556073465295
2025-06-03 21:45:00,5179.633333333333,5091.660307186535,5466.56447566493,5923.491559400306
2025-06-03 22:00:00,5233.243333333333,5152.46185467787,5530.646961634573,5993.506566820118
2025-06-03 22:15:00,5296.97,5240.084451562229,5622.797770479377,6093.926884113051
2025-06-03 22:30:00,5358.056666666666,5333.262090445833,5720.672587585545,6200.536238380842
2025-06-03 22:45:00,5355.0,5405.499128320713,5796.433512974694,6283.165613415633
2025-06-03 23:00:00,5347.166666666667,5464.954366944621,5858.649833661362,6351.096576569392
2025-06-03 23:15:00,5303.953333333334,5489.240170257026,5884.043585270998,6379.26427239636
2025-06-03 23:30:00,5283.986666666667,5479.49689959623,5873.568517420712,6368.535453726716
2025-06-03 23:45:00,5281.695,5457.66636469027,5850.275357610828,6343.88397740187
2025-06-04 00:00:00,5242.413333333333,5357.524193879221,5744.5911683285185,6229.917651275478
2025-06-04 00:15:00,5172.13,5306.373394830583,5690.134725039169,6171.339753959811
2025-06-04 00:30:00,5100.883333333334,5231.443139111309,5610.578256249557,6085.5203864310215
2025-06-04 00:45:00,5040.856666666667,5161.2176727933165,5535.847776054749,6004.884061377564
2025-06-04 01:00:00,4957.12,5083.352803698056,5452.976928807015,5915.377694506493
2025-06-04 01:15:00,4894.323333333333,5009.216224614539,5373.545856040126,5829.302450900098
2025-06-04 01:30:00,4826.8966666666665,4930.009832016541,5288.679401393955,5737.283197014896
2025-06-04 01:45:00,4749.986666666667,4851.147284789301,5204.068399701395,5645.4842816654245
2025-06-04 02:00:00,4672.61,4781.677053537864,5129.222739494969,5564.208588549022
2025-06-04 02:15:00,4608.13,4723.251875952863,5066.491118452048,5496.406665126845
2025-06-04 02:30:00,4551.48,4653.256094348811,4991.511039416623,5415.270865557027
2025-06-04 02:45:00,4487.5233333333335,4586.161717050315,4919.4914134256705,5337.2802554659675
2025-06-04 03:00:00,4424.95,4535.249501707751,4864.390042326066,5277.558478165507
2025-06-04 03:15:00,4383.116666666666,4484.847419537726,4809.383501074873,5217.630851805802
2025-06-04 03:30:00,4325.403333333333,4429.277102329439,4748.877339255246,5151.679248777651
2025-06-04 03:45:00,4273.083333333333,4371.421644407331,4685.906930804279,5082.992689885139
2025-06-04 04:00:00,4217.673333333333,4306.868323873818,4615.843203174547,5006.555346115033
2025-06-04 04:15:00,4173.123333333333,4262.7841160859225,4567.2338061661085,4953.301669987085
2025-06-04 04:30:00,4142.886666666666,4213.846415268038,4513.482961502385,4894.413453523741
2025-06-04 04:45:00,4106.916666666667,4170.6444001090495,4465.722685220197,4841.954266731331
2025-06-04 05:00:00,4079.5466666666666,4129.530900895285,4420.128954947258,4791.781714398599
2025-06-04 05:15:00,4031.5333333333333,4066.4466170823894,4353.136194567828,4719.502096316171
2025-06-04 05:30:00,3979.876666666667,4015.8394274253346,4299.2392856848355,4661.355353200693
2025-06-04 05:45:00,3940.9833333333336,3971.97097699527,4252.41753813739,4610.819562822472
2025-06-04 06:00:00,3937.08,3939.7450695117313,4217.830544306484,4573.487897227076
2025-06-04 06:15:00,3955.7966666666666,3950.694115843622,4228.491313739912,4585.0540318992225
2025-06-04 06:30:00,3964.6733333333336,3970.55850112107,4248.537326787061,4606.741827806386
2025-06-04 06:45:00,3961.94,3939.193378721558,4214.790288658638,4570.094774223649
2025-06-04 07:00:00,3967.14,3924.317679809645,4198.400815369226,4552.214182910921
2025-06-04 07:15:00,3979.1366666666668,3892.534712307656,4165.871943551022,4517.865111586542
2025-06-04 07:30:00,3985.903333333333,3898.5950049426906,4173.148875019117,4526.613999809411
2025-06-04 07:45:00,3992.736666666666,3921.790843438284,4198.48387808409,4554.898821805718
2025-06-04 08:00:00,3909.4666666666667,3928.9438663794313,4207.02777341151,4564.961073556775
2025-06-04 08:15:00,3942.42,3941.974695773257,4221.816096535897,4581.765739513825
2025-06-04 08:30:00,3938.6666666666665,3988.692783376921,4272.07067567698,4636.981319340644
2025-06-04 08:45:00,3951.6666666666665,4029.353659790074,4316.043327210956,4685.373916291783
2025-06-04 09:00:00,4035.9166666666665,4123.8708302005,4416.68255482951,4795.158113580327
2025-06-04 09:15:00,4197.8533333333335,4291.531252228549,4593.647658376509,4987.233526335702
2025-06-04 09:30:00,4312.343333333333,4487.907450398161,4800.8776015207095,5212.100257079855
2025-06-04 09:45:00,4470.673333333333,4546.320887161826,4863.270360832124,5280.023524361553
2025-06-04 10:00:00,4684.57,4746.20658997971,5074.39413337358,5509.115481638247
2025-06-04 10:15:00,4772.386666666666,4821.839304079761,5154.726301794436,5596.247752533291
2025-06-04 10:30:00,4807.41,4913.4924163064115,5252.000833139491,5701.75206738012
2025-06-04 10:45:00,4875.48,4969.353772769426,5311.788309507837,5766.653298601543
2025-06-04 11:00:00,4958.73,5028.662133300884,5375.3135949205325,5835.626383980289
2025-06-04 11:15:00,4998.363333333334,5052.991211263119,5400.141581539635,5861.308418951759
2025-06-04 11:30:00,5010.653333333333,4938.676824178667,5279.43491032456,5729.319752180457
2025-06-04 11:45:00,5035.150000000001,5086.0552627462075,5433.772838237832,5895.400085280118
2025-06-04 12:00:00,5057.933333333333,5102.234153414409,5450.396980521754,5912.29162188519
2025-06-04 12:15:00,5084.966666666666,5110.2631839046335,5458.821592688239,5920.501170281773
2025-06-04 12:30:00,5123.913333333333,5140.6630132814425,5490.8663458186575,5954.348598993417
2025-06-04 12:45:00,5122.98,5137.697005332733,5487.97485781579,5950.3857797867
2025-06-04 13:00:00,5041.166666666667,5043.260556693033,5389.882102161629,5843.344149068314
2025-06-04 13:15:00,4969.056666666666,5018.138419387673,5365.571915613547,5816.87462274756
2025-06-04 13:30:00,5030.87,5042.78457649889,5393.655706164513,5847.233028439356
2025-06-04 13:45:00,5121.116666666667,5125.379068541841,5482.723684216272,5943.72983263389
2025-06-04 14:00:00,5182.206666666666,5164.344981130624,5526.448727580241,5991.167464407337
2025-06-04 14:15:00,5241.86,5203.030158161085,5568.152211406107,6035.253014469268
2025-06-04 14:30:00,5350.41,5249.494884787589,5616.014872090987,6085.258823841338
2025-06-04 14:45:00,5386.863333333334,5261.059822270867,5628.237947237285,6097.477094875027
2025-06-04 15:00:00,5499.05,5234.698013056592,5600.698699136977,6066.672901097628
2025-06-04 15:15:00,5499.05,5232.0165104249245,5599.572724347371,6065.531495305745
2025-06-04 15:30:00,5499.05,5252.296084418814,5622.638881125338,6090.669107080273
2025-06-04 15:45:00,5499.05,5294.55674205986,5668.861124458777,6140.963170896786
2025-06-04 16:00:00,5499.05,5303.452782283866,5681.201705053005,6154.296693266245
2025-06-04 16:15:00,5499.05,5289.3431903891715,5669.577268141018,6141.822561184479
2025-06-04 16:30:00,5499.05,5278.49357193819,5661.3122297901655,6133.001668442144
2025-06-04 16:45:00,5499.05,5235.206340865651,5619.915719694419,6088.766545078447
2025-06-04 17:00:00,5499.05,5196.129109979822,5586.477653849735,6053.35669646907
2025-06-04 17:15:00,5499.05,5170.258285026794,5557.585177037624,6020.107044130203
2025-06-04 17:30:00,5499.05,5105.545132041375,5487.898494769463,5942.710823517794
2025-06-04 17:45:00,5499.05,5020.613480221382,5396.97530692547,5842.358541810545
2025-06-04 18:00:00,5499.05,4980.702643393545,5353.3458243983305,5793.3066511861925
2025-06-04 18:15:00,5499.05,4913.288229788663,5283.242985637447,5717.248168337521
2025-06-04 18:30:00,5499.05,4897.735141993212,5267.60465254824,5700.25505231871
2025-06-04 18:45:00,5499.05,4837.903989688691,5205.422595599012,5632.872736783792
2025-06-04 19:00:00,5499.05,4837.2343374193,5205.35907733846,5632.8435673845115
2025-06-04 19:15:00,5499.05,4834.987425580439,5204.083191134791,5631.865194551989
2025-06-04 19:30:00,5499.05,4840.19794487869,5210.592757136864,5639.358329025607
2025-06-04 19:45:00,5499.05,4840.174370835686,5211.5474838690225,5640.863922563489
2025-06-04 20:00:00,5499.05,4772.204725126207,5141.057653985747,5564.980694692974
2025-06-04 20:15:00,5499.05,4767.651872577656,5137.000165486538,5561.025518547914
2025-06-04 20:30:00,5499.05,4769.228799627448,5139.306749956084,5563.9864059741885
2025-06-04 20:45:00,5499.05,4785.387904366005,5156.851281185386,5583.474940043801
2025-06-04 21:00:00,5499.05,4799.169817926817,5171.811305849963,5600.174729755154
2025-06-04 21:15:00,5499.05,4853.525898743003,5229.304770619629,5662.970998711207
2025-06-04 21:30:00,5499.05,4929.872822271473,5309.8039218069725,5750.699424236667
2025-06-04 21:45:00,5499.05,5014.2906615849815,5398.680617086316,5847.5048449904125
2025-06-04 22:00:00,5499.05,5074.626773551959,5462.1525213819305,5916.776788027788
2025-06-04 22:15:00,5499.05,5151.9107887914515,5542.347484435539,6003.508864787002
2025-06-04 22:30:00,5499.05,5223.900049023741,5616.8680543829505,6084.078770816448
2025-06-04 22:45:00,5499.05,5242.538101853167,5635.22533058057,6103.7730643426075
2025-06-04 23:00:00,5499.05,5248.5696262198035,5640.222135178893,6108.968471002638
2025-06-04 23:15:00,5499.05,5223.4549288139615,5612.378253659637,6078.601329399258
2025-06-04 23:30:00,5499.05,5199.419885884505,5585.489250584096,6049.211442024245
2025-06-04 23:45:00,5499.05,5188.5531234782575,5571.9357659992265,6034.0621983881665
2025-06-05 00:00:00,5499.05,5082.778828906651,5458.385204219511,5910.44068845423
2025-06-05 00:15:00,5499.05,5022.913332969702,5393.14366470414,5839.36739037237
2025-06-05 00:30:00,5499.05,4956.703726405575,5322.01170882241,5762.283812876278
2025-06-05 00:45:00,5499.05,4889.990620525552,5250.7279623677705,5685.219451383469
2025-06-05 01:00:00,5499.05,4806.520440632441,5161.725155708472,5588.905660223745
2025-06-05 01:15:00,5499.05,4745.634248648497,5096.700905073872,5518.7672964171825
2025-06-05 01:30:00,5499.05,4677.438796476346,5023.888591490178,5440.135577768575
2025-06-05 01:45:00,5499.05,4606.341814908655,4947.922258392318,5358.029723206628
2025-06-05 02:00:00,5499.05,4535.431838357689,4872.050502529205,5275.967935592756
2025-06-05 02:15:00,5499.05,4475.941092767041,4808.077822496286,5206.73976810079
2025-06-05 02:30:00,5499.05,4417.787019600453,4745.41659875988,5138.871128600926
2025-06-05 02:45:00,5499.05,4357.677510984301,4680.61340920482,5068.618742271802
2025-06-05 03:00:00,5499.05,4294.737020946163,4612.753958948629,4994.9909789071435
2025-06-05 03:15:00,5499.05,4252.5105182102325,4566.7012197501,4945.009944199352
2025-06-05 03:30:00,5499.05,4200.129607315897,4509.910568199635,4883.328765810816
2025-06-05 03:45:00,5499.05,4150.396523523755,4455.838066247619,4824.528230638678
2025-06-05 04:00:00,5499.05,4095.170141061874,4395.937716099554,4759.348163841721
2025-06-05 04:15:00,5499.05,4053.113244124006,4350.066198358009,4709.468446853955
2025-06-05 04:30:00,5499.05,4017.7305366538467,4311.163796123651,4667.0770895073965
2025-06-05 04:45:00,5499.05,3978.473315040246,4268.15583655489,4620.174688596198
2025-06-05 05:00:00,5499.05,3947.6159592120516,4233.944897151416,4582.743645759909
2025-06-05 05:15:00,5499.05,3900.0867382003876,4184.3882275770975,4530.090613620912
2025-06-05 05:30:00,5499.05,3850.4586472481064,4132.614432768695,4474.977449230062
2025-06-05 05:45:00,5499.05,3814.382168779128,4095.0731556773126,4435.230886147959
2025-06-05 06:00:00,5499.05,3805.9279036437138,4086.554291710712,4426.879408277202
2025-06-05 06:15:00,5499.05,3820.795365869012,4100.723545731173,4441.8400888714705
2025-06-05 06:30:00,5499.05,3831.3597045833653,4110.391208390311,4451.874778174258
2025-06-05 06:45:00,5499.05,3817.568848130086,4094.4989932942244,4434.1678369685205
2025-06-05 07:00:00,5499.05,3816.4651975073266,4091.9698717197166,4430.898983963409
2025-06-05 07:15:00,5499.05,3820.602970081755,4095.84028767228,4435.095983656256
2025-06-05 07:30:00,5499.05,3825.1251175157586,4100.163567043227,4439.7484425647235
2025-06-05 07:45:00,5499.05,3832.507300013426,4107.547586568511,4447.685858492198
2025-06-05 08:00:00,5499.05,3778.254140192438,4050.2426511328395,4385.499017211169
2025-06-05 08:15:00,5499.05,3810.419304499262,4083.3086281705896,4420.8875369965435
2025-06-05 08:30:00,5499.05,3819.0439720435697,4091.7194672347377,4429.539955669474
2025-06-05 08:45:00,5499.05,3841.3668728346565,4114.602728727728,4453.858623053008
2025-06-05 09:00:00,5499.05,3919.889812844039,4196.614819628252,4542.236966869231
2025-06-05 09:15:00,5499.05,4080.544715441941,4367.922748760588,4729.322523202355
2025-06-05 09:30:00,5499.05,4216.588343457361,4513.472061241148,4888.49287192047
2025-06-05 09:45:00,5499.05,4350.455983817001,4656.836826310689,5045.296902272278
2025-06-05 10:00:00,5499.05,4536.165773021424,4854.770469598191,5261.236359362095
2025-06-05 10:15:00,5499.05,4623.1757578796305,4948.028080670112,5363.0260740022
2025-06-05 10:30:00,5499.05,4669.48619299894,4998.640144317872,5418.618895805136
2025-06-05 10:45:00,5499.05,4737.808758920332,5072.491809836931,5499.411506486509
2025-06-05 11:00:00,5499.05,4807.544208892576,5148.723867306785,5582.836321320506
2025-06-05 11:15:00,5499.05,4852.207201994049,5197.346165654643,5635.930532456217
2025-06-05 11:30:00,5499.05,4851.590681728971,5198.518571614115,5637.637833024305
2025-06-05 11:45:00,5499.05,4895.7164492586335,5246.815247322879,5690.441664474958
2025-06-05 12:00:00,5499.05,4926.15577181353,5277.734900054839,5724.327618537445
2025-06-05 12:15:00,5499.05,4961.197010746352,5313.6816270437375,5763.627295329766
2025-06-05 12:30:00,5499.05,5004.307503547071,5358.223812949302,5812.284238807426
2025-06-05 12:45:00,5499.05,5004.951799448988,5358.269251571671,5812.771253793016
2025-06-05 13:00:00,5499.05,4930.888911963949,5279.944734538573,5728.386484009343
2025-06-05 13:15:00,5499.05,4865.640494183815,5203.700491279335,5639.583619873321
2025-06-05 13:30:00,5499.05,4900.665261675251,5232.908823049413,5665.102518895151
2025-06-05 13:45:00,5499.05,4979.203655385621,5307.936763348475,5740.327611710114
2025-06-05 14:00:00,5499.05,5030.332086319198,5354.270678996677,5784.518527307748
2025-06-05 14:15:00,5499.05,5094.647224619164,5423.9197505719885,5860.304800057138
2025-06-05 14:30:00,5499.05,5187.193428644193,5523.320154099674,5968.3909095950585
2025-06-05 14:45:00,5499.05,5223.901457871592,5564.660685278317,6013.866026409459
2025-06-05 15:00:00,5499.05,5310.33235888806,5659.808211296764,6118.402633754661
2025-06-05 15:15:00,5499.05,5323.755679729483,5676.8174979134465,6137.7268724727655
2025-06-05 15:30:00,5499.05,5322.500170384879,5678.4758016024625,6140.481556868205
2025-06-05 15:45:00,5499.05,5318.867317967801,5677.700116358193,6140.6635120506
2025-06-05 16:00:00,5499.05,5311.7661087176875,5673.337490602154,6137.0232164257295
2025-06-05 16:15:00,5499.05,5303.733880990909,5666.343975077172,6129.455960363127
2025-06-05 16:30:00,5499.05,5289.875223302103,5653.271969289254,6115.365418359039
2025-06-05 16:45:00,5499.05,5268.995354925739,5632.858869369315,6093.382428831215
2025-06-05 17:00:00,5499.05,5243.910592776281,5608.055834015133,6066.703559572308
2025-06-05 17:15:00,5499.05,5223.992325111417,5590.281379884047,6048.759036578178
2025-06-05 17:30:00,5499.05,5189.153526793067,5556.844088911108,6013.900075821267
2025-06-05 17:45:00,5499.05,5148.436351457477,5517.235501788522,5972.409582711416
2025-06-05 18:00:00,5499.05,5132.5814538831855,5503.742795346649,5959.271375737263
2025-06-05 18:15:00,5499.05,5110.237893956905,5480.138468566737,5933.02816839505
2025-06-05 18:30:00,5499.05,5099.923147145429,5469.152061121258,5920.505734117842
2025-06-05 18:45:00,5499.05,5094.512958785675,5463.29140127992,5913.582686220288
2025-06-05 19:00:00,5499.05,5088.261039381714,5456.512072077519,5905.706218946671
2025-06-05 19:15:00,5499.05,5094.306413883925,5463.09647522375,5912.675082615409
2025-06-05 19:30:00,5499.05,5098.8126984297705,5468.014913348811,5917.873980816322
2025-06-05 19:45:00,5499.05,5103.648546707418,5473.223487584835,5923.418902116457
2025-06-05 20:00:00,5499.05,5098.06951686895,5467.427680708449,5917.067445840395
2025-06-05 20:15:00,5499.05,5101.958500081467,5471.387592730195,5921.229750482953
2025-06-05 20:30:00,5499.05,5103.572123814611,5472.88144488954,5922.739864242549
2025-06-05 20:45:00,5499.05,5102.886052790221,5471.877763793252,5921.559614123874
2025-06-05 21:00:00,5499.05,5101.854924637938,5470.424462113896,5919.903963363734
2025-06-05 21:15:00,5499.05,5118.905948291159,5488.361757009287,5939.593183422199
2025-06-05 21:30:00,5499.05,5146.171673734598,5516.933153793087,5970.808819610786
2025-06-05 21:45:00,5499.05,5169.827283152893,5541.610428306777,5997.803981037556
2025-06-05 22:00:00,5499.05,5182.413542557439,5554.55324129056,6012.078713791423
2025-06-05 22:15:00,5499.05,5209.673596520195,5583.532586302779,6044.209874060642
2025-06-05 22:30:00,5499.05,5239.48545520756,5615.08084793382,6079.111241685763
2025-06-05 22:45:00,5499.05,5257.106285156871,5633.707199640339,6099.992980891584
2025-06-05 23:00:00,5499.05,5266.130289634603,5643.1855275962525,6110.940404757257
2025-06-05 23:15:00,5499.05,5269.544352739856,5646.773801584666,6115.561319807956
2025-06-05 23:30:00,5499.05,5267.872670477199,5644.900062448825,6114.23426889754
2025-06-05 23:45:00,5499.05,5263.544315334557,5640.11566699019,6109.720170653435
2025-06-06 00:00:00,5849.0,5189.312557786478,5561.773625777209,6025.46299969463
2025-06-06 00:15:00,5849.0,5170.493965920717,5540.797772875579,6002.838602589344
2025-06-06 00:30:00,5849.0,5150.927481905779,5518.918016888002,5979.191441205988
2025-06-06 00:45:00,5849.0,5133.184039710562,5498.836790497139,5957.4467942926
2025-06-06 01:00:00,5849.0,5111.784810598548,5474.800238713101,5931.366979981726
2025-06-06 01:15:00,5849.0,5092.665884451715,5453.533543492046,5908.562475824852
2025-06-06 01:30:00,5849.0,5074.649663117041,5433.31608921865,5886.840641783987
2025-06-06 01:45:00,5849.0,5058.929167998433,5415.404662788259,5867.561131235874
2025-06-06 02:00:00,5849.0,5041.181308198343,5395.261477479476,5845.804890236481
2025-06-06 02:15:00,5849.0,5025.698695608473,5377.400526244884,5826.461544016847
2025-06-06 02:30:00,5849.0,5011.231698506008,5360.513740588493,5808.1122405265705
2025-06-06 02:45:00,5849.0,4995.439209975621,5342.14678534738,5788.096306799074
2025-06-06 03:00:00,5849.0,4979.347668078329,5323.383520756154,5767.5872959798
2025-06-06 03:15:00,5849.0,4968.916734455019,5310.3692116165075,5753.162083867991
2025-06-06 03:30:00,5849.0,4955.3199518958445,5293.958915780506,5734.992374292817
2025-06-06 03:45:00,5849.0,4942.27320279699,5278.062903986559,5717.3152185553345
2025-06-06 04:00:00,5849.0,4927.073105453837,5259.847874205487,5697.06066881858
2025-06-06 04:15:00,5849.0,4915.336326043893,5245.343118780865,5680.843926491835
2025-06-06 04:30:00,5849.0,4907.741326937232,5235.147022076462,5669.232696176583
2025-06-06 04:45:00,5849.0,4897.174662266565,5221.793867855342,5654.138208376358
2025-06-06 05:00:00,5849.0,4890.810934524578,5212.828593279033,5643.737372671828
2025-06-06 05:15:00,5849.0,4879.457826808512,5201.52045421809,5632.692999454943
2025-06-06 05:30:00,5849.0,4869.890673161517,5192.076444464365,5623.610905595478
2025-06-06 05:45:00,5849.0,4863.625461593212,5186.097022199327,5618.2273783344235
2025-06-06 06:00:00,5849.0,4862.366777928417,5185.380798063518,5618.493659394918
2025-06-06 06:15:00,5849.0,4868.131068684252,5191.324324657478,5625.43689174718
2025-06-06 06:30:00,5849.0,4872.285886943541,5195.596111489001,5630.520535169486
2025-06-06 06:45:00,5849.0,4873.400103728956,5196.700355994577,5632.1266862689745
2025-06-06 07:00:00,5849.0,4877.743821460987,5201.231773910174,5637.4044497206705
2025-06-06 07:15:00,5849.0,4883.068421603644,5207.321924238976,5644.658281611086
2025-06-06 07:30:00,5849.0,4891.888830787303,5217.133697356274,5655.909571688274
2025-06-06 07:45:00,4137.0,4902.616150230534,5229.00489244067,5669.360799183019
2025-06-06 08:00:00,4137.0,4893.009478136632,5219.576826670876,5659.7044612729
2025-06-06 08:15:00,4137.0,4898.845811392108,5226.320426029717,5667.4661613949775
2025-06-06 08:30:00,4137.0,4902.956400836326,5231.326671934324,5673.325270613694
2025-06-06 08:45:00,4137.0,4899.633791902736,5228.605428233926,5670.794998660145
2025-06-06 09:00:00,4137.0,4891.813620025644,5221.246324935025,5663.227378464293
2025-06-06 09:15:00,4137.0,4908.584009313747,5239.813470602122,5683.745597389672
2025-06-06 09:30:00,4137.0,4919.254566747869,5252.069446789654,5697.421691810826
2025-06-06 09:45:00,4137.0,4908.918585345143,5242.358184682024,5687.295117610296
2025-06-06 10:00:00,4137.0,4927.101407229184,5262.713143853556,5709.753106091732
2025-06-06 10:15:00,4137.0,4943.0062143292835,5280.41896174229,5729.105456514136
2025-06-06 10:30:00,4137.0,4939.219807014343,5277.549823752801,5726.176413436288
2025-06-06 10:45:00,4137.0,4936.141890126322,5275.539459362707,5724.19549010593
2025-06-06 11:00:00,4137.0,4948.051944545747,5289.391423644551,5739.424444012634
2025-06-06 11:15:00,4137.0,4961.0366638270925,5304.2472335850725,5755.603810847645
2025-06-06 11:30:00,4137.0,4960.950277721629,5305.490130883936,5757.061721460098
2025-06-06 11:45:00,4137.0,4964.793312511184,5310.980787191155,5763.155552143671
2025-06-06 12:00:00,4137.0,4968.548178938758,5316.498495502529,5769.315349361279
2025-06-06 12:15:00,4137.0,4978.709282911105,5328.2574950302005,5781.871001587316
2025-06-06 12:30:00,4137.0,4979.723087170095,5330.524869654569,5784.1849151796505
2025-06-06 12:45:00,4137.0,4975.18946883484,5327.081015957222,5780.356548296264
2025-06-06 13:00:00,4137.0,4942.074519803415,5294.504901885281,5745.041166452192
2025-06-06 13:15:00,4601.413333333333,4912.0406391158895,5263.207340613223,5711.0035375131365
2025-06-06 13:30:00,5585.150000000001,4906.921017774512,5258.1930128781105,5705.500467976017
2025-06-06 13:45:00,5713.95,4919.590151599992,5271.972681560892,5720.418876089408
2025-06-06 14:00:00,5805.496666666666,4926.794988172876,5280.113642090844,5729.285645639833
2025-06-06 14:15:00,5897.123333333334,4920.817117026408,5274.72271260594,5723.328588066157
2025-06-06 14:30:00,6006.099999999999,4934.548921476701,5290.130853124708,5739.970774786585
2025-06-06 14:45:00,6058.389999999999,4926.632576866315,5282.8838936920465,5732.1268254539955
2025-06-06 15:00:00,6081.263333333333,4951.75150011784,5310.424717647852,5762.042252707149
2025-06-06 15:15:00,6096.673333333333,4954.886938243074,5314.923360557121,5766.669859547113
2025-06-06 15:30:00,6126.25,4958.476951919486,5319.969625143797,5771.95550050939
2025-06-06 15:45:00,6083.63,4960.198015520857,5323.115999954412,5775.247157418843
2025-06-06 16:00:00,6075.186666666667,4954.695608669218,5318.730448720733,5770.441811813952
2025-06-06 16:15:00,6013.209999999999,4949.201317833237,5313.308688556829,5763.844705125934
2025-06-06 16:30:00,5957.150000000001,4939.701720902348,5303.721644502893,5752.797446134346
2025-06-06 16:45:00,5916.586666666667,4932.474477261474,5296.5569859736115,5744.437360503638
2025-06-06 17:00:00,5877.0233333333335,4924.74993139596,5288.897452585979,5735.602048603995
2025-06-06 17:15:00,5816.18,4921.404913977366,5284.885889053867,5730.127569954567
2025-06-06 17:30:00,5742.083333333333,4905.261599151301,5267.441029593827,5710.154564513192
2025-06-06 17:45:00,5639.566666666667,4892.418446573165,5253.467512869471,5693.998705604002
2025-06-06 18:00:00,5570.813333333333,4878.749904790754,5238.623349972295,5676.9527691300145
2025-06-06 18:15:00,5453.153333333333,4866.602285460951,5225.7305068422065,5662.316431480966
2025-06-06 18:30:00,5348.490000000001,4855.227116022406,5213.63005802661,5648.586831750448
2025-06-06 18:45:00,5332.1466666666665,4847.6449233267795,5205.487569578003,5639.191214396362
2025-06-06 19:00:00,5284.093333333333,4840.055185377276,5197.302776961863,5629.791799300101
2025-06-06 19:15:00,5278.026666666667,4843.901330856553,5201.576750236667,5634.257101433433
2025-06-06 19:30:00,5276.676666666666,4847.534125965114,5205.577532188939,5638.461635457645
2025-06-06 19:45:00,5288.21,4848.291057649843,5206.500945288468,5639.363193751169
2025-06-06 20:00:00,5267.373333333333,4842.606012359885,5200.593762441958,5632.891051451168
2025-06-06 20:15:00,5297.593333333333,4845.879697134182,5205.366609217743,5638.911566317348
2025-06-06 20:30:00,5288.72,4849.071332278357,5209.977607534378,5644.776713558424
2025-06-06 20:45:00,5319.09,4852.905997300447,5215.182591864277,5651.301440073929
2025-06-06 21:00:00,5335.626666666666,4851.790090990954,5215.099570213992,5652.107933986911
2025-06-06 21:15:00,5444.836666666667,4867.512411148482,5231.762589707505,5670.497803839369
2025-06-06 21:30:00,5512.586666666667,4887.697612614701,5253.017058088301,5693.866324052243
2025-06-06 21:45:00,5624.8533333333335,4902.229910346256,5268.231325870704,5710.68889785791
2025-06-06 22:00:00,5715.736666666667,4910.2542410466685,5276.50315486759,5719.983636788056
2025-06-06 22:15:00,5824.633333333334,4927.117835090586,5293.465849283065,5738.360668969805
2025-06-06 22:30:00,5938.296666666666,4944.965653651211,5311.350617673683,5757.723404269275
2025-06-06 22:45:00,6019.27,4955.800002285449,5321.752830756686,5768.960548083758
2025-06-06 23:00:00,6084.026666666668,4965.367927234077,5330.708073085035,5778.608170010271
2025-06-06 23:15:00,6109.56,4972.2193485278585,5337.421062038157,5786.289225025911
2025-06-06 23:30:00,6101.236666666667,4971.113904381409,5335.655743742875,5784.753884234504
2025-06-06 23:45:00,6077.835,4967.747499432646,5331.39548981382,5780.481967400221
2025-06-07 00:00:00,6022.706666666666,5191.043518070835,5487.530547659312,6001.093525887645
2025-06-07 00:15:00,5963.626666666667,5180.885763716886,5476.261515409241,5989.394571656773
2025-06-07 00:30:00,5892.580000000001,5170.200039118519,5464.319622012393,5976.923208165795
2025-06-07 00:45:00,5814.733333333334,5158.869493796068,5451.5836117528315,5963.54499019098
2025-06-07 01:00:00,5747.09,5147.1795461177235,5438.355337599281,5949.584147871958
2025-06-07 01:15:00,5683.326666666667,5134.4355370983485,5423.542673864592,5933.610288725454
2025-06-07 01:30:00,5577.013333333333,5123.169874389012,5410.17388634683,5919.146723009941
2025-06-07 01:45:00,5487.2733333333335,5112.9828653353625,5397.832514590355,5905.739987954834
2025-06-07 02:00:00,5400.766666666666,5101.364459007002,5383.885485595943,5890.534960692207
2025-06-07 02:15:00,5325.863333333334,5089.927913276213,5370.031960619238,5875.371139525529
2025-06-07 02:30:00,5257.5,5080.28060620406,5357.965341533543,5862.082039359632
2025-06-07 02:45:00,5195.466666666666,5069.821027459001,5344.9577228359785,5847.7105488080615
2025-06-07 03:00:00,5127.596666666667,5057.405470872213,5329.813090313506,5830.9597690699375
2025-06-07 03:15:00,5058.456666666666,5048.5107733791065,5318.412694871691,5818.283379679532
2025-06-07 03:30:00,4985.546666666666,5041.8296200106415,5309.2677070574055,5807.986294125974
2025-06-07 03:45:00,4927.013333333333,5032.494442273573,5297.270936886214,5794.534322396334
2025-06-07 04:00:00,4855.349999999999,5023.469079965798,5285.5428587255055,5781.308976514515
2025-06-07 04:15:00,4845.953333333334,5013.938411347131,5273.1125387620705,5767.177187374786
2025-06-07 04:30:00,4808.16,5004.107612463272,5260.32436813917,5752.594321629824
2025-06-07 04:45:00,4763.18,4995.671414406284,5248.966180362733,5739.498675087646
2025-06-07 05:00:00,4700.366666666666,4987.987922451038,5238.371185450994,5727.169001851678
2025-06-07 05:15:00,4635.69,4982.090011776357,5234.131810413013,5724.680157123238
2025-06-07 05:30:00,4585.073333333334,4975.944959617598,5229.620668580267,5721.839153477903
2025-06-07 05:45:00,4518.32,4970.904313019281,5226.26546244853,5720.1950816115195
2025-06-07 06:00:00,4474.363333333334,4974.969710798873,5232.480257067341,5728.867631596352
2025-06-07 06:15:00,4459.266666666666,4985.139301954069,5243.1734438040385,5741.038997440677
2025-06-07 06:30:00,4430.556666666666,4987.740645961414,5245.934819267827,5744.5674157963895
2025-06-07 06:45:00,4397.13,4983.562938442563,5241.601173010101,5740.362559618602
2025-06-07 07:00:00,4377.616666666666,4984.627876194851,5242.809636230609,5742.121041958661
2025-06-07 07:15:00,4350.849999999999,4989.111379367842,5248.380996950646,5749.057048295574
2025-06-07 07:30:00,4333.25,4992.341205327079,5252.684343271563,5754.583785745203
2025-06-07 07:45:00,4323.796666666666,4109.574382192509,4326.247987374822,4751.537514654646
2025-06-07 08:00:00,4285.29,4107.450175269201,4325.045563069593,4751.03873997255
2025-06-07 08:15:00,4294.176666666667,4113.104013234351,4331.354215381274,4758.166248414612
2025-06-07 08:30:00,4304.406666666667,4114.6133236928545,4333.384428229005,4760.637667450389
2025-06-07 08:45:00,4321.286666666667,4118.611545425554,4338.1109583097095,4766.01485093802
2025-06-07 09:00:00,4334.636666666666,4124.422696388075,4344.829201914399,4773.53843344653
2025-06-07 09:15:00,4496.383333333333,4142.703909537457,4364.740339930336,4795.350103811785
2025-06-07 09:30:00,4650.04,4166.979073726313,4391.045596076222,4824.08698784172
2025-06-07 09:45:00,4751.836666666667,4185.8189176374835,4411.742168728837,4846.7471896923025
2025-06-07 10:00:00,4862.953333333334,4200.601205578458,4428.281426710208,4864.9076309693855
2025-06-07 10:15:00,4963.056666666666,4212.248761518467,4440.420223010916,4877.494614704771
2025-06-07 10:30:00,5034.593333333333,4222.57297496737,4451.280680350062,4888.709849709263
2025-06-07 10:45:00,5090.83,4226.160174991706,4455.177936256949,4892.3973809522295
2025-06-07 11:00:00,5138.86,4234.140827770023,4463.807305708548,4901.234185984413
2025-06-07 11:15:00,5211.823333333333,4239.801158016404,4469.995482849075,4907.369834468087
2025-06-07 11:30:00,5265.18,4249.545789780278,4480.593592697298,4918.313423805156
2025-06-07 11:45:00,5327.8,4254.647793903348,4486.433979728231,4924.13467212725
2025-06-07 12:00:00,5386.240000000001,4264.769662856455,4497.66773229774,4935.836777241622
2025-06-07 12:15:00,5449.31,4276.665955048079,4511.249657338195,4950.367735557734
2025-06-07 12:30:00,5504.093333333333,4277.971707642238,4513.823742244873,4953.013997720696
2025-06-07 12:45:00,5533.88,4281.517742216088,4518.868077470676,4958.383357873338
2025-06-07 13:00:00,5492.906666666667,4269.989746393846,4508.1908745366745,4946.766208735534
2025-06-07 13:15:00,5518.293333333334,4591.499443778196,4846.285462858454,5312.925037174047
2025-06-07 13:30:00,5536.8,5280.179829691643,5570.225417366986,6097.2367969130855
2025-06-07 13:45:00,5699.086666666666,5384.520161452356,5680.384782840953,6216.517764142549
2025-06-07 14:00:00,5764.579999999999,5463.869560567042,5764.391468569804,6307.518333195073
2025-06-07 14:15:00,5850.983333333334,5546.58445879283,5853.183191178665,6403.86950794853
2025-06-07 14:30:00,5948.506666666667,5635.940926493225,5950.130967388073,6509.625884648172
2025-06-07 14:45:00,6044.7300000000005,5686.980896165919,6005.900973438555,6570.353936870482
2025-06-07 15:00:00,6073.2300000000005,5710.995309265388,6032.836141824444,6599.655937355083
2025-06-07 15:15:00,6103.48,5725.65157394614,6049.834731584067,6618.037909893235
2025-06-07 15:30:00,6106.806666666666,5745.356591303395,6072.460206422055,6642.699516625036
2025-06-07 15:45:00,6057.456666666666,5706.820677318829,6033.435679620793,6600.376598021918
2025-06-07 16:00:00,6023.546666666666,5678.751872220501,6005.4643047830195,6570.095304355675
2025-06-07 16:15:00,5970.173333333333,5604.150552608655,5928.4141150336145,6486.5338073898965
2025-06-07 16:30:00,5916.223333333332,5534.385455758074,5856.487229424503,6408.587190605873
2025-06-07 16:45:00,5847.21,5479.272386032191,5799.988363554527,6347.4205382973305
2025-06-07 17:00:00,5789.876666666667,5436.43741884961,5756.4159975386965,6300.321943590117
2025-06-07 17:15:00,5751.526666666668,5382.013290492435,5700.201926252836,6239.258606856133
2025-06-07 17:30:00,5667.813333333334,5329.471550110823,5645.977552137191,6180.4089633196045
2025-06-07 17:45:00,5578.150000000001,5249.3522681341,5562.785530285565,6090.225860881752
2025-06-07 18:00:00,5496.95,5197.643370557235,5509.436900655851,6032.43414337794
2025-06-07 18:15:00,5423.706666666666,5105.338029795994,5411.968440125311,5925.9080785229435
2025-06-07 18:30:00,5373.663333333333,5029.973125811396,5332.277871768399,5838.694088024423
2025-06-07 18:45:00,5305.21,5012.991925881139,5313.896292601686,5817.959151498541
2025-06-07 19:00:00,5308.793333333333,4977.205894047993,5275.724664888514,5775.821934701514
2025-06-07 19:15:00,5332.416666666667,4976.929342135715,5275.667482515151,5775.594034578973
2025-06-07 19:30:00,5375.963333333333,4977.147155254424,5276.080608831083,5775.911016436158
2025-06-07 19:45:00,5433.599999999999,4987.9972793449915,5287.607562075501,5788.302477788068
2025-06-07 20:00:00,5500.696666666667,4971.735139554485,5270.588469176826,5769.789567258938
2025-06-07 20:15:00,5558.580000000001,4997.092502724234,5297.34550301756,5798.8175199434545
2025-06-07 20:30:00,5634.613333333334,4994.172709419632,5294.31993658039,5795.593318244526
2025-06-07 20:45:00,5711.616666666666,5017.585605998373,5318.8769768250595,5822.273328360129
2025-06-07 21:00:00,5767.813333333333,5033.682896344615,5335.661391604693,5840.5427940011505
2025-06-07 21:15:00,5879.573333333334,5120.340123001706,5426.846038993366,5939.683645937762
2025-06-07 21:30:00,5969.406666666667,5181.123047216878,5490.750995510169,6009.267860850654
2025-06-07 21:45:00,6096.66,5277.4468201936625,5591.892406697753,6119.200333267447
2025-06-07 22:00:00,6186.766666666666,5356.901399669474,5675.206252134482,6209.809942742524
2025-06-07 22:15:00,6291.25,5451.57576456235,5774.278943191511,6317.404977110898
2025-06-07 22:30:00,6422.896666666667,5541.587465718135,5868.341293197269,6419.557401729382
2025-06-07 22:45:00,6477.723333333332,5612.648637712434,5942.380448450348,6499.99530800024
2025-06-07 23:00:00,6533.486666666667,5661.893332414063,5993.38349547468,6555.449892453858
2025-06-07 23:15:00,6548.986666666667,5683.681743399504,6015.910353565485,6580.348160743649
2025-06-07 23:30:00,6540.669999999999,5679.272445968899,6010.79573947517,6575.264995855841
2025-06-07 23:45:00,6533.47,5658.573756444394,5988.448431033227,6551.475548897528
2025-06-08 00:00:00,6475.37,5583.4990396545345,5908.8559713404,6465.61910513163
2025-06-08 00:15:00,6408.41,5535.384928268208,5857.346537306665,6410.0716743100675
2025-06-08 00:30:00,6329.473333333332,5473.120759712442,5790.853373992588,6338.244703092082
2025-06-08 00:45:00,6254.513333333333,5401.449313269041,5714.360575624365,6255.53585865345
2025-06-08 01:00:00,6170.296666666666,5334.909899240195,5643.144614623691,6178.495737375628
2025-06-08 01:15:00,6079.4766666666665,5269.491343805707,5572.9939918896835,6102.558151430048
2025-06-08 01:30:00,5995.046666666666,5172.133074114042,5469.179448697304,5990.088358497603
2025-06-08 01:45:00,5905.593333333333,5086.316743227144,5377.384667360945,5890.586605999556
2025-06-08 02:00:00,5818.889999999999,5001.247306471637,5286.272662360798,5791.766287834676
2025-06-08 02:15:00,5739.09,4933.275864662249,5213.147247772387,5712.457410614417
2025-06-08 02:30:00,5680.446666666667,4872.666414091138,5147.6632698636395,5641.367172585923
2025-06-08 02:45:00,5610.2266666666665,4822.684264350698,5093.256290356404,5582.21714136503
2025-06-08 03:00:00,5535.223333333332,4766.745652011771,5032.509533516773,5516.133743298756
2025-06-08 03:15:00,5455.696666666667,4710.792665041988,4971.914638103624,5450.3135122813765
2025-06-08 03:30:00,5391.12,4649.545127278215,4905.687419392029,5378.325509081731
2025-06-08 03:45:00,5311.993333333333,4600.116039699393,4851.812672711441,5319.657816348359
2025-06-08 04:00:00,5249.150000000001,4543.68136124341,4790.521318749726,5252.889026586421
2025-06-08 04:15:00,5186.73,4530.3713927360695,4774.485440259149,5235.0946161786305
2025-06-08 04:30:00,5139.150000000001,4499.671496574581,4740.13779272576,5197.394420745205
2025-06-08 04:45:00,5087.633333333333,4462.001769567699,4698.4327609244665,5151.659530615722
2025-06-08 05:00:00,5026.75,4412.380624587951,4644.144432174318,5092.228474541591
2025-06-08 05:15:00,4932.6033333333335,4364.1326792149375,4594.319145266906,5039.610144769945
2025-06-08 05:30:00,4852.2300000000005,4324.457610087449,4553.488080789345,4996.680200699156
2025-06-08 05:45:00,4769.98,4273.693523001309,4501.002985592896,4941.0664211980065
2025-06-08 06:00:00,4718.07,4242.693848135903,4469.285184010949,4907.902551842852
2025-06-08 06:15:00,4690.333333333333,4228.419742652557,4454.541937934608,4892.674109163622
2025-06-08 06:30:00,4651.0633333333335,4206.882071170957,4432.186967498521,4869.149562366225
2025-06-08 06:45:00,4610.693333333334,4176.888618200908,4400.975463942741,4835.98298274095
2025-06-08 07:00:00,4550.843333333333,4157.992476428368,4381.4567685429765,4815.444584750388
2025-06-08 07:15:00,4538.963333333333,4138.975353119063,4362.825675735863,4796.480798566397
2025-06-08 07:30:00,4517.806666666666,4127.245860374725,4351.899755236067,4785.831009873425
2025-06-08 07:45:00,4479.25,3963.3978103194954,4181.21971317336,4602.041422690094
2025-06-08 08:00:00,4456.813333333333,3939.727298633382,4157.8679745238505,4577.867619090023
2025-06-08 08:15:00,4431.596666666667,3944.325573963638,4164.283811922522,4585.925706732986
2025-06-08 08:30:00,4355.743333333333,3952.505880686358,4174.538451080264,4598.12347633278
2025-06-08 08:45:00,4345.19,3966.0460210631604,4190.505493906665,4616.495215180957
2025-06-08 09:00:00,4408.743333333333,3979.8903705752555,4206.8792439036115,4635.295854073342
2025-06-08 09:15:00,4492.313333333333,4107.430538733924,4341.20902242991,4780.84622899493
2025-06-08 09:30:00,4441.636666666666,4223.196656360188,4463.266504102044,4913.095054096132
2025-06-08 09:45:00,4409.783333333333,4302.389458886734,4547.002859591733,5003.820281161035
2025-06-08 10:00:00,4507.59,4390.0625360177255,4637.41502251208,5101.690717963992
2025-06-08 10:15:00,4592.936666666667,4473.215735220751,4723.114383896388,5194.537317506167
2025-06-08 10:30:00,4688.706666666667,4537.150442367309,4788.73541428635,5265.640661914536
2025-06-08 10:45:00,4886.45,4590.2147610832,4843.050870083137,5324.510945107126
2025-06-08 11:00:00,5020.656666666667,4638.394288861001,4892.351054701639,5377.9683215332225
2025-06-08 11:15:00,5103.323333333334,4698.279626299403,4953.920448958453,5444.893316575023
2025-06-08 11:30:00,5168.7266666666665,4748.415963466569,5005.367013150271,5500.878678249998
2025-06-08 11:45:00,5200.796666666666,4806.432783463135,5065.212178041715,5565.997775630467
2025-06-08 12:00:00,5266.296666666666,4866.8121985889875,5127.659077755234,5633.972743254466
2025-06-08 12:15:00,5379.76,4922.287423875284,5185.952327139727,5696.603300114753
2025-06-08 12:30:00,5416.1033333333335,4963.893812741858,5229.7936772103585,5743.617208514852
2025-06-08 12:45:00,5493.0233333333335,4993.4568420049745,5261.099404249825,5777.093982213912
2025-06-08 13:00:00,5470.266666666666,4928.075197561627,5192.774405759806,5702.66098746456
2025-06-08 13:15:00,5520.389999999999,4987.611351504353,5254.921010752075,5768.703838446115
2025-06-08 13:30:00,5640.540000000001,5100.614632927544,5373.34745207456,5895.785304405962
2025-06-08 13:45:00,5760.91,5238.574248192832,5518.097886784044,6051.4476866587665
2025-06-08 14:00:00,5849.086666666667,5300.467605371014,5583.037766028679,6120.686467435133
2025-06-08 14:15:00,5952.156666666667,5381.839054955632,5669.511068052607,6213.970337728458
2025-06-08 14:30:00,6035.150000000001,5468.990129149443,5762.149036124763,6313.9957406019
2025-06-08 14:45:00,6090.88,5550.2707900320165,5848.707418481988,6407.496089204248
2025-06-08 15:00:00,6158.823333333334,5579.570051486526,5880.738171586525,6441.974416968075
2025-06-08 15:15:00,6179.5233333333335,5604.833459889917,5908.240429579853,6471.365652387658
2025-06-08 15:30:00,6201.553333333333,5608.002992867768,5912.303913934738,6475.284745407887
2025-06-08 15:45:00,6184.933333333333,5566.022335266266,5869.295628798309,6428.400730914619
2025-06-08 16:00:00,6122.993333333333,5535.5365014149,5838.420175411374,6394.728272900503
2025-06-08 16:15:00,6072.216666666667,5479.388893451104,5779.905498156282,6330.681590563664
2025-06-08 16:30:00,6021.493333333333,5393.11865516589,5689.787627896031,6232.45327836483
2025-06-08 16:45:00,5943.889999999999,5281.063556553619,5572.616256941293,6104.972327861127
2025-06-08 17:00:00,5849.426666666666,5205.191262114995,5493.4847942844335,6018.772103986394
2025-06-08 17:15:00,5785.763333333333,5152.619518974906,5437.879038607516,5957.472054889222
2025-06-08 17:30:00,5691.356666666667,5091.485032107551,5373.289705355202,5886.495154762075
2025-06-08 17:45:00,5590.43,5027.213187075074,5305.408690476346,5812.007047311543
2025-06-08 18:00:00,5520.02,4968.954036959697,5243.8408714222915,5744.413210448961
2025-06-08 18:15:00,5458.2266666666665,4910.6030433271535,5182.89489519472,5678.03269317855
2025-06-08 18:30:00,5409.58,4870.249358679934,5140.837122570714,5632.167373987473
2025-06-08 18:45:00,5391.966666666666,4825.918056145059,5094.573806755868,5581.790136349649
2025-06-08 19:00:00,5406.386666666666,4830.002238447951,5099.139657648941,5586.532980429683
2025-06-08 19:15:00,5448.25,4850.969951818613,5121.765762457152,5611.128821572977
2025-06-08 19:30:00,5525.900000000001,4886.649510487197,5159.79854263706,5652.454460571287
2025-06-08 19:45:00,5614.153333333333,4930.47470687988,5206.332741445915,5703.023796353978
2025-06-08 20:00:00,5671.676666666666,4973.656305763326,5252.127910481754,5752.820199196718
2025-06-08 20:15:00,5789.073333333334,5022.034874585953,5303.43502030488,5808.694729111169
2025-06-08 20:30:00,5872.78,5077.99803490682,5362.634575465336,5873.141453484574
2025-06-08 20:45:00,5966.706666666666,5138.241386332597,5426.2491856857105,5942.3882340227265
2025-06-08 21:00:00,6068.393333333333,5181.9023261354005,5472.355802380894,5992.675310681001
2025-06-08 21:15:00,6222.373333333333,5282.435955907972,5578.240105298169,6107.826023801826
2025-06-08 21:30:00,6349.81,5366.659822783292,5666.892874056667,6204.308194343933
2025-06-08 21:45:00,6512.06,5478.44024497452,5784.39408974014,6332.049450798622
2025-06-08 22:00:00,6572.266666666666,5560.033725237764,5871.454265107879,6427.441743861971
2025-06-08 22:15:00,6583.763333333333,5658.967262276155,5977.3523237552145,6543.6269368367675
2025-06-08 22:30:00,6563.843333333333,5778.258111119895,6105.009815235201,6683.60279662143
2025-06-08 22:45:00,6825.643333333333,5838.3255128699475,6168.964084932563,6753.894308150986
2025-06-08 23:00:00,7006.193333333334,5894.854448732676,6229.101172900808,6820.0357436500335
2025-06-08 23:15:00,7049.886666666666,5914.2833952820565,6249.304231729127,6842.463357636895
2025-06-08 23:30:00,7038.756666666667,5910.995018416337,6245.24560386521,6838.443006719961
2025-06-08 23:45:00,6623.92,5900.280319571603,6233.265500141427,6825.805928387281
2025-06-09 00:00:00,6597.763333333333,6071.621431381793,6496.279677299576,7062.905231592097
2025-06-09 00:15:00,6675.183333333333,6012.001292109876,6432.074369286539,6993.193445938151
2025-06-09 00:30:00,6885.579999999999,5941.011505849111,6355.806329610536,6910.367287275166
2025-06-09 00:45:00,6798.703333333334,5871.863398910641,6281.3563994123,6829.4648596694515
2025-06-09 01:00:00,6707.466666666667,5795.651903925621,6199.371242247207,6740.348114733481
2025-06-09 01:15:00,6519.006666666667,5715.5724291166525,6113.696779790722,6647.507588843155
2025-06-09 01:30:00,6481.186666666666,5638.795219088917,6031.382335833277,6558.253671347191
2025-06-09 01:45:00,6419.71,5560.639311962867,5947.513704481008,6467.259181984402
2025-06-09 02:00:00,6332.413333333333,5483.727267913646,5864.849946929443,6377.511867186067
2025-06-09 02:15:00,6253.849999999999,5412.356222714953,5788.031420829388,6294.119723299527
2025-06-09 02:30:00,6164.360000000001,5358.048422446802,5729.04611502368,6229.989945900038
2025-06-09 02:45:00,6088.276666666668,5294.397972620617,5660.158105447592,6155.06695412475
2025-06-09 03:00:00,6009.133333333334,5229.636536172348,5590.0207990304125,6078.726595497145
2025-06-09 03:15:00,5886.813333333333,5159.466252449237,5514.489729727571,5996.721657512962
2025-06-09 03:30:00,5819.1466666666665,5101.771642043703,5451.995087029604,5928.778240929544
2025-06-09 03:45:00,5763.056666666666,5033.74613118962,5378.583615711078,5848.940724806906
2025-06-09 04:00:00,5676.650000000001,4976.8534010943795,5316.811049388593,5781.650497553321
2025-06-09 04:15:00,5596.636666666666,4929.165095466889,5265.023378886684,5725.36008934674
2025-06-09 04:30:00,5513.080000000001,4887.8187460147765,5219.855791701644,5676.179832562581
2025-06-09 04:45:00,5442.576666666667,4846.742334847932,5174.936657879649,5627.206500000511
2025-06-09 05:00:00,5372.763333333333,4796.828521098469,5120.705698202836,5568.081938865197
2025-06-09 05:15:00,5266.259999999999,4723.42133149286,5043.840965746182,5485.756685968154
2025-06-09 05:30:00,5170.223333333334,4660.202865789345,4977.66800638576,5414.959269778605
2025-06-09 05:45:00,5074.33,4594.867040575454,4909.266313744305,5341.691187758435
2025-06-09 06:00:00,5000.046666666666,4554.7114874360595,4867.321619725379,5297.038330305649
2025-06-09 06:15:00,4973.413333333333,4538.995032505401,4850.819869733727,5279.741501337857
2025-06-09 06:30:00,4926.183333333333,4512.909188946321,4823.443531303484,5250.612957366632
2025-06-09 06:45:00,4913.796666666666,4485.0568335827675,4794.238162726046,5219.457321124477
2025-06-09 07:00:00,4881.79,4450.072876367125,4757.574970517667,5180.178409953251
2025-06-09 07:15:00,4888.373333333333,4442.336822772011,4750.430522251333,5173.4171206877345
2025-06-09 07:30:00,4871.316666666667,4429.318615972949,4737.785889508551,5160.660620175057
2025-06-09 07:45:00,4885.32,4404.739525331124,4713.051905016375,5134.772570031631
2025-06-09 08:00:00,4855.663333333334,4392.116305131791,4700.941212020823,5122.535134551324
2025-06-09 08:15:00,4867.389999999999,4380.8062361380635,4690.279486356041,5111.843794394445
2025-06-09 08:30:00,4901.7266666666665,4336.448454905385,4644.974688581756,5063.593515336332
2025-06-09 08:45:00,4968.349999999999,4332.56482999879,4642.2721223067965,5061.490699267675
2025-06-09 09:00:00,5007.953333333333,4397.217997150343,4711.658928420727,5137.491490281756
2025-06-09 09:15:00,5239.246666666667,4494.817233646863,4815.385139701054,5250.450212338765
2025-06-09 09:30:00,5449.759999999999,4500.087334959969,4822.210817626155,5258.4049700880805
2025-06-09 09:45:00,5587.0,4511.6798183733235,4835.780025724694,5273.667796000631
2025-06-09 10:00:00,5696.706666666666,4607.460533246062,4937.899727742431,5384.888229247427
2025-06-09 10:15:00,5802.98,4690.790028296079,5026.561077903335,5481.208815266357
2025-06-09 10:30:00,5961.596666666667,4777.527306229504,5118.91443701858,5581.54347794288
2025-06-09 10:45:00,6020.22,4925.146467129487,5275.342543212457,5751.32653452939
2025-06-09 11:00:00,6091.433333333333,5021.5404747655975,5378.071882214839,5862.943675251336
2025-06-09 11:15:00,6150.2699999999995,5091.616701071893,5452.905949017001,5944.114954931928
2025-06-09 11:30:00,6275.2733333333335,5145.166931991489,5510.497521640069,6006.631795684393
2025-06-09 11:45:00,6323.203333333334,5187.923907108868,5554.531079808478,6054.396670882379
2025-06-09 12:00:00,6405.05,5236.052501096017,5604.327543491668,6108.442833148265
2025-06-09 12:15:00,6448.650000000001,5312.099171389788,5683.866019647431,6194.462704449795
2025-06-09 12:30:00,6490.240000000001,5351.161359346137,5724.66814122406,6238.55150465388
2025-06-09 12:45:00,6605.376666666666,5414.1596020049865,5790.733301346822,6310.061468171131
2025-06-09 13:00:00,6605.43,5393.707098391302,5769.242837262613,6286.74613707796
2025-06-09 13:15:00,6605.863333333334,5428.519256324511,5806.36326815389,6326.551105595992
2025-06-09 13:30:00,6711.183333333334,5521.889667786937,5905.112086881189,6433.190332572209
2025-06-09 13:45:00,6771.813333333333,5636.0052788695475,6025.76083483599,6563.616598737877
2025-06-09 14:00:00,6803.803333333333,5711.851080894234,6106.30659937058,6650.64604007365
2025-06-09 14:15:00,6971.836666666667,5806.893287927691,6207.2635130794815,6759.705668337945
2025-06-09 14:30:00,7118.330000000001,5885.544860312166,6291.093826345871,6850.26861718628
2025-06-09 14:45:00,7175.513333333333,5921.7198245289455,6330.387419513605,6892.63469839416
2025-06-09 15:00:00,7266.363333333334,5963.912148909406,6376.084766776615,6942.003471106305
2025-06-09 15:15:00,7296.456666666666,5977.38068918402,6390.709317829153,6957.114762530076
2025-06-09 15:30:00,7314.596666666667,5982.8932710402005,6397.045690051109,6963.309692176975
2025-06-09 15:45:00,7269.69,5983.262559813665,6398.042267050444,6963.78318641321
2025-06-09 16:00:00,7250.3,5939.611506899314,6352.84946596693,6914.27080231269
2025-06-09 16:15:00,7192.283333333333,5892.441781716531,6303.766625206854,6860.444375240551
2025-06-09 16:30:00,7105.986666666667,5845.639375216109,6255.112220808972,6807.145510821757
2025-06-09 16:45:00,7010.326666666667,5777.618872438981,6184.20199161468,6729.792727603205
2025-06-09 17:00:00,6913.373333333333,5695.925118280091,6098.9547155101345,6636.965461940832
2025-06-09 17:15:00,6827.446666666667,5640.842576069122,6043.629895566483,6577.924474853873
2025-06-09 17:30:00,6747.846666666667,5559.9754279166555,5961.228837171107,6489.6015881685635
2025-06-09 17:45:00,6567.920000000001,5473.251577677404,5872.679253518185,6394.6718434691875
2025-06-09 18:00:00,6397.943333333334,5410.28021109961,5809.0796413056605,6326.831015883177
2025-06-09 18:15:00,6295.883333333334,5352.01958319337,5747.985375871924,6260.126926853925
2025-06-09 18:30:00,6167.453333333334,5308.727106526949,5702.5969912970595,6210.489698901704
2025-06-09 18:45:00,6082.803333333333,5269.897153694265,5661.8699688644565,6165.948653317475
2025-06-09 19:00:00,5992.663333333333,5286.262424410548,5679.094659575576,6184.245618270913
2025-06-09 19:15:00,5931.763333333333,5312.302874488106,5706.198712208648,6213.123620317884
2025-06-09 19:30:00,5888.873333333333,5370.306476313473,5766.833034130775,6278.36998756008
2025-06-09 19:45:00,5977.7,5436.913302559574,5836.449498590841,6353.380959796243
2025-06-09 20:00:00,5975.423333333333,5474.823501402302,5875.855442325614,6395.683950099315
2025-06-09 20:15:00,5992.906666666667,5559.151135209306,5963.956433253575,6490.776459219705
2025-06-09 20:30:00,6036.163333333333,5625.488203309476,6033.081541319852,6565.326878123438
2025-06-09 20:45:00,6128.37,5694.694938610175,6105.1398594317,6643.07163893708
2025-06-09 21:00:00,6172.38,5769.395824403043,6182.883015704956,6726.98824477689
2025-06-09 21:15:00,6341.456666666668,5899.2996401976025,6319.01450544195,6874.50732693576
2025-06-09 21:30:00,6539.876666666667,6005.0955789750315,6429.722046489682,6994.480638016453
2025-06-09 21:45:00,6689.466666666667,6142.512521650355,6573.5479960338125,7150.339927900999
2025-06-09 22:00:00,6831.266666666666,6202.42364275402,6636.259153547163,7218.492377573023
2025-06-09 22:15:00,6957.323333333334,6234.301125011649,6669.321649046289,7254.492017875566
2025-06-09 22:30:00,7096.44,6246.880230595195,6681.792911648124,7268.070169242177
2025-06-09 22:45:00,7216.110000000001,6447.894301374442,6896.428700851534,7502.704999420807
2025-06-09 23:00:00,7299.0,6590.033520260657,7048.001838611291,7668.474315382949
2025-06-09 23:15:00,7327.263333333333,6627.012262071779,7086.901927187509,7711.233325811257
2025-06-09 23:30:00,7320.096666666667,6616.652731741677,7075.171379021985,7698.736862497876
2025-06-09 23:45:00,7297.7,6328.4258150565165,6771.403827655672,7369.758579363451
2025-06-10 00:00:00,7214.393333333333,6233.940341976238,6671.05429851561,7261.165626966715
2025-06-10 00:15:00,7136.863333333334,6273.096596478833,6711.349542818778,7305.17838347295
2025-06-10 00:30:00,7046.186666666666,6399.316135626851,6842.992106530578,7448.130990921772
2025-06-10 00:45:00,6977.06,6322.376251662233,6761.086091757463,7359.637876124127
2025-06-10 01:00:00,6879.41,6240.856225310306,6674.253657417434,7265.757324803367
2025-06-10 01:15:00,6781.123333333333,6090.073791707492,6513.20673421944,7090.510870879327
2025-06-10 01:30:00,6701.56,6042.351617850581,6460.321943841592,7032.413676823542
2025-06-10 01:45:00,6617.923333333333,5977.264570316518,6389.088471492662,6954.377543944323
2025-06-10 02:00:00,6522.990000000001,5897.453152311601,6302.284228662861,6859.410644686866
2025-06-10 02:15:00,6422.953333333334,5826.327034447637,6225.358178077573,6775.6576578972745
2025-06-10 02:30:00,6333.713333333333,5749.1553609990915,6141.988084051857,6684.860407636823
2025-06-10 02:45:00,6240.09,5679.38691035677,6066.307889540815,6602.3331335508865
2025-06-10 03:00:00,6151.576666666667,5609.686806432461,5990.617362820789,6519.731023816473
2025-06-10 03:15:00,6085.69,5511.270832919515,5884.925952809218,6404.718831535027
2025-06-10 03:30:00,6000.313333333333,5449.938230583123,5818.122920066819,6331.781107551722
2025-06-10 03:45:00,5908.59,5394.960612632858,5757.932641276281,6265.944185888287
2025-06-10 04:00:00,5802.896666666667,5319.4709175418275,5676.13633291344,6176.630633709134
2025-06-10 04:15:00,5727.03,5252.311791341265,5603.650103690329,6097.748562019147
2025-06-10 04:30:00,5666.670000000001,5182.9481297276225,5528.805325156044,6016.247474220416
2025-06-10 04:45:00,5570.28,5123.357221008989,5464.192310730524,5945.771138567532
2025-06-10 05:00:00,5458.553333333333,5063.072540847867,5398.822872571483,5874.414133009169
2025-06-10 05:15:00,5357.37,4975.940571486095,5308.512283216143,5778.170615064653
2025-06-10 05:30:00,5253.006666666667,4898.915342594922,5228.80733815139,5693.361605409584
2025-06-10 05:45:00,5144.356666666667,4822.784526375193,5150.037717910623,5609.510475522914
2025-06-10 06:00:00,5085.09,4765.428412331541,5090.995637976547,5546.982588221394
2025-06-10 06:15:00,5057.63,4748.626136022321,5072.988327394061,5527.810016693833
2025-06-10 06:30:00,5018.743333333333,4718.297155990757,5040.789468188108,5493.211501211753
2025-06-10 06:45:00,4950.41,4701.498654331424,5022.832039291143,5473.999703396001
2025-06-10 07:00:00,4945.996666666667,4672.699066127092,4992.301083589249,5441.121299580476
2025-06-10 07:15:00,4929.3,4670.757155314417,4991.122138518509,5440.74273379424
2025-06-10 07:30:00,4918.266666666666,4660.297743897047,4981.044070888395,5430.68589727876
2025-06-10 07:45:00,4931.543333333334,4671.499945019873,4993.778995578578,5445.317384909735
2025-06-10 08:00:00,4948.566666666667,4652.889045889384,4975.256253216778,5426.050465561693
2025-06-10 08:15:00,4963.116666666666,4662.534574642214,4986.3664907757,5438.788146835895
2025-06-10 08:30:00,5003.026666666667,4689.43845052525,5015.683369041801,5471.234374277981
2025-06-10 08:45:00,5051.836666666667,4729.479258675385,5058.882987381341,5518.707875804629
2025-06-10 09:00:00,5125.02,4778.696729941759,5111.810389730926,5576.710514449348
2025-06-10 09:15:00,5257.406666666667,4974.495860411564,5318.9450553534125,5801.884617132205
2025-06-10 09:30:00,5471.363333333334,5150.574385126886,5505.4590627784855,6004.710958897284
2025-06-10 09:45:00,5611.266666666666,5231.9398496265285,5592.57244641893,6099.82849497706
2025-06-10 10:00:00,5723.066666666667,5333.669237617068,5701.184831789422,6218.2472298099465
2025-06-10 10:15:00,5808.7266666666665,5409.302109939235,5781.760390577953,6305.806123247963
2025-06-10 10:30:00,5915.596666666667,5506.370338102252,5884.967069543813,6417.9013480802605
2025-06-10 10:45:00,6032.153333333333,5575.741230276658,5959.190395987343,6498.6080266494955
2025-06-10 11:00:00,6102.36,5648.693089350094,6037.292267943421,6583.539060178076
2025-06-10 11:15:00,6171.516666666666,5702.872345208087,6095.303944806741,6646.400302293823
2025-06-10 11:30:00,6196.716666666667,5776.518819708254,6173.886286554301,6731.581112844303
2025-06-10 11:45:00,6230.823333333334,5836.884323071356,6238.635776589277,6801.8058523401705
2025-06-10 12:00:00,6281.456666666666,5903.738579726658,6310.321792854774,6879.583604013373
2025-06-10 12:15:00,6354.43,5948.246014270104,6358.285407770238,6931.451703228016
2025-06-10 12:30:00,6465.66,5987.801212599625,6400.385023353031,6976.977691799077
2025-06-10 12:45:00,6508.796666666666,6074.891472672969,6491.760379056551,7075.913561158903
2025-06-10 13:00:00,6457.21,6059.49092787461,6475.5773188099665,7058.349286293441
2025-06-10 13:15:00,6476.493939393939,6060.6190300526305,6477.16395468291,7059.797415579837
2025-06-10 13:30:00,6495.777878787879,6147.914969001794,6569.3846004505685,7159.510040872321
2025-06-10 13:45:00,6515.061818181818,6214.56680681126,6640.023084296605,7235.892892926268
2025-06-10 14:00:00,6534.3457575757575,6253.0785628733565,6681.20050710688,7280.410413866704
2025-06-11 00:00:00,7305.703333333334,6587.98320819607,7043.36455285871,7668.251087151896
2025-06-11 00:15:00,7253.926666666666,6529.85589615189,6980.119494369184,7599.172602265175
2025-06-11 00:30:00,7166.48,6473.543267959549,6918.662681759918,7531.98854209743
2025-06-11 00:45:00,7074.1466666666665,6406.154344076167,6845.452824811382,7452.022629793274
2025-06-11 01:00:00,6970.7266666666665,6316.3374023805245,6748.566220752388,7346.351590567846
2025-06-11 01:15:00,6892.596666666667,6220.434483838416,6645.9033886994075,7234.858286135826
2025-06-11 01:30:00,6804.37,6151.6815472510525,6571.654117795366,7154.099389076916
2025-06-11 01:45:00,6724.843333333333,6076.943997824392,6491.011852258937,7066.356631087515
2025-06-11 02:00:00,6627.82,5991.542405200022,6399.064448116176,6966.3053079895935
2025-06-11 02:15:00,6550.66,5905.868591656039,6307.098342713861,6866.417936648089
2025-06-11 02:30:00,6478.353333333333,5827.086918847412,6222.280066174226,6774.214335399116
2025-06-11 02:45:00,6397.026666666668,5745.999630853755,6134.951937746432,6679.228349204048
2025-06-11 03:00:00,6302.136666666666,5668.096609764915,6050.886949313551,6587.714633116992
2025-06-11 03:15:00,6210.196666666667,5604.050333502381,5981.4247028715745,6512.041488018551
2025-06-11 03:30:00,6144.81,5529.988150344702,5901.370048457848,6424.82586650898
2025-06-11 03:45:00,6061.62,5452.951950566857,5818.127439488263,6334.091085578343
2025-06-11 04:00:00,5973.253333333334,5363.765264071985,5722.063183148577,6229.398353606197
2025-06-11 04:15:00,5892.453333333334,5297.073845127071,5649.825085979677,6150.622268756645
2025-06-11 04:30:00,5830.099999999999,5242.782715446894,5590.571736105219,6085.853029367758
2025-06-11 04:45:00,5773.603333333333,5163.483245577354,5505.010401370709,5992.514390766517
2025-06-11 05:00:00,5693.746666666666,5075.249681305507,5410.035659879075,5888.914451417632
2025-06-11 05:15:00,5601.493333333333,4989.976369949207,5320.948036458791,5793.507468000523
2025-06-11 05:30:00,5482.68,4903.7255794244975,5230.821380086141,5696.916922790652
2025-06-11 05:45:00,5353.916666666667,4815.696974853022,5138.822704523466,5598.242244009129
2025-06-11 06:00:00,5282.733333333334,4769.805233736079,5091.095004587731,5547.485858965113
2025-06-11 06:15:00,5239.12,4752.318567978563,5072.976759753282,5528.600297246114
2025-06-11 06:30:00,5207.5,4725.007901400852,5044.556891037592,5498.503879890448
2025-06-11 06:45:00,5129.4766666666665,4677.824088673964,4995.285821939269,5445.768113510087
2025-06-11 07:00:00,5102.4766666666665,4674.084903008085,4991.690472304552,5442.48411326835
2025-06-11 07:15:00,5094.893333333333,4667.351597375602,4985.3562503622625,5436.437891261865
2025-06-11 07:30:00,5072.596666666667,4662.518593660176,4981.067469564452,5432.572831720646
2025-06-11 07:45:00,5052.84,4677.339515089978,4997.482477870064,5451.110582227648
2025-06-11 08:00:00,5053.586666666667,4677.91081133142,4998.990238892741,5453.467097147759
2025-06-11 08:15:00,5081.026666666667,4689.4906106761855,5012.2541627232295,5468.619937406048
2025-06-11 08:30:00,5103.990000000001,4718.806270121339,5044.226384986761,5504.024915742088
2025-06-11 08:45:00,5128.136666666666,4765.106511214038,5094.123547554199,5558.837260863427
2025-06-11 09:00:00,5238.08,4834.441973664907,5168.307790413757,5639.9550688010095
2025-06-11 09:15:00,5450.5,4973.568792399526,5315.418142179952,5799.761577930554
2025-06-11 09:30:00,5597.1033333333335,5160.043658145352,5512.367718357659,6013.570036674806
2025-06-11 09:45:00,5736.1033333333335,5293.769083950975,5654.002121054702,6167.440296847644
2025-06-11 10:00:00,5862.8533333333335,5410.8764610462995,5778.283613113041,6302.512164443707
2025-06-11 10:15:00,5984.503333333334,5492.572789540295,5865.2292180029,6396.97358394204
2025-06-11 10:30:00,6067.9800000000005,5589.999972209138,5968.813001492251,6509.477435927023
2025-06-11 10:45:00,6157.833333333333,5686.5701103218225,6071.610864575987,6621.147231667323
2025-06-11 11:00:00,6221.653333333333,5754.290747288644,6144.2170052129795,6700.123138961797
2025-06-11 11:15:00,6106.266666666666,5812.585333562015,6206.673710320391,6767.88241811728
2025-06-11 11:30:00,6190.623333333333,5845.450625960306,6242.534440293678,6806.851908455518
2025-06-11 11:45:00,6268.5,5877.42060282896,6277.574237001333,6844.964928392909
2025-06-11 12:00:00,6523.993333333333,5921.853809944662,6325.8271277178865,6897.432194277446
2025-06-11 12:15:00,6587.259999999999,5981.0429736534015,6388.849996073173,6965.374038065085
2025-06-11 12:30:00,6689.599999999999,6065.991452561267,6479.052857152563,7062.811186298564
2025-06-11 12:45:00,6740.656666666667,6106.337114799806,6522.514316076427,7109.646117716432
2025-06-11 13:00:00,6675.376666666667,6056.43594630295,6471.280432106463,7053.919218003511
2025-06-11 13:15:00,6746.443333333334,6058.557888578132,6474.690715443323,7057.374670926876
2025-06-11 13:30:00,6834.736666666667,6091.6046919962355,6510.698751538038,7096.207040872103
2025-06-11 13:45:00,7014.5199999999995,6128.111399057456,6550.447414784224,7139.149189619163
2025-06-11 14:00:00,7140.22,6154.665467392781,6580.426748336313,7171.587220981238
2025-06-11 14:15:00,7306.993333333333,5215.484488232584,5595.207912109971,6103.5368770135665
2025-06-11 14:30:00,7392.59,5270.759833484801,5654.821455292469,6167.719285852281
2025-06-11 14:45:00,7456.2266666666665,5292.109273722617,5678.8813355209,6193.438788949015
2025-06-11 15:00:00,7547.696666666667,5287.6960232601905,5677.322228202922,6191.516083378443
2025-06-11 15:15:00,7599.063333333333,5282.696376119167,5673.177776320726,6186.467952413753
2025-06-11 15:30:00,7627.656666666667,5309.738270382071,5702.375283772722,6217.597894473129
2025-06-11 15:45:00,7609.3,5335.383936575688,5730.169525961876,6247.271990444489
2025-06-11 16:00:00,7586.366666666666,5345.577787418357,5741.787442798465,6259.482088662853
2025-06-11 16:15:00,7503.463333333333,5337.951395421269,5734.612223139199,6251.310722404157
2025-06-11 16:30:00,7523.083333333333,5327.455553565106,5724.465008760581,6239.982241516518
2025-06-11 16:45:00,7449.633333333334,5288.053126192628,5683.984722959542,6195.847408260385
2025-06-11 17:00:00,7366.9766666666665,5261.6039523304335,5657.1402260160085,6166.549211945843
2025-06-11 17:15:00,7245.946666666667,5247.1015117732095,5643.717709691996,6152.424532753351
2025-06-11 17:30:00,7107.106666666667,5195.487679329763,5591.319446351654,6096.123750896219
2025-06-11 17:45:00,7003.753333333334,5113.475519818044,5506.990120846858,6005.278380266068
2025-06-11 18:00:00,6878.006666666667,5075.807568194163,5469.243681890731,5964.963163738814
2025-06-11 18:15:00,6738.053333333333,5012.082346314502,5402.530125231373,5892.251503483046
2025-06-11 18:30:00,6637.22,4987.956263002066,5377.398867162046,5864.646163500645
2025-06-11 18:45:00,6603.56,4938.998889248477,5326.153957426555,5808.789470964162
2025-06-11 19:00:00,6556.363333333334,4925.964610414437,5312.614164774525,5793.83175513174
2025-06-11 19:15:00,6565.2733333333335,4918.461311766896,5305.694498060142,5786.656387822029
2025-06-11 19:30:00,6652.3,4916.042803974986,5304.067674130964,5785.251558122204
2025-06-11 19:45:00,6722.866666666666,4936.085679242975,5325.9818692137005,5809.38720421414
2025-06-11 20:00:00,6819.336666666666,4917.685099305811,5307.445881457723,5789.719260356587
2025-06-11 20:15:00,6982.936666666667,4946.281763915072,5337.606007350421,5822.434773727587
2025-06-11 20:30:00,7114.643333333333,4965.609088921081,5357.952452723729,5844.536278944691
2025-06-11 20:45:00,7276.063333333334,4984.637991174797,5377.903828283609,5866.225631221066
2025-06-11 21:00:00,7385.856666666667,4991.841499849044,5385.344760128711,5874.370580740251
2025-06-11 21:15:00,7613.216666666667,5036.80269841362,5431.144122865404,5923.273571773587
2025-06-11 21:30:00,7685.793333333332,5109.2501079725835,5505.722405685321,6003.36454471807
2025-06-11 21:45:00,7887.196666666667,5178.935067630934,5577.297093376546,6080.200010297089
2025-06-11 22:00:00,7989.136666666666,5228.148268086257,5627.2594910681,6133.611518948101
2025-06-11 22:15:00,8070.233333333334,5287.847367586002,5689.953279022313,6202.031023441649
2025-06-11 22:30:00,8143.7733333333335,5345.583277176176,5750.472694759419,6268.080949129304
2025-06-11 22:45:00,8180.7699999999995,5356.06117113517,5761.230101985703,6280.191638829425
2025-06-11 23:00:00,8177.803333333333,5357.449568110723,5762.321902724005,6281.807165076796
2025-06-11 23:15:00,8110.706666666666,5326.054905068571,5727.389335212118,6243.406012629016
2025-06-11 23:30:00,8099.343333333333,5304.596098848344,5702.50414012877,6215.736134958194
2025-06-11 23:45:00,8070.17,5294.201564823659,5688.036142787362,6198.81486536322
2025-06-12 00:00:00,8007.013333333333,6608.916108062426,7068.675615630174,7695.0345876707615
2025-06-12 00:15:00,7960.663333333333,6562.303572785091,7017.649174085214,7639.277532328897
2025-06-12 00:30:00,7851.170000000001,6489.679677370326,6939.177950588507,7553.738249257557
2025-06-12 00:45:00,7764.686666666667,6415.427711878397,6858.879644288421,7466.172798873015
2025-06-12 01:00:00,7682.133333333334,6330.189561297854,6766.924963396105,7365.927391753092
2025-06-12 01:15:00,7606.59,6264.330980437872,6695.9472297667035,7288.849225384548
2025-06-12 01:30:00,7490.77,6192.405263988267,6618.4863640283675,7204.691715782011
2025-06-12 01:45:00,7418.193333333334,6127.465723485292,6548.259141699632,7128.316050661965
2025-06-12 02:00:00,7319.143333333333,6049.074111227242,6463.797779558161,7036.457980427173
2025-06-12 02:15:00,7234.596666666667,5983.860653671893,6393.204966507964,6959.649077696623
2025-06-12 02:30:00,7165.93,5922.67183242593,6326.747486662599,6887.259631197427
2025-06-12 02:45:00,7062.93,5855.596178863842,6254.017858710966,6808.011008583118
2025-06-12 03:00:00,6985.406666666667,5778.448740273039,6170.625045644396,6717.144212386763
2025-06-12 03:15:00,6915.966666666667,5706.095219689355,6092.435511035223,6632.014254409461
2025-06-12 03:30:00,6847.013333333333,5651.776981425711,6033.123125656344,6567.274773619389
2025-06-12 03:45:00,6763.846666666667,5583.58882766163,5959.175951405364,6486.612444185415
2025-06-12 04:00:00,6671.400000000001,5510.330991438594,5879.8459647127775,6400.052819965094
2025-06-12 04:15:00,6573.54,5446.145936239421,5810.362574035714,6324.343154336559
2025-06-12 04:30:00,6518.46,5394.945547870266,5754.477856428414,6263.305578751827
2025-06-12 04:45:00,6446.363333333334,5344.499271637309,5699.3502475886135,6203.026101922165
2025-06-12 05:00:00,6364.150000000001,5277.134717743788,5626.421340004798,6123.396278188888
2025-06-12 05:15:00,6258.043333333332,5205.725417252685,5552.993249847686,6045.690818551477
2025-06-12 05:30:00,6140.240000000001,5114.849097853086,5459.10169004748,5945.753647966347
2025-06-12 05:45:00,6019.889999999999,5018.468698052078,5359.423431410484,5839.49043129437
2025-06-12 06:00:00,5925.64,4967.168409824427,5307.108217621883,5784.496047436368
2025-06-12 06:15:00,5884.203333333334,4936.330769717453,5274.477477355824,5749.559099257641
2025-06-12 06:30:00,5839.676666666666,4912.901914544173,5249.649249957562,5723.028779165595
2025-06-12 06:45:00,5796.6033333333335,4852.461853700463,5185.965201355802,5654.3494609120535
2025-06-12 07:00:00,5761.526666666668,4833.92769658896,5166.340345559604,5633.370254694979
2025-06-12 07:15:00,5745.133333333334,4830.364456100474,5163.214866467545,5630.719554847214
2025-06-12 07:30:00,5751.28,4817.198035749071,5150.049689749659,5617.154667136371
2025-06-12 07:45:00,5751.683333333333,4807.208152573665,5140.277758771965,5607.23503657974
2025-06-12 08:00:00,5745.43,4812.506438525124,5146.629910859488,5614.759447711648
2025-06-12 08:15:00,5799.856666666667,4837.539159407737,5173.905371759532,5645.013623153713
2025-06-12 08:30:00,5853.536666666667,4860.756803257947,5199.349628978514,5673.2635124101325
2025-06-12 08:45:00,5902.889999999999,4885.951801713394,5226.952780635228,5703.83681949319
2025-06-12 09:00:00,6023.106666666667,4973.523762813689,5320.174012363861,5805.501498087801
2025-06-12 09:15:00,6236.889999999999,5141.094604361519,5497.166617995303,5997.6881552986715
2025-06-12 09:30:00,6463.036666666667,5272.190458619068,5635.937022718732,6148.45417435837
2025-06-12 09:45:00,6606.833333333333,5386.983456970595,5757.681707031571,6280.772110215895
2025-06-12 10:00:00,6781.59,5488.588284738354,5865.676785680422,6398.196163149416
2025-06-12 10:15:00,6920.776666666668,5586.105622378014,5969.12175418732,6510.454704848508
2025-06-12 10:30:00,7048.506666666667,5657.192095751803,6044.911336276056,6592.759560642746
2025-06-12 10:45:00,7159.836666666666,5734.2489610314215,6127.087653913847,6682.002587247056
2025-06-12 11:00:00,7233.606666666667,5786.843960871752,6183.6817392924495,6743.546528526
2025-06-12 11:15:00,7344.329999999999,5717.42986627691,6111.850745920927,6665.711392502462
2025-06-12 11:30:00,7428.623333333333,5779.09893471994,6177.850061322427,6737.257346116315
2025-06-12 11:45:00,7516.296666666666,5838.2080010305845,6241.279584374752,6806.051780972061
2025-06-12 12:00:00,7572.163333333333,6020.044920925676,6433.7621966631505,7014.723664144848
2025-06-12 12:15:00,7693.236666666667,6073.5010624709885,6491.126997063225,7076.778805458271
2025-06-12 12:30:00,7774.139999999999,6156.4879151176565,6579.633881292336,7172.622538372779
2025-06-12 12:45:00,7873.896666666667,6195.206786317612,6621.751129049379,7218.24522467964
2025-06-12 13:00:00,7784.62,6142.629868035076,6568.07103607703,7160.111964670768
2025-06-12 13:15:00,7777.303333333333,6194.04112889805,6622.410049396617,7218.795741899767
2025-06-12 13:30:00,7895.756666666667,6258.753431113777,6690.831872615815,7292.793806532033
2025-06-12 13:45:00,8012.053333333333,6391.206093849871,6830.525028597081,7444.077330005803
2025-06-12 14:00:00,8085.69,6485.401086735688,6930.127954167338,7551.977847698545
2025-06-12 14:15:00,8208.163333333334,6478.966650781337,6924.256999031897,7545.127570401954
2025-06-12 14:30:00,8267.356666666667,6547.850620118263,6999.109977124377,7626.511359222376
2025-06-12 14:45:00,8299.096666666666,6598.185024189986,7054.171262844396,7686.329241494007
2025-06-12 15:00:00,8356.636666666667,6663.585286025861,7125.638979220424,7764.219981406337
2025-06-12 15:15:00,8358.97,6704.477729144453,7170.112276071968,7812.1835204229765
2025-06-12 15:30:00,8315.339999999998,6726.405014914755,7194.325166205466,7838.0684022414625
2025-06-12 15:45:00,8292.849999999999,6715.462894052946,7183.560000503236,7825.8784187298625
2025-06-12 16:00:00,8202.986666666666,6699.679090806283,7167.765128508582,7808.302816070882
2025-06-12 16:15:00,8005.256666666667,6641.188528010807,7106.545804139491,7741.162514977481
2025-06-12 16:30:00,7930.579999999999,6650.685748727259,7116.794512387758,7751.527659690171
2025-06-12 16:45:00,7837.346666666667,6591.6122807485335,7055.040487776767,7683.933572539137
2025-06-12 17:00:00,7738.126666666667,6525.809834117029,6986.244816134777,7608.77023423868
2025-06-12 17:15:00,7643.633333333334,6436.659054357894,6893.548190327783,7508.174721548145
2025-06-12 17:30:00,7493.349999999999,6326.373855154676,6778.660642550104,7383.590995331049
2025-06-12 17:45:00,7326.46,6236.929596632595,6685.672140142766,7282.792512523957
2025-06-12 18:00:00,7184.13,6144.780508763043,6589.838520235103,7178.964432346928
2025-06-12 18:15:00,7114.136666666666,6037.259405274009,6476.020097628343,7054.477361737394
2025-06-12 18:30:00,7022.173333333333,5963.587951072652,6397.74376968634,6968.551499428622
2025-06-12 18:45:00,6974.196666666667,5935.797796369323,6367.641860296227,6934.872185600403
2025-06-12 19:00:00,6910.213333333333,5901.209188432813,6330.363366276717,6893.458430322524
2025-06-12 19:15:00,6937.583333333333,5909.316351784744,6338.384137220866,6901.495068904736
2025-06-12 19:30:00,7006.59,5970.49518767004,6402.1110201953015,6969.929621290767
2025-06-12 19:45:00,7137.43,6021.7763310865885,6455.38365659838,7027.0676779799205
2025-06-12 20:00:00,7182.09,6076.289595141465,6511.9889514828155,7087.844847393826
2025-06-12 20:15:00,7258.766666666666,6190.624219669017,6632.587089985948,7218.8025279796975
2025-06-12 20:30:00,7329.88,6282.09084132552,6729.085287876845,7323.665734332351
2025-06-12 20:45:00,7433.75,6394.536859956383,6847.542117993797,7452.339063127797
2025-06-12 21:00:00,7533.599999999999,6463.761438451607,6920.504961958339,7531.727312000491
2025-06-12 21:15:00,7660.3,6624.273253821028,7088.913712763538,7714.303194468518
2025-06-12 21:30:00,7836.593333333333,6690.420090396779,7159.126347734279,7790.961262161858
2025-06-12 21:45:00,7962.666666666667,6846.804244129015,7326.593987391396,7974.1940090699745
2025-06-12 22:00:00,8075.703333333334,6927.883925347131,7413.069274590706,8068.8323347541245
2025-06-12 22:15:00,8226.676666666666,7000.151493128206,7490.292504585649,8153.588455711436
2025-06-12 22:30:00,8281.36,7068.552066771243,7563.206454749158,8233.598818899312
2025-06-12 22:45:00,8341.39,7102.624094366283,7599.289551075176,8273.378279818156
2025-06-12 23:00:00,8392.566666666668,7105.555389986078,7601.880652833133,8276.536992056434
2025-06-12 23:15:00,8378.460000000001,7061.008570289873,7554.474910685268,8225.494021487188
2025-06-12 23:30:00,8349.279999999999,7054.739029573758,7547.162768641314,8217.86674771518
2025-06-12 23:45:00,8305.81,7036.300844169281,7526.947039309648,8196.224174300616
2025-06-13 00:00:00,8209.493333333334,7151.666397354046,7647.180963449241,8326.734959767788
2025-06-13 00:15:00,8136.8533333333335,7113.24949946261,7605.980680618697,8282.43987816867
2025-06-13 00:30:00,8047.326666666667,7027.881972097231,7515.3375825,8184.525692942336
2025-06-13 00:45:00,7950.556666666666,6958.21350898474,7441.070657503012,8104.3102287955735
2025-06-13 01:00:00,7843.0,6890.032809075903,7368.252033438043,8025.6149193222445
2025-06-13 01:15:00,7756.123333333334,6828.981986751937,7302.933216094715,7955.075922176716
2025-06-13 01:30:00,7684.39,6739.2171866899,7207.3393195339095,7851.676836676974
2025-06-13 01:45:00,7595.846666666667,6680.946896236416,7144.726628642413,7783.959428197861
2025-06-13 02:00:00,7492.603333333333,6602.477691790024,7060.79181133855,7693.0791345194175
2025-06-13 02:15:00,7409.096666666667,6535.690221948384,6988.910234555429,7615.118069030698
2025-06-13 02:30:00,7335.593333333333,6480.321076720415,6928.931530483068,7549.993297424326
2025-06-13 02:45:00,7257.150000000001,6400.299670617404,6842.966402874058,7456.647133832834
2025-06-13 03:00:00,7161.696666666667,6336.060640732534,6773.499529828494,7381.114694361992
2025-06-13 03:15:00,7069.93,6279.071628791173,6711.573000187746,7313.688629304013
2025-06-13 03:30:00,6959.306666666666,6223.513684742603,6651.07983715884,7247.751111651426
2025-06-13 03:45:00,6867.13,6157.206212292896,6579.230050237217,7169.442936161769
2025-06-13 04:00:00,6727.32,6083.021050370511,6499.047461029355,7082.04088277532
2025-06-13 04:15:00,6488.253333333334,6006.227523176313,6416.074844982692,6991.55152402362
2025-06-13 04:30:00,6503.016666666666,5961.442518917095,6366.686671998931,6937.390660311658
2025-06-13 04:45:00,6482.966666666667,5905.098527871211,6305.119914744551,6869.97089188516
2025-06-13 05:00:00,6445.62,5840.2068949125,6234.545743636138,6792.729753058351
2025-06-13 05:15:00,6270.91,5758.285567602633,6148.2499200726315,6699.859278840218
2025-06-13 05:30:00,6188.663333333333,5666.479849278125,6051.557786539639,6595.665779560635
2025-06-13 05:45:00,6063.193333333334,5572.709032229512,5952.796879359278,6489.174945305877
2025-06-13 06:00:00,5876.136666666666,5502.255618835536,5878.535909122603,6409.178680755887
2025-06-13 06:15:00,5782.043333333334,5471.938886357988,5846.452415430106,6374.834724162362
2025-06-13 06:30:00,5899.916666666667,5440.431937404399,5813.137637072591,6339.108451917593
2025-06-13 06:45:00,5861.426666666666,5404.429533802904,5775.126900659451,6298.248509476679
2025-06-13 07:00:00,5854.063333333333,5380.355777686124,5749.6823440117105,6270.963126482853
2025-06-13 07:15:00,5831.360000000001,5371.065774829636,5740.540537059476,6261.793186557122
2025-06-13 07:30:00,5810.9766666666665,5377.729145627758,5748.207816324211,6270.802165351024
2025-06-13 07:45:00,5812.88,5189.92928908529,5551.63520673577,6058.466958566973
2025-06-13 08:00:00,5846.183333333333,5182.556680126548,5544.675778358989,6051.567057912549
2025-06-13 08:15:00,5883.133333333334,5219.490496902843,5584.454096928114,6095.369220216321
2025-06-13 08:30:00,5931.553333333333,5256.774140724831,5624.67558115136,6139.631582989202
2025-06-13 08:45:00,5998.740000000001,5274.978752786158,5644.9348875926125,6162.247163836638
2025-06-13 09:00:00,6098.333333333333,5328.851142675563,5702.752577821971,6225.548875517195
2025-06-13 09:15:00,6312.663333333333,5471.604765017031,5853.673117296527,6389.484070614362
2025-06-13 09:30:00,6573.893333333333,5621.002254401587,6011.670552971443,6561.08433170215
2025-06-13 09:45:00,6720.483333333334,5737.562732078349,6135.272086656293,6695.414333245936
2025-06-13 10:00:00,6886.93,5874.837419299008,6280.740619834024,6853.444292689579
2025-06-13 10:15:00,6870.483333333334,5986.594231509091,6399.266673509736,6982.126009384098
2025-06-13 10:30:00,7151.349999999999,6084.478285772239,6503.33042964763,7095.149955519439
2025-06-13 10:45:00,7289.12,6172.205802624997,6596.8385570614655,7196.753475202242
2025-06-13 11:00:00,7321.88,6231.176361968164,6660.252185000528,7265.768456398547
2025-06-13 11:15:00,7404.806666666666,6298.91639893111,6732.023876046266,7343.214155390254
2025-06-13 11:30:00,7527.37,6363.251550586021,6800.337633027326,7416.942243838784
2025-06-13 11:45:00,7564.7733333333335,6430.761337885424,6872.10619913697,7494.4470188265905
2025-06-13 12:00:00,7680.813333333334,6493.022900861459,6938.480850490558,7566.143648334287
2025-06-13 12:15:00,7823.416666666667,6583.779911240726,7034.546136150572,7669.808522138752
2025-06-13 12:30:00,7897.593333333333,6647.50315980486,7102.328931607171,7742.870040554041
2025-06-13 12:45:00,7949.353333333333,6718.410695547717,7177.775969085081,7824.282820791911
2025-06-13 13:00:00,7842.713333333333,6643.329421147238,7099.967171345063,7739.678134265867
2025-06-13 13:15:00,7884.080000000001,6692.511835162201,7153.182307622566,7797.346019128678
2025-06-13 13:30:00,7978.876666666667,6893.508874705496,7365.997577889209,8028.00948691099
2025-06-13 13:45:00,8128.606666666667,7008.2853146973775,7488.338406615373,8160.692111767115
2025-06-13 14:00:00,8256.953333333333,7083.724328681513,7569.844430094606,8249.200533706902
2025-06-13 14:15:00,8323.956666666667,7195.632256569374,7690.006496946574,8379.721228471435
2025-06-13 14:30:00,8374.573333333334,7260.207948693871,7761.103280180187,8457.401091916978
2025-06-13 14:45:00,8389.246666666666,7297.737122736523,7803.383759651177,8503.690397936647
2025-06-13 15:00:00,8384.516666666668,7352.037447672902,7864.8003501312805,8571.032562054414
2025-06-13 15:15:00,8349.563333333334,7358.92819060962,7873.0441385214435,8578.962380263974
2025-06-13 15:30:00,8220.686666666666,7334.039681223526,7846.955783811726,8549.69638657168
2025-06-13 15:45:00,8198.99,7311.456935033738,7823.353340961962,8523.188824995368
2025-06-13 16:00:00,8116.69,7244.45972175493,7753.147466244803,8446.246720034553
2025-06-13 16:15:00,8017.836666666667,7089.063852652535,7587.569104780751,8264.313569861231
2025-06-13 16:30:00,7935.53,7026.107026422613,7519.1463780125305,8187.720725705885
2025-06-13 16:45:00,7827.2266666666665,6944.955786823549,7431.644397527358,8090.516067299104
2025-06-13 17:00:00,7669.433333333333,6858.278816126718,7338.36485804605,7987.111912445518
2025-06-13 17:15:00,7530.28,6778.570321330847,7258.141806269391,7901.742967323119
2025-06-13 17:30:00,7385.576666666667,6653.712071118252,7130.498195669826,7765.047195562949
2025-06-13 17:45:00,7231.146666666667,6518.020041291813,6991.477323527861,7616.078753030906
2025-06-13 18:00:00,7042.923333333333,6401.349741299992,6872.43646524484,7488.813825186728
2025-06-13 18:15:00,6912.34,6323.505270623995,6790.403292015959,7399.1761890884145
2025-06-13 18:30:00,6785.933333333333,6235.9712987413495,6698.171568512385,7298.535599793759
2025-06-13 18:45:00,6712.743333333333,6194.996775670912,6654.826702518369,7250.913551582762
2025-06-13 19:00:00,6612.87,6138.888747570524,6595.548750207177,7186.068593528683
2025-06-13 19:15:00,6602.443333333334,6158.795890816404,6616.817434544261,7209.030658884155
2025-06-13 19:30:00,6603.626666666667,6215.05277028072,6676.224773967775,7273.354695847803
2025-06-13 19:45:00,6650.71,6312.984059622489,6779.357638253594,7385.090962030222
2025-06-13 20:00:00,6658.243333333333,6348.728443445928,6817.096316014775,7425.994534744603
2025-06-13 20:15:00,6703.373333333333,6420.453965673556,6893.052496393115,7508.660024663224
2025-06-13 20:30:00,6783.246666666666,6481.387705727138,6957.595573565108,7578.978386038779
2025-06-13 20:45:00,6858.213333333333,6571.784493575646,7053.009897370374,7682.764500623494
2025-06-13 21:00:00,6896.329999999999,6651.623324264209,7137.245299977739,7774.44903856663
2025-06-13 21:15:00,7025.256666666667,6775.949811257872,7267.760675460073,7916.045435474958
2025-06-13 21:30:00,7214.22,6916.967494604318,7415.714122014301,8076.5409698180165
2025-06-13 21:45:00,7365.706666666666,7038.075213584581,7542.649419599015,8214.260584325546
2025-06-13 22:00:00,7468.243333333333,7137.1549924547535,7646.337560230445,8326.784714419558
2025-06-13 22:15:00,7561.84,7265.923661324009,7781.350096718722,8473.405293374897
2025-06-13 22:30:00,7667.29,7328.198045960289,7846.394244811613,8544.195292463995
2025-06-13 22:45:00,7771.8533333333335,7385.711797203968,7906.322585565756,8609.424287399726
2025-06-13 23:00:00,7849.993333333333,7431.352037528859,7954.26003118939,8661.917715529824
2025-06-13 23:15:00,7846.833333333333,7421.016168496547,7942.795067159417,8649.81985676049
2025-06-13 23:30:00,7825.150000000001,7399.128286284456,7919.074864673321,8624.412952668768
2025-06-13 23:45:00,7798.58,7363.653799422576,7880.961417834603,8583.376569610215
2025-06-14 00:00:00,7755.143333333333,7266.242145144005,7693.806602622944,8429.011969373665
2025-06-14 00:15:00,7651.343333333333,7203.242503755981,7626.415749053962,8356.092684821768
2025-06-14 00:30:00,7571.3966666666665,7121.455173614788,7539.169039458414,8261.614466082567
2025-06-14 00:45:00,7499.87,7035.772125474615,7447.712938786087,8162.528631689087
2025-06-14 01:00:00,7407.423333333333,6944.054056981106,7349.8019767716,8056.3991546764155
2025-06-14 01:15:00,7277.19,6867.274423191678,7267.7158191164335,7967.528327820705
2025-06-14 01:30:00,7180.139999999999,6793.383138039137,7188.554834742192,7881.7729148966355
2025-06-14 01:45:00,7101.856666666667,6713.812715047729,7103.3217766394855,7789.381388117587
2025-06-14 02:00:00,6992.853333333333,6621.480324551279,7004.579577101679,7682.2930581041755
2025-06-14 02:15:00,6927.546666666666,6545.528729803981,6923.070504634068,7593.899722769886
2025-06-14 02:30:00,6843.643333333333,6479.195027419399,6851.57283636225,7516.293102632144
2025-06-14 02:45:00,6762.693333333334,6406.648412879213,6773.460452387181,7431.45610313712
2025-06-14 03:00:00,6676.963333333333,6323.444370483422,6684.069628284114,7334.334245126557
2025-06-14 03:15:00,6610.32,6244.430912707669,6599.126630494847,7242.049180582978
2025-06-14 03:30:00,6536.43,6152.541677073539,6500.586748513766,7134.966015559512
2025-06-14 03:45:00,6462.643333333333,6072.9198745651975,6414.8710236803645,7041.714274855861
2025-06-14 04:00:00,6371.81,5958.174993988194,6292.199484125775,6908.35301113853
2025-06-14 04:15:00,6279.873333333334,5781.348250615648,6104.257228452638,6704.200915400137
2025-06-14 04:30:00,6220.63,5779.601214553999,6100.204788623116,6699.246897765915
2025-06-14 04:45:00,6147.2,5751.6727255696815,6068.611934444247,6664.3880311389075
2025-06-14 05:00:00,6072.823333333334,5709.340214444615,6021.859166750823,6613.040999465629
2025-06-14 05:15:00,5965.96,5572.306590891234,5878.39404548592,6458.711036528945
2025-06-14 05:30:00,5853.990000000001,5499.582485526635,5802.478031629067,6377.519018855427
2025-06-14 05:45:00,5742.716666666667,5395.442803917563,5693.553645619541,6260.503788751298
2025-06-14 06:00:00,5674.626666666667,5256.153818689969,5547.7062044236945,6103.425713046636
2025-06-14 06:15:00,5647.6033333333335,5190.417841069754,5478.290930391602,6028.547923413237
2025-06-14 06:30:00,5590.326666666667,5266.138594730819,5557.504056942922,6114.674458093808
2025-06-14 06:45:00,5521.193333333334,5232.05052403108,5521.382836845291,6075.780535514374
2025-06-14 07:00:00,5472.576666666667,5222.801137991291,5511.390611126643,6065.1577192880195
2025-06-14 07:15:00,5464.466666666667,5204.648765604297,5492.573485473137,6045.259358601019
2025-06-14 07:30:00,5382.096666666667,5191.378523024545,5478.934400687507,6030.936617952013
2025-06-14 07:45:00,5356.62,5193.5356535130595,5481.558843409118,6034.205258847456
2025-06-14 08:00:00,5347.193333333334,5203.970438087877,5492.942377558018,6046.937301117986
2025-06-14 08:15:00,5319.68,5238.207085270066,5529.643923891351,6087.242613148498
2025-06-14 08:30:00,5400.886666666666,5278.903043663128,5573.207037312684,6134.963049122486
2025-06-14 08:45:00,5397.87,5333.818371804837,5631.790060181469,6198.942985936422
2025-06-14 09:00:00,5372.276666666667,5417.383097185573,5720.558211941816,6295.619459275496
2025-06-14 09:15:00,5506.91,5608.038394098003,5921.9241172526745,6514.298253589322
2025-06-14 09:30:00,5660.283333333333,5833.192549045347,6159.630357261956,6772.351719073116
2025-06-14 09:45:00,5735.356666666667,5964.758341580906,6299.11754001531,6923.976713994245
2025-06-14 10:00:00,5922.473333333332,6111.755211912177,6454.921456564616,7093.287447607816
2025-06-14 10:15:00,6117.126666666667,6127.854212910639,6472.5880633412435,7112.434422336975
2025-06-14 10:30:00,6241.943333333334,6343.795839430466,6700.31396664734,7359.213255734323
2025-06-14 10:45:00,6384.143333333333,6456.143995369053,6819.322804088895,7488.204790728382
2025-06-14 11:00:00,6519.8,6493.462712611725,6859.624959493989,7531.932052768187
2025-06-14 11:15:00,6598.253333333334,6569.385213014531,6939.506400169495,7617.839631545833
2025-06-14 11:30:00,6766.330000000001,6668.303328146662,7043.665310083385,7730.083439430361
2025-06-14 11:45:00,6845.766666666666,6709.373892029417,7087.171343228199,7776.63740793955
2025-06-14 12:00:00,6934.349999999999,6802.732969099806,7185.729461403012,7882.881985942813
2025-06-14 12:15:00,7056.41,6917.570368592225,7304.538872848631,8009.481882675835
2025-06-14 12:30:00,7150.849999999999,6977.754309772695,7366.049547415078,8074.0366737299555
2025-06-14 12:45:00,7262.283333333333,7022.721125414446,7411.690356111041,8121.441373799248
2025-06-14 13:00:00,7211.446666666667,6929.633214518502,7312.410588706567,8011.860620745153
2025-06-14 13:15:00,7229.126666666667,6959.870544627806,7345.357873975126,8047.322109784124
2025-06-14 13:30:00,7358.526666666668,7039.876889723825,7430.699893347459,8139.612351119325
2025-06-14 13:45:00,7587.783333333333,7175.21951040201,7574.281965851566,8295.06747103388
2025-06-14 14:00:00,7641.763333333333,7280.788659146508,7686.686997111028,8416.797838737744
2025-06-14 14:15:00,7692.793333333332,7351.951466982713,7763.165144553597,8499.73970785963
2025-06-14 14:30:00,7795.046666666666,7405.903260995892,7821.6548310880835,8563.250993127605
2025-06-14 14:45:00,7881.87,7432.460916868385,7851.452890927955,8595.735014932206
2025-06-14 15:00:00,7917.740000000001,7437.126258804221,7860.67248410423,8606.077736327916
2025-06-14 15:15:00,7901.673333333333,7414.3051686173585,7840.7272583375425,8584.63766105102
2025-06-14 15:30:00,7893.096666666667,7318.702830688799,7744.390767015629,8480.485316804858
2025-06-14 15:45:00,7797.086666666666,7290.2085435407125,7718.619109489403,8452.861127113845
2025-06-14 16:00:00,7751.133333333334,7207.279572209898,7639.614921521814,8367.775337226674
2025-06-14 16:15:00,7643.126666666667,7103.118585158669,7531.267198171793,8250.137220600713
2025-06-14 16:30:00,7581.73,7022.349611637637,7447.536816569507,8159.237552254092
2025-06-14 16:45:00,7512.423333333333,6922.147060285976,7343.425360222274,8046.315427813157
2025-06-14 17:00:00,7372.97,6792.966200922538,7208.897922186698,7900.495828290284
2025-06-14 17:15:00,7279.886666666666,6675.73638475347,7083.054121750325,7761.539024883569
2025-06-14 17:30:00,7166.706666666666,6548.304925313518,6946.5049755996515,7611.039677599518
2025-06-14 17:45:00,7086.403333333333,6409.7941432537355,6798.3206093720955,7447.98813793913
2025-06-14 18:00:00,6955.616666666666,6253.42552572547,6631.371929590154,7264.6570997503895
2025-06-14 18:15:00,6811.826666666667,6145.503328757756,6518.469865589641,7142.058865105103
2025-06-14 18:30:00,6748.38,6043.201988249967,6411.453755168362,7025.8867045032985
2025-06-14 18:45:00,6659.286666666667,5979.088222405917,6344.529316347976,6953.2026987094205
2025-06-14 19:00:00,6652.420000000001,5903.580715810769,6265.60065128449,6867.553061374258
2025-06-14 19:15:00,6695.71,5902.76914283413,6265.589455640331,6867.782209258541
2025-06-14 19:30:00,6774.086666666667,5914.204968499046,6278.395877515307,6881.935674626946
2025-06-14 19:45:00,6812.29,5965.606850050147,6333.1330898019105,6941.556610711578
2025-06-14 20:00:00,6901.0233333333335,5981.407456703162,6350.406010311143,6960.609442200572
2025-06-14 20:15:00,6982.346666666667,6027.3640223739585,6399.411876026215,7014.153251068435
2025-06-14 20:30:00,7069.836666666667,6097.745731915307,6474.002257729987,7095.440226910911
2025-06-14 20:45:00,7174.863333333334,6167.690393765014,6548.051935310552,7176.157241752475
2025-06-14 21:00:00,7265.586666666667,6210.484669374121,6593.491290330431,7225.884166390625
2025-06-14 21:15:00,7372.43,6326.22553394883,6715.473372050706,7358.559734807723
2025-06-14 21:30:00,7483.79,6485.811504224643,6883.420432513738,7541.045947497364
2025-06-14 21:45:00,7625.123333333333,6620.657606158258,7025.275222892115,7695.257967234873
2025-06-14 22:00:00,7701.69,6714.2029997788895,7123.63558834436,7802.3347406466755
2025-06-14 22:15:00,7762.7,6808.431508098459,7222.6047149504475,7910.0618837991
2025-06-14 22:30:00,7792.150000000001,6903.207617376202,7322.037214731676,8018.277685907311
2025-06-14 22:45:00,7838.416666666667,6990.5754495240235,7413.572389144063,8117.9184553316645
2025-06-14 23:00:00,7938.963333333333,7055.784722258368,7481.652834629563,8192.094693035377
2025-06-14 23:15:00,7922.830000000001,7054.97668486988,7480.440687474982,8191.269583543317
2025-06-14 23:30:00,7905.916666666667,7036.620191216608,7460.673657270004,8170.309189123845
2025-06-14 23:45:00,7868.844999999999,7012.078642869305,7434.289181382891,8142.145102946775
2025-06-15 00:00:00,7778.443333333334,6901.440134145453,7317.334697831441,8015.803497967279
2025-06-15 00:15:00,7761.670000000001,6814.739767471954,7225.65278629695,7916.9698533406645
2025-06-15 00:30:00,7697.13,6740.653964477927,7147.105080841205,7832.325016346998
2025-06-15 00:45:00,7640.329999999999,6672.308532478582,7074.47130826562,7754.042108709919
2025-06-15 01:00:00,7569.509999999999,6587.286145557765,6984.202645683481,7656.600977494026
2025-06-15 01:15:00,7472.933333333333,6476.834806134085,6867.107057306363,7530.0385690187195
2025-06-15 01:30:00,7418.716666666667,6392.524858964449,6777.36544249171,7433.062408105356
2025-06-15 01:45:00,7368.4800000000005,6318.612483804211,6698.441359478674,7347.751561688617
2025-06-15 02:00:00,7298.243333333333,6222.357656307209,6595.943226779913,7236.837665773432
2025-06-15 02:15:00,7196.95,6158.656253119253,6527.546983311939,7162.816163758569
2025-06-15 02:30:00,7098.143333333333,6085.459570231381,6449.082541956172,7077.823296314459
2025-06-15 02:45:00,6906.213333333333,6011.857944727619,6370.105026052734,6992.211734329336
2025-06-15 03:00:00,6774.643333333333,5933.4216927061,6285.966292923525,6900.943882888887
2025-06-15 03:15:00,6559.36,5867.613382658652,6215.017754213689,6823.904534845069
2025-06-15 03:30:00,6337.303333333333,5795.900873171721,6137.796417554095,6740.003401906781
2025-06-15 03:45:00,5794.91,5724.978709168453,6061.34182799129,6656.868389557015
2025-06-15 04:00:00,5552.150000000001,5639.9041488773555,5969.962457813032,6557.496489435386
2025-06-15 04:15:00,5225.546666666666,5545.517650598437,5868.628919506584,6447.192839872217
2025-06-15 04:30:00,5105.096666666667,5498.845994815624,5817.380311254498,6391.097468266329
2025-06-15 04:45:00,5067.003333333333,5438.096900987844,5751.307325612374,6318.876233737675
2025-06-15 05:00:00,5056.596666666667,5373.823279344968,5681.504026744643,6242.551848744831
2025-06-15 05:15:00,5031.599999999999,5271.896337057818,5573.461360656247,6125.628026159505
2025-06-15 05:30:00,5133.316666666667,5176.6658241014875,5472.441590246977,6016.256476905702
2025-06-15 05:45:00,5168.303333333333,5086.534013652484,5376.7740183586375,5912.628893001675
2025-06-15 06:00:00,5184.253333333333,5030.230677853247,5316.648931577256,5847.461487097372
2025-06-15 06:15:00,5169.393333333333,5005.485903528047,5290.297522004402,5819.247323120602
2025-06-15 06:30:00,5143.7,4984.092979515144,5267.486557621106,5794.821448092632
2025-06-15 06:45:00,5103.993333333333,4942.293756894936,5223.264282310782,5747.149293168846
2025-06-15 07:00:00,5066.486666666667,4909.997339076326,5189.0596848408595,5710.290163368497
2025-06-15 07:15:00,5039.759999999999,4904.88644917519,5184.308301672331,5705.877648130249
2025-06-15 07:30:00,5039.4766666666665,4862.496506308486,5140.441957107207,5659.0452443329
2025-06-15 07:45:00,5024.0233333333335,4845.996210441786,5123.8304237959655,5641.714280702923
2025-06-15 08:00:00,5027.123333333333,4842.941437611972,5121.407156713966,5639.729724624185
2025-06-15 08:15:00,5041.34,4829.91050993005,5108.572723401658,5626.439727210902
2025-06-15 08:30:00,5038.316666666667,4882.252307443683,5164.49214310046,5687.630791682704
2025-06-15 08:45:00,5037.29,4885.807363380878,5169.239547635974,5693.35636829886
2025-06-15 09:00:00,4996.763333333333,4886.706160726291,5171.283499827634,5696.140703400058
2025-06-15 09:15:00,4993.75,5013.168662857464,5305.210794131533,5841.743610578615
2025-06-15 09:30:00,5041.416666666667,5138.741589476751,5438.300624406742,5986.435652449531
2025-06-15 09:45:00,5091.97,5201.532480211987,5505.5354014912255,6059.768574579227
2025-06-15 10:00:00,5160.889999999999,5357.057696269054,5670.298887286498,6238.7878188104205
2025-06-15 10:15:00,5233.003333333333,5499.447718493081,5821.007075126404,6402.3418136975015
2025-06-15 10:30:00,5321.64,5624.2013940747975,5953.29907629058,6545.953638449655
2025-06-15 10:45:00,5389.67,5758.633243281354,6095.873073365964,6700.724503960667
2025-06-15 11:00:00,5481.223333333332,5872.722678259885,6217.192583511601,6832.4857910107385
2025-06-15 11:15:00,5564.073333333334,5943.308254779849,6292.561755087484,6914.2369055287645
2025-06-15 11:30:00,5646.18,6078.299167463693,6435.711940267554,7069.464308099007
2025-06-15 11:45:00,5719.143333333333,6142.347910551604,6504.452519812528,7144.09520060551
2025-06-15 12:00:00,5807.363333333334,6222.133488445495,6592.1839888459535,7239.434813283476
2025-06-15 12:15:00,5892.579999999999,6335.415470866398,6710.840527064933,7367.842673388438
2025-06-15 12:30:00,5935.103333333333,6412.059186799208,6791.124432459949,7454.7135880983205
2025-06-15 12:45:00,6011.753333333334,6504.986960891484,6888.632467672313,7560.294775161662
2025-06-15 13:00:00,5946.84,6457.07211167228,6838.2910640248665,7505.716819115377
2025-06-15 13:15:00,5915.663333333333,6480.017938338956,6862.578775968928,7531.984539116988
2025-06-15 13:30:00,5975.1466666666665,6596.227886202607,6984.955595636353,7664.595033715752
2025-06-15 13:45:00,5992.1033333333335,6787.0603547239025,7185.83389471964,7882.325510627883
2025-06-15 14:00:00,6062.41,6849.876620225154,7252.3249192513995,7954.493532154208
2025-06-15 14:15:00,6141.099999999999,6907.684708866683,7313.725364517481,8021.1319260672235
2025-06-15 14:30:00,6225.763333333333,6995.698637240794,7406.951767347322,8122.318202877103
2025-06-15 14:45:00,6287.82,7067.203684431637,7482.837796221609,8204.738017832084
2025-06-15 15:00:00,6312.903333333333,7102.019286679155,7519.722064397851,8244.708287363821
2025-06-15 15:15:00,6311.32,7086.9615032846805,7502.321463445811,8224.209055593752
2025-06-15 15:30:00,6360.650000000001,7069.1978275399115,7484.06071901099,8203.733307370705
2025-06-15 15:45:00,6334.063333333334,6994.769361384731,7405.25217299267,8117.209471214706
2025-06-15 16:00:00,6271.7266666666665,6942.990078876276,7349.999447042394,8056.137448404274
2025-06-15 16:15:00,6210.666666666667,6841.748619169032,7239.115391832431,7932.297766289889
2025-06-15 16:30:00,6145.893333333333,6763.734422495686,7153.82682527529,7836.792713157256
2025-06-15 16:45:00,6025.22,6669.512487372008,7051.863575933219,7723.429290081378
2025-06-15 17:00:00,5976.236666666667,6531.138578206731,6903.543444301397,7559.894971908094
2025-06-15 17:15:00,5878.173333333333,6441.844560282464,6812.520518787367,7462.334717740568
2025-06-15 17:30:00,5797.416666666667,6343.939977233059,6712.463776279951,7355.043173550566
2025-06-15 17:45:00,5711.9766666666665,6268.756491230797,6636.281302907962,7273.677207910469
2025-06-15 18:00:00,5653.47,6157.739235107943,6522.449654080481,7151.568273094504
2025-06-15 18:15:00,5596.650000000001,6040.618156877649,6399.518744415492,7017.858538972703
2025-06-15 18:30:00,5552.686666666667,5980.63267365455,6336.593295446584,6949.2183019251315
2025-06-15 18:45:00,5553.259999999999,5911.481577319057,6264.011984554659,6870.160228877399
2025-06-15 19:00:00,5516.09,5900.364953575866,6252.365198388939,6857.172314824911
2025-06-15 19:15:00,5550.8,5935.046169696704,6289.641433610708,6897.8057956104385
2025-06-15 19:30:00,5633.513333333333,5999.380695842575,6358.021302578386,6972.178160609576
2025-06-15 19:45:00,5735.73,6040.738890257417,6402.206983152344,7020.365549516644
2025-06-15 20:00:00,5834.4766666666665,6108.340620989588,6473.900276982315,7098.3878200149165
2025-06-15 20:15:00,5920.723333333332,6183.453811595898,6553.293806239765,7184.6965475792085
2025-06-15 20:30:00,6011.07,6261.544055870673,6635.739269489609,7274.332333982993
2025-06-15 20:45:00,6098.643333333333,6352.666390227813,6731.7942139452325,7378.731176045081
2025-06-15 21:00:00,6171.9766666666665,6431.431665026382,6814.780165782382,7468.980376659022
2025-06-15 21:15:00,6335.373333333334,6538.1369848738,6926.783385177518,7590.517163669409
2025-06-15 21:30:00,6454.666666666667,6650.451975254168,7044.582828429856,7718.338084626109
2025-06-15 21:45:00,6600.389999999999,6783.41533973238,7183.973235154108,7869.5539461077105
2025-06-15 22:00:00,6711.663333333334,6855.1182027861705,7258.900185645701,7950.912702936283
2025-06-15 22:15:00,6822.829999999999,6912.110939478464,7318.87237952711,8016.46455541176
2025-06-15 22:30:00,6960.133333333334,6945.252565426147,7353.675549159589,8054.7300259102485
2025-06-15 22:45:00,7070.203333333334,7020.8927859946425,7433.011734274417,8141.2335210120455
2025-06-15 23:00:00,7150.91,7121.751167304361,7539.103394584215,8256.883827761882
2025-06-15 23:15:00,7183.733333333334,7117.766905242469,7534.432809456976,8252.229741791201
2025-06-15 23:30:00,7203.073333333334,7105.110070986447,7520.532021646092,8237.544512717486
2025-06-15 23:45:00,7219.57,7030.93159038254,7441.879181431061,8152.661442154463
2025-06-16 00:00:00,7143.706666666666,7181.44022015461,7683.0075120971605,8366.045434141677
2025-06-16 00:15:00,7065.263333333333,7168.001604851239,7667.926890670516,8349.971945010178
2025-06-16 00:30:00,6973.323333333334,7138.063149495949,7635.393943693459,8314.943966225137
2025-06-16 00:45:00,6885.906666666667,7081.246749829968,7574.507316150582,8249.145831553778
2025-06-16 01:00:00,6786.003333333334,7011.686278361901,7500.117542291821,8168.666594512108
2025-06-16 01:15:00,6717.44,6909.7221252359195,7391.4518342747915,8050.912956673075
2025-06-16 01:30:00,6636.326666666667,6857.896270973182,7335.350375454788,7990.063199861627
2025-06-16 01:45:00,6550.593333333333,6807.938029604326,7281.105184221986,7931.168410276241
2025-06-16 02:00:00,6458.013333333333,6737.923454316959,7205.687656007349,7849.273046004097
2025-06-16 02:15:00,6383.133333333334,6651.715760193873,7113.160675123277,7748.7779149120615
2025-06-16 02:30:00,6295.933333333333,6564.336435838053,7019.310019167224,7646.786906583648
2025-06-16 02:45:00,6229.206666666666,6414.402083964011,6859.653674218838,7473.426699623437
2025-06-16 03:00:00,6158.556666666667,6305.065340147135,6742.565562135082,7346.12941651546
2025-06-16 03:15:00,6075.746666666666,6135.236695324298,6562.215438146333,7150.462027188619
2025-06-16 03:30:00,6007.703333333334,5966.080175280069,6382.501362789609,6955.419218500444
2025-06-16 03:45:00,5936.133333333334,5577.848783036981,5972.571648737341,6510.852043951513
2025-06-16 04:00:00,5866.546666666666,5390.404523760369,5773.524791091721,6294.7311557193125
2025-06-16 04:15:00,5809.93,5166.733864079187,5536.491636013178,6037.46603558001
2025-06-16 04:30:00,5744.393333333333,5092.236472814388,5456.131936108238,5949.907583937562
2025-06-16 04:45:00,5716.803333333333,5058.209820955224,5418.2541863032075,5908.319902996075
2025-06-16 05:00:00,5656.2,5036.6355953429675,5393.430929008711,5880.816939804872
2025-06-16 05:15:00,5582.713333333333,4997.409839437718,5348.097930608521,5829.727233478556
2025-06-16 05:30:00,5496.59,5041.457299034848,5390.2366089755005,5873.363393758883
2025-06-16 05:45:00,5411.240000000001,5039.128837150076,5383.650121639462,5864.145762027197
2025-06-16 06:00:00,5310.7300000000005,5031.148198490468,5371.129185701575,5848.444266874969
2025-06-16 06:15:00,5338.543333333334,5016.436236500252,5355.317883171426,5831.651270403664
2025-06-16 06:30:00,5352.2266666666665,4989.596996291351,5326.785217456783,5801.025410019114
2025-06-16 06:45:00,5291.586666666667,4955.36231977744,5290.509978633108,5761.964594099602
2025-06-16 07:00:00,5251.669999999999,4923.7760424245125,5257.051428858863,5725.9138750359625
2025-06-16 07:15:00,5244.993333333333,4904.202056300059,5235.281462744779,5701.838521078711
2025-06-16 07:30:00,5198.599999999999,4894.031486605462,5223.439436468269,5688.485736004201
2025-06-16 07:45:00,5191.843333333333,4884.240752028845,5212.052542661832,5675.594494325389
2025-06-16 08:00:00,5247.306666666666,4883.072279187931,5209.7867725216165,5672.558948979054
2025-06-16 08:15:00,5298.57,4894.817473515728,5223.710902584844,5688.752956670505
2025-06-16 08:30:00,5350.52,4907.823878969509,5239.035665206041,5706.444667566614
2025-06-16 08:45:00,5415.346666666667,4916.972815837489,5250.3894696418565,5719.817541774419
2025-06-16 09:00:00,5505.886666666666,4904.348615410387,5238.956325588616,5708.486874270469
2025-06-16 09:15:00,5640.063333333334,4948.290655046652,5286.433853192456,5760.576459697652
2025-06-16 09:30:00,5823.306666666666,5025.658656520647,5369.124569846374,5850.819351160593
2025-06-16 09:45:00,5909.256666666667,5089.303448523451,5437.499648631623,5925.550781083694
2025-06-16 10:00:00,5995.536666666667,5170.814876514892,5524.75016989839,6020.740543979077
2025-06-16 10:15:00,6078.040000000001,5248.2039015978935,5602.427807950047,6101.982981848433
2025-06-16 10:30:00,6133.583333333333,5336.179737665226,5691.339480274557,6195.411968831702
2025-06-16 10:45:00,6189.889999999999,5397.234832203281,5752.083661916555,6258.336470282612
2025-06-16 11:00:00,6226.790000000001,5473.414022630841,5828.833179756011,6338.6258106703945
2025-06-16 11:15:00,6260.316666666667,5545.44916179602,5906.698105605928,6423.732850125253
2025-06-16 11:30:00,6320.823333333334,5631.4488392762405,5999.352780906477,6524.895308776641
2025-06-16 11:45:00,6375.84,5698.429483346581,6072.146405366043,6604.569592693368
2025-06-16 12:00:00,6391.3,5773.96908520695,6154.051437463142,6694.153571196193
2025-06-16 12:15:00,6332.586666666667,5844.978059334427,6231.55917316451,6779.1756285880065
2025-06-16 12:30:00,6377.486666666667,5890.202531151059,6282.096845174557,6835.016464443035
2025-06-16 12:45:00,6374.126666666667,5968.331758844392,6367.319746364215,6928.488266705006
2025-06-16 13:00:00,6252.240000000001,5920.08758760531,6319.894048567091,6878.272422561339
2025-06-16 13:15:00,6211.8,5897.910665119183,6297.776830038162,6854.06649845846
2025-06-16 13:30:00,6240.41,5962.066847266525,6366.467245797735,6928.313208231279
2025-06-16 13:45:00,6333.703333333334,6003.626039553246,6411.523865908894,6977.007012461628
2025-06-16 14:00:00,6373.38,6059.993427795747,6472.239320500778,7042.727008447725
2025-06-16 14:15:00,6470.23,6138.714746519563,6555.928491613314,7132.994018915307
2025-06-16 14:30:00,6568.490000000001,6223.304324184719,6645.87544477359,7230.103461643017
2025-06-16 14:45:00,6622.103333333333,6272.665253732049,6698.900120547397,7287.266980038939
2025-06-16 15:00:00,6682.04,6295.465919145586,6725.27301837078,7315.6613583364215
2025-06-16 15:15:00,6686.243333333333,6290.749105546906,6722.570092593068,7312.4508179709555
2025-06-16 15:30:00,6728.506666666667,6318.545520943699,6754.094441581617,7346.393288286882
2025-06-16 15:45:00,6702.650000000001,6289.269558075548,6725.724190754831,7315.499215636145
2025-06-16 16:00:00,6695.836666666667,6230.263793904425,6672.609013831076,7258.113975440064
2025-06-16 16:15:00,6658.3,6159.285173336028,6607.208587746667,7187.6434906931
2025-06-16 16:30:00,6640.433333333333,6087.0853909967045,6540.567798344576,7115.892271909539
2025-06-16 16:45:00,6614.75,5981.284518052221,6432.425619354279,6998.982927215539
2025-06-16 17:00:00,6532.356666666667,5919.585406099577,6369.278494399149,6930.8361823600735
2025-06-16 17:15:00,6439.743333333333,5824.518696249483,6266.961669981528,6817.535890601948
2025-06-16 17:30:00,6358.236666666667,5740.953267856261,6176.739801712393,6717.39926199977
2025-06-16 17:45:00,6248.866666666666,5645.619957321769,6074.159337824311,6603.926597631258
2025-06-16 18:00:00,6144.643333333333,5562.945238694758,5987.602450419199,6507.9796104908955
2025-06-16 18:15:00,6075.186666666666,5492.43142580944,5917.215163318974,6431.885112158325
2025-06-16 18:30:00,5984.843333333333,5436.460275566183,5862.0867542616525,6372.373106573705
2025-06-16 18:45:00,5975.293333333334,5409.158133041143,5836.270601956104,6344.63754120538
2025-06-16 19:00:00,5929.936666666667,5373.980269455605,5800.197238513886,6305.751306418155
2025-06-16 19:15:00,5972.31,5391.8819626364775,5820.331966672566,6328.136174313727
2025-06-16 19:30:00,6007.983333333334,5450.874346114805,5883.586023512372,6397.280028020898
2025-06-16 19:45:00,6047.826666666667,5534.190264089153,5972.337407805943,6494.084196181448
2025-06-16 20:00:00,6038.173333333333,5606.891137024328,6049.874122911838,6578.764120452652
2025-06-16 20:15:00,6077.133333333334,5674.87688786296,6122.631108182303,6658.451651252968
2025-06-16 20:30:00,6145.116666666666,5750.186658182768,6203.006791324236,6746.414746160273
2025-06-16 20:45:00,6167.23,5829.501417721464,6287.5084124530085,6838.864612508848
2025-06-16 21:00:00,6211.493333333333,5893.250336370767,6355.5700122253775,6913.512020248533
2025-06-16 21:15:00,6325.72,6038.385995434779,6508.919642178181,7080.502962442829
2025-06-16 21:30:00,6460.843333333333,6154.684616732177,6631.877039489286,7214.5645446631615
2025-06-16 21:45:00,6609.0233333333335,6288.4359512250585,6773.068155378407,7368.3831863001005
2025-06-16 22:00:00,6685.886666666666,6390.450159429051,6880.811997118268,7485.953586032673
2025-06-16 22:15:00,6822.04,6490.554335391407,6986.197110185385,7600.795922692306
2025-06-16 22:30:00,6948.07,6607.659655365455,7109.331089191335,7734.857326591888
2025-06-16 22:45:00,7027.493333333333,6704.520247006347,7211.082234955563,7845.7309198075
2025-06-16 23:00:00,7068.503333333333,6781.500111672437,7291.543019943358,7933.37876586832
2025-06-16 23:15:00,7091.873333333333,6807.083351196237,7317.633175019542,7961.91616266627
2025-06-16 23:30:00,7069.420000000001,6817.074124369131,7326.863635855507,7971.987608076182
2025-06-16 23:45:00,7040.15,6820.464128867166,7328.088302834284,7972.907675275775
2025-06-17 00:00:00,6947.579999999999,6685.111756441991,7184.749421203524,7817.755302908303
2025-06-17 00:15:00,6873.790000000001,6617.971809409951,7111.978881340407,7738.551617683099
2025-06-17 00:30:00,6770.670000000001,6534.6056721079385,7022.181614060968,7640.918952899637
2025-06-17 00:45:00,6667.63,6457.442458074785,6938.534049002914,7549.787159351881
2025-06-17 01:00:00,6578.420000000001,6366.301601269312,6839.627794003968,7441.857879651731
2025-06-17 01:15:00,6478.776666666668,6295.084937603195,6762.175230109397,7357.394432841639
2025-06-17 01:30:00,6403.88,6220.482720349142,6681.12772508931,7269.01434338162
2025-06-17 01:45:00,6311.173333333333,6142.084308982747,6595.62942076959,7175.588696714218
2025-06-17 02:00:00,6226.383333333334,6056.406108185319,6502.230808645713,7073.473803261191
2025-06-17 02:15:00,6133.173333333333,5981.8841938618725,6422.345318406383,6986.921210821175
2025-06-17 02:30:00,6056.57,5899.656458478599,6334.27157031853,6891.434339482603
2025-06-17 02:45:00,5959.736666666667,5822.633290143197,6251.5778941248045,6801.714535376906
2025-06-17 03:00:00,5883.990000000001,5749.944715471001,6173.355849300359,6716.776512028368
2025-06-17 03:15:00,5789.400000000001,5663.6814937084,6080.553289503165,6615.812008181869
2025-06-17 03:30:00,5715.573333333334,5584.437476932731,5995.05478951678,6522.697483377739
2025-06-17 03:45:00,5655.656666666667,5473.128438834181,5875.806385512247,6392.947138886371
2025-06-17 04:00:00,5589.22,5388.45786758821,5784.486595285481,6293.395468763038
2025-06-17 04:15:00,5532.360000000001,5305.06504895004,5690.689417801884,6188.570520200593
2025-06-17 04:30:00,5480.21,5235.583187844329,5611.464040645932,6099.472133839718
2025-06-17 04:45:00,5413.243333333333,5195.857354160774,5563.464127624952,6044.147088760199
2025-06-17 05:00:00,5350.163333333333,5134.088014355685,5492.27853760257,5963.637231743527
2025-06-17 05:15:00,5284.330000000001,5066.862274142404,5419.110732954235,5883.444738303589
2025-06-17 05:30:00,5210.326666666667,5002.376573728879,5348.809385314818,5806.300637723533
2025-06-17 05:45:00,5122.053333333333,4932.121095431333,5272.442206745418,5722.528025969739
2025-06-17 06:00:00,5084.323333333333,4854.72943579692,5188.581538458538,5630.582187522585
2025-06-17 06:15:00,5083.116666666667,4870.869999865226,5204.69632724655,5648.058249710113
2025-06-17 06:30:00,5051.2,4875.432512829537,5208.6667508428845,5652.326677946442
2025-06-17 06:45:00,4946.856666666667,4821.396703354114,5151.102714994037,5589.87173462026
2025-06-17 07:00:00,4971.56,4789.031931154473,5116.339858611672,5552.081906608467
2025-06-17 07:15:00,4983.183333333333,4778.217465076433,5104.866833714572,5539.897218744667
2025-06-17 07:30:00,4977.62,4746.002147074821,5070.959906832769,5503.368091929623
2025-06-17 07:45:00,5012.246666666667,4743.155281268104,5067.962497174679,5500.300612602003
2025-06-17 08:00:00,5038.433333333333,4784.015956642938,5110.94552725842,5547.029261077883
2025-06-17 08:15:00,5133.143333333333,4821.741158249911,5149.73106480289,5588.534003002941
2025-06-17 08:30:00,5150.503333333333,4863.3338022784355,5192.655246533192,5634.503333507447
2025-06-17 08:45:00,5217.5,4914.267355675765,5245.4742050073455,5691.1786160256515
2025-06-17 09:00:00,5328.423333333333,4984.470811627853,5318.624537047252,5769.872992261445
2025-06-17 09:15:00,5503.650000000001,5087.354109409105,5425.71297325416,5885.009009860392
2025-06-17 09:30:00,5704.123333333333,5239.045609304128,5584.1746196151735,6055.809190564494
2025-06-17 09:45:00,5828.8,5303.809011794998,5651.414240436722,6127.762822877212
2025-06-17 10:00:00,5962.7266666666665,5384.53481393792,5735.528782435087,6218.007040830363
2025-06-17 10:15:00,6025.113333333334,5462.761031906716,5819.680100166757,6310.01069934985
2025-06-17 10:30:00,6125.003333333333,5526.966857686569,5889.214021205757,6386.188523226905
2025-06-17 10:45:00,6233.4766666666665,5589.402987298149,5957.003223312547,6460.493345189004
2025-06-17 11:00:00,6316.72,5636.0770701136635,6008.3499056046785,6517.0027940326245
2025-06-17 11:15:00,6379.593333333333,5675.8309162643145,6051.085160619828,6563.22919604121
2025-06-17 11:30:00,6452.496666666667,5720.5303269469205,6099.135159881177,6615.24398474689
2025-06-17 11:45:00,6545.233333333334,5777.1798047637,6159.859116816792,6681.025248460917
2025-06-17 12:00:00,6638.873333333333,5803.082938908702,6188.401763962283,6711.971780486596
2025-06-17 12:15:00,6720.709999999999,5778.932055067517,6164.235451497094,6685.6805233082105
2025-06-17 12:30:00,6701.173333333333,5827.253494933244,6216.3241162687755,6742.0617931766765
2025-06-17 12:45:00,6692.206666666666,5835.603910172154,6226.537370821945,6753.113592394982
2025-06-17 13:00:00,6731.28,5735.381479758214,6122.802639010356,6640.741564953082
2025-06-17 13:15:00,6741.7266666666665,5704.971536170541,6091.914496451403,6606.950101095158
2025-06-17 13:30:00,6846.553333333333,5731.738378768721,6121.203422478305,6638.420258890794
2025-06-17 13:45:00,6985.553333333333,5801.639874710281,6195.913821940935,6719.1651947860155
2025-06-17 14:00:00,6997.900000000001,5837.706163383769,6235.374957844916,6761.780562915263
2025-06-17 14:15:00,6953.7266666666665,5756.179087685852,6151.272730277708,6670.4824252145045
2025-06-17 14:30:00,6860.143333333333,5837.332517242533,6238.169516485003,6764.538872922279
2025-06-17 14:45:00,6552.420000000001,5882.275537087167,6287.112622350407,6817.531777105995
2025-06-17 15:00:00,6276.676666666666,5920.465062340605,6329.432665313234,6863.427245824676
2025-06-17 15:15:00,6048.490000000001,5921.0884945491525,6332.120176944484,6866.278640015336
2025-06-17 15:30:00,5869.816666666667,5960.462827419909,6375.588033893849,6913.383894636315
2025-06-17 15:45:00,5727.836666666667,5947.193750497847,6363.814203912752,6900.694461864881
2025-06-17 16:00:00,5687.413333333334,5940.67461235689,6358.798624799926,6895.377119266412
2025-06-17 16:15:00,5650.0,5909.835887460754,6328.040323237636,6862.066358393792
2025-06-17 16:30:00,5678.5199999999995,5891.734403750984,6310.70584785935,6843.364850555112
2025-06-17 16:45:00,5733.186666666666,5857.602405349197,6276.56543186167,6806.514870589926
2025-06-17 17:00:00,5779.153333333333,5786.451796433319,6210.188405180218,6735.060097538137
2025-06-17 17:15:00,5814.996666666667,5706.422507152759,6134.746878033363,6654.005470825755
2025-06-17 17:30:00,5805.12,5627.502330756027,6060.482673423549,6574.284255286641
2025-06-17 17:45:00,5741.253333333334,5524.136406400988,5960.540969349787,6466.794756643799
2025-06-17 18:00:00,5721.02,5442.962636344092,5878.45312463173,6378.486243596548
2025-06-17 18:15:00,5657.79,5377.074402891485,5811.074632707952,6305.271613881296
2025-06-17 18:30:00,5599.763333333333,5307.181194875861,5739.469547056706,6227.525190682295
2025-06-17 18:45:00,5502.943333333334,5290.747162049414,5723.999920020116,6210.651829120324
2025-06-17 19:00:00,5368.8533333333335,5255.066569687279,5687.496626209192,6170.997378240843
2025-06-17 19:15:00,5347.73,5286.535527953956,5721.98284683938,6208.631050131639
2025-06-17 19:30:00,5323.426666666667,5318.437573239178,5756.874999711964,6246.739846249185
2025-06-17 19:45:00,5326.363333333334,5357.529331812064,5799.264311834538,6293.004132500119
2025-06-17 20:00:00,5297.09,5355.6908329406015,5798.201119668436,6292.19592199929
2025-06-17 20:15:00,5326.453333333334,5397.588387836675,5843.502461610529,6341.977680538835
2025-06-17 20:30:00,5291.606666666667,5456.661948333486,5906.772639034193,6411.250321480587
2025-06-17 20:45:00,5352.373333333333,5483.156045020444,5935.734461232898,6443.362670987723
2025-06-17 21:00:00,5322.303333333333,5521.859015518638,5977.630254045366,6489.509770649364
2025-06-17 21:15:00,5417.866666666667,5620.391638994414,6080.7076416469845,6600.901561644366
2025-06-17 21:30:00,5494.45,5734.542940244699,6200.096351384818,6729.971554814251
2025-06-17 21:45:00,5589.316666666667,5860.818276379625,6332.120664444731,6872.732538831051
2025-06-17 22:00:00,5665.2300000000005,5930.524246690497,6404.999635025123,6951.4146972164945
2025-06-17 22:15:00,5744.4766666666665,6043.565427341344,6524.147388702784,7080.7941285354245
2025-06-17 22:30:00,5816.88,6151.637869566105,6637.963250414303,7204.382520354615
2025-06-17 22:45:00,5858.613333333334,6215.39481071167,6705.108402177863,7277.3813801838505
2025-06-17 23:00:00,5920.536666666667,6248.8845717587255,6740.729222925825,7316.214772088899
2025-06-17 23:15:00,5937.636666666666,6261.961800890763,6754.494208434282,7331.634369754531
2025-06-17 23:30:00,5909.173333333333,6246.2946502844015,6737.5525040345265,7313.735473586283
2025-06-17 23:45:00,5904.59,6226.93453482904,6715.257756380285,7289.372397054117
2025-06-18 00:00:00,5825.666666666667,6315.8186682154255,6806.989582137521,7388.730601584782
2025-06-18 00:15:00,5745.926666666666,6250.365831644967,6737.507939395061,7313.871529982961
2025-06-18 00:30:00,5675.75,6159.484600779535,6641.193957371618,7209.89386815572
2025-06-18 00:45:00,5589.936666666666,6068.932713170419,6545.109279664664,7106.118322054237
2025-06-18 01:00:00,5525.69,5984.473403102103,6455.3105530325565,7009.104965872147
2025-06-18 01:15:00,5461.919999999999,5899.74234487538,6365.478978977282,6912.248490959365
2025-06-18 01:30:00,5391.46,5829.484751805886,6290.743479456693,6831.695711781099
2025-06-18 01:45:00,5322.316666666667,5747.071240038821,6203.131636251862,6737.133771529031
2025-06-18 02:00:00,5244.53,5667.433547128651,6118.33408376569,6645.562955891604
2025-06-18 02:15:00,5181.22,5586.414710341957,6032.109611825382,6552.467272255372
2025-06-18 02:30:00,5109.873333333333,5516.46175740078,5957.417751167778,6471.806670466969
2025-06-18 02:45:00,5039.25,5433.044325029617,5868.492942476111,6375.660639615126
2025-06-18 03:00:00,4981.77,5362.188449291856,5792.682712659071,6293.66181159818
2025-06-18 03:15:00,4916.0,5277.473058870119,5701.506248065497,6194.459330245868
2025-06-18 03:30:00,4851.793333333334,5210.530926651063,5628.9316597127,6115.349042684774
2025-06-18 03:45:00,4794.05,5150.956654214314,5564.033915293738,6044.492596010973
2025-06-18 04:00:00,4747.08,5086.262362223457,5493.7004761152875,5967.681551735192
2025-06-18 04:15:00,4690.5199999999995,5030.821955656161,5433.2822825625835,5901.713410728341
2025-06-18 04:30:00,4660.906666666667,4980.3736035741285,5378.066014801633,5841.318718093569
2025-06-18 04:45:00,4617.099999999999,4923.479003307231,5316.042419636541,5773.485367553742
2025-06-18 05:00:00,4572.0,4863.9034425772725,5251.174732366229,5702.509167979476
2025-06-18 05:15:00,4511.49,4800.840320397654,5184.20420362759,5630.253639907933
2025-06-18 05:30:00,4473.29,4727.809494448538,5106.749839575136,5546.580245079832
2025-06-18 05:45:00,4424.416666666667,4659.3061512845325,5034.04757141874,5468.0005496629
2025-06-18 06:00:00,4401.8533333333335,4625.0873929405425,4997.366961093478,5428.400259605024
2025-06-18 06:15:00,4415.583333333333,4623.67043787075,4995.158072144953,5426.102388819667
2025-06-18 06:30:00,4421.206666666666,4607.2126459674455,4977.166941501491,5406.6549130253625
2025-06-18 06:45:00,4403.803333333333,4543.959171102926,4910.040774359915,5333.9199715730865
2025-06-18 07:00:00,4432.046666666666,4554.824433375817,4920.815428961356,5345.555634324616
2025-06-18 07:15:00,4433.05,4561.343973400053,4926.4583705690475,5351.184666635333
2025-06-18 07:30:00,4453.306666666666,4550.525600943509,4913.935786316816,5337.0944349100055
2025-06-18 07:45:00,4465.826666666667,4571.137724558115,4934.489027443659,5358.8132431806025
2025-06-18 08:00:00,4518.53,4590.011498494652,4953.278911426868,5378.593419885895
2025-06-18 08:15:00,4587.5233333333335,4665.40731911772,5033.220785533838,5465.753571672112
2025-06-18 08:30:00,4630.28,4685.6210649040295,5055.266032763872,5490.157436653483
2025-06-18 08:45:00,4662.676666666667,4741.858820349076,5115.238349568194,5555.642800185365
2025-06-18 09:00:00,4755.7,4843.081618862774,5222.557429500529,5672.420896513246
2025-06-18 09:15:00,4950.553333333333,5006.773126022213,5395.352935714119,5859.978170184998
2025-06-18 09:30:00,5126.783333333333,5182.9483840785415,5581.360507299069,6061.848525326953
2025-06-18 09:45:00,5293.316666666667,5299.214028289902,5704.5306876162795,6195.6296727084355
2025-06-18 10:00:00,5458.1033333333335,5422.843101343583,5835.542023724738,6337.912496826901
2025-06-18 10:15:00,5550.400000000001,5490.381858744143,5907.127752036208,6415.40431509035
2025-06-18 10:30:00,5642.323333333334,5574.7860219317645,5996.543577527818,6512.230118355743
2025-06-18 10:45:00,5707.203333333334,5667.277256139129,6094.569844513617,6618.403680681059
2025-06-18 11:00:00,5750.330000000001,5738.4496068503895,6170.31578153924,6700.4560700391
2025-06-18 11:15:00,5800.459999999999,5773.682234978211,6207.351706980115,6740.238971781183
2025-06-18 11:30:00,5830.296666666666,5840.253716197025,6276.650648580466,6814.979935956283
2025-06-18 11:45:00,5829.936666666666,5919.784493833828,6359.683807364269,6904.636263040454
2025-06-18 12:00:00,5840.62,6016.13134814133,6460.503001991611,7013.602035717709
2025-06-18 12:15:00,5852.240000000001,6076.226405983046,6523.42984887463,7081.474422048197
2025-06-18 12:30:00,5906.633333333334,6080.978353473377,6528.3334355768175,7086.516615607565
2025-06-18 12:45:00,5919.7699999999995,6081.270540749201,6528.668452418944,7086.6547033738025
2025-06-18 13:00:00,5821.703333333334,6087.663291637626,6535.527187963012,7093.91104699009
2025-06-18 13:15:00,5835.093333333333,6096.029950615791,6544.864941328074,7103.610949924671
2025-06-18 13:30:00,5769.389999999999,6183.139813766993,6637.036656134447,7203.123284804121
2025-06-18 13:45:00,5932.703333333334,6311.087407261118,6772.216780772315,7349.295623235457
2025-06-18 14:00:00,6127.916666666667,6340.007636069599,6803.464248057348,7382.90586224813
2025-06-18 14:15:00,6263.836666666667,6340.0087851588105,6804.354659356106,7383.755210430908
2025-06-18 14:30:00,6302.79,6299.114028420426,6762.374125286011,7338.211532933794
2025-06-18 14:45:00,6369.046666666666,6101.395913259355,6555.728342103471,7114.300767845646
2025-06-18 15:00:00,6402.433333333333,5932.2211879585275,6379.151338965213,6923.035908727203
2025-06-18 15:15:00,6427.053333333333,5779.941722730272,6220.3767477419715,6750.742071730694
2025-06-18 15:30:00,6444.1466666666665,5662.477192007504,6098.247519219492,6618.221464283468
2025-06-18 15:45:00,6394.32,5558.782049796704,5990.64746957824,6501.509267420726
2025-06-18 16:00:00,6393.606666666667,5526.129592192727,5957.739064374027,6465.79680753213
2025-06-18 16:15:00,6349.613333333334,5485.603314494385,5916.122035743954,6420.386042726452
2025-06-18 16:30:00,6352.036666666667,5503.715677033228,5936.1511704902705,6441.837832401059
2025-06-18 16:45:00,6307.606666666667,5528.915296811534,5963.661053395073,6471.457992801082
2025-06-18 17:00:00,6282.57,5542.210319453815,5978.691973090301,6487.617073951257
2025-06-18 17:15:00,6259.876666666667,5541.53043640317,5977.358690534818,6484.963313628945
2025-06-18 17:30:00,6148.756666666667,5508.669713141583,5942.229518883385,6445.746299232947
2025-06-18 17:45:00,6082.893333333333,5440.302104074706,5869.80241941465,6366.169207535006
2025-06-18 18:00:00,6010.536666666667,5400.0688877224875,5826.928765360512,6318.669316954887
2025-06-18 18:15:00,5909.013333333333,5333.65272399507,5757.8746515445955,6243.7472232543605
2025-06-18 18:30:00,5828.62,5273.418810058457,5695.296270684118,6175.890283354251
2025-06-18 18:45:00,5751.723333333332,5201.402652193022,5620.313090915106,6094.636783457501
2025-06-18 19:00:00,5779.2266666666665,5099.053833316777,5513.429145413805,5978.857936414644
2025-06-18 19:15:00,5796.543333333334,5088.092619975297,5502.147047092781,5966.466815866204
2025-06-18 19:30:00,5878.123333333334,5083.061557156765,5497.0458956184775,5960.808574695885
2025-06-18 19:45:00,5945.683333333333,5095.334985900726,5510.068120866424,5974.820299670293
2025-06-18 20:00:00,5907.743333333333,5083.931125204701,5498.152958948359,5961.837963966418
2025-06-18 20:15:00,5962.556666666666,5125.051379882518,5541.59152427917,6009.023321236685
2025-06-18 20:30:00,5968.25,5121.141702793644,5537.647634082326,6004.88547540788
2025-06-18 20:45:00,5999.876666666667,5182.117104306676,5601.788085303125,6074.539165763778
2025-06-18 21:00:00,6023.953333333334,5176.975201789857,5596.380990091239,6068.843549339386
2025-06-18 21:15:00,6113.889999999999,5278.183547293378,5703.095736841402,6184.975567548769
2025-06-18 21:30:00,6201.110000000001,5351.03679401956,5779.924558490105,6268.7268561921055
2025-06-18 21:45:00,6284.509999999999,5451.959222606788,5886.140373831953,6384.320795300444
2025-06-18 22:00:00,6348.38,5522.34861252383,5960.173885599708,6465.037203519961
2025-06-18 22:15:00,6384.893333333333,5597.479337366414,6038.593128518958,6550.170899275411
2025-06-18 22:30:00,6405.603333333333,5666.1076949203925,6110.069304874651,6627.767700874895
2025-06-18 22:45:00,6438.670000000001,5705.332167028831,6150.540371286718,6671.750077188576
2025-06-18 23:00:00,6464.673333333333,5750.495579290722,6197.134159629456,6722.345384186515
2025-06-18 23:15:00,6480.610000000001,5756.304005595314,6202.350761428135,6728.218332750637
2025-06-18 23:30:00,6437.546666666666,5732.7122496325255,6176.4398529217215,6700.275746966701
2025-06-18 23:45:00,6388.6900000000005,5722.685091002306,6164.428149887994,6687.253241468422
2025-06-19 00:00:00,6288.653333333333,5588.810301475948,6022.940864384593,6534.246664123032
2025-06-19 00:15:00,6202.153333333333,5522.434863156285,5952.489969864095,6458.337319799399
2025-06-19 00:30:00,6106.936666666667,5452.921563887727,5878.6243581273075,6378.684515037631
2025-06-19 00:45:00,6025.110000000001,5375.20751947358,5796.026650669024,6289.523331553831
2025-06-19 01:00:00,5929.866666666666,5313.965203822546,5730.618852342706,6218.939771261434
2025-06-19 01:15:00,5841.03,5253.0001072964515,5665.511707471411,6148.711583987358
2025-06-19 01:30:00,5746.496666666666,5185.144016961976,5593.055915068008,6070.466188561356
2025-06-19 01:45:00,5632.71,5121.326858192851,5524.737498525037,5996.647549270307
2025-06-19 02:00:00,5552.983333333334,5049.270493345504,5447.66138889222,5913.280734479396
2025-06-19 02:15:00,5486.47,4987.791757314109,5381.47858647213,5841.576254323681
2025-06-19 02:30:00,5419.456666666667,4923.981004399146,5312.753049049269,5767.054934287438
2025-06-19 02:45:00,5350.746666666667,4854.928722358255,5238.433295536866,5686.409039320776
2025-06-19 03:00:00,5294.41,4799.564439367567,5178.411520254534,5621.192668346627
2025-06-19 03:15:00,5229.143333333333,4744.07239670469,5118.057651988091,5555.470725354253
2025-06-19 03:30:00,5171.026666666667,4698.639322173936,5068.2013079236,5501.0591713968815
2025-06-19 03:45:00,5104.74,4655.8304329803805,5021.038276280765,5449.501347309071
2025-06-19 04:00:00,5040.110000000001,4616.385464633523,4977.352468508107,5401.646886038426
2025-06-19 04:15:00,4996.17,4573.2993416673,4930.399683406246,5350.59551722679
2025-06-19 04:30:00,4949.16,4548.037133857933,4902.129509323755,5319.725149011251
2025-06-19 04:45:00,4899.54,4512.730546720336,4863.271942374068,5277.320077123738
2025-06-19 05:00:00,4836.723333333333,4475.937312851118,4822.824985804532,5233.1317408053255
2025-06-19 05:15:00,4771.723333333333,4431.502287981785,4776.51896594461,5184.001084173454
2025-06-19 05:30:00,4694.953333333334,4395.479382486579,4739.0382832034375,5144.375810601246
2025-06-19 05:45:00,4631.509999999999,4352.751893178034,4694.509696487337,5097.057860121168
2025-06-19 06:00:00,4600.016666666666,4329.861860790616,4670.825141486217,5072.272972519411
2025-06-19 06:15:00,4622.06,4334.22854902148,4674.205889142397,5075.706209159209
2025-06-19 06:30:00,4627.21,4329.806227788917,4668.372337121596,5069.1068051291595
2025-06-19 06:45:00,4604.429999999999,4303.112564606364,4639.16812760026,5037.137990448874
2025-06-19 07:00:00,4620.876666666667,4320.289146120457,4656.086775920993,5055.105457130622
2025-06-19 07:15:00,4642.033333333334,4320.423973770481,4655.873455876232,5054.9587997683375
2025-06-19 07:30:00,4677.863333333334,4334.650473234572,4670.51338593532,5070.871734275337
2025-06-19 07:45:00,4670.580000000001,4346.467604516197,4682.678213115808,5084.071034866073
2025-06-19 08:00:00,4703.830000000001,4384.305750106713,4722.24265940407,5126.932449061903
2025-06-19 08:15:00,4756.633333333334,4446.6428621186915,4787.979081813974,5198.373924284934
2025-06-19 08:30:00,4794.206666666666,4483.7802989458105,4827.3172938603475,5241.19052044869
2025-06-19 08:45:00,4899.163333333334,4517.727163017852,4863.385164179363,5280.447461770374
2025-06-19 09:00:00,4993.423333333333,4605.0986261833705,4955.666087648022,5380.604569956685
2025-06-19 09:15:00,5160.599999999999,4778.767711801384,5138.822062133845,5579.3069127003755
2025-06-19 09:30:00,5357.443333333334,4943.241149801426,5312.414515910213,5767.642911685456
2025-06-19 09:45:00,5508.62,5084.989098425268,5462.233864593461,5930.2194206324775
2025-06-19 10:00:00,5649.403333333333,5229.8177137977855,5615.395055276544,6096.422189372122
2025-06-19 10:15:00,5751.150000000001,5313.665947937412,5703.993313458886,6192.267192286119
2025-06-19 10:30:00,5836.473333333332,5399.366857574508,5794.649841444133,6290.35596644874
2025-06-19 10:45:00,5921.656666666667,5465.39541141947,5864.753768670595,6366.191682982172
2025-06-19 11:00:00,5967.363333333334,5509.96147500798,5912.4264979075,6417.742747275509
2025-06-19 11:15:00,6012.93,5561.12131065472,5966.7796336342035,6476.313852565666
2025-06-19 11:30:00,6076.453333333334,5596.288074955435,6004.450145759155,6516.837189772622
2025-06-19 11:45:00,6092.29,5612.825756941327,6022.669275453743,6536.316265339958
2025-06-19 12:00:00,6146.136666666666,5633.4474484020175,6045.298595153332,6560.610837318436
2025-06-19 12:15:00,6176.503333333334,5661.0032804830735,6075.453474239467,6593.181546654281
2025-06-19 12:30:00,6230.540000000001,5704.358226460976,6122.324521512007,6643.909051983574
2025-06-19 12:45:00,6227.69,5722.526096267153,6142.85163608477,6666.136859418344
2025-06-19 13:00:00,6175.873333333334,5647.590430432466,6065.682257688558,6582.550815835013
2025-06-19 13:15:00,6171.82,5655.0310057536935,6074.558491019565,6591.847680771988
2025-06-19 13:30:00,6253.860000000001,5630.649542254654,6050.112870508815,6565.091555442588
2025-06-19 13:45:00,6361.43,5766.497773746166,6194.104507236266,6720.909032117651
2025-06-19 14:00:00,6484.403333333333,5907.442538800072,6342.7640360897285,6881.47583847586
2025-06-19 14:15:00,6591.389999999999,6007.0539267356335,6446.972886888949,6993.362806194212
2025-06-19 14:30:00,6654.670000000001,6024.872242139671,6461.524630431138,7006.379719607844
2025-06-19 14:45:00,6685.856666666667,6041.673167272942,6477.314084119806,7021.8341465790845
2025-06-19 15:00:00,6733.09,6045.663598803287,6483.985052276774,7029.288851871792
2025-06-19 15:15:00,6752.21,6041.912298584045,6482.32105698608,7027.621826554963
2025-06-19 15:30:00,6768.45,6032.586123351478,6474.736057373141,7019.54092654468
2025-06-19 15:45:00,6717.34,5982.9162304174015,6424.52596771991,6965.19449124645
2025-06-19 16:00:00,6622.106666666667,5967.991832074812,6411.6545726193635,6951.403699434644
2025-06-19 16:15:00,6620.613333333334,5911.589018222638,6355.135626921616,6890.299418114959
2025-06-19 16:30:00,6594.68,5908.193232666772,6353.177145401367,6888.332836927872
2025-06-19 16:45:00,6550.2300000000005,5872.957503751131,6317.803913600135,6850.220623201886
2025-06-19 17:00:00,6512.106666666667,5849.62279288176,6294.961030421455,6825.747201078771
2025-06-19 17:15:00,6440.826666666667,5825.186571574206,6269.035040793929,6796.689329480542
2025-06-19 17:30:00,6387.743333333333,5729.672915378174,6168.449817097044,6686.789041758002
2025-06-19 17:45:00,6302.996666666666,5658.588416787827,6093.533288716535,6604.758757049537
2025-06-19 18:00:00,6192.516666666666,5589.812498017727,6021.038547818305,6525.406046994906
2025-06-19 18:15:00,6083.323333333334,5505.9516275072265,5933.292824524568,6429.98555896266
2025-06-19 18:30:00,5994.9766666666665,5434.715760844958,5858.791356824566,6348.964536470104
2025-06-19 18:45:00,5977.923333333333,5367.379293371465,5788.359653035132,6272.39864569276
2025-06-19 19:00:00,5945.57,5366.832915386023,5788.060806027245,6271.870145813456
2025-06-19 19:15:00,5946.673333333333,5380.637581027373,5803.40489805832,6288.738148684967
2025-06-19 19:30:00,5903.753333333333,5443.135775304475,5869.85558368074,6361.020067539139
2025-06-19 19:45:00,5976.796666666666,5505.542268247374,5936.153839686707,6433.168449153677
2025-06-19 20:00:00,5962.283333333333,5483.086576199509,5913.236086843172,6408.671019657695
2025-06-19 20:15:00,6014.376666666667,5533.794815625392,5967.477111999279,6468.050488235273
2025-06-19 20:30:00,6034.493333333333,5544.451584215069,5979.56587126581,6481.7741413123895
2025-06-19 20:45:00,6099.386666666666,5585.326571152179,6023.319231829608,6529.825219751142
2025-06-19 21:00:00,6124.4766666666665,5612.438021141548,6052.526005882011,6562.125548964783
2025-06-19 21:15:00,6239.53,5699.566846450023,6144.935770064595,6663.082587337965
2025-06-19 21:30:00,6384.670000000001,5788.685985387906,6239.339393631157,6766.203550878787
2025-06-19 21:45:00,6493.946666666667,5871.306910505064,6326.814764626071,6861.81628268655
2025-06-19 22:00:00,6585.733333333334,5937.372207251193,6396.791989969314,6938.46310828152
2025-06-19 22:15:00,6688.816666666667,5989.022295029858,6451.394615733875,6998.3594307380245
2025-06-19 22:30:00,6783.793333333334,6018.459391561243,6482.5491659002055,7032.834176074674
2025-06-19 22:45:00,6839.283333333333,6054.192653118807,6520.203778235998,7074.3347715315795
2025-06-19 23:00:00,6886.263333333333,6086.273852189648,6554.2714300389225,7112.097590760453
2025-06-19 23:15:00,6899.1033333333335,6100.00327586574,6568.859405873911,7128.688710019738
2025-06-19 23:30:00,6835.363333333334,6067.081341005598,6534.033678048045,7091.573729869676
2025-06-19 23:45:00,6770.135,6030.702363392419,6495.456454476293,7050.360576165157
2025-06-20 00:00:00,6704.906666666667,5896.821081134196,6354.3271841633195,6897.986271252994
2025-06-20 00:15:00,6598.670000000001,5824.422073940988,6277.669759756217,6815.4330290426315
2025-06-20 00:30:00,6480.826666666667,5744.958789808134,6193.472668571832,6724.6665672449335
2025-06-20 00:45:00,6357.57,5672.413998987029,6116.427202643056,6641.60318740151
2025-06-20 01:00:00,6240.343333333333,5591.330796356977,6030.296903532625,6548.646350530765
2025-06-20 01:15:00,6130.23,5516.8993973612105,5951.042551999758,6463.088374255347
2025-06-20 01:30:00,6014.37,5439.531482700122,5868.593983570404,6374.014894410982
2025-06-20 01:45:00,5912.136666666666,5347.06920163334,5770.182045371906,6267.587179114867
2025-06-20 02:00:00,5801.876666666667,5275.48245414992,5693.59929862874,6184.754968022084
2025-06-20 02:15:00,5701.983333333334,5216.537148743995,5630.321250250652,6116.360940734241
2025-06-20 02:30:00,5592.406666666667,5157.540613171374,5566.8965782825035,6047.746478867585
2025-06-20 02:45:00,5508.123333333333,5096.795484944138,5501.547241998706,5976.983736173577
2025-06-20 03:00:00,5434.953333333334,5043.746716644269,5444.201286218307,5914.829746608509
2025-06-20 03:15:00,5363.393333333333,4984.263946420273,5380.141353289133,5845.417718219572
2025-06-20 03:30:00,5294.036666666667,4927.631422283689,5319.005723868107,5779.109803374379
2025-06-20 03:45:00,5222.8533333333335,4867.906565538822,5254.557841425554,5709.1480403813985
2025-06-20 04:00:00,5150.983333333334,4804.862976722855,5186.566631214111,5635.282232052546
2025-06-20 04:15:00,5085.123333333333,4743.847074904556,5120.534249667451,5563.393493074347
2025-06-20 04:30:00,5023.633333333334,4711.274699645895,5084.341055900492,5523.774923374409
2025-06-20 04:45:00,4962.93,4671.609919803903,5040.66170636315,5475.982123308255
2025-06-20 05:00:00,4916.253333333333,4620.693839477134,4985.134577797604,5415.290158062339
2025-06-20 05:15:00,4868.636666666666,4551.440477652349,4910.323076061475,5333.642342633436
2025-06-20 05:30:00,4803.28,4486.236234351378,4839.753301738837,5256.533151007259
2025-06-20 05:45:00,4730.2733333333335,4424.238602610254,4772.54796413564,5183.01400348473
2025-06-20 06:00:00,4715.746666666667,4379.149838146357,4723.109988685566,5128.694066700069
2025-06-20 06:15:00,4723.88,4386.550214449735,4730.285878846125,5136.646903647047
2025-06-20 06:30:00,4716.286666666667,4405.079045551105,4749.172031488866,5157.240771873622
2025-06-20 06:45:00,4669.886666666666,4378.770342313996,4720.980307221457,5126.776294520839
2025-06-20 07:00:00,4710.736666666667,4392.725588481662,4735.122798376148,5142.1427588479155
2025-06-20 07:15:00,4731.43,4401.962343006105,4744.714855176043,5152.78400867174
2025-06-20 07:30:00,4706.326666666667,4424.857230397736,4768.704701860388,5178.991317667621
2025-06-20 07:45:00,4734.873333333333,4339.797839358267,4679.337809023317,5082.334624231375
2025-06-20 08:00:00,4752.89,4357.524567745366,4698.017157404496,5102.728016471259
2025-06-20 08:15:00,4777.92,4402.411933331877,4745.17828794458,5153.878581540067
2025-06-20 08:30:00,4826.669999999999,4438.3180193230555,4782.979663527945,5194.866988321516
2025-06-20 08:45:00,4931.363333333334,4521.636674664903,4870.672514497978,5289.901418808001
2025-06-20 09:00:00,5037.593333333333,4606.673633033782,4960.257668151531,5386.974527600936
2025-06-20 09:15:00,5225.56,4762.8362685643515,5123.927495458047,5563.828861302694
2025-06-20 09:30:00,5434.11,4942.856503303116,5312.7583387078985,5767.944054466294
2025-06-20 09:45:00,5591.41,5077.811535769845,5454.346788557071,5920.868642717133
2025-06-20 10:00:00,5703.056666666666,5207.611608417774,5590.625031241132,6068.044206204378
2025-06-20 10:15:00,5792.96,5283.3402457145385,5669.963464423222,6153.3666833713605
2025-06-20 10:30:00,5890.986666666667,5380.808042104004,5772.2521824084215,6263.5713359205565
2025-06-20 10:45:00,5959.486666666667,5459.801955159213,5855.247371126655,6352.887249661154
2025-06-20 11:00:00,6025.776666666668,5498.0201642035345,5895.521603259871,6395.9327067836475
2025-06-20 11:15:00,6048.493333333333,5542.512045335888,5942.626404809234,6446.486693884783
2025-06-20 11:30:00,5981.259999999999,5601.944352947272,6005.546188352882,6514.2070331706645
2025-06-20 11:45:00,5979.02,5616.450737616028,6021.388086961427,6530.947275116363
2025-06-20 12:00:00,6158.93,5666.884972696797,6075.094154471673,6588.7534514578865
2025-06-20 12:15:00,6236.426666666666,5704.002644334747,6114.6862933989205,6631.1430755581
2025-06-20 12:30:00,6324.513333333333,5753.695733874232,6167.607902971621,6688.019699913553
2025-06-20 12:45:00,6064.556666666666,5758.11497637552,6173.083150335658,6693.53021892561
2025-06-20 13:00:00,6152.66,5701.261405287346,6114.302101404038,6629.462390607925
2025-06-20 13:15:00,6146.099999999999,5723.386092846691,6138.726540034909,6655.688597815505
2025-06-20 13:30:00,6173.803333333333,5825.267852106675,6247.050072386181,6772.881404959383
2025-06-20 13:45:00,6239.113333333334,5936.008910691754,6364.786640238028,6900.330562818645
2025-06-20 14:00:00,6304.25,6056.367473463672,6492.796578738908,7039.001801665786
2025-06-20 14:15:00,6373.263333333333,6154.8820079980605,6599.310450620683,7154.972185438375
2025-06-20 14:30:00,6409.426666666666,6212.776655359905,6662.463455681369,7223.655374547626
2025-06-20 14:45:00,6513.596666666667,6244.231324180708,6697.354569707185,7261.510194831421
2025-06-20 15:00:00,6585.876666666667,6280.738867894789,6737.9225195721065,7305.71340595166
2025-06-20 15:15:00,6647.829999999999,6292.759824960447,6752.097139910888,7320.9847444757415
2025-06-20 15:30:00,6643.746666666666,6292.310018552401,6753.189101368319,7322.120525847927
2025-06-20 15:45:00,6630.893333333333,6248.253075103275,6708.242770125672,7273.299348475915
2025-06-20 16:00:00,6580.400000000001,6172.843601115034,6630.610290395379,7189.132082681808
2025-06-20 16:15:00,6531.259999999999,6153.335643122317,6611.269231357259,7167.86717187333
2025-06-20 16:30:00,6468.546666666666,6123.443392045356,6581.061357148872,7134.890388269778
2025-06-20 16:45:00,6427.53,6074.43804778809,6530.809097690687,7080.255982354513
2025-06-20 17:00:00,6370.900000000001,6022.827009910582,6480.770296479287,7026.031025883831
2025-06-20 17:15:00,6338.416666666667,5953.500824395401,6409.022279047941,6948.216684850038
2025-06-20 17:30:00,6230.923333333333,5887.634203894755,6340.920883511509,6874.411466106408
2025-06-20 17:45:00,6151.503333333334,5801.98449495172,6252.040408690888,6778.145849383793
2025-06-20 18:00:00,6073.756666666667,5695.807741819682,6141.591446900269,6658.562156425378
2025-06-20 18:15:00,5972.673333333333,5591.309832809309,6032.043590901144,6539.435625262081
2025-06-20 18:30:00,5932.033333333333,5504.163772405306,5940.70584135208,6440.089512052661
2025-06-20 18:45:00,5798.786666666667,5476.069941706047,5911.379409680404,6407.983490018613
2025-06-20 19:00:00,5654.900000000001,5442.727019872143,5876.504096741182,6369.90679161524
2025-06-20 19:15:00,5587.0,5444.556153277488,5879.631967212327,6373.781734312128
2025-06-20 19:30:00,5591.663333333333,5423.474852362238,5858.641917046627,6351.557969444649
2025-06-20 19:45:00,5663.22,5486.496010058559,5925.950753662037,6425.045737654408
2025-06-20 20:00:00,5675.079999999999,5474.165171642833,5914.034639311935,6412.713917408458
2025-06-20 20:15:00,5790.923333333333,5522.116514103539,5965.136144832672,6468.528543181182
2025-06-20 20:30:00,5999.81,5545.972246847272,5990.848030722931,6496.8512098530355
2025-06-20 20:45:00,6002.1033333333335,5604.1384685355015,6052.5237082770855,6564.159866843806
2025-06-20 21:00:00,6025.81,5629.683243461865,6079.841366452765,6594.250279793576
2025-06-20 21:15:00,6107.876666666667,5737.349856097809,6193.584157457801,6718.160711964966
2025-06-20 21:30:00,6218.946666666667,5870.496608646282,6333.998363368842,6870.975451930142
2025-06-20 21:45:00,6312.44,5976.431387986137,6445.723195906251,6992.701800607987
2025-06-20 22:00:00,6389.150000000001,6062.30889203398,6536.271180137077,7091.476033155594
2025-06-20 22:15:00,6488.626666666667,6153.167046427644,6631.8211477972,7195.579649114295
2025-06-20 22:30:00,6554.426666666666,6238.916998027021,6722.166491934183,7294.157667937023
2025-06-20 22:45:00,6630.213333333333,6297.989456372404,6785.087346787994,7363.334893906214
2025-06-20 23:00:00,6649.786666666667,6346.830713224692,6836.991310565811,7420.4819802877555
2025-06-20 23:15:00,6667.463333333333,6360.145188152449,6850.966487740001,7436.301893039124
2025-06-20 23:30:00,6618.509999999999,6311.764183247599,6799.778412182186,7381.375373022884
2025-06-20 23:45:00,6558.193333333333,6260.624738938846,6745.572768099929,7323.145956549372
2025-06-21 00:00:00,6497.876666666667,6181.930853544804,6578.446995019392,7190.728980932122
2025-06-21 00:15:00,6393.366666666666,6089.226499541967,6480.457513182444,7085.060508472644
2025-06-21 00:30:00,6285.856666666667,5989.848292227611,6375.338529404859,6971.623267443756
2025-06-21 00:45:00,6179.986666666667,5888.531725195411,6268.066483834377,6855.806631128983
2025-06-21 01:00:00,6096.693333333334,5788.150170952702,6161.6620397530605,6740.880908666813
2025-06-21 01:15:00,6009.669999999999,5689.256399814569,6056.83002353073,6627.688642807694
2025-06-21 01:30:00,5898.93,5587.725083029475,5949.117877418713,6511.321215304188
2025-06-21 01:45:00,5822.656666666667,5496.513095991094,5852.141064638289,6406.530032756454
2025-06-21 02:00:00,5728.21,5399.491922179199,5748.959448499461,6294.956963621072
2025-06-21 02:15:00,5661.860000000001,5315.119530110124,5658.238957002146,6196.3378851390535
2025-06-21 02:30:00,5576.093333333333,5222.111423772024,5558.353295736102,6087.725954573827
2025-06-21 02:45:00,5514.393333333333,5146.785852519564,5476.95660488658,5999.085778654025
2025-06-21 03:00:00,5436.836666666666,5079.311275531769,5403.725747740332,5919.230388725072
2025-06-21 03:15:00,5370.486666666667,5013.926311453296,5332.492288442886,5841.393642603914
2025-06-21 03:30:00,5314.62,4949.605334770542,5262.306554363496,5764.627566257719
2025-06-21 03:45:00,5263.31,4883.7664636291465,5190.462614609948,5685.99995295562
2025-06-21 04:00:00,5195.556666666666,4815.02214276623,5115.509526463938,5603.938767280162
2025-06-21 04:15:00,5138.9766666666665,4755.933578408996,5051.745159566838,5534.670515951368
2025-06-21 04:30:00,5101.31,4701.8895744280835,4993.237879237318,5471.035484727318
2025-06-21 04:45:00,5041.513333333333,4646.139450386037,4932.903077379827,5405.357869549457
2025-06-21 05:00:00,5001.253333333333,4597.865878740819,4880.395296287191,5348.1005296076255
2025-06-21 05:15:00,4928.826666666667,4547.469463341992,4827.704844697853,5291.970315336956
2025-06-21 05:30:00,4835.463333333333,4483.742660848622,4760.99784522984,5220.594217972849
2025-06-21 05:45:00,4613.56,4415.259557606116,4689.289736978569,5143.743333010604
2025-06-21 06:00:00,4597.919999999999,4394.548622656019,4667.772850265981,5121.225868307602
2025-06-21 06:15:00,4727.453333333334,4399.5130318086685,4672.146377959524,5125.97920299891
2025-06-21 06:30:00,4746.846666666667,4388.085921862824,4659.318686389501,5112.045341038969
2025-06-21 06:45:00,4734.516666666666,4342.2901305818505,4610.411313388864,5058.970681615709
2025-06-21 07:00:00,4736.3533333333335,4361.740503213082,4630.0835600180735,5080.166253576937
2025-06-21 07:15:00,4719.096666666667,4370.73216478129,4639.053294871424,5089.888830485814
2025-06-21 07:30:00,4700.676666666666,4347.527087258446,4614.247362084852,5062.977130699754
2025-06-21 07:45:00,4701.613333333334,4363.8408527309875,4631.01457721599,5081.0820950512425
2025-06-21 08:00:00,4707.9366666666665,4377.0803094048515,4644.614925233832,5095.727596749644
2025-06-21 08:15:00,4748.293333333334,4396.4653681255495,4664.497813196084,5116.9939237663575
2025-06-21 08:30:00,4776.823333333334,4442.83178585835,4712.8019838413575,5169.03729336582
2025-06-21 08:45:00,4800.653333333333,4524.5732401283585,4798.3514365480705,5261.423382549333
2025-06-21 09:00:00,4857.206666666666,4603.678959556161,4881.218998414347,5350.891594073796
2025-06-21 09:15:00,5021.330000000001,4768.938164361127,5054.202125775595,5537.674851117454
2025-06-21 09:30:00,5160.3133333333335,4952.744228249216,5246.766999028545,5745.673319551282
2025-06-21 09:45:00,5278.856666666667,5086.285583327005,5386.62706678212,5896.562161253092
2025-06-21 10:00:00,5418.676666666667,5200.322091933297,5506.101459364202,6025.366333341919
2025-06-21 10:15:00,5602.02,5297.092428238255,5608.275207199075,6135.921617722892
2025-06-21 10:30:00,5686.07,5388.998988547615,5705.451165646231,6241.0747895281565
2025-06-21 10:45:00,5770.283333333333,5461.894968158959,5782.769760133346,6324.728256198874
2025-06-21 11:00:00,5858.573333333334,5528.627627844978,5853.729907477878,6401.513362414118
2025-06-21 11:15:00,5929.746666666666,5559.347909691947,5886.366768656122,6436.390016280578
2025-06-21 11:30:00,5986.276666666668,5538.978301712164,5865.449567667443,6413.265334769496
2025-06-21 11:45:00,6051.37,5549.41848306538,5877.019661245434,6425.376686267786
2025-06-21 12:00:00,6114.426666666666,5689.395596887741,6024.796214212419,6585.116815212324
2025-06-21 12:15:00,6170.79,5757.803770252054,6094.950384644954,6659.075763155593
2025-06-21 12:30:00,6239.196666666667,5832.283138821307,6171.60092637226,6740.117424855927
2025-06-21 12:45:00,6292.746666666666,5663.228398911507,5992.520099839847,6544.09717628911
2025-06-21 13:00:00,6236.363333333334,5707.8745348136645,6038.060315035167,6591.523529070033
2025-06-21 13:15:00,6240.139999999999,5705.138992349353,6036.245889839177,6589.236090234204
2025-06-21 13:30:00,6271.746666666667,5745.930465477635,6080.268581642421,6636.671627341082
2025-06-21 13:45:00,6411.1466666666665,5832.014146606503,6171.979395182804,6735.838062757854
2025-06-21 14:00:00,6508.490000000001,5895.867457971137,6240.4376757465625,6809.866673588179
2025-06-21 14:15:00,6632.073333333334,5961.817889703669,6311.439890793985,6886.874870416208
2025-06-21 14:30:00,6752.823333333334,6007.465734506045,6361.20575088413,6940.9330938978355
2025-06-21 14:45:00,6812.056666666666,6095.292885038352,6455.371309148651,7043.165172191528
2025-06-21 15:00:00,6824.323333333334,6153.874415065549,6519.284396640182,7112.695195992173
2025-06-21 15:15:00,6827.47,6196.3605229011055,6565.634808915143,7162.770073942747
2025-06-21 15:30:00,6790.496666666666,6193.030832748906,6563.922874523369,7160.829650854578
2025-06-21 15:45:00,6744.546666666666,6165.779050680119,6537.142823154938,7131.790356012679
2025-06-21 16:00:00,6689.716666666667,6114.15045392751,6485.5897226359075,7076.00296419067
2025-06-21 16:15:00,6605.240000000001,6064.339853976397,6435.996316641848,7022.403136924544
2025-06-21 16:30:00,6449.34,6008.229177186722,6379.826824236094,6961.740832896383
2025-06-21 16:45:00,6303.706666666666,5963.946629296035,6336.118666996604,6914.643819972232
2025-06-21 17:00:00,6201.19,5902.30030049867,6274.196327011155,6847.871094233296
2025-06-21 17:15:00,6135.13,5860.327665393679,6231.453118439417,6801.42028375739
2025-06-21 17:30:00,6077.506666666667,5764.885403536684,6132.159019759937,6693.73348215566
2025-06-21 17:45:00,6037.696666666667,5689.365697481709,6053.799144762808,6608.786451648824
2025-06-21 18:00:00,5965.616666666666,5607.533711478198,5968.804296119648,6516.703168907319
2025-06-21 18:15:00,5889.856666666667,5508.3649577218475,5865.219892653513,6404.282912895759
2025-06-21 18:30:00,5847.073333333334,5462.668501346512,5817.792422888235,6352.761923875976
2025-06-21 18:45:00,5846.046666666666,5356.249583563593,5706.545345116407,6232.131738869168
2025-06-21 19:00:00,5826.22,5253.276854312734,5598.884330038234,6115.4294226132315
2025-06-21 19:15:00,5873.06,5212.566562450653,5557.078606317963,6070.451830045741
2025-06-21 19:30:00,5929.456666666666,5222.55857148199,5568.4898191231305,6083.1749025467225
2025-06-21 19:45:00,6025.896666666667,5285.2521895194795,5635.211330363258,6155.863363257185
2025-06-21 20:00:00,6092.453333333334,5305.117421891877,5656.876010610651,6179.7565105003005
2025-06-21 20:15:00,6164.413333333333,5401.835109631879,5759.5744976504875,6291.725503014739
2025-06-21 20:30:00,6216.406666666667,5561.251340615696,5928.066139375044,6475.007390577075
2025-06-21 20:45:00,6270.986666666667,5584.897452025636,5953.841083204149,6503.658657834987
2025-06-21 21:00:00,6298.490000000001,5617.231267826859,5988.65589654773,6542.117252653942
2025-06-21 21:15:00,6384.893333333333,5701.820845337057,6078.154795378537,6639.757215997605
2025-06-21 21:30:00,6491.956666666666,5808.674974463661,6190.946929227719,6762.640921051248
2025-06-21 21:45:00,6603.3,5905.122563414581,6292.704865256438,6873.56722812855
2025-06-21 22:00:00,6736.9800000000005,5979.72063205388,6371.403085670515,6959.501160582151
2025-06-21 22:15:00,6800.323333333334,6070.171772794076,6466.890295835841,7063.781103384512
2025-06-21 22:30:00,6836.72,6134.377905404093,6534.693540392757,7138.049495820545
2025-06-21 22:45:00,6932.593333333333,6200.553359616341,6604.451223088433,7214.418140063536
2025-06-21 23:00:00,6937.37,6233.4173189743515,6639.0965509844755,7252.717747670211
2025-06-21 23:15:00,6943.4766666666665,6245.895069331321,6650.947823420665,7265.681118331481
2025-06-21 23:30:00,6931.463333333333,6204.5496390605795,6606.108751600376,7217.173581745953
2025-06-21 23:45:00,6865.336666666667,6153.060527591242,6550.4934453449005,7156.955926402039
2025-06-22 00:00:00,6698.683333333333,6029.664958912618,6419.711949204939,7015.483145872175
2025-06-22 00:15:00,6636.376666666667,5945.1528068106445,6330.4505082332325,6919.353745346669
2025-06-22 00:30:00,6590.03,5851.681895095304,6231.659126022325,6812.854481290901
2025-06-22 00:45:00,6516.636666666666,5759.844499157395,6134.467164254446,6708.041978773289
2025-06-22 01:00:00,6427.086666666667,5682.0925410997625,6051.958161373642,6619.090590159387
2025-06-22 01:15:00,6346.093333333333,5599.243133681379,5963.98176901747,6524.162930419021
2025-06-22 01:30:00,6230.286666666667,5504.5009508283165,5863.4020396178985,6415.524127080484
2025-06-22 01:45:00,6142.336666666667,5434.849876332414,5789.076335873342,6335.277487527903
2025-06-22 02:00:00,6048.816666666667,5349.81098057266,5698.482864420987,6237.344821517909
2025-06-22 02:15:00,5973.709999999999,5281.645008838017,5625.396307927075,6158.240937464112
2025-06-22 02:30:00,5888.533333333333,5200.360051003183,5538.434619649372,6064.040527815969
2025-06-22 02:45:00,5816.003333333334,5126.987103469702,5459.697344488468,5978.689288591421
2025-06-22 03:00:00,5743.5233333333335,5050.148727932933,5377.2372821674,5889.240430108884
2025-06-22 03:15:00,5680.52,4971.699744980738,5293.130525203543,5798.024395662208
2025-06-22 03:30:00,5598.973333333332,4900.426296363114,5216.492061966474,5714.836302688158
2025-06-22 03:45:00,5524.32,4795.777140325578,5104.726735659216,5593.520329280445
2025-06-22 04:00:00,5434.016666666666,4713.682057226831,5016.599107719512,5497.753431953649
2025-06-22 04:15:00,5367.366666666667,4630.528387897657,4927.431206400469,5400.876690194872
2025-06-22 04:30:00,5305.759999999999,4584.216495017713,4876.925388162279,5345.830529644646
2025-06-22 04:45:00,5267.696666666667,4531.655318334615,4819.819166121976,5283.5699317888375
2025-06-22 05:00:00,5206.886666666666,4496.354631458964,4780.818612962716,5240.867462075965
2025-06-22 05:15:00,5121.69,4436.740961486325,4717.107116796506,5171.89906278861
2025-06-22 05:30:00,5054.176666666666,4375.641863837615,4651.822955485461,5101.168862547183
2025-06-22 05:45:00,4985.7266666666665,4229.856793922822,4497.566485138644,4933.973418933961
2025-06-22 06:00:00,4948.57,4221.321521651908,4487.503173155679,4922.971069487318
2025-06-22 06:15:00,4921.759999999999,4309.356198077537,4579.390520704766,5022.716498345024
2025-06-22 06:30:00,4873.826666666667,4318.554597722082,4588.474462060584,5032.6887764323055
2025-06-22 06:45:00,4844.316666666667,4300.7520195668085,4569.21896284032,5011.907514128141
2025-06-22 07:00:00,4823.5233333333335,4299.898470807209,4567.803873678018,5010.41592093643
2025-06-22 07:15:00,4800.083333333333,4287.895193906818,4555.325151596597,4997.3043553045945
2025-06-22 07:30:00,4778.1866666666665,4273.381205754968,4540.257820962459,4981.352536548424
2025-06-22 07:45:00,4750.3,4274.50488317942,4541.674943481429,4983.231492428013
2025-06-22 08:00:00,4733.32,4281.003006115688,4548.801152292471,4991.268890880968
2025-06-22 08:15:00,4738.47,4312.560009548575,4582.322726331276,5027.884082522007
2025-06-22 08:30:00,4742.54,4334.035615296688,4605.32880143698,5053.084761844158
2025-06-22 08:45:00,4741.133333333333,4360.164580426291,4633.305084084533,5083.655173204208
2025-06-22 09:00:00,4769.093333333333,4407.474130846429,4683.620033954626,5138.419764074995
2025-06-22 09:15:00,4901.37,4540.720478491355,4824.066128788222,5290.679169116602
2025-06-22 09:30:00,5021.849999999999,4658.4982590207,4948.35860227383,5425.431255173673
2025-06-22 09:45:00,5108.7,4759.265365253457,5054.297080685587,5540.272524823402
2025-06-22 10:00:00,5198.59,4880.175789196407,5179.553912249465,5675.9739734442255
2025-06-22 10:15:00,5286.240000000001,5027.788588807681,5333.192011147188,5842.217488936509
2025-06-22 10:30:00,5365.306666666666,5110.203686206799,5418.447696346847,5934.375869129848
2025-06-22 10:45:00,5443.153333333333,5192.012028224676,5503.180405827504,6025.985117633664
2025-06-22 11:00:00,5514.306666666666,5276.409564066099,5590.7497401678875,6120.689705019943
2025-06-22 11:15:00,5582.083333333333,5340.913660400945,5657.757648179135,6192.918748833902
2025-06-22 11:30:00,5636.69,5386.530458284297,5705.042363057473,6243.805290100708
2025-06-22 11:45:00,5709.099999999999,5441.636828839416,5762.416129788474,6305.657325109279
2025-06-22 12:00:00,5785.786666666667,5514.9269353378295,5839.012745357197,6388.375723663866
2025-06-22 12:15:00,5818.043333333334,5575.253723703397,5902.256316630014,6456.517675137617
2025-06-22 12:30:00,5839.420000000001,5636.889487088055,5966.993244206008,6526.32111722337
2025-06-22 12:45:00,5879.733333333334,5662.540497515232,5994.042593319258,6555.332986402652
2025-06-22 13:00:00,5804.166666666667,5624.41574929761,5954.206143269218,6511.917202017858
2025-06-22 13:15:00,5823.1033333333335,5625.105243995811,5955.4052708524705,6512.871796095434
2025-06-22 13:30:00,5917.93,5661.117501519491,5993.82242644141,6554.209796912011
2025-06-22 13:45:00,6021.313333333334,5770.016339435617,6108.917345861387,6678.691617836752
2025-06-22 14:00:00,6111.833333333333,5854.731289950037,6198.707437861141,6775.81176592418
2025-06-22 14:15:00,6221.07,5958.768436826114,6309.040830846701,6895.105299483477
2025-06-22 14:30:00,6293.923333333333,6059.44250622621,6417.457053979478,7013.0924804274555
2025-06-22 14:45:00,6383.243333333333,6119.990081235159,6483.339299757556,7084.835780601767
2025-06-22 15:00:00,6424.003333333334,6140.957076520518,6506.8836979299695,7110.375408510331
2025-06-22 15:15:00,6436.8,6149.288078134514,6517.139983407104,7121.43098861494
2025-06-22 15:30:00,6420.473333333334,6129.799234578215,6498.183665725658,7100.87052892256
2025-06-22 15:45:00,6399.29,6093.3641588438295,6461.487815107976,7061.152386836708
2025-06-22 16:00:00,6324.873333333333,6041.651325714665,6408.798498083793,7004.168391347288
2025-06-22 16:15:00,6252.41,5969.7978903883195,6334.513523358984,6923.521813680184
2025-06-22 16:30:00,6178.046666666666,5847.280547349202,6207.045438127337,6785.309796903024
2025-06-22 16:45:00,6039.256666666667,5726.459103509292,6081.394136758572,6649.128728840004
2025-06-22 17:00:00,6030.286666666667,5641.160517727414,5993.089428347106,6553.477116986518
2025-06-22 17:15:00,5971.383333333334,5576.028438347736,5923.558568680609,6476.599286765803
2025-06-22 17:30:00,5869.389999999999,5510.660001311998,5853.791529230995,6399.523209007258
2025-06-22 17:45:00,5757.2733333333335,5459.434832884243,5798.887204935336,6338.607868977748
2025-06-22 18:00:00,5691.9766666666665,5390.580945477529,5725.4592685201615,6257.673852382636
2025-06-22 18:15:00,5633.056666666666,5320.577251889808,5653.1226748534355,6179.520666070927
2025-06-22 18:30:00,5542.849999999999,5280.817034834491,5612.539662163978,6135.8234878711955
2025-06-22 18:45:00,5534.393333333333,5267.801179167037,5600.026498199325,6122.587722698445
2025-06-22 19:00:00,5580.606666666667,5238.299352849734,5570.159396821179,6090.589425902148
2025-06-22 19:15:00,5619.966666666667,5270.722419135152,5605.184914185648,6128.865492004937
2025-06-22 19:30:00,5711.36,5323.311882143002,5661.34745988414,6190.080716150736
2025-06-22 19:45:00,5794.4766666666665,5412.220163177934,5755.609140805107,6292.6114630713255
2025-06-22 20:00:00,5880.686666666667,5473.65987825209,5820.950457601719,6363.832230430899
2025-06-22 20:15:00,5977.87,5549.570475777897,5901.546549729154,6451.688374883353
2025-06-22 20:30:00,6029.823333333334,5619.202203347071,5975.470639775001,6532.33480636991
2025-06-22 20:45:00,6062.123333333333,5672.046586144496,6031.676999391326,6593.798401872849
2025-06-22 21:00:00,6091.553333333333,5707.064236283559,6069.068127145831,6634.8857815049305
2025-06-22 21:15:00,6221.386666666666,5800.404612858517,6167.881908666947,6742.700713434864
2025-06-22 21:30:00,6319.150000000001,5904.607381562025,6278.010231944039,6862.779380164776
2025-06-22 21:45:00,6435.603333333333,6014.609469768547,6394.129643036374,6989.349099041855
2025-06-22 22:00:00,6533.580000000001,6130.427283495411,6516.253437661505,7122.420046103382
2025-06-22 22:15:00,6628.136666666666,6197.818944119358,6587.271974160589,7200.023061949424
2025-06-22 22:30:00,6687.97,6245.393955621119,6637.525000681663,7255.18819221306
2025-06-22 22:45:00,6761.6466666666665,6345.051515163728,6743.9252914277795,7371.8964673368955
2025-06-22 23:00:00,6806.386666666666,6368.71283741698,6768.7446742563725,7399.42558436597
2025-06-22 23:15:00,6810.666666666667,6382.084287513266,6782.659558662439,7415.124196230079
2025-06-22 23:30:00,6823.173333333333,6373.075904817543,6772.834925256245,7405.018739178588
2025-06-22 23:45:00,6759.626666666667,6308.698715957944,6704.7221891332665,7331.7197197999585
2025-06-23 00:00:00,6679.803333333333,6400.4961039757045,6884.413852799601,7478.694365389224
2025-06-23 00:15:00,6594.599999999999,6344.708715759363,6825.20798996096,7415.051482162671
2025-06-23 00:30:00,6497.966666666667,6303.674466081559,6781.383042018172,7368.031920529144
2025-06-23 00:45:00,6408.55,6232.309868123478,6705.577443704971,7286.312050354523
2025-06-23 01:00:00,6303.81,6150.273045326374,6618.4453059970265,7192.26962997032
2025-06-23 01:15:00,6226.639999999999,6072.994548185276,6536.078284828499,7103.257348752249
2025-06-23 01:30:00,6128.656666666667,5974.465790558282,6431.277293809217,6989.8815364865595
2025-06-23 01:45:00,6050.546666666666,5896.613464021276,6348.092429379227,6899.872301275265
2025-06-23 02:00:00,5974.2,5811.360055820593,6257.030374827997,6801.2689958547635
2025-06-23 02:15:00,5891.4800000000005,5743.985450829896,6185.018423543096,6723.492431452371
2025-06-23 02:30:00,5803.41,5666.007245622963,6101.773913223238,6633.482810098552
2025-06-23 02:45:00,5724.81,5601.619212593274,6032.7190859743505,6558.786273347366
2025-06-23 03:00:00,5639.753333333334,5535.153844475026,5961.399751399302,6481.5722965703835
2025-06-23 03:15:00,5572.556666666666,5472.7941861908075,5894.195852635431,6408.672050952131
2025-06-23 03:30:00,5500.366666666666,5402.424118973044,5818.50644897777,6326.512350610639
2025-06-23 03:45:00,5435.386666666666,5337.104884433186,5748.0597050107,6249.968830469636
2025-06-23 04:00:00,5365.076666666667,5258.339624841302,5663.430268308291,6157.992542472081
2025-06-23 04:15:00,5314.9766666666665,5198.384400204581,5598.512195557441,6087.311258727326
2025-06-23 04:30:00,5260.776666666667,5142.318412240709,5537.637468391386,6020.947996008554
2025-06-23 04:45:00,5203.7,5105.06866971711,5496.495269056609,5975.904429639231
2025-06-23 05:00:00,5166.96,5050.192114636625,5436.807410034803,5910.7039333799685
2025-06-23 05:15:00,5082.166666666667,4975.0668148988925,5357.894469536115,5825.996373344707
2025-06-23 05:30:00,5017.41,4909.136675248137,5288.6295001950375,5751.685595395269
2025-06-23 05:45:00,4944.446666666667,4831.015426407115,5206.552683247424,5663.436381795484
2025-06-23 06:00:00,4927.39,4770.245287052591,5142.707832002656,5594.889819263299
2025-06-23 06:15:00,4928.786666666667,4766.740436260967,5138.1838638192075,5590.001905494931
2025-06-23 06:30:00,4950.62,4736.077139650303,5105.147335507202,5554.169925367346
2025-06-23 06:45:00,4886.966666666667,4708.222541060555,5075.088325769568,5521.519186987619
2025-06-23 07:00:00,4906.89,4688.991722703604,5054.123522692075,5498.680808463557
2025-06-23 07:15:00,4926.193333333334,4671.987919663001,5036.026593849364,5479.237072968779
2025-06-23 07:30:00,4958.883333333334,4650.226069887267,5012.980087687864,5454.394759311483
2025-06-23 07:45:00,4988.5633333333335,4630.5356888850765,4992.165882671716,5431.939713432337
2025-06-23 08:00:00,5061.026666666666,4619.726606432167,4980.744935958814,5419.635246590458
2025-06-23 08:15:00,5102.233333333334,4633.481951697014,4994.956676256813,5434.919254636893
2025-06-23 08:30:00,5159.996666666667,4646.325639457246,5008.286312508972,5449.227412534367
2025-06-23 08:45:00,5207.486666666667,4657.654043201104,5020.105604335007,5461.883033221986
2025-06-23 09:00:00,5380.586666666667,4693.750959160326,5058.032908666482,5502.817262894109
2025-06-23 09:15:00,5573.706666666666,4824.159833573596,5195.254833375353,5651.420098603377
2025-06-23 09:30:00,5755.66,4948.689630734992,5326.397505345317,5793.432112753602
2025-06-23 09:45:00,5914.05,5034.299454189911,5416.75373711299,5891.249136227953
2025-06-23 10:00:00,6046.75,5122.725795199189,5510.174305362566,5992.391716950716
2025-06-23 10:15:00,6180.056666666666,5211.835999430334,5603.570925140619,6092.94752175707
2025-06-23 10:30:00,6267.573333333334,5285.161250991276,5680.496365285105,6175.668748992581
2025-06-23 10:45:00,6387.343333333333,5353.551272090666,5752.351491521169,6252.913388777924
2025-06-23 11:00:00,6433.23,5416.054842353611,5818.139039190297,6323.604850744087
2025-06-23 11:15:00,6489.156666666667,5472.597096780405,5876.809015152514,6385.95776841531
2025-06-23 11:30:00,6544.583333333333,5524.526124365482,5930.751617466822,6443.217521949887
2025-06-23 11:45:00,6612.766666666666,5585.651517898128,5994.475239333825,6511.108988128869
2025-06-23 12:00:00,6688.316666666667,5646.575077351715,6058.106500144606,6578.937025897472
2025-06-23 12:15:00,6721.759999999999,5664.605206145492,6075.213720658394,6595.3333209404
2025-06-23 12:30:00,6842.076666666667,5687.678656202459,6097.737465559552,6617.642217106839
2025-06-23 12:45:00,6799.016666666666,5720.11883159673,6130.218242483217,6650.786822222667
2025-06-23 13:00:00,6718.03,5645.009888353588,6049.826523339855,6561.672992527834
2025-06-23 13:15:00,6739.356666666667,5653.1251927171925,6060.01966277882,6572.804062558546
2025-06-23 13:30:00,6839.38,5728.084254481941,6140.545638497272,6660.201455002079
2025-06-23 13:45:00,6997.34,5824.102798080384,6243.301716884275,6771.743659678617
2025-06-23 14:00:00,7114.543333333334,5900.377481774934,6325.417498945324,6860.978636481851
2025-06-23 14:15:00,7230.043333333334,6004.452393260703,6437.20157559847,6982.666361326965
2025-06-23 14:30:00,7346.386666666666,6082.59764322955,6521.837697784499,7074.998355469178
2025-06-23 14:45:00,7387.793333333334,6157.894428352204,6603.568983192945,7164.245425431418
2025-06-23 15:00:00,7475.22,6197.822944347891,6648.225788659329,7213.382554002423
2025-06-23 15:15:00,7464.009999999999,6207.6258864082265,6660.093904456403,7226.239987313233
2025-06-23 15:30:00,7412.926666666666,6197.657206124845,6651.260735466667,7216.730326153969
2025-06-23 15:45:00,7388.613333333334,6173.471559102888,6627.555300356808,7191.16992776384
2025-06-23 16:00:00,7317.956666666666,6114.313981857933,6567.945973797694,7126.800149348299
2025-06-23 16:15:00,7244.4766666666665,6048.1640402749435,6500.432437037363,7053.5222776893215
2025-06-23 16:30:00,7162.816666666667,5975.4282859551695,6426.042630142899,6972.856652820689
2025-06-23 16:45:00,7093.203333333334,5858.26329455109,6305.012219735264,6841.713976903317
2025-06-23 17:00:00,7012.366666666666,5826.238102177809,6275.013262972776,6809.335671663608
2025-06-23 17:15:00,6884.663333333333,5763.909567376124,6209.643825804973,6737.781556728502
2025-06-23 17:30:00,6688.13,5674.347347650102,6115.67580061062,6635.295937553887
2025-06-23 17:45:00,6540.803333333333,5572.225261001508,6008.517149446069,6518.572701825118
2025-06-23 18:00:00,6398.509999999999,5500.438209506449,5933.223858450826,6436.431837756076
2025-06-23 18:15:00,6287.48,5439.823327232552,5869.89952331292,6367.474151639753
2025-06-23 18:30:00,6229.099999999999,5357.367750079306,5783.611036618184,6273.6808187917595
2025-06-23 18:45:00,6161.536666666667,5345.762590415073,5771.728613960147,6260.5584152975025
2025-06-23 19:00:00,6063.613333333334,5365.9401515585005,5793.201582219162,6283.621663400817
2025-06-23 19:15:00,5963.066666666667,5399.449286953475,5829.368084213692,6323.13409043697
2025-06-23 19:30:00,5920.080000000001,5469.70229761013,5904.087309411026,6404.457169658888
2025-06-23 19:45:00,5902.453333333334,5543.960891188195,5982.95856252551,6490.310984054372
2025-06-23 20:00:00,5918.486666666667,5608.429626478087,6051.482057583053,6564.979931854909
2025-06-23 20:15:00,5961.266666666666,5687.419084333284,6135.312688178646,6656.340993809437
2025-06-23 20:30:00,5990.943333333334,5737.921468846439,6189.140187484525,6715.210935911212
2025-06-23 20:45:00,6035.556666666666,5772.156703538295,6225.796454219883,6755.490222314041
2025-06-23 21:00:00,6035.386666666666,5802.482559723775,6258.258554216076,6791.23655071783
2025-06-23 21:15:00,6176.106666666667,5920.372050056166,6382.7411280065735,6926.784517277447
2025-06-23 21:30:00,6308.736666666667,6021.715098407628,6489.743521217586,7043.394510178659
2025-06-23 21:45:00,6420.706666666668,6135.749729698073,6609.977763055075,7174.341580106772
2025-06-23 22:00:00,6546.080000000001,6230.869924914358,6710.235781823113,7283.637520876508
2025-06-23 22:15:00,6648.94,6323.390568882528,6807.775524594253,7390.060126562106
2025-06-23 22:30:00,6777.136666666666,6389.089395762804,6877.0253272849695,7465.814553260734
2025-06-23 22:45:00,6851.506666666667,6463.706720296653,6955.530119245492,7551.58004491196
2025-06-23 23:00:00,6902.16,6504.404743408773,6998.284016975093,7598.584584202102
2025-06-23 23:15:00,6899.2266666666665,6513.129459785199,7007.237105269791,7608.918908874125
2025-06-23 23:30:00,6907.036666666667,6518.304915415378,7011.376763271299,7613.558270548319
2025-06-23 23:45:00,6808.686666666666,6465.36962892877,6954.775339447353,7552.545228996937
2025-06-24 00:00:00,6730.953333333334,6318.944830091722,6800.589919775988,7386.104838641599
2025-06-24 00:15:00,6622.163333333333,6244.870553810237,6722.172518711672,7301.644501168703
2025-06-24 00:30:00,6543.663333333334,6160.4913868809035,6632.810980196443,7205.2818895596465
2025-06-24 00:45:00,6466.97,6079.443667513338,6546.832647384105,7112.538933544197
2025-06-24 01:00:00,6370.06,5986.6778887547935,6448.429059507025,7006.282868660028
2025-06-24 01:15:00,6265.073333333334,5912.375705862822,6369.3104577041595,6920.87198960088
2025-06-24 01:30:00,6167.423333333333,5824.097045902628,6275.399457851938,6819.377919645803
2025-06-24 01:45:00,6075.593333333333,5749.782817652965,6196.053202626707,6733.609611124354
2025-06-24 02:00:00,6012.373333333333,5676.516074418162,6117.705513566309,6648.864924023412
2025-06-24 02:15:00,5920.94,5599.449821702808,6035.3902582736055,6559.842346368189
2025-06-24 02:30:00,5848.276666666668,5519.991486318901,5950.46916505323,6467.934551056725
2025-06-24 02:45:00,5780.026666666668,5445.646723867488,5870.832548625199,6381.6902369646605
2025-06-24 03:00:00,5706.493333333333,5369.313862817101,5789.025173475181,6293.03006801167
2025-06-24 03:15:00,5639.153333333333,5304.690320289977,5719.32130834918,6217.3394373416895
2025-06-24 03:30:00,5564.526666666668,5236.343776549121,5645.636132646369,6137.27005738751
2025-06-24 03:45:00,5499.82,5174.751924628366,5578.983628960186,6064.756499283536
2025-06-24 04:00:00,5414.713333333333,5106.669764635371,5505.455855330782,5984.7284325402925
2025-06-24 04:15:00,5348.39,5057.419505472202,5452.148865434633,5926.8731466077625
2025-06-24 04:30:00,5289.916666666667,5006.871552506318,5397.436020977786,5867.431176238517
2025-06-24 04:45:00,5234.083333333333,4953.20194308564,5339.408544040039,5804.33520153578
2025-06-24 05:00:00,5187.786666666667,4911.120158395537,5293.52724076591,5754.339698251011
2025-06-24 05:15:00,5127.246666666667,4835.903476927544,5214.518297951368,5669.528110948679
2025-06-24 05:30:00,5068.240000000001,4774.890581559512,5150.419206268971,5600.815032701292
2025-06-24 05:45:00,5019.703333333334,4706.261753066405,5078.314780234372,5523.371814390362
2025-06-24 06:00:00,4991.446666666667,4686.446507763707,5057.495648281059,5501.447543745709
2025-06-24 06:15:00,4965.606666666667,4684.216602500011,5054.067867264857,5497.584561896852
2025-06-24 06:30:00,4949.186666666667,4690.160593410559,5059.246397105065,5502.999196582072
2025-06-24 06:45:00,4932.193333333334,4629.644850838234,4994.631555528571,5432.741175161709
2025-06-24 07:00:00,4922.143333333333,4644.261049831408,5008.981971345999,5448.007171076396
2025-06-24 07:15:00,4947.966666666667,4656.623004780105,5021.370801538507,5461.353206255218
2025-06-24 07:30:00,4951.670000000001,4676.590230490157,5041.798505253824,5483.374834634044
2025-06-24 07:45:00,4988.19,4699.392185787547,5065.260364112183,5508.652612746913
2025-06-24 08:00:00,5000.216666666666,4750.682577379382,5118.714025703298,5566.401371895338
2025-06-24 08:15:00,5073.533333333333,4791.13001490411,5161.332341685625,5612.710826409195
2025-06-24 08:30:00,5127.363333333334,4835.851774128844,5208.5167543970165,5663.948053327591
2025-06-24 08:45:00,5187.856666666667,4872.91315256666,5247.735007942935,5706.537278832244
2025-06-24 09:00:00,5281.756666666667,4985.637358448356,5366.528986980734,5835.342257951722
2025-06-24 09:15:00,5506.053333333333,5156.62748761614,5546.748935368675,6030.781705140306
2025-06-24 09:30:00,5666.78,5325.106375865988,5724.427757145941,6223.464213196495
2025-06-24 09:45:00,5805.670000000001,5462.851970048007,5869.920766026062,6381.271294856957
2025-06-24 10:00:00,5940.653333333333,5583.100933820313,5997.137858349655,6519.279822827167
2025-06-24 10:15:00,6050.099999999999,5693.645568446,6113.539157918543,6645.08907054875
2025-06-24 10:30:00,6126.193333333334,5777.0136032803175,6201.501628500838,6740.095700872779
2025-06-24 10:45:00,6229.349999999999,5885.593645156681,6314.506263781519,6862.19289084381
2025-06-24 11:00:00,6293.610000000001,5938.062431833528,6368.678971227036,6920.561917118609
2025-06-24 11:15:00,6368.733333333334,5994.433187577024,6427.142287992548,6983.532116834697
2025-06-24 11:30:00,6448.47,6048.565968563258,6483.373584395715,7044.1130953384645
2025-06-24 11:45:00,6497.356666666667,6115.680436783754,6553.362620957987,7119.6349260413135
2025-06-24 12:00:00,6549.93,6189.062173745782,6630.055500152763,7202.457635016409
2025-06-24 12:15:00,6571.963333333333,6228.780692153252,6671.575497228778,7247.133746734171
2025-06-24 12:30:00,6645.27,6317.987305503118,6765.541387193961,7348.840197105579
2025-06-24 12:45:00,6708.87,6294.710702660528,6741.115891986151,7322.148011279944
2025-06-24 13:00:00,6626.04,6236.300656532877,6679.895170403885,7255.6340525292235
2025-06-24 13:15:00,6608.453333333334,6254.197873354519,6699.27032196386,7275.9816793820555
2025-06-24 13:30:00,6696.353333333333,6343.605797228687,6793.8812370430705,7377.908397583108
2025-06-24 13:45:00,6816.113333333334,6480.342582683731,6941.09040846017,7538.177157971207
2025-06-24 14:00:00,6879.436666666667,6573.233324034303,7041.659268974947,7647.648944121492
2025-06-24 14:15:00,6973.376666666666,6601.574078209819,7074.724647335694,7684.183391958878
2025-06-24 14:30:00,7008.21,6681.987838273832,7162.603879522741,7780.182215247011
2025-06-24 14:45:00,7012.526666666668,6686.310742138987,7169.29532651415,7787.64651692508
2025-06-24 15:00:00,7029.303333333333,6720.329602023403,7208.087572996523,7830.341126080932
2025-06-24 15:15:00,6968.453333333334,6688.304882659609,7175.648235686579,7794.943061674118
2025-06-24 15:30:00,6946.54,6633.986033270518,7119.857558939926,7734.306326831967
2025-06-24 15:45:00,6865.416666666667,6602.050785405748,7087.645839362712,7699.284262918545
2025-06-24 16:00:00,6772.346666666667,6543.863875613772,7027.911869167129,7634.503856190906
2025-06-24 16:15:00,6683.0233333333335,6482.762848235705,6964.558146196307,7565.457956691898
2025-06-24 16:30:00,6618.263333333333,6423.162895873271,6902.823942677248,7498.230267030725
2025-06-24 16:45:00,6662.59,6367.49872330526,6845.259659952989,7435.583364615108
2025-06-24 17:00:00,6645.483333333334,6315.815951820903,6791.905664861791,7377.559708719978
2025-06-24 17:15:00,6578.099999999999,6223.946716826631,6693.920887592617,7269.6051327445275
2025-06-24 17:30:00,6465.003333333334,6073.574046521189,6534.486662012522,7095.122148581035
2025-06-24 17:45:00,6360.386666666666,5948.76914158511,6401.917311574372,6949.805337394516
2025-06-24 18:00:00,6276.343333333333,5839.253813122514,6285.407110673904,6821.943426721649
2025-06-24 18:15:00,6179.9766666666665,5747.913723982266,6190.29044112161,6718.861619753748
2025-06-24 18:30:00,6139.513333333333,5693.090297248554,6133.517733030586,6657.377099361843
2025-06-24 18:45:00,6104.29,5633.466896955609,6071.675544846865,6590.444506077104
2025-06-24 19:00:00,6061.426666666666,5555.911321090447,5990.960089058027,6503.103048304803
2025-06-24 19:15:00,6100.183333333333,5488.966467982258,5921.836515427249,6428.6869601557655
2025-06-24 19:30:00,6157.816666666667,5466.0598266806255,5898.928829167155,6404.385261643034
2025-06-24 19:45:00,6229.183333333333,5463.521968099001,5897.363752256397,6403.241861502024
2025-06-24 20:00:00,6261.5,5478.8860098557125,5914.542869811959,6422.4373792478555
2025-06-24 20:15:00,6286.223333333332,5522.980248573067,5961.713854765721,6474.074370861361
2025-06-24 20:30:00,6316.536666666667,5546.006227401898,5986.6756435019215,6501.665682277051
2025-06-24 20:45:00,6363.616666666666,5587.993340563913,6031.475751278999,6550.769563373131
2025-06-24 21:00:00,6400.196666666667,5588.488378983548,6032.598681167618,6552.557042039376
2025-06-24 21:15:00,6505.963333333333,5710.11946076827,6160.647198376136,6691.72470328242
2025-06-24 21:30:00,6616.923333333333,5822.676318293237,6279.065574654862,6820.460624949924
2025-06-24 21:45:00,6721.806666666667,5925.020004026554,6386.652898891032,6937.459275623489
2025-06-24 22:00:00,6811.083333333333,6031.742519371636,6498.7350561790445,7059.323418826154
2025-06-24 22:15:00,6906.263333333333,6123.823988409708,6595.570193626905,7164.8196334899
2025-06-24 22:30:00,6974.03,6229.364333334333,6706.432819201841,7285.502463050654
2025-06-24 22:45:00,7065.259999999999,6293.13165444279,6773.295768793296,7358.490069587906
2025-06-24 23:00:00,7068.426666666666,6340.03521135155,6822.325750054246,7412.132431045796
2025-06-24 23:15:00,7073.38,6339.985647362922,6821.910427414729,7412.170753606382
2025-06-24 23:30:00,7046.75,6343.940186068353,6825.582554790123,7416.608824670018
2025-06-24 23:45:00,7021.36,6271.415439062707,6748.788678903892,7333.821554979992
2025-06-25 00:00:00,6865.996666666666,6223.31994152417,6697.539603831743,7278.677754085081
2025-06-25 00:15:00,6762.033333333333,6131.437068988968,6600.413140489847,7173.9444408941345
2025-06-25 00:30:00,6678.483333333334,6058.862640795098,6523.453230324536,7091.0201249447955
2025-06-25 00:45:00,6600.423333333333,5986.203825160383,6446.287974081653,7007.826941368126
2025-06-25 01:00:00,6485.32,5900.157104099487,6354.943183378759,6909.219727163257
2025-06-25 01:15:00,6386.833333333333,5812.08821707757,6261.3617838766995,6808.137087423606
2025-06-25 01:30:00,6284.150000000001,5725.926850900245,6169.675135718416,6709.053305446118
2025-06-25 01:45:00,6192.413333333333,5645.987570286584,6084.419405456896,6616.881541629067
2025-06-25 02:00:00,6121.4766666666665,5584.0903233880235,6018.01609494206,6545.07967831206
2025-06-25 02:15:00,6048.453333333334,5504.5788687896,5933.010387581701,6453.060306966054
2025-06-25 02:30:00,5986.293333333334,5436.696988406211,5860.129484065344,6374.117712130999
2025-06-25 02:45:00,5907.656666666667,5372.319708102221,5790.842729092959,6299.0069736574915
2025-06-25 03:00:00,5831.276666666668,5304.53012672912,5717.889000181506,6219.859094642628
2025-06-25 03:15:00,5773.62,5241.708431304994,5650.078089962473,6146.219653299776
2025-06-25 03:30:00,5683.743333333333,5174.594678645454,5577.688039646694,6067.55365985068
2025-06-25 03:45:00,5642.7733333333335,5114.810302784708,5512.934404444593,5997.097698974104
2025-06-25 04:00:00,5567.066666666667,5041.382542309042,5433.790737742173,5910.984299774575
2025-06-25 04:15:00,5511.93,4981.9483145549,5369.420005330997,5840.896109219157
2025-06-25 04:30:00,5465.076666666667,4931.168859900303,5314.099117417998,5780.550937981863
2025-06-25 04:45:00,5426.33,4880.479151134191,5258.837379302207,5720.207563283794
2025-06-25 05:00:00,5384.84,4836.932313879306,5211.052108972216,5667.9046076896375
2025-06-25 05:15:00,5323.336666666667,4778.07475581508,5148.134956424209,5599.796952176861
2025-06-25 05:30:00,5257.683333333333,4723.342515745962,5089.539583677519,5536.314664531826
2025-06-25 05:45:00,5178.453333333334,4673.3418795521175,5035.910749006024,5478.1584439616145
2025-06-25 06:00:00,5158.68,4647.5439980485,5007.711968813948,5447.504660296412
2025-06-25 06:15:00,5166.44,4630.12667122839,4988.3288361413515,5426.352599395707
2025-06-25 06:30:00,5177.383333333333,4620.475758486298,4977.123928483547,5414.014284967416
2025-06-25 06:45:00,5146.693333333334,4593.811393796435,4948.072110963634,5382.292044360796
2025-06-25 07:00:00,5130.56,4587.593035188752,4940.534499778434,5373.840366275752
2025-06-25 07:15:00,5141.643333333333,4608.380031862593,4962.62565630673,5398.269861204083
2025-06-25 07:30:00,5162.956666666666,4616.597593159653,4971.560875256904,5408.408438001023
2025-06-25 07:45:00,5183.756666666667,4646.235842921872,5003.055980473433,5442.961075445288
2025-06-25 08:00:00,5217.666666666667,4668.127257184496,5026.475432291903,5468.7351324913025
2025-06-25 08:15:00,5244.916666666667,4731.9872542483845,5093.933354315942,5542.1234530287265
2025-06-25 08:30:00,5286.683333333333,4780.783246622661,5145.6412320541685,5598.425153834497
2025-06-25 08:45:00,5380.083333333333,4832.059076543599,5200.035894497871,5657.622289728968
2025-06-25 09:00:00,5492.19,4927.885194570274,5301.320582348049,5767.617241432105
2025-06-25 09:15:00,5638.05,5129.751600396515,5513.369961496329,5997.139563309115
2025-06-25 09:30:00,5794.106666666667,5282.058015627056,5673.450512082419,6170.3455219310745
2025-06-25 09:45:00,5914.706666666666,5415.756032660936,5814.083223541504,6322.478810763055
2025-06-25 10:00:00,6068.6466666666665,5543.687338240278,5948.763043859249,6468.16666811414
2025-06-25 10:15:00,6136.843333333333,5645.8017203615755,6056.429439418697,6584.592293935151
2025-06-25 10:30:00,6279.686666666667,5719.179559552643,6134.01818657431,6668.439492018191
2025-06-25 10:45:00,6360.413333333333,5811.303942099899,6231.415828428815,6773.7689947909885
2025-06-25 11:00:00,6389.7733333333335,5866.503532182942,6290.138141041734,6837.21184723596
2025-06-25 11:15:00,6466.459999999999,5924.299078138352,6352.435408794092,6905.0426917868635
2025-06-25 11:30:00,6499.18,5991.334612723294,6424.55898626043,6983.550615788227
2025-06-25 11:45:00,6523.473333333332,6034.728363633557,6471.965019910949,7035.307911881546
2025-06-25 12:00:00,6541.983333333334,6089.973761624553,6531.941640581973,7100.723238987176
2025-06-25 12:15:00,6579.823333333334,6111.347057811891,6555.479760677594,7126.042642902692
2025-06-25 12:30:00,6635.803333333333,6182.209038352427,6631.127084030603,7207.870425052205
2025-06-25 12:45:00,6661.41,6224.960424292596,6677.359132755935,7257.870430144149
2025-06-25 13:00:00,6445.243333333333,6146.557774081241,6596.425854838123,7170.124414628091
2025-06-25 13:15:00,6404.513333333333,6139.94403268017,6590.658747233673,7163.635327256073
2025-06-25 13:30:00,6604.493333333333,6205.803931278256,6660.3594701393995,7238.945561740364
2025-06-25 13:45:00,6724.48,6328.155063536539,6789.51360304692,7378.735457661552
2025-06-25 14:00:00,6816.513333333333,6409.3598782769695,6875.542797566412,7471.853964866388
2025-06-25 14:15:00,6898.2266666666665,6505.486378719016,6977.5655536729255,7582.142165226685
2025-06-25 14:30:00,6995.563333333334,6546.922304871168,7022.225188402842,7630.333745149229
2025-06-25 14:45:00,6992.883333333334,6562.729801137683,7040.04818518836,7649.508111141208
2025-06-25 15:00:00,7049.366666666666,6588.579929312645,7068.303709968224,7679.95753398775
2025-06-25 15:15:00,7044.7699999999995,6548.286797199239,7026.387966636719,7633.947752582862
2025-06-25 15:30:00,7011.563333333334,6529.930846987733,7008.066369102221,7613.791531657813
2025-06-25 15:45:00,6965.906666666667,6463.153012819428,6938.111120886477,7537.365049114117
2025-06-25 16:00:00,6884.876666666667,6389.2728689852465,6860.700854508061,7452.901432919021
2025-06-25 16:15:00,6818.506666666667,6309.908914805404,6777.068470973302,7361.447318602516
2025-06-25 16:30:00,6791.1033333333335,6256.4800882552245,6720.94009148378,7299.9597476580275
2025-06-25 16:45:00,6739.0199999999995,6270.315335618174,6735.613978946992,7315.302679404475
2025-06-25 17:00:00,6727.506666666667,6244.094236859938,6709.373925614532,7286.903783197442
2025-06-25 17:15:00,6631.073333333334,6171.866136246267,6629.834391093646,7197.470328526958
2025-06-25 17:30:00,6572.993333333333,6051.611096633193,6499.851633522674,7053.434714785025
2025-06-25 17:45:00,6468.240000000001,5948.334599832621,6387.710226867321,6928.787462346908
2025-06-25 18:00:00,6368.75,5858.163243426343,6289.333080805866,6819.1083888998655
2025-06-25 18:15:00,6299.873333333334,5765.0435355360005,6193.076481080019,6715.28002422711
2025-06-25 18:30:00,6263.433333333334,5719.227115963858,6146.495878932785,6665.328241032173
2025-06-25 18:45:00,6248.650000000001,5679.512348967428,6106.298647854157,6622.338593967748
2025-06-25 19:00:00,6225.036666666667,5643.0062524869945,6069.437951696682,6583.006429549435
2025-06-25 19:15:00,6221.813333333333,5663.9177685954255,6092.977914290168,6609.244066474969
2025-06-25 19:30:00,6223.716666666667,5713.650592344593,6146.747439242851,6668.273451529165
2025-06-25 19:45:00,6322.400000000001,5773.069132752279,6210.636333632393,6738.2997306662
2025-06-25 20:00:00,6325.996666666667,5798.18920682952,6238.429619451286,6769.24099832065
2025-06-25 20:15:00,6381.596666666667,5833.57227373115,6276.813800949128,6811.601017125007
2025-06-25 20:30:00,6373.293333333334,5864.881533726419,6310.842539253333,6849.2615258474
2025-06-25 20:45:00,6423.686666666667,5913.268551308706,6362.730989619283,6906.290603089227
2025-06-25 21:00:00,6425.216666666667,5947.4778910654995,6399.637772158995,6947.097480810877
2025-06-25 21:15:00,6512.923333333333,6054.428852758008,6512.9935625791595,7070.832892858651
2025-06-25 21:30:00,6581.150000000001,6157.480887774101,6622.15619112236,7190.028028124805
2025-06-25 21:45:00,6674.04,6259.468276389516,6730.098875025814,7307.900404044366
2025-06-25 22:00:00,6757.923333333333,6345.639766230977,6821.3205462364795,7407.648968206289
2025-06-25 22:15:00,6822.55,6429.626246504012,6909.894607615071,7504.356440205861
2025-06-25 22:30:00,6912.543333333334,6494.979935565162,6978.781821089863,7579.7179684117145
2025-06-25 22:45:00,6955.443333333334,6572.079644464307,7060.536122115575,7669.303475156584
2025-06-25 23:00:00,6977.966666666667,6583.459153531046,7072.54556298358,7683.019912429517
2025-06-25 23:15:00,6991.12,6587.431597080839,7076.687225741388,7688.200203882918
2025-06-25 23:30:00,6987.22,6566.317844254064,7054.2667436687425,7664.527439179048
2025-06-25 23:45:00,6879.826666666667,6535.065675512089,7021.0755586757805,7629.15054961777
2025-06-26 00:00:00,6772.433333333333,6344.732731590962,6820.64022972252,7412.512719954363
2025-06-26 00:15:00,6670.87,6253.542097857967,6724.241007240988,7308.567438578405
2025-06-26 00:30:00,6574.900000000001,6175.476064505541,6641.511816810601,7219.391581157387
2025-06-26 00:45:00,6495.37,6103.741116375909,6565.317142102757,7137.25011121555
2025-06-26 01:00:00,6383.87,6003.327918047801,6458.879453898434,7022.288365713396
2025-06-26 01:15:00,6290.826666666667,5913.944649351103,6363.4307646144425,6918.856573398444
2025-06-26 01:30:00,6184.84,5819.95675601151,6263.035403928143,6810.010333189256
2025-06-26 01:45:00,6113.763333333333,5733.59740269156,6170.548530938753,6709.677192810749
2025-06-26 02:00:00,6024.623333333334,5666.71406241705,6098.420564126187,6631.346368409058
2025-06-26 02:15:00,5948.009999999999,5595.897333923445,6020.481813940156,6545.600151398943
2025-06-26 02:30:00,5879.22,5534.756265637964,5952.615156743238,6470.706411429293
2025-06-26 02:45:00,5802.09,5460.956605991489,5871.362188150916,6381.244650428894
2025-06-26 03:00:00,5722.396666666667,5390.543025884373,5793.584376553289,6295.48489929709
2025-06-26 03:15:00,5654.579999999999,5335.159270761906,5733.465883303437,6230.09945004547
2025-06-26 03:30:00,5580.59,5257.676193495384,5650.060586341881,6139.4159885481
2025-06-26 03:45:00,5514.846666666667,5213.083589003991,5601.145260478499,6086.040837256833
2025-06-26 04:00:00,5452.17,5142.472815515208,5524.83940558064,6002.921022589737
2025-06-26 04:15:00,5385.803333333333,5090.406632798123,5468.574109011213,5941.86014150422
2025-06-26 04:30:00,5339.016666666666,5046.080555094286,5420.397739979075,5889.5010385497435
2025-06-26 04:45:00,5301.8533333333335,5006.458724265104,5377.128347327453,5842.396794482064
2025-06-26 05:00:00,5246.536666666667,4963.815009596508,5330.656700894691,5791.761600530669
2025-06-26 05:15:00,5190.753333333333,4905.655687112865,5268.594701276531,5724.6620246671
2025-06-26 05:30:00,5115.083333333333,4842.86131073626,5201.651153982686,5652.2151717734
2025-06-26 05:45:00,5049.406666666667,4772.92146181168,5127.1965210753215,5571.57374241252
2025-06-26 06:00:00,5034.486666666667,4750.18551448311,5102.336109423084,5544.618829042104
2025-06-26 06:15:00,5014.283333333334,4754.505270113276,5105.789163471843,5548.21185969255
2025-06-26 06:30:00,4981.173333333333,4759.773630916454,5110.2579009412575,5552.857369592976
2025-06-26 06:45:00,4980.77,4733.2283459403525,5081.33118422935,5521.270687124193
2025-06-26 07:00:00,4976.463333333333,4716.365943127484,5062.6113280719455,5500.702026507829
2025-06-26 07:15:00,5019.05,4727.812331484707,5074.0382973667665,5513.005797657934
2025-06-26 07:30:00,4984.92,4739.725273105092,5086.004463716192,5525.858578394318
2025-06-26 07:45:00,5005.446666666667,4754.3616382851,5100.887851151942,5541.840800146944
2025-06-26 08:00:00,5016.696666666667,4766.805060398076,5113.530302195032,5555.366889650625
2025-06-26 08:15:00,5045.66,4787.659272383973,5133.983732460506,5576.599903795864
2025-06-26 08:30:00,5117.826666666667,4825.716562084784,5172.585739399473,5617.47854643158
2025-06-26 08:45:00,5175.759999999999,4907.779215392485,5257.499735529526,5708.524512939627
2025-06-26 09:00:00,5289.29,5007.43306070337,5360.981513092187,5819.678560204735
2025-06-26 09:15:00,5510.563333333334,5153.706329037254,5513.2890350100015,5983.569251982907
2025-06-26 09:30:00,5720.16,5304.942049884002,5670.90702029359,6153.210918632017
2025-06-26 09:45:00,5869.31,5421.256940353577,5791.9399196275735,6283.210145207944
2025-06-26 10:00:00,6029.933333333333,5560.218444225076,5936.869931530739,6439.109142399628
2025-06-26 10:15:00,6163.5,5631.921530653849,6011.127983153791,6518.356458621126
2025-06-26 10:30:00,6280.38,5749.574048175828,6133.770749119566,6650.046474895116
2025-06-26 10:45:00,6366.423333333333,5826.290069725368,6213.521583519981,6735.276730698273
2025-06-26 11:00:00,6474.076666666667,5858.181053775104,6246.297379129937,6769.626843733697
2025-06-26 11:15:00,6517.849999999999,5926.110493985364,6317.903214107506,6846.648492230922
2025-06-26 11:30:00,6604.63,5965.115138584815,6359.240827203737,6890.901137558392
2025-06-26 11:45:00,6671.653333333333,5990.33859001043,6386.220073543683,6919.628268341119
2025-06-26 12:00:00,6738.740000000001,6014.807674173829,6412.526487599533,6947.662977184388
2025-06-26 12:15:00,6793.436666666667,6051.261460583145,6452.637293624032,6991.429058781202
2025-06-26 12:30:00,6862.496666666666,6105.82725391741,6511.894108968268,7055.984890902473
2025-06-26 12:45:00,6911.490000000001,6133.122555679742,6542.618231313079,7089.669303674187
2025-06-26 13:00:00,6832.233333333334,5967.66515459041,6370.958076840334,6904.10110145072
2025-06-26 13:15:00,6835.586666666667,5937.692181901083,6341.988344855645,6873.365731715025
2025-06-26 13:30:00,6923.056666666666,6097.610951477573,6512.621178171525,7058.972228459574
2025-06-26 13:45:00,7033.579999999999,6208.348655794751,6631.691954950817,7188.763001224634
2025-06-26 14:00:00,7118.723333333332,6294.823384187316,6725.37481678971,7291.102068244583
2025-06-26 14:15:00,7222.933333333333,6375.865095168366,6812.231379888285,7385.289897504095
2025-06-26 14:30:00,7306.713333333333,6454.9120126739135,6897.085088695682,7477.369005971279
2025-06-26 14:45:00,7377.04,6457.892242213511,6902.113563593389,7483.0129228776
2025-06-26 15:00:00,7421.0,6505.419516338389,6954.218563833493,7539.739998132977
2025-06-26 15:15:00,7397.490000000001,6498.092140247238,6948.285080429047,7533.315583564007
2025-06-26 15:30:00,7383.03,6472.535967667199,6923.271148860185,7506.280398866676
2025-06-26 15:45:00,7313.3,6426.583821920316,6876.893512181117,7456.16041060909
2025-06-26 16:00:00,7278.88,6347.007608010396,6795.833109998433,7368.546434874059
2025-06-26 16:15:00,7238.363333333334,6283.476337845354,6731.313878150501,7298.676052620336
2025-06-26 16:30:00,7180.013333333333,6251.520134471244,6700.008805614961,7264.859554724736
2025-06-26 16:45:00,7119.066666666667,6209.737311336532,6658.415378404577,7219.956983642451
2025-06-26 17:00:00,7072.693333333333,6181.6426727708695,6639.220273393903,7199.706215024559
2025-06-26 17:15:00,6956.363333333334,6086.11545606495,6548.229955896781,7101.066709260507
2025-06-26 17:30:00,6868.05,6012.668481904642,6480.448465569841,7027.633759770911
2025-06-26 17:45:00,6768.75,5912.823645822504,6377.143103249605,6915.4507318336755
2025-06-26 18:00:00,6645.6466666666665,5817.882492304356,6278.01140469668,6807.804552261862
2025-06-26 18:15:00,6489.420000000001,5746.139041675061,6203.239025315738,6726.604752732879
2025-06-26 18:30:00,6423.18,5703.272190141775,6158.7842352865055,6678.3049333907775
2025-06-26 18:45:00,6374.509999999999,5685.64311011489,6140.81652555286,6658.751453094035
2025-06-26 19:00:00,6321.576666666667,5659.015016660408,6113.3604028381405,6628.958454431297
2025-06-26 19:15:00,6347.316666666667,5661.853307875937,6117.18362151295,6633.342540025876
2025-06-26 19:30:00,6376.453333333334,5666.811133122266,6123.184492206977,6640.121569851101
2025-06-26 19:45:00,6454.986666666667,5755.072210988901,6216.644632990819,6741.702331474243
2025-06-26 20:00:00,6474.223333333332,5761.201164140063,6223.756866766779,6749.745131975782
2025-06-26 20:15:00,6505.303333333333,5811.505232845409,6277.451672819258,6808.451278887448
2025-06-26 20:30:00,6570.433333333333,5814.685907446864,6281.564708098543,6813.451063998254
2025-06-26 20:45:00,6616.306666666666,5866.11729139717,6336.286622615868,6873.306127817439
2025-06-26 21:00:00,6637.493333333333,5878.471967146535,6349.868855317032,6888.594397685029
2025-06-26 21:15:00,6759.78,5967.76249478015,6444.428013117172,6991.799056683851
2025-06-26 21:30:00,6877.526666666668,6049.5710181013455,6531.029758243578,7086.384529767749
2025-06-26 21:45:00,6991.0,6141.704513470621,6628.377076833956,7192.6129739287135
2025-06-26 22:00:00,7112.456666666668,6223.770036765598,6715.041945067327,7287.260939492673
2025-06-26 22:15:00,7229.0233333333335,6296.28013961961,6791.802566674828,7371.330358691613
2025-06-26 22:30:00,7330.536666666667,6378.834205500567,6879.00309339878,7466.69891931712
2025-06-26 22:45:00,7396.240000000001,6426.979214156354,6929.940259096261,7522.755259922897
2025-06-26 23:00:00,7419.426666666666,6451.825253509201,6956.2838644811245,7552.140637299488
2025-06-26 23:15:00,7399.823333333334,6463.299016447976,6967.910874337379,7565.272654654423
2025-06-26 23:30:00,7380.41,6451.488686196439,6955.385841077509,7552.403954892849
2025-06-26 23:45:00,7324.47,6367.863698778765,6867.2952933259185,7457.620041008484
2025-06-27 00:00:00,7191.88,6205.686298311131,6696.560764407438,7273.247181086022
2025-06-27 00:15:00,7066.823333333334,6113.275748268034,6599.12316644964,7168.339612031619
2025-06-27 00:30:00,6990.553333333333,6024.514440220948,6505.401134306935,7067.414894665974
2025-06-27 00:45:00,6915.009999999999,5946.586537260887,6422.943591071264,6978.6499222182465
2025-06-27 01:00:00,6782.88,5843.5040556984195,6313.944875315088,6861.075956609321
2025-06-27 01:15:00,6687.360000000001,5754.126142646918,6217.528915895638,6755.944491358145
2025-06-27 01:30:00,6583.573333333334,5655.389731272801,6111.172038617476,6639.9868565754605
2025-06-27 01:45:00,6484.993333333333,5582.369419710683,6031.725780242047,6553.1328642605695
2025-06-27 02:00:00,6400.23,5497.223755181227,5939.439184466549,6452.306778895134
2025-06-27 02:15:00,6308.22,5423.864986828181,5860.654040925952,6366.865069044567
2025-06-27 02:30:00,6213.93,5356.117856960946,5787.671477246262,6287.649429272329
2025-06-27 02:45:00,6098.71,5283.667155676584,5709.659856242676,6202.921615649042
2025-06-27 03:00:00,6024.223333333332,5210.095856519319,5630.388841168121,6116.765493903743
2025-06-27 03:15:00,5968.876666666667,5147.786629669505,5563.845984194724,6044.988764559798
2025-06-27 03:30:00,5891.763333333333,5077.675489990229,5489.036660736873,5964.1899285909785
2025-06-27 03:45:00,5821.87,5018.109638880392,5425.242272110876,5895.262059515884
2025-06-27 04:00:00,5746.670000000001,4955.32451143364,5358.00904028615,5822.543363668325
2025-06-27 04:15:00,5682.206666666666,4887.832221979267,5285.416026034365,5743.708467534501
2025-06-27 04:30:00,5615.650000000001,4845.488287091657,5239.200411942879,5693.392577990614
2025-06-27 04:45:00,5567.62,4809.001864399393,5199.103352752755,5649.6444031875035
2025-06-27 05:00:00,5520.56,4760.498800925849,5146.354475907979,5592.125814004189
2025-06-27 05:15:00,5426.84,4706.869153540739,5090.6321448309955,5532.9546120388095
2025-06-27 05:30:00,5339.923333333333,4644.279979537128,5025.4851326169855,5463.513233489105
2025-06-27 05:45:00,5236.016666666666,4595.315899454342,4974.647835040585,5409.522106153922
2025-06-27 06:00:00,5207.57,4579.580991973861,4958.723417678693,5393.30892248158
2025-06-27 06:15:00,5218.243333333333,4568.187819512723,4945.790654127641,5379.227868399205
2025-06-27 06:30:00,5197.116666666666,4557.915751395267,4934.054795340069,5366.395663423737
2025-06-27 06:45:00,5158.9766666666665,4548.384790742837,4923.124319832006,5354.390993450392
2025-06-27 07:00:00,5186.62,4549.247211968426,4923.14712998814,5354.213165028694
2025-06-27 07:15:00,5185.653333333333,4581.651185245072,4956.956210521277,5391.014325835239
2025-06-27 07:30:00,5207.073333333333,4557.157873804414,4931.040130269275,5363.062566873054
2025-06-27 07:45:00,5219.093333333333,4576.948202147089,4951.70291981085,5385.5516283495235
2025-06-27 08:00:00,5240.783333333334,4591.588833694274,4967.018515236973,5402.218643965032
2025-06-27 08:15:00,5276.943333333334,4618.646839503115,4995.448770097835,5433.072596505176
2025-06-27 08:30:00,5337.176666666666,4679.770803227387,5059.743129086243,5502.768567637018
2025-06-27 08:45:00,5423.31,4742.733698494273,5126.050960286937,5574.630378348039
2025-06-27 09:00:00,5534.516666666666,4847.04098368069,5235.88081708285,5693.640469825351
2025-06-27 09:15:00,5764.496666666666,5042.165223325875,5441.090346271635,5915.914077179942
2025-06-27 09:30:00,5958.5,5234.464909514904,5643.429594114223,6135.074076218952
2025-06-27 09:45:00,6115.04,5372.662908884407,5788.058603088901,6291.66156079012
2025-06-27 10:00:00,6210.69,5518.844236742263,5940.010678923592,6456.142472607974
2025-06-27 10:15:00,6324.406666666667,5627.527695730041,6052.8975846417825,6578.081083496639
2025-06-27 10:30:00,6395.19,5744.812878124708,6174.933063960704,6709.946456614145
2025-06-27 10:45:00,6487.306666666666,5826.015966350502,6259.176469354329,6800.878230249998
2025-06-27 11:00:00,6565.546666666666,5912.839312548603,6349.440825150165,6898.3558499847295
2025-06-27 11:15:00,6605.803333333333,5956.208867717742,6394.392107848412,6946.537258896493
2025-06-27 11:30:00,6724.053333333333,6016.819003678604,6457.5748308440625,7014.503473006629
2025-06-27 11:45:00,6791.343333333333,6066.838539168423,6509.751107511546,7070.576284135919
2025-06-27 12:00:00,6871.290000000001,6140.002355330942,6586.361600546844,7153.162450938777
2025-06-27 12:15:00,6922.183333333333,6196.176949570034,6645.2430279766495,7216.577621620633
2025-06-27 12:30:00,7008.759999999999,6262.239109202247,6714.630166152116,7291.419991107889
2025-06-27 12:45:00,7032.68,6272.161676224907,6725.155785770229,7302.526891996593
2025-06-27 13:00:00,6918.906666666667,6204.329881290415,6654.1101949664435,7225.293156541096
2025-06-27 13:15:00,6908.47,6203.455622262423,6653.813053359697,7224.479137200926
2025-06-27 13:30:00,6996.963333333333,6288.234932104641,6743.609650530907,7321.3441808254265
2025-06-27 13:45:00,7103.693333333334,6388.087692292467,6849.347643820715,7435.53964944676
2025-06-27 14:00:00,7219.183333333334,6468.393674578069,6935.889980114647,7529.569788583155
2025-06-27 14:15:00,7354.98,6559.474008525511,7034.470928505132,7636.994680751262
2025-06-27 14:30:00,7453.013333333333,6633.3118064561895,7114.665749414656,7724.388264754059
2025-06-27 14:45:00,7505.72,6694.798954335547,7181.73302434085,7797.50786106501
2025-06-27 15:00:00,7576.123333333333,6738.81827692815,7230.060889647011,7850.166074803083
2025-06-27 15:15:00,7539.82,6726.709701124139,7218.179890797292,7836.80051524469
2025-06-27 15:30:00,7556.743333333333,6707.076024456826,7198.463356363929,7815.0090741600125
2025-06-27 15:45:00,7532.936666666666,6651.938487686939,7141.511321338208,7752.934291200462
2025-06-27 16:00:00,7505.47,6611.268137818506,7099.814774475623,7707.454747809592
2025-06-27 16:15:00,7422.163333333333,6567.209247841411,7054.486512114146,7658.022522697433
2025-06-27 16:30:00,7349.026666666668,6513.721882374732,6999.295581717289,7597.9665098145
2025-06-27 16:45:00,7289.360000000001,6457.645274336647,6941.419621389992,7535.0633197212155
2025-06-27 17:00:00,7204.2733333333335,6411.551293641376,6894.058618318498,7483.615060830196
2025-06-27 17:15:00,6901.099999999999,6312.965161586606,6791.327943142007,7372.065296850277
2025-06-27 17:30:00,7009.2699999999995,6228.627158934263,6703.577962470259,7276.80615678773
2025-06-27 17:45:00,6887.213333333333,6135.344499204707,6606.435363553329,7171.424888015576
2025-06-27 18:00:00,6760.233333333334,6025.071800415885,6491.440126366972,7046.752004054197
2025-06-27 18:15:00,6631.303333333333,5893.935365038677,6353.906805276738,6897.300668481525
2025-06-27 18:30:00,6558.126666666667,5834.518508577923,6291.700346936193,6829.520966808053
2025-06-27 18:45:00,6452.716666666667,5781.130282333227,6235.80054503414,6768.620273965048
2025-06-27 19:00:00,6426.143333333333,5721.79043780366,6173.613812440655,6700.949160873137
2025-06-27 19:15:00,6419.2733333333335,5731.684636528098,6184.971322499172,6713.57878193826
2025-06-27 19:30:00,6448.509999999999,5753.062026330766,6208.343601458575,6739.262760769507
2025-06-27 19:45:00,6520.866666666666,5826.602985787622,6286.460934315958,6824.2996337898
2025-06-27 20:00:00,6524.110000000001,5842.583893126201,6304.044884227917,6843.77093744852
2025-06-27 20:15:00,6586.336666666667,5885.076602728733,6349.776585198772,6894.011220443627
2025-06-27 20:30:00,6641.69,5957.089668925581,6426.445646975981,6977.794966088284
2025-06-27 20:45:00,6732.796666666666,5998.1077433694145,6470.470942132866,7026.222153904083
2025-06-27 21:00:00,6751.546666666666,6018.661240057609,6492.909781492005,7051.270251908642
2025-06-27 21:15:00,6887.443333333334,6126.711558587343,6607.055679926785,7175.617487753768
2025-06-27 21:30:00,7018.993333333333,6235.711100659601,6722.101706437664,7300.943491118449
2025-06-27 21:45:00,7158.473333333332,6340.570707065472,6832.697001470011,7421.445882867132
2025-06-27 22:00:00,7236.94,6446.258150398155,6944.056586037826,7542.771382924879
2025-06-27 22:15:00,7374.8966666666665,6549.077942602068,7052.294626571066,7660.7051267532925
2025-06-27 22:30:00,7454.156666666667,6640.650487626012,7148.60480263066,7765.700493150346
2025-06-27 22:45:00,7546.203333333334,6704.455061148152,7215.6285003230905,7838.94372835742
2025-06-27 23:00:00,7575.11,6729.859675303508,7242.194087823035,7868.325313291746
2025-06-27 23:15:00,7584.373333333333,6721.389832469026,7233.054339136297,7858.991367779679
2025-06-27 23:30:00,7555.223333333332,6703.276683970281,7213.664570555791,7838.521214184252
2025-06-27 23:45:00,7506.385,6649.224987794217,7156.3994207844125,7776.976544192175
2025-06-28 00:00:00,7434.57,6521.8088538928305,6938.087828864427,7589.095064419408
2025-06-28 00:15:00,7315.856666666667,6412.579656699528,6822.616336865452,7464.401795709193
2025-06-28 00:30:00,7187.376666666667,6337.991946351345,6743.419733760329,7378.972375478413
2025-06-28 00:45:00,7119.936666666666,6265.881039625777,6666.708478578911,7296.189700030121
2025-06-28 01:00:00,7048.183333333334,6153.561740701994,6547.641062875322,7167.461049193397
2025-06-28 01:15:00,6904.953333333334,6066.010769584688,6454.482154877109,7066.754774101974
2025-06-28 01:30:00,6805.1466666666665,5970.289613440287,6352.630727666231,6956.57508329761
2025-06-28 01:45:00,6722.2733333333335,5885.841218088858,6262.516273701048,6859.057005670874
2025-06-28 02:00:00,6586.23,5805.859272577154,6176.992225758366,6766.454635617189
2025-06-28 02:15:00,6491.193333333334,5727.032740148519,6092.7060726709715,6675.214966967511
2025-06-28 02:30:00,6413.3,5644.293511039556,6004.216579986421,6579.359041870094
2025-06-28 02:45:00,6320.18,5549.086090761081,5902.540803409443,6469.151843788977
2025-06-28 03:00:00,6252.803333333333,5479.55298085494,5827.755386955487,6388.019164225521
2025-06-28 03:15:00,6190.526666666668,5426.184526539676,5769.875707368614,6325.1411172523585
2025-06-28 03:30:00,6096.886666666666,5358.051442677773,5696.414784836136,6245.314736065803
2025-06-28 03:45:00,6019.43,5296.012084158835,5629.292147025076,6172.2917447493855
2025-06-28 04:00:00,5946.386666666666,5227.930047551353,5555.764503019994,6092.263818465921
2025-06-28 04:15:00,5869.28,5168.257195547973,5491.264692740697,6022.117203703338
2025-06-28 04:30:00,5812.763333333333,5112.2531612089915,5430.576663867999,5956.037689055145
2025-06-28 04:45:00,5747.426666666666,5066.6546124937595,5380.785125052054,5901.7032177572855
2025-06-28 05:00:00,5689.246666666666,5022.087054419454,5332.049134696965,5848.451513724307
2025-06-28 05:15:00,5608.009999999999,4942.406746073815,5248.107643994377,5758.132173935762
2025-06-28 05:30:00,5526.0,4862.903445529693,5164.339982280439,5667.943518911269
2025-06-28 05:45:00,5434.9766666666665,4758.20284934319,5054.096647419776,5549.010426776704
2025-06-28 06:00:00,5398.026666666667,4734.547205986071,5028.999709069595,5522.287875780534
2025-06-28 06:15:00,5375.696666666667,4754.312966346856,5048.922996980063,5543.890794198814
2025-06-28 06:30:00,5356.863333333334,4737.450943806277,5030.3855842866315,5523.769928530493
2025-06-28 06:45:00,5312.486666666667,4707.705805877262,4998.340442810557,5488.967035226652
2025-06-28 07:00:00,5278.46,4723.322684599702,5013.985360431994,5505.798628813562
2025-06-28 07:15:00,5259.4766666666665,4724.636809889772,5014.5245192236,5506.141577163147
2025-06-28 07:30:00,5259.406666666667,4726.664252413946,5015.862116305585,5507.314446627341
2025-06-28 07:45:00,5253.996666666667,4733.619309468086,5022.432577186453,5514.125967232092
2025-06-28 08:00:00,5199.276666666668,4743.760123446628,5032.412767885433,5524.604367911133
2025-06-28 08:15:00,5241.3,4758.700840747028,5047.140144413082,5539.958454222785
2025-06-28 08:30:00,5226.496666666667,4803.865067766271,5093.694889012039,5589.780387356642
2025-06-28 08:45:00,5250.02,4870.2456220235,5162.620291627097,5663.827027979007
2025-06-28 09:00:00,5342.650000000001,4961.528302962778,5257.794077237372,5766.304381816897
2025-06-28 09:15:00,5454.453333333334,5162.322112354428,5467.743729075822,5992.899910100477
2025-06-28 09:30:00,5613.13,5335.256939506499,5648.522840944661,6187.883100600359
2025-06-28 09:45:00,5801.139999999999,5471.377539867443,5790.727733586899,6341.068443662104
2025-06-28 10:00:00,5949.953333333334,5573.657353918374,5897.486135066017,6455.849349056098
2025-06-28 10:15:00,6064.7699999999995,5692.462418333031,6022.930377378447,6591.701780500049
2025-06-28 10:30:00,6179.966666666667,5766.240223101277,6101.182537939954,6676.43073440471
2025-06-28 10:45:00,6289.670000000001,5852.59458668646,6192.761632278112,6775.618197020885
2025-06-28 11:00:00,6349.206666666666,5931.533014303742,6276.666326704779,6866.5113443082555
2025-06-28 11:15:00,6414.856666666667,5973.541292211879,6321.283557282111,6914.451264769839
2025-06-28 11:30:00,6500.633333333334,6075.156970408413,6428.641264869991,7030.405592059838
2025-06-28 11:45:00,6588.823333333334,6137.251908804,6494.59957596614,7101.532982260005
2025-06-28 12:00:00,6698.32,6208.2501217694935,6570.031021361834,7182.962030883192
2025-06-28 12:15:00,6753.733333333334,6259.005565051873,6624.436954507874,7241.729526165125
2025-06-28 12:30:00,6811.846666666667,6335.822697697891,6706.340543656717,7330.336543034306
2025-06-28 12:45:00,6832.656666666667,6366.842358358476,6740.247669308262,7366.981369630684
2025-06-28 13:00:00,6769.84,6272.677818582813,6642.755524578618,7261.292311335994
2025-06-28 13:15:00,6750.616666666666,6266.002369622983,6636.801977188922,7254.519756010517
2025-06-28 13:30:00,6846.903333333333,6342.740978958567,6718.589420375235,7342.8768463426795
2025-06-28 13:45:00,6975.353333333333,6450.33084260076,6832.893845577221,7466.525521104372
2025-06-28 14:00:00,7021.656666666667,6549.74920795543,6938.715475869693,7581.040729849493
2025-06-28 14:15:00,7063.556666666666,6667.16936318289,7063.06023442447,7715.361778129934
2025-06-28 14:30:00,7089.57,6759.310058877902,7161.511359159061,7821.95236473803
2025-06-28 14:45:00,6948.683333333333,6812.077394755309,7219.055172822679,7884.450884637893
2025-06-28 15:00:00,6867.599999999999,6866.58356900745,7279.798102819504,7950.665719290549
2025-06-28 15:15:00,6804.66,6837.315403254345,7251.35075644838,7919.713828733462
2025-06-28 15:30:00,6600.166666666667,6841.416521980364,7258.030025539915,7926.889466544964
2025-06-28 15:45:00,6359.2699999999995,6808.043981308,7225.40439467855,7891.539379492815
2025-06-28 16:00:00,6214.759999999999,6776.378587080637,7194.823907271954,7858.477727211584
2025-06-28 16:15:00,6073.110000000001,6699.712963030504,7116.774367413261,7773.8801961068275
2025-06-28 16:30:00,6025.013333333333,6623.85327216854,7038.44472342325,7688.995606523383
2025-06-28 16:45:00,5974.7266666666665,6557.947947432831,6970.607907710528,7615.543251252063
2025-06-28 17:00:00,5954.38,6477.873714475387,6887.913326073248,7526.052166982161
2025-06-28 17:15:00,5909.746666666666,6247.619309958316,6647.464822212744,7265.679789459968
2025-06-28 17:30:00,5837.22,6302.784898159536,6706.880290933711,7330.295056220999
2025-06-28 17:45:00,5792.5233333333335,6202.328808593508,6602.809608394116,7217.813794017581
2025-06-28 18:00:00,5707.81,6090.754500950893,6487.055008739902,7092.725288739766
2025-06-28 18:15:00,5617.373333333334,5972.397691323891,6362.825884699676,6957.608820912368
2025-06-28 18:30:00,5623.323333333334,5907.649998060348,6294.897431397567,6883.547372269075
2025-06-28 18:45:00,5627.186666666667,5825.993038108154,6209.177915904539,6790.25285599906
2025-06-28 19:00:00,5623.03,5799.544579607585,6181.4240628359175,6759.811465584859
2025-06-28 19:15:00,5692.376666666667,5804.249194524732,6187.086361110029,6766.106918257801
2025-06-28 19:30:00,5741.716666666667,5836.679471107379,6221.827176007176,6803.946855999751
2025-06-28 19:45:00,5799.813333333333,5906.084018636888,6295.355721079561,6883.84847196511
2025-06-28 20:00:00,5810.6033333333335,5921.488026635195,6312.0903774215985,6902.2366016875085
2025-06-28 20:15:00,5855.599999999999,5979.181615838525,6373.42673236194,6969.1416204838415
2025-06-28 20:30:00,5913.746666666667,6033.373804799147,6431.008993690936,7031.998746328935
2025-06-28 20:45:00,5965.383333333334,6111.49339415637,6513.64695221593,7122.02194704251
2025-06-28 21:00:00,5970.183333333333,6134.134936683994,6537.914580227499,7148.807374069473
2025-06-28 21:15:00,6032.746666666666,6253.863180427982,6664.207269275266,7286.2353222005795
2025-06-28 21:30:00,6112.2266666666665,6372.745426659174,6789.514092576402,7422.598391493914
2025-06-28 21:45:00,6194.006666666667,6498.478458975216,6921.9166361681355,7566.649482991921
2025-06-28 22:00:00,6292.346666666667,6582.816947727612,7010.726174938754,7663.458507855026
2025-06-28 22:15:00,6368.860000000001,6699.429164086735,7133.575645765136,7797.306512776656
2025-06-28 22:30:00,6463.583333333333,6770.04906144284,7207.995345773584,7878.66299484461
2025-06-28 22:45:00,6527.009999999999,6853.548235824307,7295.831085528744,7974.539419650073
2025-06-28 23:00:00,6568.75,6881.961199428958,7325.678747408281,8007.558875021106
2025-06-28 23:15:00,6562.393333333333,6888.899119772416,7333.359493571522,8016.845818751717
2025-06-28 23:30:00,6558.986666666667,6867.258716621446,7310.750568077383,7993.213188724193
2025-06-28 23:45:00,6519.355,6821.9026375174535,7263.107165023559,7942.420332800022
2025-06-29 00:00:00,6437.04,6675.805312865639,7109.509001943303,7776.779175410054
2025-06-29 00:15:00,6368.916666666667,6573.899775706561,6999.299238848709,7656.1586012083635
2025-06-29 00:30:00,6288.806666666666,6469.398026706685,6886.243795353061,7532.411169868413
2025-06-29 00:45:00,6200.96,6404.125065973888,6814.2839956035305,7453.148261071334
2025-06-29 01:00:00,6110.2266666666665,6328.345379229817,6731.171523496899,7361.751202861035
2025-06-29 01:15:00,6032.376666666667,6209.396137727089,6604.905124714432,7225.088497825141
2025-06-29 01:30:00,5936.136666666666,6117.334019452686,6506.776137281519,7118.860966662866
2025-06-29 01:45:00,5846.653333333333,6040.577786795212,6424.62117706698,7029.886283184244
2025-06-29 02:00:00,5734.326666666667,5926.9794764604885,6303.65938915143,6898.802445612484
2025-06-29 02:15:00,5685.243333333333,5841.687288363376,6212.459041755066,6799.989173241298
2025-06-29 02:30:00,5616.5199999999995,5766.863152881304,6132.163245935682,6712.930422731836
2025-06-29 02:45:00,5550.706666666666,5677.1272571804675,6036.114041624564,6608.738685548548
2025-06-29 03:00:00,5477.143333333333,5611.201578192083,5964.99684856511,6531.499417229791
2025-06-29 03:15:00,5410.173333333333,5548.11435159793,5896.9069809748225,6457.557700127208
2025-06-29 03:30:00,5350.463333333333,5459.036316779955,5801.44205620347,6353.887975192569
2025-06-29 03:45:00,5289.6466666666665,5369.012059269642,5704.919503283876,6249.007493839235
2025-06-29 04:00:00,5229.673333333333,5292.175051163304,5622.194205253911,6159.013070360828
2025-06-29 04:15:00,5142.7699999999995,5212.823393944566,5537.020559312487,6066.464468680949
2025-06-29 04:30:00,5109.16,5156.4688181921365,5475.964264404577,5999.985904188414
2025-06-29 04:45:00,5218.06,5101.657496367349,5416.494121873872,5935.163782831839
2025-06-29 05:00:00,5049.9366666666665,5050.33740357106,5360.664164602735,5874.225118495883
2025-06-29 05:15:00,4955.87,4978.765463702477,5286.213926933733,5794.841964716795
2025-06-29 05:30:00,4898.796666666666,4914.422314013048,5219.34586385185,5723.61711398644
2025-06-29 05:45:00,4834.56,4839.341386966805,5141.192770628135,5640.108273613163
2025-06-29 06:00:00,4800.306666666666,4810.827621913189,5111.964963235074,5609.561096674081
2025-06-29 06:15:00,4781.98,4794.758876077477,5095.093109256078,5591.863226273145
2025-06-29 06:30:00,4750.446666666667,4775.288363529778,5074.666596523236,5570.2654524451655
2025-06-29 06:45:00,4738.666666666667,4732.3709282589425,5029.634403967843,5521.96000861573
2025-06-29 07:00:00,4707.573333333333,4709.1560178400205,5005.335343459155,5496.078762063055
2025-06-29 07:15:00,4684.62,4689.113647736995,4984.411043004202,5473.815641812865
2025-06-29 07:30:00,4652.673333333333,4687.263658040032,4982.6480476697225,5472.280284046188
2025-06-29 07:45:00,4629.063333333333,4677.412329416004,4972.535228764196,5461.665496569678
2025-06-29 08:00:00,4603.756666666667,4649.940119922687,4943.973444206163,5431.031698558436
2025-06-29 08:15:00,4601.56,4683.734260724813,4979.48043702571,5469.553942254537
2025-06-29 08:30:00,4624.116666666666,4679.71033028931,4975.3327924039795,5465.086758830751
2025-06-29 08:45:00,4622.79,4703.699002793651,5000.695725393925,5492.581037118766
2025-06-29 09:00:00,4655.333333333333,4778.957975668129,5080.008483797581,5578.523068555839
2025-06-29 09:15:00,4752.323333333334,4891.04476044058,5197.981888788119,5706.26837719782
2025-06-29 09:30:00,4879.400000000001,5032.755642561996,5347.174382537065,5867.839019846437
2025-06-29 09:45:00,4966.416666666667,5187.566675571861,5510.230883365929,6044.4334169542835
2025-06-29 10:00:00,5108.356666666667,5311.053089352759,5640.484286477703,6185.48773433758
2025-06-29 10:15:00,5185.0233333333335,5412.555647742265,5747.6295343920765,6301.430092581404
2025-06-29 10:30:00,5261.706666666666,5510.167453920494,5850.79921624948,6413.07801048104
2025-06-29 10:45:00,5294.63,5605.4049401755965,5951.199205853637,6521.72665674536
2025-06-29 11:00:00,5246.2,5666.931798328598,6014.741439623766,6590.395688783702
2025-06-29 11:15:00,5236.82,5727.377118813766,6077.485345629436,6658.004297439647
2025-06-29 11:30:00,5234.423333333333,5807.221860947857,6160.72869146876,6747.855295690488
2025-06-29 11:45:00,5286.663333333333,5885.722986528185,6242.680135322629,6836.3394859682785
2025-06-29 12:00:00,5397.386666666666,5981.175429299795,6342.559693782786,6944.287077139774
2025-06-29 12:15:00,5432.283333333333,6031.445915909193,6395.165204137239,7000.975353774278
2025-06-29 12:30:00,5457.849999999999,6083.8400117608835,6450.119895824433,7060.252485513235
2025-06-29 12:45:00,5469.193333333334,6108.49329693626,6476.047794399605,7088.122795356188
2025-06-29 13:00:00,5379.98,6044.502148312314,6408.9637699105215,7015.255413024218
2025-06-29 13:15:00,5371.403333333333,6031.464638859412,6395.595253654244,7000.571905316355
2025-06-29 13:30:00,5413.9766666666665,6119.050789461914,6488.047508463847,7100.609134760765
2025-06-29 13:45:00,5503.43,6229.665719918554,6604.798738680912,7227.032988784381
2025-06-29 14:00:00,5538.903333333333,6285.481543720386,6664.081907751316,7291.243372126629
2025-06-29 14:15:00,5549.126666666667,6340.097692662659,6722.082229667618,7353.429840702121
2025-06-29 14:30:00,5582.423333333333,6376.588410172362,6761.133436856698,7395.14476937471
2025-06-29 14:45:00,5603.07,6295.141908488618,6676.371755793756,7302.759870218444
2025-06-29 15:00:00,5597.466666666667,6249.36641628793,6629.166872219836,7251.134827030084
2025-06-29 15:15:00,5569.29,6202.338264398297,6580.843863351802,7198.4439120588595
2025-06-29 15:30:00,5537.166666666667,6061.725603031216,6434.274440221372,7039.358680751101
2025-06-29 15:45:00,5496.349999999999,5888.59075696181,6253.601956021611,6843.3843915494845
2025-06-29 16:00:00,5412.806666666666,5773.884834333143,6134.3695584242,6714.050567530453
2025-06-29 16:15:00,5336.8533333333335,5656.68597667944,6012.811171610767,6582.423265647275
2025-06-29 16:30:00,5281.099999999999,5604.425396426401,5959.517117418429,6524.829908365663
2025-06-29 16:45:00,5193.2733333333335,5542.514810588959,5896.120252968929,6456.351532200273
2025-06-29 17:00:00,5131.17,5516.471530619548,5870.431845794206,6428.794725243593
2025-06-29 17:15:00,5123.7266666666665,5441.195769906408,5788.54183513828,6337.384419324649
2025-06-29 17:30:00,5070.806666666666,5380.051401573425,5721.509879325403,6262.131846061789
2025-06-29 17:45:00,5041.706666666666,5315.904446366782,5651.327827693717,6183.521486614435
2025-06-29 18:00:00,5058.9366666666665,5230.304048770523,5558.604048900488,6080.538456399589
2025-06-29 18:15:00,5045.656666666667,5146.577064046905,5471.971877716784,5986.97615116764
2025-06-29 18:30:00,5046.756666666667,5131.374771792935,5457.310138003654,5971.448480352434
2025-06-29 18:45:00,5035.803333333333,5123.0019743287185,5449.7964138665775,5963.711507746502
2025-06-29 19:00:00,5060.29,5120.954031842226,5448.892974492151,5963.179424388839
2025-06-29 19:15:00,5131.66,5173.896259445607,5505.961623308074,6025.667008063577
2025-06-29 19:30:00,5146.2,5224.31176021881,5560.326731792765,6085.260318768889
2025-06-29 19:45:00,5177.466666666666,5284.649695609053,5625.0598969755165,6156.11999889113
2025-06-29 20:00:00,5170.38,5306.521011538564,5649.318543796751,6183.149719304909
2025-06-29 20:15:00,5194.47,5358.024036139428,5704.637765440946,6243.860399012387
2025-06-29 20:30:00,5213.13,5413.154692779832,5763.69239500706,6308.63874391213
2025-06-29 20:45:00,5236.8,5464.802379430494,5819.006385477222,6369.37970635288
2025-06-29 21:00:00,5261.706666666666,5476.844041745838,5832.624613888765,6384.951311170733
2025-06-29 21:15:00,5345.746666666667,5553.9784284679445,5914.412973017956,6474.3176447893175
2025-06-29 21:30:00,5414.393333333333,5636.923163816255,6002.208381096397,6570.196560574037
2025-06-29 21:45:00,5512.856666666667,5725.336098759961,6095.647014481171,6672.18958774365
2025-06-29 22:00:00,5578.363333333334,5816.134676023214,6191.486510980475,6776.779099992196
2025-06-29 22:15:00,5651.423333333333,5896.343818135906,6275.605790243725,6868.3336354283865
2025-06-29 22:30:00,5723.9766666666665,5980.966642682885,6364.250007000623,6964.777905276993
2025-06-29 22:45:00,5788.253333333334,6045.65010065039,6431.832192446812,7038.381982599144
2025-06-29 23:00:00,5822.176666666666,6085.2603255738595,6472.956840748292,7083.295307752646
2025-06-29 23:15:00,5838.34,6080.618743273618,6465.008144542563,7073.462253076849
2025-06-29 23:30:00,5803.03,6074.493231259659,6455.030055195957,7061.237137842484
2025-06-29 23:45:00,5774.28,6032.668571606012,6407.018096690506,7007.574785577233
2025-06-30 00:00:00,5690.006666666667,6171.975883854413,6632.1930194221895,7201.300508588982
2025-06-30 00:15:00,5615.81,6099.153504287316,6552.3117852048545,7113.860261370403
2025-06-30 00:30:00,5533.990000000001,6016.523541840277,6463.098057499622,7016.771474153399
2025-06-30 00:45:00,5457.433333333333,5935.75425268472,6376.383925821313,6922.653028272933
2025-06-30 01:00:00,5389.126666666667,5850.87639076238,6285.780647645501,6824.523536783417
2025-06-30 01:15:00,5317.349999999999,5774.054755101272,6204.623260935642,6737.310665479301
2025-06-30 01:30:00,5246.8966666666665,5685.658578677762,6111.196862932582,6636.748923026329
2025-06-30 01:45:00,5182.826666666667,5605.383403594177,6026.196314544195,6545.260889238443
2025-06-30 02:00:00,5104.823333333333,5504.44177996637,5919.382464980824,6430.077737588354
2025-06-30 02:15:00,5049.21,5450.058043105954,5860.8966342927515,6366.876515339261
2025-06-30 02:30:00,4984.906666666667,5382.556247394283,5788.5366459548295,6288.579823058813
2025-06-30 02:45:00,4916.11,5317.504598066162,5718.663035532393,6212.91461660721
2025-06-30 03:00:00,4849.786666666667,5248.484152605116,5644.537817735567,6132.578765953706
2025-06-30 03:15:00,4792.576666666667,5185.970989560801,5577.294264537107,6059.716994576203
2025-06-30 03:30:00,4742.033333333334,5125.571418374855,5512.201112757497,5989.120743229219
2025-06-30 03:45:00,4681.823333333334,5066.4441341236525,5448.3810182012,5919.8392456811525
2025-06-30 04:00:00,4618.556666666666,5007.682344291039,5384.888109972595,5850.847757909766
2025-06-30 04:15:00,4584.096666666667,4944.670784832664,5316.759163231184,5776.687199283214
2025-06-30 04:30:00,4554.536666666667,4914.295503834999,5282.87415663255,5739.56976094528
2025-06-30 04:45:00,4521.5233333333335,4975.090276211118,5344.7339519019815,5806.138252120084
2025-06-30 05:00:00,4488.593333333333,4859.654535722451,5221.424819471572,5671.998302251235
2025-06-30 05:15:00,4449.866666666666,4798.701842098814,5158.860447377243,5605.983228742951
2025-06-30 05:30:00,4405.583333333333,4756.768330700576,5116.264806111051,5561.548421938165
2025-06-30 05:45:00,4357.836666666667,4709.660515640992,5068.228917434091,5511.162980771771
2025-06-30 06:00:00,4352.623333333334,4687.119148816186,5046.005166421436,5488.693998496872
2025-06-30 06:15:00,4356.650000000001,4677.610568186768,5034.93067430148,5476.545107593392
2025-06-30 06:30:00,4351.873333333333,4663.724281329055,5019.276236935152,5459.385321816118
2025-06-30 06:45:00,4361.406666666667,4644.146422182797,4997.669243906561,5435.730227702383
2025-06-30 07:00:00,4384.863333333334,4626.435242831044,4978.057694046885,5414.1953356145605
2025-06-30 07:15:00,4409.993333333333,4615.287697305099,4965.505075583399,5400.352149006614
2025-06-30 07:30:00,4400.586666666667,4601.302751366778,4950.020640839315,5383.296812391936
2025-06-30 07:45:00,4402.803333333333,4591.9638895761245,4939.473304333463,5371.559637951541
2025-06-30 08:00:00,4399.486666666667,4584.622681941979,4931.087520172323,5362.136829427611
2025-06-30 08:15:00,4480.583333333333,4593.219899141722,4939.515482869767,5370.909256502505
2025-06-30 08:30:00,4505.46,4614.9939940127215,4961.862243189868,5394.743960603327
2025-06-30 08:45:00,4569.889999999999,4623.148173222568,4969.981974171522,5403.146439308069
2025-06-30 09:00:00,4656.2699999999995,4675.761853377993,5024.896352877481,5462.243383401986
2025-06-30 09:15:00,4852.17,4778.343867843925,5132.397944247958,5578.315752939565
2025-06-30 09:30:00,4966.753333333333,4906.565460693055,5266.932633947574,5723.677553985329
2025-06-30 09:45:00,5132.683333333333,5003.110939354285,5368.291018288335,5833.090639695107
2025-06-30 10:00:00,5199.446666666667,5130.900237486855,5502.578426611978,5978.19039597644
2025-06-30 10:15:00,5302.706666666667,5210.759627088465,5586.7429259311875,6069.0681298149075
2025-06-30 10:30:00,5339.0,5284.379751143783,5664.464596663661,6152.977919281358
2025-06-30 10:45:00,5400.083333333333,5330.976267388569,5713.91070914699,6206.266122148503
2025-06-30 11:00:00,5440.63,5307.99782582955,5690.380418457418,6180.4993319566165
2025-06-30 11:15:00,5502.55,5313.738924113318,5697.504732063331,6188.219473766696
2025-06-30 11:30:00,5553.5199999999995,5327.099037143424,5712.75241928995,6204.771408419273
2025-06-30 11:45:00,5562.883333333334,5379.368750755851,5768.996767624049,6265.780050997922
2025-06-30 12:00:00,5587.8,5472.933907453351,5868.744282126691,6373.964995930377
2025-06-30 12:15:00,5618.349999999999,5499.66321838593,5896.693115413657,6403.24937557631
2025-06-30 12:30:00,5628.639999999999,5534.217345127612,5932.9806099000625,6441.612758154511
2025-06-30 12:45:00,5676.063333333333,5535.451677569299,5934.380234377986,6442.218307340749
2025-06-30 13:00:00,5545.026666666668,5450.882241444144,5845.752235170846,6345.319924973098
2025-06-30 13:15:00,5519.876666666667,5438.2719387870775,5831.009893227846,6327.313596788053
2025-06-30 13:30:00,5557.723333333332,5482.935096373055,5876.546182112376,6374.67894221047
2025-06-30 13:45:00,5664.62,5571.876020891616,5968.704857914308,6472.62036504359
2025-06-30 14:00:00,5731.34,5608.6633887232865,6006.954346235283,6512.235916718521
2025-06-30 14:15:00,5794.349999999999,5632.934621206702,6034.584632400229,6542.033576916702
2025-06-30 14:30:00,5823.056666666666,5669.288832814225,6072.48769414738,6581.853216391047
2025-06-30 14:45:00,5816.03,5672.944403535709,6077.193535522305,6586.260462206117
2025-06-30 15:00:00,5849.516666666666,5670.16178249904,6075.346640701442,6583.773860812595
2025-06-30 15:15:00,5838.7300000000005,5636.906409167055,6038.306910622195,6541.55162069572
2025-06-30 15:30:00,5794.84,5588.6738493883795,5988.691114979204,6487.205333766037
2025-06-30 15:45:00,5731.613333333334,5532.2103133329265,5931.052311951308,6424.491244898848
2025-06-30 16:00:00,5738.483333333334,5451.46001336652,5847.565730923165,6333.8176394299935
2025-06-30 16:15:00,5730.283333333333,5375.224705633964,5769.2370457604375,6249.0414717406975
2025-06-30 16:30:00,5681.036666666667,5321.40243871129,5714.497229279322,6189.889307940805
2025-06-30 16:45:00,5643.420000000001,5246.449164905655,5637.59308094532,6106.782366291937
2025-06-30 17:00:00,5637.783333333333,5180.088958630807,5576.954955243631,6041.651085858181
2025-06-30 17:15:00,5650.563333333334,5145.68644392812,5547.085195096757,6009.500129493261
2025-06-30 17:30:00,5610.346666666667,5076.30105703444,5475.408723884556,5931.902433555608
2025-06-30 17:45:00,5579.143333333333,5030.280289150918,5428.282582532135,5880.962889636557
2025-06-30 18:00:00,5541.123333333333,5013.458081612629,5411.827862328648,5863.311975531181
2025-06-30 18:15:00,5475.913333333333,4979.997074567576,5377.638459380142,5826.331863476316
2025-06-30 18:30:00,5482.933333333333,4970.275207495912,5368.369418438512,5816.403343416385
2025-06-30 18:45:00,5500.259999999999,4954.52986523381,5352.745531174931,5799.63393889627
2025-06-30 19:00:00,5476.2699999999995,4957.658620478669,5356.915705579882,5804.355248596285
2025-06-30 19:15:00,5444.83,5003.439110932719,5406.095658103026,5858.050379874564
2025-06-30 19:30:00,5410.183333333333,5014.568719247258,5418.823603333564,5872.281695515894
2025-06-30 19:45:00,5418.306666666666,5041.045606458017,5447.618748980142,5903.954922698821
2025-06-30 20:00:00,5342.926666666666,5038.63797824282,5446.005985591554,5902.706279708098
2025-06-30 20:15:00,5372.466666666666,5066.1205751190655,5475.968609101799,5935.859328735412
2025-06-30 20:30:00,5374.66,5090.862943082643,5502.9767978629025,5965.830988137823
2025-06-30 20:45:00,5298.063333333333,5118.243091363641,5532.674584760159,5998.733013722712
2025-06-30 21:00:00,5359.413333333333,5138.2364299817145,5554.52494246303,6023.143438168275
2025-06-30 21:15:00,5428.57,5223.073053988635,5644.64821555883,6121.70429830115
2025-06-30 21:30:00,5510.266666666666,5298.897229980997,5725.206247596911,6209.903743790386
2025-06-30 21:45:00,5587.45,5393.716885513287,5825.618772315962,6319.616505292423
2025-06-30 22:00:00,5671.606666666667,5465.937921043783,5902.184604583123,6403.484130975384
2025-06-30 22:15:00,5705.5,5541.060724083566,5981.44680965352,6490.101357187906
2025-06-30 22:30:00,5749.636666666666,5619.889828117336,6064.49080305342,6580.803047899468
2025-06-30 22:45:00,5815.463333333333,5682.271436991613,6130.141198012387,6652.63962775296
2025-06-30 23:00:00,5838.086666666667,5717.480170017015,6167.014819998492,6693.21951456502
2025-06-30 23:15:00,5846.716666666667,5729.657588030752,6179.7487671591825,6707.722284244313
2025-06-30 23:30:00,5820.293333333334,5705.358311298605,6153.396119050096,6679.540679795576
2025-06-30 23:45:00,5755.676666666666,5669.39525789253,6113.908643237762,6636.738417276345
