timestamp,actual,p10,p50,p90,reliability,temp_corr,p10_base,p90_base,stress_day
2025-05-01 00:00:00,5705.53,5207.962506195723,5610.899195003386,5992.529555412151,HIGH,30.790000000000003,5207.962506195723,5992.529555412151,
2025-05-01 00:15:00,5630.183333333333,5135.055095895455,5535.982270748368,5912.000905043727,HIGH,30.55666666666667,5135.055095895455,5912.000905043726,
2025-05-01 00:30:00,5534.97,5043.500633009209,5441.737714978293,5810.460182663733,HIGH,30.323333333333334,5043.50063300921,5810.460182663733,
2025-05-01 00:45:00,5452.886666666666,4965.358497354084,5360.979382150112,5723.636572620669,HIGH,30.09,4965.358497354085,5723.636572620669,
2025-05-01 01:00:00,5374.31,4863.383365475658,5255.564558550383,5609.987405643945,HIGH,29.856666666666666,4863.383365475658,5609.987405643945,
2025-05-01 01:15:00,5293.573333333334,4774.562461275281,5164.432730757318,5511.950781145204,HIGH,29.658333333333335,4774.562461275281,5511.950781145204,
2025-05-01 01:30:00,5212.766666666666,4696.514885132214,5084.061231509617,5425.646736065057,HIGH,29.46,4696.514885132214,5425.646736065057,
2025-05-01 01:45:00,5117.553333333333,4607.598261919981,4992.28580072527,5326.932884823122,HIGH,29.261666666666667,4607.598261919982,5326.932884823121,
2025-05-01 02:00:00,5031.446666666667,4518.687101365889,4900.235771797363,5227.923535547057,HIGH,29.063333333333333,4518.687101365889,5227.923535547057,
2025-05-01 02:15:00,4935.91,4445.49409685133,4824.354623429651,5146.532866830758,HIGH,28.956666666666667,4445.49409685133,5146.5328668307575,
2025-05-01 02:30:00,4871.596666666667,4372.300379628863,4748.187100885731,5064.822776207322,HIGH,28.85,4372.300379628863,5064.822776207321,
2025-05-01 02:45:00,4811.926666666666,4301.995328303202,4674.6905980252095,4986.008353218272,HIGH,28.743333333333332,4301.995328303203,4986.008353218272,
2025-05-01 03:00:00,4735.650000000001,4228.6085552428,4597.752663920117,4903.427679883869,HIGH,28.636666666666667,4228.6085552428,4903.427679883869,
2025-05-01 03:15:00,4677.403333333333,4159.065687933479,4524.106287440074,4824.394825202848,HIGH,28.450833333333332,4159.065687933479,4824.394825202848,
2025-05-01 03:30:00,4611.463333333333,4096.633123276797,4457.457915255564,4752.953615048231,HIGH,28.264999999999997,4096.633123276797,4752.953615048231,
2025-05-01 03:45:00,4547.98,4033.393646559634,4389.705489080686,4680.275755175149,HIGH,28.079166666666666,4033.393646559634,4680.275755175149,
2025-05-01 04:00:00,4483.386666666666,3980.8178933607824,4332.5983914527205,4619.151322959895,HIGH,27.89333333333333,3980.8178933607824,4619.151322959895,
2025-05-01 04:15:00,4437.616666666667,3930.65783670324,4277.33884871284,4559.981925503659,HIGH,27.794166666666666,3930.6578367032403,4559.981925503659,
2025-05-01 04:30:00,4386.866666666667,3892.376079448299,4233.981998699815,4513.725744737863,HIGH,27.695,3892.3760794482996,4513.725744737863,
2025-05-01 04:45:00,4345.873333333333,3847.4560650264402,4183.578254019223,4459.742237876464,HIGH,27.595833333333335,3847.4560650264402,4459.742237876464,
2025-05-01 05:00:00,4311.586666666667,3831.6162887055752,4162.707657837657,4437.862873357008,HIGH,27.496666666666666,3831.6162887055752,4437.862873357008,
2025-05-01 05:15:00,4301.87,3816.0928324099636,4145.524674718672,4420.065692139549,HIGH,27.620833333333334,3816.092832409964,4420.065692139549,
2025-05-01 05:30:00,4263.46,3787.490772464602,4114.732877529682,4387.3833816217,HIGH,27.745,3787.4907724646023,4387.3833816217,
2025-05-01 05:45:00,4209.509999999999,3756.864971789802,4081.663399052484,4352.152127784653,HIGH,27.869166666666665,3756.8649717898024,4352.152127784653,
2025-05-01 06:00:00,4215.35,3775.485921123105,4098.8230239689165,4371.548706548947,HIGH,27.993333333333332,3775.485921123105,4371.548706548947,
2025-05-01 06:15:00,4248.650000000001,3821.33934929792,4145.1242396082935,4422.657109994882,HIGH,28.320833333333333,3821.33934929792,4422.657109994882,
2025-05-01 06:30:00,4260.163333333333,3831.227558831538,4154.439674641748,4433.410991385448,HIGH,28.648333333333333,3831.2275588315383,4433.410991385448,
2025-05-01 06:45:00,4215.586666666667,3746.8334931595105,4067.0771834342218,4338.803415857505,HIGH,28.975833333333334,3746.8334931595105,4338.803415857505,
2025-05-01 07:00:00,4195.929999999999,3733.474380665306,4052.313216050777,4323.174652159116,HIGH,29.303333333333335,3733.474380665306,4323.174652159116,
2025-05-01 07:15:00,4198.506666666667,3713.1109811853985,4033.139226364265,4302.763125501472,HIGH,29.780833333333334,3713.1109811853985,4302.763125501472,
2025-05-01 07:30:00,4144.376666666667,3695.9066228445995,4017.1034185763074,4285.685460670355,HIGH,30.258333333333333,3695.9066228445995,4285.685460670355,
2025-05-01 07:45:00,4137.33,3689.9677288693583,4012.5234153643564,4280.9987766290915,HIGH,30.735833333333332,3689.9677288693583,4280.9987766290915,
2025-05-01 08:00:00,4139.94,3732.4286917652894,4057.437461676801,4330.12631967253,HIGH,31.213333333333335,3732.42869176529,4330.12631967253,
2025-05-01 08:15:00,4184.09,3746.4946754233697,4075.0344729045464,4349.4846468021005,HIGH,31.682499999999997,3746.49467542337,4349.4846468021005,
2025-05-01 08:30:00,4212.383333333333,3784.6385336710964,4117.260558538238,4395.57949972054,HIGH,32.15166666666667,3784.6385336710964,4395.57949972054,
2025-05-01 08:45:00,4258.006666666667,3836.393196222914,4173.417739912803,4456.761452160605,HIGH,32.62083333333333,3836.3931962229144,4456.761452160605,
2025-05-01 09:00:00,4352.6033333333335,3944.0200520808476,4286.794090757862,4580.172263109234,HIGH,33.089999999999996,3944.020052080848,4580.172263109234,
2025-05-01 09:15:00,4487.556666666667,4092.087068761234,4441.248841467655,4748.223239387344,HIGH,33.519999999999996,4092.087068761234,4748.223239387344,
2025-05-01 09:30:00,4644.43,4250.792735789773,4606.647632539964,4928.112573061893,HIGH,33.949999999999996,4250.792735789773,4928.112573061893,
2025-05-01 09:45:00,4761.836666666666,4356.887667657102,4718.250904806626,5049.340945523727,HIGH,34.38,4356.887667657102,5049.340945523727,
2025-05-01 10:00:00,4865.94,4455.438940534743,4822.218610410496,5162.178969330175,HIGH,34.81,4455.438940534743,5162.178969330175,
2025-05-01 10:15:00,4940.443333333334,4512.608632183798,4882.485956450871,5227.303689238496,HIGH,34.88999999999999,4512.608632183799,5227.303689238496,
2025-05-01 10:30:00,5027.96,4593.231907209239,4966.889107732646,5318.642871481679,HIGH,34.97,4593.231907209239,5318.642871481679,
2025-05-01 10:45:00,5116.926666666666,4694.5911914187645,5072.66234598916,5433.187989680167,HIGH,35.050000000000004,4694.591191418765,5433.187989680167,
2025-05-01 11:00:00,5162.72,4754.675026056588,5136.331310852284,5501.819072295717,HIGH,35.13,4754.675026056588,5501.819072295717,
2025-05-01 11:15:00,5208.12,4811.32150889299,5194.495719205023,5564.320433964675,HIGH,35.37083333333334,4811.32150889299,5564.3204339646745,
2025-05-01 11:30:00,5205.963333333333,4846.482656258131,5230.848043264306,5603.013994719742,HIGH,35.61166666666667,4846.482656258131,5603.013994719741,
2025-05-01 11:45:00,5221.82,4891.662037066296,5277.657091564604,5653.044872116027,HIGH,35.8525,4891.662037066296,5653.044872116027,
2025-05-01 12:00:00,5276.986666666667,4921.435652351789,5308.905526845648,5686.084769036335,HIGH,36.093333333333334,4921.435652351789,5686.084769036335,
2025-05-01 12:15:00,5295.623333333333,4932.600077916464,5320.247524131939,5697.367526301585,HIGH,36.24166666666667,4932.600077916464,5697.367526301585,
2025-05-01 12:30:00,5307.513333333333,4956.5524927396455,5344.918350853611,5723.129658439948,HIGH,36.39,4956.5524927396455,5723.129658439948,
2025-05-01 12:45:00,5341.296666666666,4970.284050217281,5359.370541125764,5737.733080843247,HIGH,36.538333333333334,4970.284050217282,5737.733080843246,
2025-05-01 13:00:00,5258.599999999999,4845.810452064201,5232.5764578537055,5598.493903552853,HIGH,36.68666666666667,4845.810452064201,5598.493903552853,
2025-05-01 13:15:00,5287.079999999999,4828.24268507955,5214.063500827608,5577.101766999042,HIGH,36.74916666666667,4828.24268507955,5577.101766999042,
2025-05-01 13:30:00,5345.006666666667,4903.798952539515,5291.16553148238,5659.819800076118,HIGH,36.81166666666667,4903.798952539515,5659.819800076117,
2025-05-01 13:45:00,5464.813333333333,5027.555752808733,5417.893335933977,5796.571236200351,HIGH,36.87416666666667,5027.555752808734,5796.571236200351,
2025-05-01 14:00:00,5588.606666666667,5125.1625678645,5518.12766870105,5904.467734847539,HIGH,36.93666666666667,5125.1625678645005,5904.467734847539,
2025-05-01 14:15:00,5686.55,5243.042090747577,5636.886140966127,6032.449582078285,HIGH,36.87083333333333,5243.042090747577,6032.449582078285,
2025-05-01 14:30:00,5836.373333333333,5359.779042036521,5757.773803736297,6162.331637766746,HIGH,36.805,5359.779042036521,6162.331637766746,
2025-05-01 14:45:00,5923.110000000001,5460.075371912073,5864.081831699629,6276.071501952871,HIGH,36.73916666666667,5460.075371912073,6276.071501952871,
2025-05-01 15:00:00,5981.543333333334,5511.38577043865,5918.136090863894,6333.479361246805,HIGH,36.67333333333334,5511.385770438651,6333.479361246805,
2025-05-01 15:15:00,6033.076666666667,5551.195567387891,5958.021751453599,6375.415074277792,HIGH,36.410000000000004,5551.195567387891,6375.415074277792,
2025-05-01 15:30:00,6045.686666666666,5563.4277831003465,5969.020692827856,6386.054278269552,HIGH,36.146666666666675,5563.4277831003465,6386.054278269552,
2025-05-01 15:45:00,5973.03,5528.270297821564,5930.888248332136,6343.3494616380385,HIGH,35.88333333333333,5528.270297821564,6343.3494616380385,
2025-05-01 16:00:00,5906.759999999999,5483.883059838046,5884.187444010278,6291.4834924085,HIGH,35.620000000000005,5483.883059838046,6291.4834924085,
2025-05-01 16:15:00,5842.046666666666,5404.92033411136,5804.149766391555,6203.421731473502,HIGH,34.99583333333333,5404.92033411136,6203.421731473502,
2025-05-01 16:30:00,5824.389999999999,5353.259735084509,5752.324275925128,6146.131869228661,HIGH,34.37166666666667,5353.259735084509,6146.131869228661,
2025-05-01 16:45:00,5774.543333333334,5272.511755074683,5670.967984946484,6056.736212823324,HIGH,33.7475,5272.511755074683,6056.736212823324,
2025-05-01 17:00:00,5687.81,5196.341228860691,5594.538973844981,5972.763830192282,HIGH,33.123333333333335,5196.341228860691,5972.763830192282,
2025-05-01 17:15:00,5656.23,5144.058254599626,5543.376455213637,5916.171080624749,HIGH,32.998333333333335,5144.058254599626,5916.171080624749,
2025-05-01 17:30:00,5596.346666666667,5065.393327658135,5465.421059435085,5830.466007349842,HIGH,32.87333333333333,5065.393327658135,5830.466007349842,
2025-05-01 17:45:00,5478.106666666667,4992.375506832812,5393.453127652742,5751.3498317981885,HIGH,32.748333333333335,4992.375506832812,5751.349831798188,
2025-05-01 18:00:00,5418.486666666667,4941.007907350118,5343.843957705559,5696.654029131631,HIGH,32.623333333333335,4941.007907350118,5696.654029131631,
2025-05-01 18:15:00,5330.626666666667,4868.897744029886,5269.941041217278,5615.461805967084,HIGH,32.410000000000004,4868.897744029886,5615.461805967084,
2025-05-01 18:30:00,5296.599999999999,4829.368576186055,5229.558968394596,5570.850787563162,HIGH,32.196666666666665,4829.368576186055,5570.850787563162,
2025-05-01 18:45:00,5285.123333333333,4815.977798125152,5216.085703654657,5555.6226369375845,HIGH,31.983333333333334,4815.977798125152,5555.6226369375845,
2025-05-01 19:00:00,5240.173333333333,4826.427363504004,5227.151989019758,5567.199064093151,HIGH,31.770000000000003,4826.427363504004,5567.199064093151,
2025-05-01 19:15:00,5286.973333333333,4844.489154934972,5246.125703745329,5587.46917064199,HIGH,31.469166666666666,4844.489154934972,5587.46917064199,
2025-05-01 19:30:00,5277.263333333333,4844.551404233785,5246.766789397982,5587.858658152114,HIGH,31.168333333333333,4844.551404233785,5587.858658152114,
2025-05-01 19:45:00,5277.813333333333,4788.976916764471,5190.522542529718,5526.384396265367,HIGH,30.8675,4788.976916764471,5526.384396265367,
2025-05-01 20:00:00,5223.856666666667,4753.7873199125515,5155.2095109314605,5487.7890403039355,HIGH,30.566666666666666,4753.7873199125515,5487.7890403039355,
2025-05-01 20:15:00,5223.133333333333,4737.981362343689,5140.502851419313,5471.7444456547355,HIGH,30.346666666666664,4737.981362343689,5471.7444456547355,
2025-05-01 20:30:00,5234.323333333334,4717.132772846679,5120.656350998581,5450.187105932861,HIGH,30.126666666666665,4717.1327728466795,5450.187105932861,
2025-05-01 20:45:00,5263.403333333333,4725.005556285505,5130.220555167652,5460.741899341994,HIGH,29.906666666666663,4725.005556285505,5460.741899341993,
2025-05-01 21:00:00,5260.78,4658.6422826843855,5063.763747694485,5388.592622871748,HIGH,29.686666666666664,4658.6422826843855,5388.592622871747,
2025-05-01 21:15:00,5327.96,4717.2103784986475,5124.825442024184,5455.379694234023,HIGH,29.451666666666668,4717.2103784986475,5455.379694234023,
2025-05-01 21:30:00,5425.67,4820.920510292585,5232.054152562503,5572.5223647400235,HIGH,29.216666666666665,4820.920510292585,5572.5223647400235,
2025-05-01 21:45:00,5551.360000000001,4900.554064452137,5314.562075498589,5662.821716874216,HIGH,28.981666666666666,4900.554064452137,5662.821716874216,
2025-05-01 22:00:00,5631.586666666667,4983.072284228173,5399.935454659281,5756.31676606573,HIGH,28.74666666666667,4983.072284228173,5756.31676606573,
2025-05-01 22:15:00,5719.87,5092.561847250782,5511.3803023649725,5878.225012744986,HIGH,28.643333333333334,5092.561847250782,5878.225012744986,
2025-05-01 22:30:00,5809.433333333333,5163.795466711207,5583.5339481209985,5957.414565845668,HIGH,28.540000000000003,5163.795466711207,5957.414565845668,
2025-05-01 22:45:00,5878.323333333334,5258.841153316372,5679.928055549866,6063.068083193773,HIGH,28.436666666666667,5258.841153316372,6063.068083193773,
2025-05-01 23:00:00,5933.68,5296.914396213003,5717.835329297071,6105.091892454791,HIGH,28.333333333333336,5296.914396213003,6105.0918924547905,
2025-05-01 23:15:00,5931.823333333334,5317.623599577048,5738.871541473247,6128.84002863909,HIGH,28.275833333333335,5317.623599577048,6128.840028639089,
2025-05-01 23:30:00,5921.173333333333,5320.4006281580205,5741.362219451092,6132.446507939798,HIGH,28.218333333333334,5320.400628158021,6132.446507939797,
2025-05-01 23:45:00,5898.525,5294.352178454719,5714.140375262394,6103.746101285947,HIGH,28.160833333333333,5294.352178454719,6103.746101285947,
2025-05-02 00:00:00,5811.936666666666,5161.815294197414,5577.677765433699,5956.127938928101,HIGH,28.10333333333333,5161.815294197414,5956.1279389281,
2025-05-02 00:15:00,5722.78,5091.7970319202805,5506.437637586137,5879.628880666413,HIGH,28.023333333333333,5091.7970319202805,5879.628880666413,
2025-05-02 00:30:00,5635.723333333332,5005.515558272078,5418.31057408877,5784.775668871382,HIGH,27.94333333333333,5005.515558272078,5784.775668871382,
2025-05-02 00:45:00,5528.073333333334,4928.723783847025,5339.653550785847,5700.265945280777,HIGH,27.86333333333333,4928.7237838470255,5700.265945280777,
2025-05-02 01:00:00,5435.2,4850.25588183646,5259.025347013496,5613.634974004806,HIGH,27.78333333333333,4850.2558818364605,5613.634974004806,
2025-05-02 01:15:00,5304.08,4769.35471369825,5175.642770032485,5524.0245059058725,HIGH,27.684166666666666,4769.35471369825,5524.0245059058725,
2025-05-02 01:30:00,5139.286666666667,4692.5827859780675,5096.217972363211,5438.738639212175,HIGH,27.584999999999997,4692.5827859780675,5438.738639212175,
2025-05-02 01:45:00,4959.266666666666,4605.082374854086,5005.533159268279,5341.19969104171,HIGH,27.485833333333332,4605.082374854086,5341.199691041709,
2025-05-02 02:00:00,4837.973333333332,4522.975815997286,4920.090650815469,5249.3731535099605,HIGH,27.386666666666667,4522.975815997286,5249.3731535099605,
2025-05-02 02:15:00,4818.233333333334,4438.254693563396,4832.047067656002,5154.724810015485,HIGH,27.3575,4438.254693563396,5154.724810015485,
2025-05-02 02:30:00,4792.303333333333,4375.3819195140195,4766.087271862294,5084.118156774434,HIGH,27.328333333333333,4375.3819195140195,5084.118156774433,
2025-05-02 02:45:00,4735.633333333334,4318.458777254851,4705.9324657299285,5019.820065348139,HIGH,27.299166666666668,4318.458777254851,5019.820065348139,
2025-05-02 03:00:00,4668.54,4247.968287828162,4631.6005205892725,4940.064534826499,HIGH,27.27,4247.968287828162,4940.064534826499,
2025-05-02 03:15:00,4612.97,4185.349933513448,4565.043806847304,4868.752324845283,HIGH,27.110833333333332,4185.349933513449,4868.752324845283,
2025-05-02 03:30:00,4567.816666666667,4119.3086229755845,4494.700620135777,4793.287460639877,HIGH,26.951666666666664,4119.3086229755845,4793.287460639877,
2025-05-02 03:45:00,4511.256666666667,4054.610979034473,4425.455249425802,4718.983783751539,HIGH,26.7925,4054.6109790344735,4718.983783751539,
2025-05-02 04:00:00,4458.900000000001,3993.348640423711,4359.454391187686,4648.174043750438,HIGH,26.633333333333333,3993.3486404237115,4648.174043750438,
2025-05-02 04:15:00,4392.136666666666,3947.4463333207573,4308.913516475354,4594.156056989317,HIGH,26.555833333333332,3947.4463333207577,4594.156056989317,
2025-05-02 04:30:00,4331.806666666666,3901.4815013110956,4258.049721333613,4539.7375907804735,HIGH,26.478333333333335,3901.481501311096,4539.7375907804735,
2025-05-02 04:45:00,4156.0199999999995,3860.0740518784187,4211.601687451596,4490.074633978971,HIGH,26.400833333333335,3860.0740518784187,4490.074633978971,
2025-05-02 05:00:00,3911.4833333333336,3829.969362924612,4176.485331326525,4452.694412803006,HIGH,26.323333333333334,3829.969362924612,4452.694412803005,
2025-05-02 05:15:00,3275.846666666667,3812.7112017666414,4161.479352479767,4437.408568707882,HIGH,26.509999999999998,3812.7112017666414,4437.408568707882,
2025-05-02 05:30:00,2951.89,3771.6843158941842,4121.919478943301,4395.318399463792,HIGH,26.696666666666665,3771.6843158941842,4395.318399463792,
2025-05-02 05:45:00,2893.27,3719.089012041771,4070.309606166068,4340.037229923654,HIGH,26.883333333333333,3719.089012041771,4340.037229923654,
2025-05-02 06:00:00,2943.433333333333,3719.6833926721497,4072.9658103061834,4343.780158278515,HIGH,27.07,3719.68339267215,4343.780158278515,
2025-05-02 06:15:00,3013.976666666667,3758.1477091682204,4112.420425996132,4387.458172262475,HIGH,27.357499999999998,3758.1477091682204,4387.458172262475,
2025-05-02 06:30:00,3044.7599999999998,3770.415234239621,4124.890665438922,4401.673196328189,HIGH,27.645,3770.415234239621,4401.673196328189,
2025-05-02 06:45:00,3036.596666666667,3721.4808739772075,4074.552336329558,4347.410503448203,HIGH,27.9325,3721.4808739772075,4347.410503448203,
2025-05-02 07:00:00,3098.58,3706.589196642025,4058.937994568336,4330.881241608336,HIGH,28.22,3706.5891966420254,4330.881241608336,
2025-05-02 07:15:00,3129.3199999999997,3710.104718874833,4064.2124392517003,4337.094066800692,HIGH,28.696666666666665,3710.104718874833,4337.094066800692,
2025-05-02 07:30:00,3167.61,3673.5315506005163,4028.3458751096955,4298.420702767163,HIGH,29.173333333333332,3673.5315506005163,4298.420702767163,
2025-05-02 07:45:00,3176.623333333333,3662.431240524199,4018.4813559417503,4287.979179375422,HIGH,29.650000000000002,3662.4312405241994,4287.979179375421,
2025-05-02 08:00:00,3181.6733333333336,3676.471819402998,4034.297191632751,4305.418762933599,HIGH,30.12666666666667,3676.471819402998,4305.418762933599,
2025-05-02 08:15:00,3204.41,3717.8360541870697,4079.484146624415,4354.809766623184,HIGH,30.700833333333335,3717.8360541870697,4354.809766623184,
2025-05-02 08:30:00,3258.91,3750.4391227346996,4115.677923557468,4394.322653787001,HIGH,31.275,3750.4391227346996,4394.322653787001,
2025-05-02 08:45:00,3291.48,3803.9159995366595,4173.239022939697,4457.0206934325215,HIGH,31.84916666666667,3803.91599953666,4457.0206934325215,
2025-05-02 09:00:00,3347.9233333333336,3904.001140530539,4278.534417823634,4571.618561188282,HIGH,32.42333333333333,3904.001140530539,4571.618561188282,
2025-05-02 09:15:00,3411.3366666666666,4031.850270624164,4412.289085034647,4717.127140760819,HIGH,32.55833333333333,4031.850270624164,4717.127140760819,
2025-05-02 09:30:00,3538.213333333333,4169.701377967196,4556.335934846044,4873.764204444965,HIGH,32.693333333333335,4169.701377967196,4873.764204444965,
2025-05-02 09:45:00,3670.6766666666667,4268.7686820431245,4660.743970288319,4987.156961997544,HIGH,32.82833333333333,4268.7686820431245,4987.156961997544,
2025-05-02 10:00:00,3760.59,4361.32302477316,4758.5717188665585,5093.30857089001,HIGH,32.96333333333333,4361.32302477316,5093.30857089001,
2025-05-02 10:15:00,3902.6299999999997,4441.99538873621,4842.1835341653505,5183.829864540762,HIGH,33.336666666666666,4441.99538873621,5183.829864540761,
2025-05-02 10:30:00,3948.7999999999997,4528.425548637453,4931.813322459561,5280.835296155559,HIGH,33.71,4528.425548637453,5280.835296155559,
2025-05-02 10:45:00,4213.650000000001,4613.5620268531575,5020.25809838632,5376.4841542490585,HIGH,34.083333333333336,4613.5620268531575,5376.4841542490585,
2025-05-02 11:00:00,4437.599999999999,4668.577338914945,5078.018914171838,5438.6557010775205,HIGH,34.45666666666666,4668.577338914945,5438.6557010775205,
2025-05-02 11:15:00,4376.386666666666,4721.19848062157,5131.343234787074,5495.860646056755,HIGH,34.75,4721.19848062157,5495.860646056755,
2025-05-02 11:30:00,4402.326666666667,4738.736976084082,5148.933864260926,5514.097156380526,HIGH,35.04333333333333,4738.736976084083,5514.097156380526,
2025-05-02 11:45:00,4397.743333333333,4768.871076276541,5179.620059608311,5546.544682619574,HIGH,35.33666666666667,4768.871076276541,5546.544682619574,
2025-05-02 12:00:00,4443.92,4825.913764990502,5238.069193987865,5609.180588654077,HIGH,35.63,4825.913764990502,5609.180588654077,
2025-05-02 12:15:00,4431.723333333333,4840.699731192286,5252.040992474208,5623.288860470138,HIGH,35.754999999999995,4840.699731192286,5623.288860470138,
2025-05-02 12:30:00,4403.883333333333,4863.4387235378135,5274.391343335092,5646.4856540589135,HIGH,35.88,4863.4387235378135,5646.485654058913,
2025-05-02 12:45:00,4404.12,4886.274700765189,5297.08698067271,5670.027852926686,HIGH,36.005,4886.274700765189,5670.027852926685,
2025-05-02 13:00:00,4281.373333333333,4794.860042560535,5203.062180347039,5566.436094217893,HIGH,36.129999999999995,4794.860042560535,5566.436094217893,
2025-05-02 13:15:00,4209.8533333333335,4803.116645696873,5212.896304948692,5575.872941198376,HIGH,36.174166666666665,4803.116645696873,5575.872941198376,
2025-05-02 13:30:00,4212.943333333334,4858.805801015213,5269.129001677132,5635.3014453662045,HIGH,36.21833333333333,4858.805801015213,5635.3014453662045,
2025-05-02 13:45:00,4292.856666666667,4973.511925068365,5386.061880294333,5760.823386083113,HIGH,36.262499999999996,4973.511925068365,5760.823386083113,
2025-05-02 14:00:00,4341.453333333334,5078.192691509288,5493.010487449283,5875.468912971158,HIGH,36.306666666666665,5078.192691509288,5875.468912971158,
2025-05-02 14:15:00,4419.526666666667,5196.142098052696,5608.606170387019,5999.891462672695,HIGH,36.38333333333333,5196.142098052696,5999.891462672694,
2025-05-02 14:30:00,4493.6866666666665,5345.72076555345,5756.871117121944,6159.898410113561,HIGH,36.46,5345.72076555345,6159.89841011356,
2025-05-02 14:45:00,4563.2733333333335,5434.725940896158,5843.404433901662,6252.692668855912,HIGH,36.53666666666666,5434.725940896158,6252.692668855912,
2025-05-02 15:00:00,4580.94,5502.529757912661,5909.323169720656,6322.94218766186,HIGH,36.61333333333334,5502.529757912661,6322.94218766186,
2025-05-02 15:15:00,4561.363333333334,5553.780303156563,5965.71749265349,6382.788025245778,HIGH,36.483333333333334,5553.780303156563,6382.788025245778,
2025-05-02 15:30:00,4595.343333333333,5558.3196242057265,5972.638866795123,6389.059797343391,HIGH,36.35333333333333,5558.319624205727,6389.059797343391,
2025-05-02 15:45:00,4606.956666666666,5497.683581621077,5912.483227353013,6322.407398382976,HIGH,36.22333333333333,5497.683581621078,6322.407398382976,
2025-05-02 16:00:00,4596.823333333333,5432.20160122953,5847.638799355816,6250.68824547773,HIGH,36.093333333333334,5432.20160122953,6250.68824547773,
2025-05-02 16:15:00,4577.166666666667,5355.9648138094135,5767.377622956667,6162.058283738754,HIGH,35.45583333333333,5355.9648138094135,6162.058283738753,
2025-05-02 16:30:00,4565.740000000001,5313.694495569487,5722.151920862792,6111.630782303248,HIGH,34.818333333333335,5313.694495569487,6111.630782303248,
2025-05-02 16:45:00,4581.41,5244.253918268297,5649.358263566296,6031.235025797039,HIGH,34.18083333333334,5244.253918268298,6031.235025797039,
2025-05-02 17:00:00,4560.29,5146.44390154942,5547.75920901382,5919.527648255611,HIGH,33.54333333333334,5146.443901549421,5919.527648255611,
2025-05-02 17:15:00,4555.453333333334,5111.620641209628,5514.832189833801,5882.806142574935,HIGH,33.44500000000001,5111.620641209628,5882.806142574935,
2025-05-02 17:30:00,4541.963333333333,5046.181254118683,5450.777134317887,5812.251323620877,HIGH,33.34666666666667,5046.181254118683,5812.251323620877,
2025-05-02 17:45:00,4508.24,4942.427410259773,5347.699495950146,5699.26944881459,HIGH,33.248333333333335,4942.427410259774,5699.26944881459,
2025-05-02 18:00:00,4483.153333333333,4883.663574605793,5290.877060562391,5636.731177967313,HIGH,33.15,4883.663574605793,5636.731177967313,
2025-05-02 18:15:00,4478.0199999999995,4805.4826024042995,5210.039804147188,5547.961896894461,HIGH,32.93916666666667,4805.4826024042995,5547.96189689446,
2025-05-02 18:30:00,4448.123333333334,4775.538669331345,5178.75283193624,5513.2298858011045,HIGH,32.72833333333333,4775.538669331346,5513.2298858011045,
2025-05-02 18:45:00,4445.303333333333,4762.718509869675,5165.145052899389,5497.829689275481,HIGH,32.5175,4762.7185098696755,5497.829689275481,
2025-05-02 19:00:00,4509.259999999999,4740.180781742442,5141.718555132514,5471.817906183531,HIGH,32.306666666666665,4740.180781742442,5471.817906183531,
2025-05-02 19:15:00,4512.416666666667,4785.268659812719,5187.6441869287055,5521.4130981487815,HIGH,32.17916666666667,4785.268659812719,5521.4130981487815,
2025-05-02 19:30:00,4470.88,4776.518034793041,5178.5434689135445,5511.168198953477,HIGH,32.05166666666667,4776.518034793042,5511.168198953476,
2025-05-02 19:45:00,4446.3966666666665,4773.71776106357,5175.613359451398,5507.727487783657,HIGH,31.924166666666668,4773.71776106357,5507.727487783657,
2025-05-02 20:00:00,4365.926666666666,4723.089745556383,5123.774960512258,5451.110442384185,HIGH,31.796666666666667,4723.089745556383,5451.110442384185,
2025-05-02 20:15:00,4337.473333333333,4718.249363888885,5119.576663899932,5446.483898071584,HIGH,31.596666666666664,4718.249363888885,5446.483898071584,
2025-05-02 20:30:00,4270.046666666666,4721.355638043656,5123.537608845899,5450.827313203233,HIGH,31.39666666666667,4721.355638043656,5450.827313203232,
2025-05-02 20:45:00,4218.906666666667,4747.0048329953415,5150.583450062383,5480.394054441261,HIGH,31.19666666666667,4747.0048329953415,5480.39405444126,
2025-05-02 21:00:00,4158.59,4733.123933434472,5137.1419799143305,5465.952935316362,HIGH,30.996666666666666,4733.123933434472,5465.952935316362,
2025-05-02 21:15:00,4176.05,4793.933208675253,5197.263966120938,5531.601645201102,HIGH,30.800833333333337,4793.933208675253,5531.601645201101,
2025-05-02 21:30:00,4193.883333333333,4887.649298281364,5291.025936694525,5633.9640130589305,HIGH,30.605,4887.649298281364,5633.9640130589305,
2025-05-02 21:45:00,4222.883333333334,5001.635997947942,5405.471988482416,5758.928977354289,HIGH,30.409166666666664,5001.635997947942,5758.928977354289,
2025-05-02 22:00:00,4228.400000000001,5085.853905312624,5489.351253093321,5850.681916314915,HIGH,30.213333333333335,5085.853905312624,5850.681916314915,
2025-05-02 22:15:00,4226.906666666667,5180.8412226243045,5585.947976300549,5956.420551272663,HIGH,30.080833333333334,5180.8412226243045,5956.420551272662,
2025-05-02 22:30:00,4242.53,5267.219953981381,5673.607945109368,6052.496494504158,HIGH,29.948333333333334,5267.219953981381,6052.496494504158,
2025-05-02 22:45:00,4283.889999999999,5341.864336041651,5749.114176560146,6135.403109084328,HIGH,29.81583333333333,5341.864336041651,6135.403109084328,
2025-05-02 23:00:00,4300.53,5398.955536966058,5806.492986932205,6198.631427162442,HIGH,29.683333333333334,5398.955536966058,6198.631427162442,
2025-05-02 23:15:00,4308.033333333334,5400.718444324373,5809.927889042625,6203.27563125725,HIGH,29.524166666666666,5400.718444324373,6203.27563125725,
2025-05-02 23:30:00,4274.343333333333,5391.660763344683,5802.098454847973,6195.707405005708,HIGH,29.365,5391.660763344684,6195.707405005707,
2025-05-02 23:45:00,4264.5,5364.989162528369,5776.0354527791515,6168.332877226672,HIGH,29.20583333333333,5364.989162528369,6168.332877226672,
2025-05-03 00:00:00,4186.473333333333,5221.015268665687,5584.144910226053,6037.159291239577,HIGH,29.046666666666663,5221.015268665687,6037.159291239577,
2025-05-03 00:15:00,4143.933333333333,5138.191193643237,5500.152921877802,5946.7862332314135,HIGH,28.8675,5138.191193643237,5946.7862332314135,
2025-05-03 00:30:00,4086.2033333333334,5052.233265513416,5412.716491543843,5852.697901040612,HIGH,28.688333333333333,5052.233265513417,5852.697901040611,
2025-05-03 00:45:00,4013.5266666666666,4954.479999037355,5312.957415355255,5745.220815866555,HIGH,28.509166666666665,4954.479999037356,5745.220815866555,
2025-05-03 01:00:00,3940.73,4865.852136670181,5222.2863070918675,5647.665898694428,HIGH,28.33,4865.852136670181,5647.665898694428,
2025-05-03 01:15:00,3871.0166666666664,4747.929487705078,5101.718028544595,5517.585751008065,HIGH,28.181666666666665,4747.929487705078,5517.585751008065,
2025-05-03 01:30:00,3831.933333333333,4612.984864890539,4963.451858249761,5368.247172901351,HIGH,28.03333333333333,4612.984864890539,5368.247172901351,
2025-05-03 01:45:00,3776.7766666666666,4464.20085314266,4810.740571854083,5203.186937793935,HIGH,27.885,4464.20085314266,5203.186937793935,
2025-05-03 02:00:00,3724.7533333333336,4355.751774411866,4699.046016174036,5082.797473300483,HIGH,27.736666666666668,4355.751774411867,5082.797473300483,
2025-05-03 02:15:00,3680.7000000000003,4319.441577769245,4660.208589065482,5041.721867577564,HIGH,27.649166666666666,4319.441577769246,5041.721867577564,
2025-05-03 02:30:00,3646.64,4283.871511579551,4621.843300062553,5001.152860034052,HIGH,27.561666666666667,4283.871511579551,5001.152860034052,
2025-05-03 02:45:00,3606.5933333333337,4227.850365158417,4562.252631303757,4937.456334468381,HIGH,27.474166666666665,4227.850365158417,4937.456334468381,
2025-05-03 03:00:00,3568.0033333333336,4161.1616220950655,4491.4537331574575,4861.535513212739,HIGH,27.386666666666667,4161.1616220950655,4861.535513212739,
2025-05-03 03:15:00,3524.8733333333334,4099.348482329265,4426.080809423356,4791.5252307769615,HIGH,27.24833333333333,4099.348482329266,4791.525230776961,
2025-05-03 03:30:00,3491.7899999999995,4051.7271375730456,4374.956276045448,4737.002265310533,HIGH,27.109999999999996,4051.7271375730456,4737.002265310533,
2025-05-03 03:45:00,3451.806666666667,3993.6277647846105,4312.825916437912,4670.459617394455,HIGH,26.971666666666664,3993.6277647846105,4670.459617394455,
2025-05-03 04:00:00,3435.6566666666663,3936.2476408055204,4251.15923479063,4604.382576806613,HIGH,26.833333333333332,3936.247640805521,4604.382576806613,
2025-05-03 04:15:00,3412.7233333333334,3871.2546389953086,4181.072352003016,4529.0789817981,HIGH,26.63083333333333,3871.2546389953086,4529.0789817981,
2025-05-03 04:30:00,3401.4966666666664,3813.3657497435142,4118.000110667002,4461.365514277492,HIGH,26.42833333333333,3813.3657497435147,4461.365514277492,
2025-05-03 04:45:00,3395.2100000000005,3676.157217542139,3973.4661366905275,4304.886941346782,HIGH,26.225833333333334,3676.157217542139,4304.886941346782,
2025-05-03 05:00:00,3402.85,3538.245154453122,3827.97119886719,4147.304413905369,HIGH,26.023333333333333,3538.245154453122,4147.304413905369,
2025-05-03 05:15:00,3423.8266666666664,3252.918711073168,3520.534951098333,3812.9229305354615,HIGH,26.218333333333334,3252.918711073168,3812.9229305354615,
2025-05-03 05:30:00,3439.273333333333,3116.862605946748,3365.7108559720423,3644.6709969914223,HIGH,26.413333333333334,3116.8626059467483,3644.6709969914223,
2025-05-03 05:45:00,3438.3333333333335,3110.2862352877305,3343.248914699207,3620.492938162474,HIGH,26.60833333333333,3110.286235287731,3620.4929381624734,
2025-05-03 06:00:00,3478.78,3178.6752549813928,3397.3481071399488,3679.618300300021,HIGH,26.803333333333335,3178.6752549813928,3679.618300300021,
2025-05-03 06:15:00,3527.306666666667,3247.7427124240057,3464.542038374327,3753.3766376853414,HIGH,27.151666666666664,3247.7427124240057,3753.376637685341,
2025-05-03 06:30:00,3565.783333333333,3284.0642537470435,3498.046271940009,3790.3698882535505,HIGH,27.5,3284.0642537470435,3790.36988825355,
2025-05-03 06:45:00,3576.133333333333,3279.422442003089,3489.46315853217,3781.4508379564895,HIGH,27.848333333333333,3279.4224420030896,3781.4508379564895,
2025-05-03 07:00:00,3613.813333333333,3328.6132984494793,3535.8660091943284,3832.330517002815,HIGH,28.196666666666665,3328.6132984494798,3832.330517002815,
2025-05-03 07:15:00,3626.7766666666666,3353.560531880515,3556.25526121648,3854.760553568996,HIGH,28.287499999999998,3353.5605318805156,3854.7605535689954,
2025-05-03 07:30:00,3594.9566666666665,3343.3156717429865,3540.516885265563,3837.763974056197,HIGH,28.37833333333333,3343.3156717429865,3837.763974056197,
2025-05-03 07:45:00,3586.91,3348.4365015335375,3540.432329897114,3837.730015935551,HIGH,28.469166666666666,3348.4365015335375,3837.730015935551,
2025-05-03 08:00:00,3583.193333333333,3357.2057595057586,3544.023073087814,3841.613652314851,HIGH,28.56,3357.2057595057586,3841.613652314851,
2025-05-03 08:15:00,3610.6,3395.0590342582577,3576.6310546126024,3876.9866529746873,HIGH,28.9075,3395.0590342582577,3876.9866529746873,
2025-05-03 08:30:00,3623.33,3481.933144751836,3659.405961709224,3966.9069064682,HIGH,29.255000000000003,3481.933144751836,3966.9069064681994,
2025-05-03 08:45:00,3615.75,3525.947623086351,3698.2947072887177,4008.951250198143,HIGH,29.6025,3525.947623086351,4008.951250198143,
2025-05-03 09:00:00,3701.123333333333,3598.8039875886707,3766.7276419514337,4083.0863910734897,HIGH,29.95,3598.8039875886707,4083.0863910734893,
2025-05-03 09:15:00,3810.103333333333,3700.065468873459,3869.6668337193396,4194.909110324954,HIGH,30.614166666666666,3700.065468873459,4194.909110324954,
2025-05-03 09:30:00,3973.6866666666665,3847.280947256685,4019.7076841736252,4357.945843415658,HIGH,31.278333333333332,3847.280947256685,4357.945843415657,
2025-05-03 09:45:00,4097.3,3986.6783145789486,4161.813944709447,4512.264179647158,HIGH,31.9425,3986.6783145789486,4512.264179647158,
2025-05-03 10:00:00,4216.116666666666,4097.219555385155,4274.463868371521,4634.429342375465,HIGH,32.60666666666667,4097.219555385155,4634.429342375465,
2025-05-03 10:15:00,4275.823333333334,4155.658885082928,4334.953020109955,4699.757269061089,HIGH,31.586666666666666,4155.658885082928,4699.757269061089,
2025-05-03 10:30:00,4238.446666666667,4144.445208595445,4324.250793907618,4687.488328999549,HIGH,30.566666666666663,4144.445208595446,4687.488328999549,
2025-05-03 10:45:00,4233.743333333333,4280.133678515752,4464.093856254218,4839.097155447979,HIGH,29.546666666666663,4280.133678515752,4839.097155447979,
2025-05-03 11:00:00,4274.373333333333,4382.141432325807,4569.608513180987,4953.259868706174,HIGH,28.526666666666664,4382.141432325807,4953.259868706174,
2025-05-03 11:15:00,4354.746666666667,4350.373189122124,4539.405729367687,4919.606012831076,HIGH,28.771666666666665,4350.373189122124,4919.606012831076,
2025-05-03 11:30:00,4360.39,4372.737387073393,4564.8121230450215,4946.456131725784,HIGH,29.016666666666666,4372.737387073393,4946.456131725784,
2025-05-03 11:45:00,4303.383333333334,4373.561801837554,4568.364565141926,4949.457232277357,HIGH,29.261666666666667,4373.561801837554,4949.457232277357,
2025-05-03 12:00:00,4318.25,4411.525900406722,4610.155053337392,4994.054107142281,HIGH,29.506666666666668,4411.525900406722,4994.054107142281,
2025-05-03 12:15:00,4350.193333333334,4416.465617722226,4616.201996223216,4999.608888377852,HIGH,29.85916666666667,4416.465617722226,4999.608888377852,
2025-05-03 12:30:00,4360.363333333334,4408.98455346769,4609.767768136455,4991.535946841173,HIGH,30.21166666666667,4408.98455346769,4991.535946841173,
2025-05-03 12:45:00,4411.383333333334,4418.018284635499,4620.488202105673,5002.113825279171,HIGH,30.564166666666665,4418.018284635499,5002.113825279171,
2025-05-03 13:00:00,4340.27,4315.205582775462,4516.949741080813,4888.23836679415,HIGH,30.916666666666668,4315.205582775462,4888.23836679415,
2025-05-03 13:15:00,4276.62,4265.889654930113,4468.806397694546,4834.680970399844,HIGH,31.094166666666666,4265.889654930113,4834.680970399844,
2025-05-03 13:30:00,4327.03,4284.1614654832565,4490.132704882034,4856.761464232129,HIGH,31.271666666666665,4284.1614654832565,4856.761464232129,
2025-05-03 13:45:00,4381.776666666667,4364.180524067185,4574.954590458262,4947.979582181895,HIGH,31.449166666666663,4364.180524067185,4947.979582181895,
2025-05-03 14:00:00,4424.356666666667,4424.587026282545,4643.933535900591,5022.789155516852,HIGH,31.626666666666665,4424.587026282545,5022.789155516852,
2025-05-03 14:15:00,4499.346666666667,4504.53259242712,4731.044850603699,5117.270219434314,HIGH,31.733333333333334,4504.53259242712,5117.270219434314,
2025-05-03 14:30:00,4542.78,4585.057998369449,4819.035478763032,5212.716416300283,HIGH,31.84,4585.05799836945,5212.716416300283,
2025-05-03 14:45:00,4559.316666666667,4651.421756859754,4890.378054173677,5289.524130450541,HIGH,31.946666666666665,4651.421756859754,5289.524130450541,
2025-05-03 15:00:00,4580.633333333333,4677.010703183871,4918.737553704911,5319.215654877037,HIGH,32.053333333333335,4677.010703183871,5319.215654877036,
2025-05-03 15:15:00,4602.509999999999,4620.79489607074,4862.18842508884,5256.414448597,HIGH,31.00166666666667,4620.794896070741,5256.414448597,
2025-05-03 15:30:00,4601.68,4593.297812438688,4831.723043501213,5222.556869488353,HIGH,29.95,4593.297812438688,5222.556869488353,
2025-05-03 15:45:00,4594.416666666667,4531.667615302235,4768.239476391931,5152.5433723366605,HIGH,28.898333333333333,4531.667615302235,5152.54337233666,
2025-05-03 16:00:00,4591.933333333333,4461.11203276955,4701.189456928155,5079.127055301024,HIGH,27.846666666666668,4461.11203276955,5079.127055301023,
2025-05-03 16:15:00,4570.873333333333,4477.433230000859,4722.6358726031585,5102.101994162165,HIGH,28.83416666666667,4477.433230000859,5102.101994162165,
2025-05-03 16:30:00,4560.61,4505.1973989865155,4756.057079390922,5138.166302896116,HIGH,29.821666666666665,4505.1973989865155,5138.166302896115,
2025-05-03 16:45:00,4553.46,4550.603279704873,4807.7910679759125,5194.226491953092,HIGH,30.80916666666667,4550.603279704874,5194.226491953092,
2025-05-03 17:00:00,4538.84,4558.294060961663,4817.802717878001,5204.191001668385,HIGH,31.796666666666667,4558.294060961663,5204.191001668384,
2025-05-03 17:15:00,4521.506666666667,4522.405861220059,4785.222844792107,5167.898657767423,HIGH,31.351666666666667,4522.40586122006,5167.898657767423,
2025-05-03 17:30:00,4493.016666666666,4472.729678645416,4738.744430784667,5116.535925906401,HIGH,30.90666666666667,4472.729678645416,5116.535925906401,
2025-05-03 17:45:00,4457.55,4403.968640423095,4672.931661333838,5044.186623334026,HIGH,30.46166666666667,4403.968640423095,5044.186623334026,
2025-05-03 18:00:00,4455.906666666667,4322.564334081206,4598.019050079635,4962.78199876769,HIGH,30.01666666666667,4322.564334081206,4962.78199876769,
2025-05-03 18:15:00,4471.2733333333335,4308.198323140665,4588.687126392076,4952.754237521994,HIGH,29.93666666666667,4308.198323140665,4952.754237521994,
2025-05-03 18:30:00,4542.490000000001,4308.317655397886,4594.348812500972,4959.131518184259,HIGH,29.85666666666667,4308.317655397886,4959.131518184259,
2025-05-03 18:45:00,4563.06,4305.670095851377,4597.324633687008,4962.663059464743,HIGH,29.776666666666664,4305.670095851377,4962.663059464743,
2025-05-03 19:00:00,4562.14,4355.762949970183,4654.429342331547,5025.221975159828,HIGH,29.696666666666665,4355.762949970183,5025.221975159828,
2025-05-03 19:15:00,4576.783333333333,4366.113125563522,4672.035273780506,5044.887537771908,HIGH,29.566666666666666,4366.113125563522,5044.887537771908,
2025-05-03 19:30:00,4568.663333333334,4334.498165218244,4646.771402562132,5017.95149245499,HIGH,29.436666666666667,4334.498165218244,5017.951492454989,
2025-05-03 19:45:00,4546.173333333333,4314.7723935237855,4633.758618621528,5004.441278191293,HIGH,29.306666666666665,4314.7723935237855,5004.441278191292,
2025-05-03 20:00:00,4487.753333333333,4245.382042580521,4569.3481014495455,4934.91326921146,HIGH,29.176666666666666,4245.382042580521,4934.91326921146,
2025-05-03 20:15:00,4469.743333333333,4229.254349806131,4559.512248222307,4924.901941062012,HIGH,29.1675,4229.254349806131,4924.901941062011,
2025-05-03 20:30:00,4440.656666666667,4190.02696201699,4526.048829762211,4889.244730892613,HIGH,29.15833333333333,4190.02696201699,4889.244730892613,
2025-05-03 20:45:00,4428.656666666667,4163.216804770849,4505.303119447438,4867.520976068773,HIGH,29.149166666666666,4163.216804770849,4867.520976068773,
2025-05-03 21:00:00,4386.356666666667,4126.069492593843,4476.394480139725,4837.512444476878,HIGH,29.14,4126.069492593843,4837.512444476878,
2025-05-03 21:15:00,4396.8966666666665,4161.624515918929,4521.170274364701,4887.802165454787,HIGH,29.0475,4161.624515918929,4887.802165454787,
2025-05-03 21:30:00,4445.856666666667,4202.22528026821,4571.0604925796,4943.7412011964325,HIGH,28.955000000000002,4202.225280268211,4943.7412011964325,
2025-05-03 21:45:00,4512.123333333333,4253.756943808385,4632.072328888587,5011.86930836973,HIGH,28.8625,4253.756943808386,5011.86930836973,
2025-05-03 22:00:00,4556.706666666666,4281.960319021461,4667.589493914099,5051.982786972979,HIGH,28.770000000000003,4281.960319021461,5051.982786972979,
2025-05-03 22:15:00,4595.336666666667,4299.141010923306,4691.35605603585,5079.3595563935405,HIGH,28.493333333333336,4299.141010923307,5079.3595563935405,
2025-05-03 22:30:00,4622.043333333334,4331.329566792601,4730.365566382086,5123.405336990409,HIGH,28.21666666666667,4331.329566792601,5123.405336990409,
2025-05-03 22:45:00,4646.643333333333,4374.850841107635,4780.838557040072,5180.000945567646,HIGH,27.939999999999998,4374.850841107635,5180.000945567645,
2025-05-03 23:00:00,4688.066666666667,4396.185050898815,4805.912494068527,5208.490638578275,HIGH,27.66333333333333,4396.185050898815,5208.490638578275,
2025-05-03 23:15:00,4683.82,4409.441355609641,4821.390212487021,5226.624695665113,HIGH,27.554166666666664,4409.441355609641,5226.624695665113,
2025-05-03 23:30:00,4679.95,4389.160964335307,4800.837719394991,5205.464687873629,HIGH,27.445,4389.160964335307,5205.464687873629,
2025-05-03 23:45:00,4637.115,4374.4677203178735,4782.027585972661,5186.5698556748985,HIGH,27.335833333333333,4374.4677203178735,5186.5698556748985,
2025-05-04 00:00:00,4612.3533333333335,4226.277976661342,4626.197159460422,5018.523355536099,HIGH,27.226666666666667,4226.277976661342,5018.523355536099,
2025-05-04 00:15:00,4546.293333333334,4169.337370638898,4564.030943567546,4952.515951768308,HIGH,27.096666666666668,4169.337370638898,4952.515951768308,
2025-05-04 00:30:00,4498.54,4102.318902871383,4490.289792223601,4874.083498502287,HIGH,26.96666666666667,4102.318902871383,4874.083498502287,
2025-05-04 00:45:00,4426.12,4021.365643381756,4402.7680370527405,4780.5710090695375,HIGH,26.836666666666666,4021.365643381756,4780.5710090695375,
2025-05-04 01:00:00,4362.423333333333,3940.1453885794444,4312.821845449549,4684.711738913743,HIGH,26.706666666666667,3940.1453885794444,4684.711738913743,
2025-05-04 01:15:00,4291.363333333334,3855.1478248189687,4217.075899444641,4582.79256026821,HIGH,26.611666666666668,3855.1478248189687,4582.79256026821,
2025-05-04 01:30:00,4239.606666666667,3773.8636758281327,4124.107160474649,4484.019059989188,HIGH,26.51666666666667,3773.8636758281327,4484.019059989188,
2025-05-04 01:45:00,4186.433333333333,3689.3304660746257,4030.44746098697,4384.09057913744,HIGH,26.421666666666667,3689.3304660746257,4384.090579137439,
2025-05-04 02:00:00,4127.1033333333335,3628.895708930584,3966.215059105394,4315.500207082458,HIGH,26.326666666666668,3628.895708930584,4315.500207082458,
2025-05-04 02:15:00,4070.92,3588.5680327304076,3922.6976537874766,4269.535401486444,HIGH,26.28916666666667,3588.5680327304076,4269.535401486444,
2025-05-04 02:30:00,4005.58,3552.4437817946778,3881.6744117797325,4226.494630268273,HIGH,26.25166666666667,3552.4437817946778,4226.494630268273,
2025-05-04 02:45:00,3956.853333333334,3506.660371607432,3829.958384197204,4171.86939397808,HIGH,26.214166666666667,3506.660371607432,4171.86939397808,
2025-05-04 03:00:00,3895.35,3461.707296694021,3779.377529412081,4118.381065804478,HIGH,26.176666666666666,3461.707296694021,4118.381065804478,
2025-05-04 03:15:00,3841.6666666666665,3417.263489433596,3731.1307279177745,4067.0505015564972,HIGH,26.083333333333336,3417.263489433596,4067.050501556497,
2025-05-04 03:30:00,3800.2333333333336,3382.835143685221,3693.1544757015135,4026.8332380469324,HIGH,25.99,3382.835143685221,4026.8332380469324,
2025-05-04 03:45:00,3760.44,3341.261697053151,3647.5848147688835,3978.312415711733,HIGH,25.896666666666665,3341.2616970531512,3978.312415711733,
2025-05-04 04:00:00,3727.116666666667,3316.0499481011307,3618.49435331798,3947.6981081100453,HIGH,25.80333333333333,3316.049948101131,3947.6981081100453,
2025-05-04 04:15:00,3690.396666666666,3280.251262085906,3580.094926611401,3906.966061097647,HIGH,25.686666666666664,3280.2512620859065,3906.966061097647,
2025-05-04 04:30:00,3671.98,3253.871105370664,3551.079756973553,3876.404653641339,HIGH,25.57,3253.871105370664,3876.404653641339,
2025-05-04 04:45:00,3644.3266666666664,3219.2407683349406,3513.3673251220944,3836.3186693713287,HIGH,25.453333333333333,3219.2407683349406,3836.3186693713283,
2025-05-04 05:00:00,3636.876666666667,3184.4396037491724,3475.2393377443223,3795.722680403864,HIGH,25.336666666666666,3184.4396037491724,3795.7226804038637,
2025-05-04 05:15:00,3624.816666666667,3121.4429915193414,3410.169705336604,3725.8024845436016,HIGH,25.54583333333333,3121.4429915193414,3725.802484543601,
2025-05-04 05:30:00,3602.0499999999997,3093.433005811692,3380.702845523858,3694.5885909913236,HIGH,25.755,3093.433005811692,3694.588590991323,
2025-05-04 05:45:00,3571.443333333333,3072.286361429789,3358.057343524413,3670.7346102400584,HIGH,25.964166666666667,3072.286361429789,3670.734610240058,
2025-05-04 06:00:00,3572.876666666667,3093.751734714121,3378.847974106376,3694.1109149803574,HIGH,26.173333333333332,3093.751734714121,3694.1109149803574,
2025-05-04 06:15:00,3560.16,3134.9455718179142,3420.7378384339872,3740.428135513586,HIGH,26.464166666666667,3134.9455718179147,3740.428135513586,
2025-05-04 06:30:00,3575.8266666666664,3168.4040840609823,3454.5450993453273,3777.8664020150695,HIGH,26.755,3168.4040840609823,3777.8664020150695,
2025-05-04 06:45:00,3582.0533333333333,3165.5154067185304,3450.9912723360126,3774.539265078498,HIGH,27.045833333333334,3165.5154067185304,3774.539265078498,
2025-05-04 07:00:00,3576.0733333333337,3194.433313291575,3479.8720026666233,3806.452369264338,HIGH,27.336666666666666,3194.433313291575,3806.452369264338,
2025-05-04 07:15:00,3576.593333333333,3189.0779289081675,3478.938938106645,3806.007454331493,HIGH,27.70416666666667,3189.0779289081675,3806.007454331493,
2025-05-04 07:30:00,3589.5333333333333,3165.2502027835126,3458.996763744087,3784.7779943834626,HIGH,28.07166666666667,3165.250202783513,3784.777994383462,
2025-05-04 07:45:00,3577.1133333333332,3155.639967283783,3453.5328260894626,3779.2309446602235,HIGH,28.439166666666665,3155.6399672837833,3779.2309446602235,
2025-05-04 08:00:00,3595.1766666666667,3142.9022324988086,3444.8066535507714,3770.0465135816717,HIGH,28.80666666666667,3142.902232498809,3770.0465135816717,
2025-05-04 08:15:00,3579.86,3158.9362326258856,3463.6998763124675,3790.7908556401826,HIGH,29.249166666666667,3158.9362326258856,3790.7908556401826,
2025-05-04 08:30:00,3602.84,3168.518347609216,3472.92029009442,3800.2646851932186,HIGH,29.691666666666666,3168.518347609216,3800.2646851932186,
2025-05-04 08:45:00,3593.4533333333334,3134.9877826802517,3435.2558698494536,3758.0099998376045,HIGH,30.134166666666665,3134.9877826802517,3758.009999837604,
2025-05-04 09:00:00,3635.9300000000003,3198.458846719569,3496.920992422413,3823.8423813148593,HIGH,30.576666666666664,3198.458846719569,3823.8423813148593,
2025-05-04 09:15:00,3731.1333333333337,3257.1111230654883,3553.8504275088335,3884.278810485023,HIGH,30.259999999999998,3257.1111230654888,3884.278810485023,
2025-05-04 09:30:00,3835.316666666667,3359.484879825778,3655.595759039655,3993.440057775174,HIGH,29.94333333333333,3359.484879825778,3993.440057775174,
2025-05-04 09:45:00,3925.6299999999997,3412.262678715281,3706.6322515408874,4047.301738989932,HIGH,29.62666666666667,3412.2626787152813,4047.301738989932,
2025-05-04 10:00:00,3952.58,3488.3062546702513,3781.577418967351,4127.124759439623,HIGH,29.31,3488.3062546702517,4127.124759439622,
2025-05-04 10:15:00,4011.193333333333,3548.439232509958,3839.293705067821,4189.109552390873,HIGH,29.191666666666666,3548.439232509958,4189.109552390873,
2025-05-04 10:30:00,4084.08,3535.1887289439205,3821.999166114544,4169.338099623292,HIGH,29.073333333333334,3535.1887289439205,4169.338099623292,
2025-05-04 10:45:00,4126.58,3566.5220358789807,3850.4912858882526,4199.362236261527,HIGH,28.955,3566.5220358789807,4199.362236261526,
2025-05-04 11:00:00,4221.586666666667,3634.300017095869,3916.4528822943093,4270.128173296225,HIGH,28.836666666666666,3634.3000170958694,4270.128173296224,
2025-05-04 11:15:00,4277.743333333333,3684.8831445831465,3965.6951692073044,4321.946377260374,HIGH,29.001666666666665,3684.8831445831465,4321.946377260374,
2025-05-04 11:30:00,4292.656666666667,3689.843425467661,3968.4121806764883,4323.044108252822,HIGH,29.166666666666664,3689.8434254676613,4323.044108252822,
2025-05-04 11:45:00,4310.753333333333,3653.194881578983,3928.7275520227367,4277.916382346468,HIGH,29.331666666666667,3653.194881578983,4277.916382346468,
2025-05-04 12:00:00,4305.336666666667,3669.747942941894,3943.7259679924096,4292.2930387352535,HIGH,29.496666666666666,3669.747942941894,4292.2930387352535,
2025-05-04 12:15:00,4321.42,3686.81698734905,3959.422395401726,4307.441594216635,HIGH,29.634166666666665,3686.8169873490506,4307.441594216634,
2025-05-04 12:30:00,4307.553333333333,3695.0660001343153,3966.324279729313,4312.977165727492,HIGH,29.77166666666667,3695.0660001343153,4312.977165727492,
2025-05-04 12:45:00,4323.3533333333335,3727.648957568536,3998.3864621711127,4345.881697114043,HIGH,29.909166666666668,3727.648957568536,4345.881697114043,
2025-05-04 13:00:00,4269.543333333333,3649.742338215658,3917.5789669021938,4255.845749586753,HIGH,30.046666666666667,3649.742338215658,4255.845749586753,
2025-05-04 13:15:00,4231.186666666667,3658.9244860204712,3900.2198217607447,4234.777182046199,HIGH,30.105,3658.9244860204712,4234.7771820461985,
2025-05-04 13:30:00,4273.346666666666,3767.83487524428,3985.237381714409,4325.182296287186,HIGH,30.163333333333334,3767.83487524428,4325.182296287186,
2025-05-04 13:45:00,4343.963333333333,3893.064949168797,4087.2395086292167,4434.074530224257,HIGH,30.221666666666668,3893.064949168797,4434.074530224257,
2025-05-04 14:00:00,4377.593333333333,3995.883335873129,4166.5756203185065,4518.2799278360135,HIGH,30.28,3995.883335873129,4518.2799278360135,
2025-05-04 14:15:00,4414.25,4067.7270939120353,4243.950311295695,4601.399304043454,HIGH,30.393333333333334,4067.7270939120353,4601.399304043454,
2025-05-04 14:30:00,4441.053333333333,4100.198861588062,4281.299633792883,4640.938603158293,HIGH,30.506666666666664,4100.198861588062,4640.938603158293,
2025-05-04 14:45:00,4468.483333333334,4133.489248424912,4319.773640471037,4681.715757206055,HIGH,30.62,4133.489248424912,4681.715757206055,
2025-05-04 15:00:00,4482.106666666667,4143.912484399433,4335.121324778493,4697.326870499639,HIGH,30.733333333333334,4143.912484399433,4697.326870499639,
2025-05-04 15:15:00,4495.886666666666,4162.282477606162,4357.8118376238,4720.919895051917,HIGH,30.696666666666665,4162.282477606162,4720.919895051917,
2025-05-04 15:30:00,4472.743333333333,4158.053274455501,4357.646042111171,4719.651577529305,HIGH,30.659999999999997,4158.053274455501,4719.651577529305,
2025-05-04 15:45:00,4488.676666666667,4146.457475582432,4349.99542060169,4710.297782772999,HIGH,30.623333333333335,4146.457475582432,4710.297782772999,
2025-05-04 16:00:00,4458.486666666667,4134.8080748811335,4342.7830777195895,4701.429445913786,HIGH,30.586666666666666,4134.8080748811335,4701.429445913786,
2025-05-04 16:15:00,4428.503333333333,4116.251447635663,4324.81207393348,4680.748518598907,HIGH,30.620833333333334,4116.251447635663,4680.748518598907,
2025-05-04 16:30:00,4380.84,4104.12737055186,4313.685941033923,4667.570476599229,HIGH,30.654999999999998,4104.12737055186,4667.570476599229,
2025-05-04 16:45:00,4348.723333333333,4103.015447651169,4314.084917330526,4666.996537566229,HIGH,30.68916666666667,4103.015447651169,4666.996537566229,
2025-05-04 17:00:00,4334.826666666667,4085.1418021243217,4297.5630573901135,4648.0532677635,HIGH,30.723333333333336,4085.1418021243217,4648.0532677635,
2025-05-04 17:15:00,4322.669999999999,4077.8473309157916,4285.993338886194,4634.347050442659,HIGH,30.546666666666667,4077.847330915792,4634.347050442658,
2025-05-04 17:30:00,4306.75,4055.032508763359,4258.751394343265,4603.638901573973,HIGH,30.369999999999997,4055.032508763359,4603.638901573973,
2025-05-04 17:45:00,4283.116666666667,4028.9513546792837,4228.370890111572,4569.5814080894115,HIGH,30.193333333333335,4028.9513546792837,4569.5814080894115,
2025-05-04 18:00:00,4293.03,4027.70021968962,4223.604783693047,4563.489675978332,HIGH,30.016666666666666,4027.70021968962,4563.489675978331,
2025-05-04 18:15:00,4247.276666666667,4021.831914265602,4222.554789560944,4561.8132241381545,HIGH,29.819166666666668,4021.831914265602,4561.813224138154,
2025-05-04 18:30:00,4239.099999999999,4058.899290922587,4265.627285136877,4608.263172556714,HIGH,29.621666666666666,4058.899290922587,4608.263172556714,
2025-05-04 18:45:00,4291.89,4063.841979236906,4275.955935343362,4619.134232500872,HIGH,29.424166666666665,4063.841979236906,4619.134232500871,
2025-05-04 19:00:00,4353.849999999999,4067.9863889763196,4285.5978821189565,4629.338473087324,HIGH,29.226666666666667,4067.9863889763196,4629.338473087324,
2025-05-04 19:15:00,4409.31,4081.6615655033484,4304.033442979112,4649.163108789065,HIGH,29.025833333333335,4081.6615655033484,4649.163108789064,
2025-05-04 19:30:00,4440.783333333334,4066.231352863795,4292.765653106064,4636.724406391564,HIGH,28.825000000000003,4066.231352863795,4636.724406391564,
2025-05-04 19:45:00,4451.253333333333,4043.5169089532674,4274.118244223306,4616.333690423179,HIGH,28.624166666666667,4043.5169089532674,4616.333690423179,
2025-05-04 20:00:00,4413.06,3988.6635558924854,4222.625557395112,4560.259264264648,HIGH,28.423333333333332,3988.6635558924854,4560.259264264648,
2025-05-04 20:15:00,4438.153333333333,3978.733079349537,4215.37199354081,4552.382212452641,HIGH,28.34916666666667,3978.733079349537,4552.382212452641,
2025-05-04 20:30:00,4457.276666666667,3959.5020485071504,4198.619114891332,4534.244947289155,HIGH,28.275,3959.5020485071504,4534.244947289155,
2025-05-04 20:45:00,4457.2266666666665,3955.8316702644947,4197.802337109236,4533.5459680434915,HIGH,28.200833333333332,3955.8316702644947,4533.5459680434915,
2025-05-04 21:00:00,4413.733333333334,3925.64438303852,4169.8217981706985,4503.348478328838,HIGH,28.12666666666667,3925.64438303852,4503.348478328838,
2025-05-04 21:15:00,4423.6466666666665,3947.9345039105647,4195.537142683837,4531.707264362065,HIGH,27.989166666666666,3947.9345039105647,4531.707264362064,
2025-05-04 21:30:00,4485.113333333334,3996.93354240734,4248.546754888938,4589.869221138808,HIGH,27.851666666666667,3996.9335424073406,4589.869221138807,
2025-05-04 21:45:00,4530.759999999999,4061.9315172254564,4317.866895083579,4665.8709736710725,HIGH,27.714166666666667,4061.9315172254564,4665.8709736710725,
2025-05-04 22:00:00,4595.509999999999,4106.847348485049,4366.537923568978,4719.461052220048,HIGH,27.576666666666664,4106.847348485049,4719.461052220048,
2025-05-04 22:15:00,4653.606666666667,4136.954231737366,4399.5817819822205,4756.092838858377,HIGH,27.269166666666667,4136.954231737366,4756.092838858377,
2025-05-04 22:30:00,4694.863333333334,4166.222425892789,4432.61241791416,4792.64275749803,HIGH,26.961666666666666,4166.222425892789,4792.64275749803,
2025-05-04 22:45:00,4739.849999999999,4199.369938677508,4469.726539718175,4833.670176914514,HIGH,26.65416666666667,4199.369938677508,4833.670176914514,
2025-05-04 23:00:00,4737.323333333334,4233.5095283781075,4508.534783679174,4876.487054742363,HIGH,26.346666666666668,4233.5095283781075,4876.487054742363,
2025-05-04 23:15:00,4727.876666666667,4237.935001904092,4514.695754202099,4884.099948098972,HIGH,26.260833333333334,4237.935001904092,4884.099948098972,
2025-05-04 23:30:00,4717.150000000001,4235.642925405323,4513.793284261292,4884.075187852515,HIGH,26.175,4235.642925405323,4884.075187852515,
2025-05-04 23:45:00,4679.43,4203.331996489483,4481.956456029372,4850.412961770947,HIGH,26.089166666666667,4203.331996489483,4850.412961770946,
2025-05-05 00:00:00,4585.63,4416.913410744918,4747.178932612575,5063.552158980963,HIGH,26.00333333333333,4416.913410744919,5063.552158980963,
2025-05-05 00:15:00,4505.046666666666,4354.747833160522,4685.056889348788,4997.0210370647565,HIGH,25.895833333333332,4354.7478331605225,4997.0210370647565,
2025-05-05 00:30:00,4422.900000000001,4305.08534120831,4635.500284072902,4944.209404723987,HIGH,25.78833333333333,4305.08534120831,4944.209404723987,
2025-05-05 00:45:00,4342.12,4232.843909051608,4562.58024201078,4865.985594995023,HIGH,25.680833333333332,4232.843909051608,4865.985594995023,
2025-05-05 01:00:00,4233.986666666667,4164.804342933024,4493.707203342925,4792.194341487352,HIGH,25.573333333333334,4164.804342933024,4792.194341487352,
2025-05-05 01:15:00,4146.06,4095.4917461735913,4422.189585349732,4715.50481703652,HIGH,25.455833333333334,4095.4917461735913,4715.50481703652,
2025-05-05 01:30:00,4086.66,4041.6479902821925,4366.2397967667675,4655.78324178743,HIGH,25.33833333333333,4041.647990282193,4655.78324178743,
2025-05-05 01:45:00,4032.0466666666666,3985.8793805144055,4308.043588987785,4593.624393870475,HIGH,25.22083333333333,3985.879380514406,4593.624393870475,
2025-05-05 02:00:00,3966.013333333334,3928.209735348773,4247.620815000738,4529.04435415254,HIGH,25.10333333333333,3928.209735348773,4529.04435415254,
2025-05-05 02:15:00,3905.31,3872.3300314075495,4188.747147537749,4466.149277093455,HIGH,25.015833333333333,3872.33003140755,4466.149277093455,
2025-05-05 02:30:00,3844.0733333333337,3811.8190223182487,4124.846073756096,4397.7717928013335,HIGH,24.92833333333333,3811.819022318249,4397.7717928013335,
2025-05-05 02:45:00,3790.263333333334,3765.1635194243486,4074.84441926947,4344.517706453426,HIGH,24.840833333333336,3765.163519424349,4344.517706453426,
2025-05-05 03:00:00,3743.6299999999997,3709.3165572978664,4015.1458787053343,4280.685177701802,HIGH,24.753333333333334,3709.3165572978664,4280.685177701802,
2025-05-05 03:15:00,3690.7166666666667,3659.982630479528,3961.471684105087,4223.376474867011,HIGH,24.660833333333336,3659.982630479528,4223.376474867011,
2025-05-05 03:30:00,3644.4366666666665,3620.692628820694,3917.799083250014,4176.930326307298,HIGH,24.568333333333335,3620.692628820694,4176.930326307298,
2025-05-05 03:45:00,3592.7966666666666,3580.8093868149917,3873.2411961919033,4129.4857662105605,HIGH,24.47583333333333,3580.8093868149917,4129.4857662105605,
2025-05-05 04:00:00,3560.84,3547.5691349124027,3835.212009710528,4089.111624763572,HIGH,24.383333333333333,3547.5691349124027,4089.111624763572,
2025-05-05 04:15:00,3539.86,3515.585396593788,3798.921661866222,4050.6124657376813,HIGH,24.395833333333332,3515.585396593788,4050.6124657376813,
2025-05-05 04:30:00,3516.03,3497.8323640869407,3776.94251808767,4027.649392922276,HIGH,24.408333333333335,3497.8323640869407,4027.649392922276,
2025-05-05 04:45:00,3505.8233333333333,3470.7853801022184,3745.197446979649,3993.9979666838367,HIGH,24.42083333333333,3470.785380102219,3993.9979666838367,
2025-05-05 05:00:00,3494.8366666666666,3463.681388629119,3733.6303553307457,3982.2629010927512,HIGH,24.433333333333334,3463.681388629119,3982.2629010927512,
2025-05-05 05:15:00,3509.44,3433.1049833731145,3710.379058245555,3958.189601584344,HIGH,24.63,3433.1049833731145,3958.189601584344,
2025-05-05 05:30:00,3518.7033333333334,3397.401404842761,3681.6600192048563,3928.096802579622,HIGH,24.826666666666664,3397.401404842761,3928.0968025796215,
2025-05-05 05:45:00,3549.4066666666663,3344.5367447993463,3635.164932277352,3878.5773347057275,HIGH,25.023333333333333,3344.5367447993463,3878.5773347057275,
2025-05-05 06:00:00,3596.066666666667,3323.9286452194992,3621.5035429119775,3864.7420976292856,HIGH,25.22,3323.9286452194997,3864.7420976292856,
2025-05-05 06:15:00,3677.0266666666666,3321.7228442972146,3618.2399450075977,3861.861625400712,HIGH,25.424166666666668,3321.7228442972146,3861.861625400712,
2025-05-05 06:30:00,3699.5266666666666,3340.9237180178397,3636.7307803355593,3882.5947403753776,HIGH,25.628333333333334,3340.92371801784,3882.5947403753776,
2025-05-05 06:45:00,3691.0399999999995,3345.7758524780684,3640.3836414530783,3887.0901290264414,HIGH,25.832500000000003,3345.7758524780684,3887.090129026441,
2025-05-05 07:00:00,3663.22,3344.5694364064316,3637.7028414130386,3884.6071580396792,HIGH,26.036666666666665,3344.569436406432,3884.6071580396792,
2025-05-05 07:15:00,3665.7666666666664,3340.783398482474,3636.579696853465,3883.891346451294,HIGH,26.3525,3340.783398482474,3883.891346451294,
2025-05-05 07:30:00,3651.44,3336.691275608979,3635.0469647922687,3882.645874822801,HIGH,26.668333333333333,3336.691275608979,3882.645874822801,
2025-05-05 07:45:00,3606.9533333333334,3325.0161487921514,3625.672032733563,3872.775851619387,HIGH,26.984166666666667,3325.0161487921514,3872.775851619387,
2025-05-05 08:00:00,3639.6066666666666,3334.5398902096495,3637.941417557029,3886.3916888831154,HIGH,27.3,3334.5398902096495,3886.3916888831154,
2025-05-05 08:15:00,3698.1200000000003,3334.861402858795,3641.4661519268257,3890.4253025881617,HIGH,27.715,3334.861402858795,3890.4253025881617,
2025-05-05 08:30:00,3732.183333333333,3361.8091536619295,3672.229102777868,3924.0367985300386,HIGH,28.13,3361.8091536619295,3924.0367985300386,
2025-05-05 08:45:00,3805.536666666667,3359.0181085902655,3672.539660547102,3924.4017622824813,HIGH,28.545,3359.0181085902655,3924.4017622824813,
2025-05-05 09:00:00,3894.2000000000003,3419.2987125764716,3737.4405506711187,3995.0227829810615,HIGH,28.96,3419.298712576472,3995.0227829810615,
2025-05-05 09:15:00,4056.2000000000003,3531.4464191725738,3854.759944108725,4122.6205649322665,HIGH,29.47,3531.4464191725738,4122.6205649322665,
2025-05-05 09:30:00,4208.036666666667,3657.734559375036,3986.608678752655,4265.961097899131,HIGH,29.980000000000004,3657.7345593750365,4265.961097899131,
2025-05-05 09:45:00,4340.243333333333,3757.904359681143,4091.7861338981397,4380.178973826587,HIGH,30.490000000000002,3757.9043596811434,4380.178973826587,
2025-05-05 10:00:00,4409.366666666667,3814.735285964872,4152.679090908507,4446.095804500105,HIGH,31.0,3814.7352859648727,4446.095804500105,
2025-05-05 10:15:00,4476.740000000001,3892.1759200748243,4230.825873070502,4530.5889961605835,HIGH,31.519166666666667,3892.1759200748243,4530.588996160583,
2025-05-05 10:30:00,4533.74,3956.281814851249,4295.442735690681,4600.278665358122,HIGH,32.038333333333334,3956.281814851249,4600.278665358122,
2025-05-05 10:45:00,4593.54,4020.536458750679,4360.351418749346,4670.220032372072,HIGH,32.5575,4020.536458750679,4670.220032372072,
2025-05-05 11:00:00,4609.543333333334,4120.499519099781,4461.975760847365,4780.082292213397,HIGH,33.07666666666667,4120.4995190997815,4780.082292213397,
2025-05-05 11:15:00,4640.47,4138.253546265652,4466.664026837232,4783.862483858738,HIGH,31.795833333333334,4138.253546265652,4783.862483858738,
2025-05-05 11:30:00,4670.61,4099.860111492754,4414.05138980654,4725.18754109486,HIGH,30.515,4099.860111492755,4725.18754109486,
2025-05-05 11:45:00,4716.803333333333,4075.2466130905277,4375.746896618301,4682.044111992727,HIGH,29.23416666666667,4075.2466130905277,4682.044111992727,
2025-05-05 12:00:00,4721.503333333333,4041.42652343849,4328.228815087252,4628.821614058107,HIGH,27.953333333333337,4041.42652343849,4628.821614058107,
2025-05-05 12:15:00,4717.706666666666,4060.098509852244,4345.819944349195,4646.858558202015,HIGH,28.09,4060.098509852244,4646.858558202015,
2025-05-05 12:30:00,4721.446666666667,4063.8130940834826,4348.332783584707,4648.439516199431,HIGH,28.226666666666667,4063.8130940834826,4648.43951619943,
2025-05-05 12:45:00,4710.1033333333335,4079.9397345394045,4363.79969528436,4664.096850934028,HIGH,28.363333333333333,4079.939734539405,4664.096850934028,
2025-05-05 13:00:00,4519.483333333334,4013.80200193955,4302.600876725861,4597.805282152407,HIGH,28.5,4013.80200193955,4597.805282152407,
2025-05-05 13:15:00,4466.743333333333,4009.605309303843,4292.387328191418,4585.25950531273,HIGH,28.669999999999998,4009.6053093038436,4585.25950531273,
2025-05-05 13:30:00,4466.303333333333,4071.3651717152525,4349.973343130854,4646.532893381917,HIGH,28.84,4071.365171715253,4646.532893381917,
2025-05-05 13:45:00,4517.066666666667,4162.79689173423,4438.2145474714225,4741.180712798492,HIGH,29.01,4162.79689173423,4741.180712798492,
2025-05-05 14:00:00,4563.400000000001,4226.410634793426,4498.254506751841,4805.113829055488,HIGH,29.180000000000003,4226.410634793426,4805.113829055488,
2025-05-05 14:15:00,4638.0199999999995,4289.155712407672,4563.438544998891,4874.855341865854,HIGH,29.372500000000002,4289.155712407672,4874.855341865854,
2025-05-05 14:30:00,4730.11,4339.925975923022,4616.647814113283,4931.563888099095,HIGH,29.565,4339.925975923022,4931.563888099095,
2025-05-05 14:45:00,4794.463333333333,4389.760581591244,4669.185650866551,4987.554317849801,HIGH,29.7575,4389.760581591244,4987.554317849801,
2025-05-05 15:00:00,4832.349999999999,4410.197944519861,4691.91133057821,5011.097831024333,HIGH,29.95,4410.197944519861,5011.097831024333,
2025-05-05 15:15:00,4822.373333333333,4428.9403512101635,4715.3425100538525,5035.510221640283,HIGH,30.000833333333333,4428.9403512101635,5035.510221640283,
2025-05-05 15:30:00,4808.4366666666665,4410.48007259624,4700.965598784423,5018.778774990151,HIGH,30.051666666666666,4410.48007259624,5018.778774990151,
2025-05-05 15:45:00,4775.343333333333,4417.01103368218,4712.4538657380435,5030.248849256322,HIGH,30.102500000000003,4417.01103368218,5030.248849256321,
2025-05-05 16:00:00,4709.363333333334,4382.209692176348,4681.896778979645,4995.9708596991395,HIGH,30.153333333333332,4382.209692176348,4995.970859699139,
2025-05-05 16:15:00,4684.7733333333335,4383.749189283418,4684.5011924269,4997.696567492012,HIGH,30.787499999999998,4383.749189283418,4997.696567492012,
2025-05-05 16:30:00,4655.8533333333335,4381.223565746023,4683.202436341294,4995.2205415846,HIGH,31.421666666666667,4381.223565746023,4995.2205415846,
2025-05-05 16:45:00,4640.053333333333,4382.545266824503,4686.093078587119,4997.360027465487,HIGH,32.05583333333333,4382.545266824503,4997.360027465487,
2025-05-05 17:00:00,4639.14,4391.903618817895,4697.4526997346775,5008.779698346597,HIGH,32.69,4391.903618817895,5008.779698346596,
2025-05-05 17:15:00,4626.673333333333,4365.44749356438,4674.529856261265,4983.0038623879755,HIGH,32.560833333333335,4365.447493564381,4983.003862387975,
2025-05-05 17:30:00,4619.83,4325.904383228331,4638.4261884241505,4942.939232001029,HIGH,32.431666666666665,4325.904383228331,4942.939232001029,
2025-05-05 17:45:00,4612.47,4284.669525040789,4600.796098833415,4901.28087565937,HIGH,32.3025,4284.669525040789,4901.28087565937,
2025-05-05 18:00:00,4567.856666666667,4272.97106381767,4593.599032111832,4892.835764721575,HIGH,32.17333333333333,4272.97106381767,4892.835764721575,
2025-05-05 18:15:00,4512.990000000001,4233.9015098957225,4552.806001915231,4847.674657173269,HIGH,31.99416666666667,4233.9015098957225,4847.674657173269,
2025-05-05 18:30:00,4515.806666666666,4234.575590970229,4552.867283969112,4847.080903720592,HIGH,31.815,4234.575590970229,4847.080903720592,
2025-05-05 18:45:00,4530.663333333333,4275.693592105791,4594.484091505243,4891.820297380811,HIGH,31.635833333333334,4275.693592105791,4891.820297380811,
2025-05-05 19:00:00,4536.406666666667,4321.312837073798,4640.840111710319,4941.8016958298995,HIGH,31.456666666666667,4321.312837073798,4941.8016958298995,
2025-05-05 19:15:00,4575.54,4364.405241470974,4687.238275310411,4992.000934337563,HIGH,31.281666666666666,4364.405241470974,4992.000934337563,
2025-05-05 19:30:00,4566.253333333333,4384.480112231136,4710.166139156678,5016.724629001575,HIGH,31.10666666666667,4384.480112231137,5016.724629001575,
2025-05-05 19:45:00,4560.283333333334,4386.279698722556,4714.461194209178,5021.241583280181,HIGH,30.93166666666667,4386.279698722556,5021.24158328018,
2025-05-05 20:00:00,4481.183333333333,4346.028256367317,4675.762447409703,4979.023082002943,HIGH,30.756666666666668,4346.028256367317,4979.023082002943,
2025-05-05 20:15:00,4431.733333333334,4360.305640847225,4693.653473522462,4998.541275577091,HIGH,30.65666666666667,4360.305640847225,4998.541275577091,
2025-05-05 20:30:00,4411.306666666666,4371.653200625021,4708.567856438132,5014.902446989923,HIGH,30.55666666666667,4371.653200625021,5014.902446989923,
2025-05-05 20:45:00,4353.516666666666,4372.974604839916,4713.221286282788,5020.173305272591,HIGH,30.456666666666663,4372.974604839916,5020.173305272591,
2025-05-05 21:00:00,4328.41,4336.358269214688,4679.0177371192385,4983.211735583246,HIGH,30.356666666666666,4336.358269214688,4983.211735583246,
2025-05-05 21:15:00,4361.32,4359.111609725795,4704.847977987752,5011.682863882942,HIGH,30.216666666666665,4359.1116097257955,5011.682863882942,
2025-05-05 21:30:00,4394.72,4420.1778757136135,4769.853250169375,5082.895317824363,HIGH,30.076666666666668,4420.1778757136135,5082.895317824363,
2025-05-05 21:45:00,4419.176666666667,4476.0593476875265,4829.480087704733,5148.328281159611,HIGH,29.93666666666667,4476.0593476875265,5148.328281159611,
2025-05-05 22:00:00,4432.296666666666,4537.809341294795,4895.027402494343,5220.28386030583,HIGH,29.796666666666667,4537.809341294796,5220.28386030583,
2025-05-05 22:15:00,4480.306666666666,4596.326868914158,4955.003273112092,5286.16793636946,HIGH,29.54416666666667,4596.326868914158,5286.167936369459,
2025-05-05 22:30:00,4511.053333333333,4644.4714708801575,5004.572900203557,5340.741410231218,HIGH,29.291666666666668,4644.4714708801575,5340.741410231218,
2025-05-05 22:45:00,4541.513333333333,4688.35290794932,5051.53134913667,5392.269739404873,HIGH,29.039166666666667,4688.35290794932,5392.269739404873,
2025-05-05 23:00:00,4562.196666666667,4699.749898788486,5062.844883955358,5405.358519346162,HIGH,28.786666666666665,4699.749898788486,5405.358519346162,
2025-05-05 23:15:00,4546.41,4707.470233373335,5069.5043293903245,5413.412012848344,HIGH,28.649166666666666,4707.470233373335,5413.412012848344,
2025-05-05 23:30:00,4524.526666666667,4702.782869281429,5063.274475575013,5407.483490903475,HIGH,28.511666666666667,4702.782869281429,5407.483490903474,
2025-05-05 23:45:00,4484.885,4669.938560130954,5028.016577346777,5369.99347946871,HIGH,28.37416666666667,4669.938560130954,5369.99347946871,
2025-05-06 00:00:00,4426.033333333334,4522.147814709739,4874.85818828828,5204.155269181654,HIGH,28.236666666666668,4522.147814709739,5204.155269181654,
2025-05-06 00:15:00,4369.776666666667,4450.801093280582,4800.820433199732,5124.558474487628,HIGH,28.097500000000004,4450.801093280583,5124.558474487628,
2025-05-06 00:30:00,4295.41,4375.949348201945,4722.958213160119,5040.832560495661,HIGH,27.958333333333336,4375.949348201945,5040.832560495661,
2025-05-06 00:45:00,4227.463333333333,4301.676399598879,4645.442605397158,4957.514719160175,HIGH,27.819166666666668,4301.676399598879,4957.514719160175,
2025-05-06 01:00:00,4150.883333333334,4206.5558845517035,4546.327139188874,4850.699994347099,HIGH,27.68,4206.5558845517035,4850.699994347099,
2025-05-06 01:15:00,4078.6133333333332,4123.034517189917,4459.902500112391,4757.763939880861,HIGH,27.55916666666667,4123.034517189917,4757.763939880861,
2025-05-06 01:30:00,4024.9966666666664,4063.5081328075626,4397.775181180544,4691.302252461694,HIGH,27.438333333333333,4063.508132807563,4691.302252461694,
2025-05-06 01:45:00,3957.6,4005.7354406411177,4337.16772252694,4626.5047717729385,HIGH,27.3175,4005.735440641118,4626.5047717729385,
2025-05-06 02:00:00,3884.7566666666667,3939.132087048069,4267.238799947102,4551.5597536886135,HIGH,27.196666666666665,3939.132087048069,4551.5597536886135,
2025-05-06 02:15:00,3831.2400000000002,3878.6629321533583,4204.384965212124,4484.35583315303,HIGH,27.134166666666665,3878.6629321533587,4484.35583315303,
2025-05-06 02:30:00,3774.0466666666666,3816.0688376830044,4139.069866589109,4414.464035207327,HIGH,27.071666666666665,3816.0688376830044,4414.464035207326,
2025-05-06 02:45:00,3725.77,3760.5257954221233,4080.687446940964,4352.10885305344,HIGH,27.00916666666667,3760.525795422124,4352.10885305344,
2025-05-06 03:00:00,3664.9966666666664,3710.1485645572466,4027.3078329734444,4295.183196921713,HIGH,26.94666666666667,3710.1485645572466,4295.183196921713,
2025-05-06 03:15:00,3621.6866666666665,3653.5499972486678,3967.27384933141,4230.987021735781,HIGH,26.825833333333332,3653.5499972486678,4230.98702173578,
2025-05-06 03:30:00,3577.433333333333,3602.8718399828044,3913.0195984175866,4173.0557929995375,HIGH,26.705000000000002,3602.871839982805,4173.0557929995375,
2025-05-06 03:45:00,3540.4966666666664,3549.286594803526,3855.5110284334464,4111.546275272834,HIGH,26.58416666666667,3549.286594803526,4111.546275272834,
2025-05-06 04:00:00,3505.4500000000003,3509.3680730080223,3811.7224084555473,4064.9384488309965,HIGH,26.463333333333335,3509.3680730080223,4064.938448830996,
2025-05-06 04:15:00,3481.0933333333337,3478.1682367250596,3776.9534008814126,4028.121589576961,HIGH,26.270000000000003,3478.1682367250596,4028.121589576961,
2025-05-06 04:30:00,3476.41,3449.975306641327,3745.0041099637974,3994.3265835385873,HIGH,26.076666666666668,3449.975306641327,3994.3265835385873,
2025-05-06 04:45:00,3462.7833333333333,3427.863884797044,3719.031056389314,3966.986445797764,HIGH,25.883333333333333,3427.863884797044,3966.986445797764,
2025-05-06 05:00:00,3465.1999999999994,3410.823474448925,3698.009304278145,3944.9808121185647,HIGH,25.69,3410.823474448925,3944.9808121185647,
2025-05-06 05:15:00,3461.806666666667,3428.5183276516773,3710.524434907685,3959.3715263000604,HIGH,25.8525,3428.5183276516773,3959.3715263000604,
2025-05-06 05:30:00,3481.8133333333335,3439.768855625781,3716.2232575326607,3966.274152181563,HIGH,26.015,3439.768855625781,3966.2741521815624,
2025-05-06 05:45:00,3502.736666666666,3462.7094755235107,3733.6853066462386,3985.91838723028,HIGH,26.1775,3462.7094755235107,3985.91838723028,
2025-05-06 06:00:00,3555.4933333333333,3506.5896506010686,3772.3941372847903,4028.6286982791944,HIGH,26.34,3506.589650601069,4028.6286982791944,
2025-05-06 06:15:00,3637.9533333333334,3558.2377506370435,3826.065712117412,4087.81454452929,HIGH,26.494166666666665,3558.2377506370435,4087.81454452929,
2025-05-06 06:30:00,3705.4966666666664,3572.0012513642682,3840.78634841755,4104.505811193703,HIGH,26.648333333333333,3572.0012513642687,4104.505811193703,
2025-05-06 06:45:00,3705.1299999999997,3554.2061837635174,3823.048726746633,4085.770857603084,HIGH,26.8025,3554.2061837635174,4085.770857603084,
2025-05-06 07:00:00,3712.813333333333,3523.994071378793,3792.4672994784632,4052.967995263458,HIGH,26.956666666666667,3523.994071378793,4052.967995263458,
2025-05-06 07:15:00,3714.7533333333336,3509.380001307748,3779.1797607973385,4038.9668153930234,HIGH,27.12833333333333,3509.380001307748,4038.966815393023,
2025-05-06 07:30:00,3679.9500000000003,3487.0503996981274,3757.896472608257,4016.1746429410155,HIGH,27.3,3487.0503996981274,4016.1746429410155,
2025-05-06 07:45:00,3659.5033333333336,3446.8763868550095,3718.2648424067793,3973.3167273286226,HIGH,27.471666666666668,3446.8763868550095,3973.3167273286226,
2025-05-06 08:00:00,3664.9166666666665,3464.4957792957407,3737.744846419264,3994.7465912112125,HIGH,27.64333333333333,3464.4957792957407,3994.7465912112125,
2025-05-06 08:15:00,3715.3433333333337,3508.0761549424196,3785.2007972678475,4046.6085320220413,HIGH,28.113333333333333,3508.07615494242,4046.608532022041,
2025-05-06 08:30:00,3764.883333333333,3539.714748801211,3820.4070967756143,4085.0460559942126,HIGH,28.583333333333332,3539.714748801211,4085.0460559942126,
2025-05-06 08:45:00,3783.236666666666,3601.8146425058962,3886.7968721488683,4157.358526257191,HIGH,29.05333333333333,3601.8146425058962,4157.358526257191,
2025-05-06 09:00:00,3904.873333333333,3686.528295799923,3976.354169110356,4254.817600984417,HIGH,29.523333333333333,3686.528295799923,4254.817600984417,
2025-05-06 09:15:00,4076.353333333334,3839.6033720358587,4136.655163833283,4429.2606984171325,HIGH,30.115,3839.6033720358587,4429.2606984171325,
2025-05-06 09:30:00,4229.613333333334,3989.7249694853604,4293.983897291217,4600.387296891231,HIGH,30.706666666666667,3989.7249694853604,4600.38729689123,
2025-05-06 09:45:00,4333.806666666666,4116.308965346689,4427.283640207991,4745.268691737613,HIGH,31.298333333333332,4116.308965346689,4745.268691737613,
2025-05-06 10:00:00,4436.876666666667,4191.959449392122,4508.523114965706,4833.381225604517,HIGH,31.89,4191.959449392122,4833.381225604516,
2025-05-06 10:15:00,4514.636666666666,4243.615559658256,4563.145380620748,4892.358451398212,HIGH,32.1825,4243.615559658256,4892.358451398211,
2025-05-06 10:30:00,4565.383333333334,4308.605499032032,4631.542340950507,4966.266887228862,HIGH,32.474999999999994,4308.605499032032,4966.266887228862,
2025-05-06 10:45:00,4606.11,4375.934431125563,4702.473602659618,5042.869083246187,HIGH,32.7675,4375.934431125563,5042.869083246187,
2025-05-06 11:00:00,4679.593333333333,4410.670023233103,4748.712936542212,5094.345670468538,HIGH,33.06,4410.670023233103,5094.345670468538,
2025-05-06 11:15:00,4723.496666666667,4443.630709741944,4791.149809485137,5141.546119295697,HIGH,33.130833333333335,4443.630709741944,5141.546119295697,
2025-05-06 11:30:00,4700.463333333333,4463.820342962252,4813.391143914182,5165.133719493206,HIGH,33.20166666666667,4463.820342962253,5165.133719493206,
2025-05-06 11:45:00,4723.236666666667,4495.026653109704,4842.8498751953875,5195.617819097922,HIGH,33.2725,4495.026653109704,5195.617819097922,
2025-05-06 12:00:00,4749.599999999999,4495.757035985952,4841.318408114871,5192.3081154838,HIGH,33.343333333333334,4495.757035985952,5192.3081154838,
2025-05-06 12:15:00,4762.256666666667,4483.797133005073,4827.128630569111,5175.067929056064,HIGH,33.36416666666667,4483.797133005074,5175.067929056064,
2025-05-06 12:30:00,4775.86,4479.733587315066,4821.2593849919895,5166.853080162825,HIGH,33.385000000000005,4479.733587315066,5166.853080162825,
2025-05-06 12:45:00,4758.946666666667,4461.86740523898,4801.504298438553,5143.485934781676,HIGH,33.405833333333334,4461.86740523898,5143.4859347816755,
2025-05-06 13:00:00,4625.936666666667,4293.5956784978425,4628.0115698368545,4952.673085920786,HIGH,33.42666666666667,4293.5956784978425,4952.673085920786,
2025-05-06 13:15:00,4601.046666666666,4238.843000079736,4570.678560852291,4888.652875012852,HIGH,33.369166666666665,4238.843000079736,4888.652875012852,
2025-05-06 13:30:00,4615.616666666667,4243.640924969333,4574.586381552792,4891.30936608785,HIGH,33.31166666666667,4243.640924969333,4891.30936608785,
2025-05-06 13:45:00,4692.946666666667,4291.020431427904,4622.367012734679,4941.734281554398,HIGH,33.25416666666667,4291.020431427905,4941.734281554398,
2025-05-06 14:00:00,4759.873333333333,4339.529382335166,4671.584216719241,4993.720085783047,HIGH,33.196666666666665,4339.529382335166,4993.720085783047,
2025-05-06 14:15:00,4859.8966666666665,4448.502887628536,4773.318098989998,5102.880992035082,HIGH,33.19,4448.502887628536,5102.880992035082,
2025-05-06 14:30:00,4944.903333333333,4557.008732473095,4874.8588115731145,5211.839096792729,HIGH,33.18333333333333,4557.008732473095,5211.839096792729,
2025-05-06 14:45:00,5005.89,4643.381109342603,4956.732051848901,5299.0096189140295,HIGH,33.17666666666666,4643.381109342603,5299.0096189140295,
2025-05-06 15:00:00,5049.926666666667,4706.071586637548,5013.815600825121,5359.31992473776,HIGH,33.17,4706.071586637548,5359.319924737759,
2025-05-06 15:15:00,5082.766666666667,4709.491051156103,5017.60530384528,5362.202163151158,HIGH,33.094166666666666,4709.491051156103,5362.202163151157,
2025-05-06 15:30:00,5066.283333333333,4695.904664100359,5004.265444651347,5346.459487638097,HIGH,33.01833333333334,4695.90466410036,5346.459487638096,
2025-05-06 15:45:00,5043.009999999999,4669.124610516523,4977.695146840406,5316.343195394691,HIGH,32.9425,4669.124610516523,5316.343195394691,
2025-05-06 16:00:00,4992.849999999999,4617.1567628845805,4925.60905064295,5258.479529689215,HIGH,32.86666666666667,4617.1567628845805,5258.479529689215,
2025-05-06 16:15:00,4971.650000000001,4580.314838868543,4886.401047916281,5214.582045326738,HIGH,32.54416666666666,4580.314838868543,5214.582045326737,
2025-05-06 16:30:00,4951.13,4543.620592911235,4847.603149675053,5171.179983873326,HIGH,32.221666666666664,4543.620592911235,5171.179983873326,
2025-05-06 16:45:00,4917.206666666666,4506.801684878927,4808.927931129542,5127.964776479292,HIGH,31.899166666666666,4506.801684878927,5127.964776479291,
2025-05-06 17:00:00,4922.806666666666,4505.212551865854,4806.563372026241,5124.349351961989,HIGH,31.576666666666664,4505.212551865854,5124.349351961989,
2025-05-06 17:15:00,4905.57,4504.664239808149,4795.791400325853,5111.294622890744,HIGH,31.53833333333333,4504.664239808149,5111.294622890743,
2025-05-06 17:30:00,4832.67,4524.525127219525,4806.133673340001,5121.298439185829,HIGH,31.499999999999996,4524.525127219525,5121.298439185828,
2025-05-06 17:45:00,4819.94,4533.861844461559,4805.906448871948,5119.860617534723,HIGH,31.461666666666666,4533.861844461559,5119.860617534723,
2025-05-06 18:00:00,4775.650000000001,4520.198105311265,4782.322389140198,5093.0588707732395,HIGH,31.423333333333332,4520.198105311265,5093.0588707732395,
2025-05-06 18:15:00,4741.913333333334,4483.589696747003,4743.330460497961,5049.833603526971,HIGH,31.438333333333333,4483.589696747003,5049.833603526971,
2025-05-06 18:30:00,4714.136666666666,4485.709212364508,4744.152908572668,5050.043200290162,HIGH,31.453333333333337,4485.709212364508,5050.043200290162,
2025-05-06 18:45:00,4693.233333333334,4512.512177343682,4770.394523957006,5078.013445614163,HIGH,31.468333333333334,4512.512177343682,5078.013445614163,
2025-05-06 19:00:00,4698.213333333333,4538.670407909712,4796.106642102877,5105.488069167873,HIGH,31.483333333333334,4538.670407909712,5105.488069167873,
2025-05-06 19:15:00,4759.163333333334,4578.635175938524,4837.1463486821485,5149.775267105295,HIGH,31.38,4578.635175938524,5149.775267105295,
2025-05-06 19:30:00,4741.866666666667,4579.70769062955,4838.462423493114,5150.887038100556,HIGH,31.276666666666667,4579.70769062955,5150.887038100556,
2025-05-06 19:45:00,4740.936666666667,4578.12283476405,4837.136090709388,5149.205620077585,HIGH,31.173333333333336,4578.12283476405,5149.205620077585,
2025-05-06 20:00:00,4666.349999999999,4517.628962049004,4775.555904792672,5081.992545838128,HIGH,31.07,4517.628962049004,5081.992545838128,
2025-05-06 20:15:00,4630.256666666667,4486.166927750847,4745.538513034501,5049.300119294437,HIGH,30.96666666666667,4486.166927750848,5049.300119294437,
2025-05-06 20:30:00,4627.0,4471.129414934222,4732.3604257227535,5035.030243101938,HIGH,30.863333333333333,4471.129414934222,5035.030243101938,
2025-05-06 20:45:00,4577.756666666667,4433.7057318879015,4696.266584129645,4995.888971730471,HIGH,30.759999999999998,4433.7057318879015,4995.888971730471,
2025-05-06 21:00:00,4545.22,4392.630255131366,4656.419430010884,4952.743174980545,HIGH,30.656666666666666,4392.630255131366,4952.743174980545,
2025-05-06 21:15:00,4600.473333333332,4438.943298372005,4706.011901808998,5007.078599495738,HIGH,30.460833333333333,4438.943298372005,5007.078599495738,
2025-05-06 21:30:00,4657.426666666666,4480.419638449794,4750.600656961216,5056.044680799262,HIGH,30.265,4480.419638449795,5056.044680799262,
2025-05-06 21:45:00,4710.9366666666665,4515.194299844453,4788.257915074805,5097.53998611802,HIGH,30.069166666666664,4515.194299844453,5097.53998611802,
2025-05-06 22:00:00,4724.493333333333,4542.500947166567,4818.181038151103,5130.68803065257,HIGH,29.87333333333333,4542.500947166567,5130.68803065257,
2025-05-06 22:15:00,4789.673333333333,4568.962361260548,4847.49248290944,5163.255217779349,HIGH,29.21,4568.962361260549,5163.255217779349,
2025-05-06 22:30:00,4827.26,4583.050673971137,4864.012874088591,5181.962380296645,HIGH,28.546666666666667,4583.050673971137,5181.962380296645,
2025-05-06 22:45:00,4872.1033333333335,4593.336922505813,4876.50099815507,5196.344497525744,HIGH,27.883333333333333,4593.336922505813,5196.344497525744,
2025-05-06 23:00:00,4901.69,4589.887316155734,4874.7700706848655,5195.304533774513,HIGH,27.220000000000002,4589.887316155734,5195.304533774513,
2025-05-06 23:15:00,4910.946666666667,4579.7434136770125,4866.3735564363315,5187.077102050001,HIGH,27.0925,4579.7434136770125,5187.077102050001,
2025-05-06 23:30:00,4865.083333333333,4559.5623895257295,4847.514858240421,5167.510784120472,HIGH,26.965,4559.5623895257295,5167.510784120471,
2025-05-06 23:45:00,4846.165,4522.078516634508,4810.741082317559,5128.485000522629,HIGH,26.837500000000002,4522.078516634508,5128.485000522629,
2025-05-07 00:00:00,4768.983333333334,4384.094159183528,4670.857303450172,4977.217863506667,HIGH,26.71,4384.094159183528,4977.217863506666,
2025-05-07 00:15:00,4713.173333333333,4322.430414511742,4608.889690742487,4910.842136612551,HIGH,26.5975,4322.430414511742,4910.842136612551,
2025-05-07 00:30:00,4629.886666666666,4245.964609831623,4531.5311422306395,4827.741400434385,HIGH,26.485,4245.964609831623,4827.741400434385,
2025-05-07 00:45:00,4569.5199999999995,4175.933088745858,4460.514346573797,4751.577446675194,HIGH,26.372500000000002,4175.933088745858,4751.577446675194,
2025-05-07 01:00:00,4489.133333333334,4092.3992213389374,4375.418096209657,4660.106331207342,HIGH,26.26,4092.399221338938,4660.106331207342,
2025-05-07 01:15:00,4407.47,4016.5069178227677,4298.24195858846,4577.293016992634,HIGH,26.166666666666668,4016.5069178227677,4577.293016992634,
2025-05-07 01:30:00,4337.356666666667,3958.289268935315,4238.892072830945,4513.907074661587,HIGH,26.07333333333333,3958.2892689353152,4513.907074661587,
2025-05-07 01:45:00,4276.356666666667,3889.455018326874,4168.396721710471,4438.39279590401,HIGH,25.98,3889.4550183268743,4438.39279590401,
2025-05-07 02:00:00,4207.843333333333,3815.9903529934822,4092.8803293150904,4357.414141217993,HIGH,25.886666666666667,3815.9903529934822,4357.414141217993,
2025-05-07 02:15:00,4138.953333333334,3758.3733810292442,4033.6654442768677,4294.198597710636,HIGH,25.825,3758.3733810292442,4294.198597710636,
2025-05-07 02:30:00,4077.4300000000003,3697.9353987167187,3971.2766232791237,4227.519076708474,HIGH,25.763333333333335,3697.9353987167187,4227.519076708474,
2025-05-07 02:45:00,4018.0266666666666,3645.093515371734,3916.3785273880426,4168.983883891348,HIGH,25.701666666666668,3645.093515371734,4168.983883891348,
2025-05-07 03:00:00,3964.4833333333336,3582.95667882545,3851.6775831179584,4099.754855694615,HIGH,25.64,3582.95667882545,4099.754855694615,
2025-05-07 03:15:00,3919.78,3533.193595050908,3799.001480478737,4043.584194870212,HIGH,25.5225,3533.193595050908,4043.584194870212,
2025-05-07 03:30:00,3872.0166666666664,3483.08943492868,3745.694287628763,3986.6970925263236,HIGH,25.405,3483.08943492868,3986.6970925263236,
2025-05-07 03:45:00,3820.263333333334,3437.537769218654,3696.770269189488,3934.548933723689,HIGH,25.287499999999998,3437.537769218654,3934.548933723689,
2025-05-07 04:00:00,3785.896666666666,3398.2838019301057,3654.021424433293,3889.086202684978,HIGH,25.169999999999998,3398.2838019301057,3889.086202684978,
2025-05-07 04:15:00,3753.8566666666666,3369.965201058169,3621.842998700561,3855.0777078824235,HIGH,25.04583333333333,3369.965201058169,3855.077707882423,
2025-05-07 04:30:00,3730.9133333333334,3354.881017290983,3602.9557268252875,3835.494464328922,HIGH,24.921666666666667,3354.881017290983,3835.494464328922,
2025-05-07 04:45:00,3711.7033333333334,3335.83821835509,3579.7651117843197,3811.171623030818,HIGH,24.7975,3335.83821835509,3811.171623030818,
2025-05-07 05:00:00,3718.4266666666663,3328.3274025615383,3568.1408641278854,3799.387094428174,HIGH,24.673333333333336,3328.3274025615383,3799.387094428174,
2025-05-07 05:15:00,3726.4833333333336,3322.5536411002245,3564.5338170112323,3796.5019102708893,HIGH,24.921666666666667,3322.5536411002245,3796.5019102708893,
2025-05-07 05:30:00,3712.463333333333,3329.9394035267796,3574.181863115261,3807.9863993479007,HIGH,25.17,3329.93940352678,3807.9863993479007,
2025-05-07 05:45:00,3711.763333333334,3340.807554564589,3587.18967854286,3823.0611303948112,HIGH,25.418333333333333,3340.807554564589,3823.0611303948112,
2025-05-07 06:00:00,3780.5433333333335,3383.4370699542137,3632.524184985809,3873.2679619682744,HIGH,25.666666666666668,3383.4370699542137,3873.2679619682744,
2025-05-07 06:15:00,3848.34,3453.8830905670056,3705.801382175012,3953.8171163313177,HIGH,25.919999999999998,3453.8830905670056,3953.8171163313177,
2025-05-07 06:30:00,3862.346666666667,3501.6308252498006,3755.676148022619,4008.804019777649,HIGH,26.173333333333336,3501.6308252498006,4008.8040197776486,
2025-05-07 06:45:00,3858.9166666666665,3482.850875153952,3737.289525472999,3989.3750839456375,HIGH,26.42666666666667,3482.8508751539525,3989.3750839456375,
2025-05-07 07:00:00,3843.5399999999995,3480.2616731175785,3735.3491864773305,3987.7751546223253,HIGH,26.68,3480.2616731175785,3987.7751546223253,
2025-05-07 07:15:00,3860.786666666667,3466.8272077096444,3723.9881282077035,3975.8974722506864,HIGH,26.805000000000003,3466.8272077096444,3975.897472250686,
2025-05-07 07:30:00,3832.263333333333,3425.5238575062976,3683.9973093821945,3932.758353509317,HIGH,26.930000000000003,3425.5238575062976,3932.758353509317,
2025-05-07 07:45:00,3802.3799999999997,3391.3627759267656,3651.2407611078756,3897.4129638269533,HIGH,27.055,3391.3627759267656,3897.4129638269533,
2025-05-07 08:00:00,3840.2166666666667,3393.9278612632297,3656.0261547143546,3902.865952670731,HIGH,27.18,3393.9278612632297,3902.865952670731,
2025-05-07 08:15:00,3890.036666666667,3440.973976622123,3707.0305032216156,3958.5920995218758,HIGH,27.595833333333335,3440.9739766221232,3958.5920995218758,
2025-05-07 08:30:00,3943.523333333333,3487.287114102661,3757.261334446538,4013.3913427259304,HIGH,28.011666666666667,3487.2871141026612,4013.39134272593,
2025-05-07 08:45:00,3975.31,3518.210491340545,3791.7310329465513,4050.9428403681295,HIGH,28.427500000000002,3518.210491340545,4050.942840368129,
2025-05-07 09:00:00,4038.84,3628.957041744269,3907.9421120218803,4177.427891253833,HIGH,28.843333333333334,3628.957041744269,4177.427891253833,
2025-05-07 09:15:00,4209.76,3795.0659033062143,4079.79089265845,4364.382631285433,HIGH,29.28166666666667,3795.0659033062143,4364.382631285432,
2025-05-07 09:30:00,4357.606666666667,3950.0223063374433,4240.27288649032,4538.87923170357,HIGH,29.72,3950.0223063374438,4538.87923170357,
2025-05-07 09:45:00,4502.033333333333,4059.9524257907306,4354.724702388961,4663.171329285616,HIGH,30.15833333333333,4059.9524257907306,4663.171329285616,
2025-05-07 10:00:00,4601.676666666666,4160.08338791668,4459.231659616453,4776.558258570872,HIGH,30.596666666666668,4160.08338791668,4776.558258570872,
2025-05-07 10:15:00,4678.456666666666,4235.373311544443,4536.613921134907,4860.270006623588,HIGH,30.87,4235.373311544443,4860.270006623588,
2025-05-07 10:30:00,4794.623333333334,4293.265329480118,4596.306190171643,4924.647911621136,HIGH,31.14333333333333,4293.265329480118,4924.647911621136,
2025-05-07 10:45:00,4864.246666666667,4347.282902809102,4652.171132683648,4984.791762242894,HIGH,31.416666666666664,4347.282902809102,4984.791762242894,
2025-05-07 11:00:00,4900.763333333333,4413.993622758438,4721.187549859482,5059.1951023325855,HIGH,31.689999999999998,4413.993622758438,5059.1951023325855,
2025-05-07 11:15:00,4951.2733333333335,4453.202433078298,4762.217139091496,5103.062200991576,HIGH,31.84583333333333,4453.202433078298,5103.062200991575,
2025-05-07 11:30:00,4968.57,4441.462845612946,4751.26888721807,5090.2709811520635,HIGH,32.001666666666665,4441.462845612947,5090.2709811520635,
2025-05-07 11:45:00,4993.293333333334,4465.798855887004,4777.456192428974,5117.870334363635,HIGH,32.1575,4465.798855887004,5117.870334363635,
2025-05-07 12:00:00,5052.68,4484.487931071642,4798.074463312683,5139.35953908257,HIGH,32.31333333333333,4484.487931071642,5139.35953908257,
2025-05-07 12:15:00,5041.813333333333,4493.398105618292,4807.108445658832,5148.12886743406,HIGH,32.4375,4493.398105618292,5148.12886743406,
2025-05-07 12:30:00,5067.63,4509.511800470459,4823.753598815306,5165.15103882073,HIGH,32.56166666666667,4509.511800470459,5165.15103882073,
2025-05-07 12:45:00,5051.763333333333,4498.900737019798,4813.28259626844,5152.613097290453,HIGH,32.685833333333335,4498.900737019798,5152.613097290452,
2025-05-07 13:00:00,4925.766666666666,4363.098271992995,4674.889452470136,5000.742539850798,HIGH,32.81,4363.098271992995,5000.742539850797,
2025-05-07 13:15:00,4892.526666666667,4330.3625840197465,4643.003045778141,4964.86339225912,HIGH,32.8575,4330.3625840197465,4964.86339225912,
2025-05-07 13:30:00,4911.053333333333,4341.536974522729,4656.343917177335,4978.222184496806,HIGH,32.905,4341.536974522729,4978.222184496806,
2025-05-07 13:45:00,4983.206666666666,4409.299530941396,4727.898240660854,5054.966363832734,HIGH,32.9525,4409.299530941396,5054.966363832734,
2025-05-07 14:00:00,5055.576666666667,4468.0379582598825,4798.407770360503,5132.265145089838,HIGH,33.0,4468.0379582598825,5132.265145089838,
2025-05-07 14:15:00,5136.953333333334,4614.27910483396,4933.063738919568,5278.047298513085,HIGH,32.994166666666665,4614.27910483396,5278.047298513085,
2025-05-07 14:30:00,5244.533333333333,4753.4347843392015,5056.9025775401515,5410.219418747685,HIGH,32.98833333333333,4753.4347843392015,5410.219418747685,
2025-05-07 14:45:00,5316.19,4883.422434811976,5170.450530705548,5531.36618651813,HIGH,32.982499999999995,4883.422434811977,5531.36618651813,
2025-05-07 15:00:00,5330.076666666667,5006.035518250587,5275.893983979866,5643.824481386383,HIGH,32.97666666666667,5006.035518250588,5643.824481386382,
2025-05-07 15:15:00,5363.330000000001,5013.585657621229,5293.806385553058,5662.150111441588,HIGH,32.925,5013.585657621229,5662.150111441588,
2025-05-07 15:30:00,5309.09,4984.556818092189,5272.921305977106,5638.484626448925,HIGH,32.873333333333335,4984.55681809219,5638.484626448925,
2025-05-07 15:45:00,5259.436666666667,4940.649127376379,5237.080411444942,5598.566589411139,HIGH,32.821666666666665,4940.649127376379,5598.566589411139,
2025-05-07 16:00:00,5222.0233333333335,4869.932164568037,5174.0635682050615,5529.093274748305,HIGH,32.77,4869.932164568037,5529.093274748305,
2025-05-07 16:15:00,5175.623333333333,4842.7003865664765,5149.007366578046,5500.760464490831,HIGH,32.736666666666665,4842.7003865664765,5500.760464490831,
2025-05-07 16:30:00,5141.73,4814.506097303386,5123.22460208352,5471.685246077925,HIGH,32.70333333333333,4814.506097303386,5471.685246077925,
2025-05-07 16:45:00,5107.056666666666,4777.964363892468,5089.145621730551,5433.628702117011,HIGH,32.67,4777.964363892468,5433.62870211701,
2025-05-07 17:00:00,5086.0,4769.320740142957,5083.870775128252,5426.997332460393,HIGH,32.63666666666666,4769.320740142957,5426.997332460393,
2025-05-07 17:15:00,5098.153333333333,4747.687211632672,5060.135610136543,5400.132399796272,HIGH,32.439166666666665,4747.687211632672,5400.132399796272,
2025-05-07 17:30:00,5029.733333333334,4681.933810791396,4991.446598685344,5324.377842776722,HIGH,32.24166666666667,4681.933810791396,5324.377842776722,
2025-05-07 17:45:00,4944.009999999999,4662.207114309428,4970.087703524562,5300.234343363572,HIGH,32.04416666666666,4662.207114309428,5300.234343363572,
2025-05-07 18:00:00,4863.6466666666665,4622.027596745012,4927.980369552039,5253.567463303975,HIGH,31.846666666666664,4622.027596745012,5253.567463303974,
2025-05-07 18:15:00,4780.8966666666665,4575.008116996017,4878.329065514115,5198.734133277798,HIGH,31.454166666666666,4575.008116996017,5198.734133277798,
2025-05-07 18:30:00,4727.173333333333,4543.887145348451,4845.118240181419,5161.881485804917,HIGH,31.061666666666664,4543.887145348452,5161.881485804917,
2025-05-07 18:45:00,4746.09,4525.930158262072,4825.532377941807,5139.945595210399,HIGH,30.669166666666666,4525.930158262072,5139.945595210399,
2025-05-07 19:00:00,4786.8533333333335,4527.363491125832,4825.9299091876355,5139.852626567097,HIGH,30.276666666666667,4527.363491125832,5139.852626567097,
2025-05-07 19:15:00,4811.46,4573.025326532659,4874.599413687894,5192.512576052166,HIGH,30.05083333333333,4573.025326532659,5192.512576052166,
2025-05-07 19:30:00,4785.286666666667,4558.595283652189,4861.840050082978,5178.36009016838,HIGH,29.825,4558.59528365219,5178.36009016838,
2025-05-07 19:45:00,4775.59,4545.190705759015,4850.20895011264,5165.520677287069,HIGH,29.59916666666667,4545.190705759015,5165.520677287069,
2025-05-07 20:00:00,4527.05,4473.987471136708,4779.460839236003,5088.38762969132,HIGH,29.37333333333333,4473.987471136708,5088.38762969132,
2025-05-07 20:15:00,4557.863333333334,4429.087549997843,4735.685066825328,5040.712322778412,HIGH,28.963333333333335,4429.087549997843,5040.712322778412,
2025-05-07 20:30:00,4642.093333333333,4410.023350699012,4718.384256495654,5021.952800069137,HIGH,28.55333333333333,4410.023350699013,5021.952800069137,
2025-05-07 20:45:00,4628.696666666667,4360.019273315914,4669.409977963633,4968.784729277504,HIGH,28.14333333333333,4360.019273315915,4968.784729277504,
2025-05-07 21:00:00,4606.053333333333,4313.908775423572,4624.40771737605,4920.025020144736,HIGH,27.73333333333333,4313.908775423572,4920.025020144736,
2025-05-07 21:15:00,4659.06,4368.697471448395,4682.31861533077,4983.406433168756,HIGH,27.610833333333332,4368.697471448395,4983.406433168755,
2025-05-07 21:30:00,4725.636666666666,4431.195395632954,4748.070948620888,5055.40687707258,HIGH,27.48833333333333,4431.195395632955,5055.40687707258,
2025-05-07 21:45:00,4786.196666666667,4486.842215271914,4806.738795200744,5119.769939196546,HIGH,27.36583333333333,4486.842215271914,5119.769939196546,
2025-05-07 22:00:00,4798.47,4513.81893477731,4835.964750597383,5152.145988036845,HIGH,27.243333333333332,4513.81893477731,5152.145988036845,
2025-05-07 22:15:00,4863.496666666667,4614.559771826794,4941.327183713074,5267.532722703293,HIGH,27.795833333333334,4614.559771826794,5267.532722703292,
2025-05-07 22:30:00,4900.703333333334,4687.00904832062,5017.600448576529,5351.31078133407,HIGH,28.348333333333333,4687.00904832062,5351.31078133407,
2025-05-07 22:45:00,4951.553333333333,4764.348564104518,5098.7410613672155,5440.4554779381315,HIGH,28.90083333333333,4764.348564104519,5440.4554779381315,
2025-05-07 23:00:00,4971.543333333334,4823.632872811432,5161.240253811497,5509.362132694219,HIGH,29.453333333333333,4823.632872811433,5509.362132694219,
2025-05-07 23:15:00,4960.623333333334,4828.599880078181,5168.3150447427315,5517.982956627026,HIGH,29.30833333333333,4828.599880078181,5517.982956627026,
2025-05-07 23:30:00,4939.0233333333335,4793.715994032864,5134.402821166141,5482.023345357947,HIGH,29.16333333333333,4793.715994032865,5482.023345357947,
2025-05-07 23:45:00,4887.79,4774.2220339872,5116.048017792204,5463.055828004846,HIGH,29.01833333333333,4774.222033987201,5463.055828004845,
2025-05-08 00:00:00,4815.516666666666,4629.387146117383,4969.1503232481045,5304.150534860034,HIGH,28.87333333333333,4629.387146117383,5304.150534860034,
2025-05-08 00:15:00,4771.673333333333,4566.206893760413,4905.989405202512,5236.488078016591,HIGH,28.661666666666665,4566.206893760413,5236.488078016591,
2025-05-08 00:30:00,4707.953333333334,4480.473460955864,4819.501566569533,5143.458322245996,HIGH,28.45,4480.473460955864,5143.458322245996,
2025-05-08 00:45:00,4604.236666666667,4411.875064996421,4750.311447175081,5069.2963993427875,HIGH,28.238333333333333,4411.875064996421,5069.2963993427875,
2025-05-08 01:00:00,4547.106666666667,4327.132602867795,4664.337148165519,4976.881868551682,HIGH,28.026666666666667,4327.132602867796,4976.881868551682,
2025-05-08 01:15:00,4438.513333333333,4244.361474463331,4580.118125574613,4886.39885063997,HIGH,27.834166666666665,4244.361474463331,4886.39885063997,
2025-05-08 01:30:00,4385.7733333333335,4172.043269255334,4506.3313850072755,4807.29116939309,HIGH,27.641666666666666,4172.043269255334,4807.29116939309,
2025-05-08 01:45:00,4346.72,4102.012817692728,4434.611303521129,4730.443158925592,HIGH,27.449166666666663,4102.012817692729,4730.443158925591,
2025-05-08 02:00:00,4247.509999999999,4026.413237385283,4356.909078396098,4647.08413178713,HIGH,27.256666666666664,4026.413237385283,4647.08413178713,
2025-05-08 02:15:00,4185.8,3958.8596590645443,4287.161227704671,4572.3854058481065,HIGH,27.2,3958.8596590645448,4572.3854058481065,
2025-05-08 02:30:00,4114.93,3899.4971122866064,4225.514120316531,4506.500831277155,HIGH,27.143333333333334,3899.4971122866064,4506.500831277155,
2025-05-08 02:45:00,4054.476666666667,3843.4542816899157,4166.979363452274,4443.9925337490085,HIGH,27.086666666666666,3843.4542816899157,4443.9925337490085,
2025-05-08 03:00:00,4002.6,3787.897361057135,4108.655895114033,4381.695798724803,HIGH,27.03,3787.8973610571356,4381.695798724802,
2025-05-08 03:15:00,3954.4266666666667,3740.6819032430853,4058.588179354397,4328.365671940018,HIGH,26.93916666666667,3740.6819032430853,4328.365671940018,
2025-05-08 03:30:00,3939.306666666667,3691.080434278329,4005.79566685388,4272.039056640286,HIGH,26.848333333333333,3691.080434278329,4272.039056640286,
2025-05-08 03:45:00,3866.19,3639.1055056077053,3950.2951905317095,4212.7291333683215,HIGH,26.757499999999997,3639.1055056077053,4212.7291333683215,
2025-05-08 04:00:00,3863.1666666666665,3599.0903133496377,3906.76696557854,4166.417657077655,HIGH,26.666666666666664,3599.090313349638,4166.417657077655,
2025-05-08 04:15:00,3834.4466666666667,3557.2662407549115,3861.1203334900656,4117.755061692606,HIGH,26.404999999999998,3557.2662407549115,4117.755061692606,
2025-05-08 04:30:00,3780.476666666667,3523.2071863859674,3823.1650111310832,4077.419485738879,HIGH,26.143333333333334,3523.207186385968,4077.419485738879,
2025-05-08 04:45:00,3750.656666666667,3492.5411532659027,3788.4333186677923,4040.541187804451,HIGH,25.881666666666668,3492.5411532659027,4040.541187804451,
2025-05-08 05:00:00,3762.7299999999996,3482.8044502008383,3774.8894673728682,4026.678990200505,HIGH,25.62,3482.804450200839,4026.678990200505,
2025-05-08 05:15:00,3752.5400000000004,3485.371540171245,3778.7440878873076,4031.8812244855444,HIGH,25.8975,3485.371540171245,4031.881224485544,
2025-05-08 05:30:00,3765.9566666666665,3471.189784250464,3765.232116755313,4018.1061086410264,HIGH,26.175,3471.189784250464,4018.1061086410264,
2025-05-08 05:45:00,3758.6299999999997,3457.918152352976,3752.446301808184,4005.05322932357,HIGH,26.4525,3457.918152352976,4005.05322932357,
2025-05-08 06:00:00,3791.61,3501.7650862841665,3797.949149005977,4055.4050443362567,HIGH,26.729999999999997,3501.7650862841665,4055.4050443362567,
2025-05-08 06:15:00,3867.3266666666664,3566.3725218611016,3864.170397576674,4128.231928995343,HIGH,27.031666666666663,3566.372521861102,4128.231928995343,
2025-05-08 06:30:00,3913.6866666666665,3590.080923288276,3888.3543784556646,4155.203220753257,HIGH,27.333333333333332,3590.080923288276,4155.203220753257,
2025-05-08 06:45:00,3885.8133333333335,3585.4080121706356,3883.333134746995,4150.290846518262,HIGH,27.634999999999998,3585.4080121706356,4150.290846518262,
2025-05-08 07:00:00,3897.1,3574.8338671099623,3872.139298472708,4138.575516387005,HIGH,27.936666666666664,3574.8338671099623,4138.575516387004,
2025-05-08 07:15:00,3894.0533333333333,3593.9244402016466,3894.079001380761,4162.962372228895,HIGH,28.465833333333332,3593.924440201647,4162.962372228895,
2025-05-08 07:30:00,3866.66,3569.988874426154,3871.8701889139584,4139.187863373404,HIGH,28.995,3569.9888744261543,4139.187863373404,
2025-05-08 07:45:00,3850.0499999999997,3552.6682541639843,3856.355747223403,4122.619132571371,HIGH,29.524166666666666,3552.668254163985,4122.619132571371,
2025-05-08 08:00:00,3874.5433333333335,3581.103545625484,3887.628351776527,4156.9167015260755,HIGH,30.05333333333333,3581.103545625484,4156.9167015260755,
2025-05-08 08:15:00,3924.5866666666666,3639.0388098972835,3947.625329092916,4222.3591442798,HIGH,30.585833333333333,3639.038809897284,4222.3591442798,
2025-05-08 08:30:00,3928.2433333333333,3698.3545171915425,4009.0126151493946,4289.231090528574,HIGH,31.118333333333332,3698.3545171915425,4289.231090528573,
2025-05-08 08:45:00,3970.2333333333336,3740.4246031765897,4052.7386450988774,4336.786056322258,HIGH,31.65083333333333,3740.42460317659,4336.786056322258,
2025-05-08 09:00:00,4065.5166666666664,3826.4677706152197,4141.500938662114,4433.302692747442,HIGH,32.18333333333333,3826.4677706152197,4433.302692747442,
2025-05-08 09:15:00,4239.663333333333,3999.9322084448263,4318.365128620248,4625.629755653415,HIGH,32.638333333333335,3999.9322084448268,4625.629755653415,
2025-05-08 09:30:00,4423.740000000001,4154.9166549137735,4476.360237170881,4797.328678030309,HIGH,33.093333333333334,4154.916654913774,4797.328678030308,
2025-05-08 09:45:00,4552.373333333333,4297.451745944001,4621.679056174287,4955.145491329325,HIGH,33.54833333333333,4297.451745944002,4955.145491329324,
2025-05-08 10:00:00,4701.716666666666,4407.387002690479,4733.708543047308,5076.634998221249,HIGH,34.00333333333333,4407.387002690479,5076.634998221249,
2025-05-08 10:15:00,4780.8133333333335,4493.71810754832,4821.676575982574,5171.849094507163,HIGH,34.43666666666667,4493.71810754832,5171.849094507163,
2025-05-08 10:30:00,4844.866666666666,4603.6974071548675,4933.979667015842,5293.494639544371,HIGH,34.870000000000005,4603.6974071548675,5293.494639544371,
2025-05-08 10:45:00,4923.196666666667,4682.403715077412,5014.403428669791,5380.357491270529,HIGH,35.30333333333333,4682.403715077413,5380.357491270529,
2025-05-08 11:00:00,4948.133333333334,4735.87313257674,5069.14399596594,5439.188867065049,HIGH,35.736666666666665,4735.87313257674,5439.188867065049,
2025-05-08 11:15:00,4993.823333333334,4779.1053352901345,5114.652306642483,5487.9460745233,HIGH,35.90083333333333,4779.1053352901345,5487.9460745233,
2025-05-08 11:30:00,5057.106666666667,4789.223992087839,5126.442989579766,5499.930340933487,HIGH,36.065,4789.223992087839,5499.930340933487,
2025-05-08 11:45:00,5061.526666666667,4806.800776679794,5146.069232549436,5520.3974754303845,HIGH,36.22916666666667,4806.800776679795,5520.3974754303845,
2025-05-08 12:00:00,5061.2266666666665,4857.438093598474,5199.757082312687,5577.912240672265,HIGH,36.39333333333333,4857.438093598475,5577.912240672265,
2025-05-08 12:15:00,5075.139999999999,4848.42933238403,5191.163504157635,5567.510710512972,HIGH,36.44416666666667,4848.42933238403,5567.510710512972,
2025-05-08 12:30:00,5109.126666666667,4863.0066701405485,5206.954400236326,5583.628155496775,HIGH,36.495,4863.0066701405485,5583.6281554967745,
2025-05-08 12:45:00,5104.716666666666,4849.498735180697,5194.236177908047,5568.668550790734,HIGH,36.54583333333333,4849.498735180697,5568.668550790734,
2025-05-08 13:00:00,4966.503333333333,4725.35937822254,5068.503049647332,5430.610313596884,HIGH,36.596666666666664,4725.359378222541,5430.610313596884,
2025-05-08 13:15:00,4958.03,4696.176279280641,5037.3789926560485,5395.4591258692635,HIGH,36.48833333333333,4696.176279280641,5395.459125869263,
2025-05-08 13:30:00,4959.643333333333,4714.157540023137,5054.814109621944,5413.17431349868,HIGH,36.379999999999995,4714.157540023137,5413.17431349868,
2025-05-08 13:45:00,5037.073333333333,4786.451840564172,5128.1332907614615,5491.738184141675,HIGH,36.27166666666667,4786.451840564172,5491.738184141675,
2025-05-08 14:00:00,5147.2,4864.262892912285,5220.774538389299,5594.210273115248,HIGH,36.163333333333334,4864.262892912285,5594.210273115248,
2025-05-08 14:15:00,5272.5633333333335,4954.061516510099,5313.109197606834,5693.024017732679,HIGH,36.1,4954.061516510099,5693.024017732679,
2025-05-08 14:30:00,5387.926666666666,5071.000412642449,5436.163929169656,5824.925267425145,HIGH,36.03666666666666,5071.000412642449,5824.925267425145,
2025-05-08 14:45:00,5421.106666666667,5150.411836968443,5519.30187725533,5913.62198139844,HIGH,35.97333333333333,5150.411836968443,5913.621981398439,
2025-05-08 15:00:00,5447.613333333334,5180.4991930260985,5549.361764437815,5944.940100763363,HIGH,35.91,5180.4991930260985,5944.940100763363,
2025-05-08 15:15:00,5428.586666666666,5218.6979289737055,5590.768058460367,5988.566531559542,HIGH,35.88083333333333,5218.6979289737055,5988.566531559542,
2025-05-08 15:30:00,5458.639999999999,5183.784834850015,5555.952220979951,5949.4492895972135,HIGH,35.85166666666667,5183.784834850015,5949.449289597213,
2025-05-08 15:45:00,5408.716666666667,5139.1773752371055,5511.488704306031,5899.860056916339,HIGH,35.8225,5139.1773752371055,5899.860056916338,
2025-05-08 16:00:00,5398.903333333333,5098.243852615166,5471.059473022376,5854.703500250891,HIGH,35.79333333333333,5098.243852615166,5854.70350025089,
2025-05-08 16:15:00,5369.543333333334,5043.041247462293,5411.256031229242,5788.31367751588,HIGH,35.303333333333335,5043.041247462293,5788.31367751588,
2025-05-08 16:30:00,5357.716666666667,5002.33460946478,5366.553189938052,5738.417231950611,HIGH,34.813333333333325,5002.334609464781,5738.417231950611,
2025-05-08 16:45:00,5307.59,4955.80112375601,5316.134845489512,5682.349857688853,HIGH,34.32333333333333,4955.80112375601,5682.349857688853,
2025-05-08 17:00:00,5288.986666666667,4918.309273777951,5275.214433662115,5636.683199314835,HIGH,33.83333333333333,4918.309273777951,5636.683199314835,
2025-05-08 17:15:00,5262.900000000001,4950.384681106351,5295.328660011199,5657.174089260702,HIGH,33.709999999999994,4950.384681106351,5657.174089260701,
2025-05-08 17:30:00,5176.7733333333335,4916.26630537483,5247.888666054959,5604.163541427439,HIGH,33.58666666666666,4916.26630537483,5604.163541427439,
2025-05-08 17:45:00,5157.93,4867.6203214466395,5185.780254529481,5535.247630529589,HIGH,33.46333333333333,4867.6203214466395,5535.247630529589,
2025-05-08 18:00:00,5079.866666666667,4826.353533058671,5131.419214847663,5474.840284739462,HIGH,33.339999999999996,4826.353533058671,5474.840284739462,
2025-05-08 18:15:00,5024.52,4730.292440971802,5035.869108200944,5370.176504625444,HIGH,32.839999999999996,4730.292440971802,5370.176504625444,
2025-05-08 18:30:00,4983.650000000001,4664.402482821125,4971.372508444104,5299.406998834898,HIGH,32.339999999999996,4664.402482821125,5299.406998834898,
2025-05-08 18:45:00,4984.096666666667,4652.44432489149,4962.241000482746,5289.009261725279,HIGH,31.84,4652.44432489149,5289.009261725279,
2025-05-08 19:00:00,5032.243333333333,4654.650556323326,4967.742316891701,5294.627675307674,HIGH,31.340000000000003,4654.650556323326,5294.627675307673,
2025-05-08 19:15:00,5058.866666666667,4684.096074806181,5001.246229372515,5330.823410438667,HIGH,31.249166666666667,4684.096074806181,5330.823410438667,
2025-05-08 19:30:00,5056.42,4663.229804590128,4983.3346186265335,5311.111245567124,HIGH,31.15833333333333,4663.229804590128,5311.111245567124,
2025-05-08 19:45:00,5071.04,4654.393830461492,4977.818568009495,5304.982242724036,HIGH,31.0675,4654.393830461492,5304.982242724036,
2025-05-08 20:00:00,5028.703333333334,4468.370848526451,4790.949741364225,5101.444822844492,HIGH,30.976666666666667,4468.3708485264515,5101.444822844492,
2025-05-08 20:15:00,5024.683333333333,4488.348995947908,4813.95875154537,5126.51094270387,HIGH,30.954166666666666,4488.348995947908,5126.51094270387,
2025-05-08 20:30:00,5011.57,4551.053991836278,4880.7367040692225,5199.325996096963,HIGH,30.931666666666665,4551.053991836278,5199.325996096963,
2025-05-08 20:45:00,4980.6033333333335,4545.155274482275,4877.279070173701,5195.738343910381,HIGH,30.909166666666664,4545.155274482275,5195.738343910381,
2025-05-08 21:00:00,4967.12,4530.130538522982,4864.463338507896,5182.042553650181,HIGH,30.886666666666667,4530.1305385229825,5182.042553650181,
2025-05-08 21:15:00,4987.073333333334,4587.585534007412,4926.182240444152,5249.609223762309,HIGH,30.826666666666668,4587.585534007412,5249.609223762309,
2025-05-08 21:30:00,5038.6866666666665,4658.936849176886,5002.0772314709775,5332.693364461016,HIGH,30.76666666666667,4658.936849176886,5332.693364461016,
2025-05-08 21:45:00,5090.513333333333,4728.657238414709,5076.232415743261,5413.9604813428305,HIGH,30.706666666666667,4728.65723841471,5413.96048134283,
2025-05-08 22:00:00,5125.126666666667,4756.567024188758,5107.491804291709,5448.589279142553,HIGH,30.64666666666667,4756.567024188758,5448.589279142553,
2025-05-08 22:15:00,5202.233333333334,4801.3749046882185,5155.587278966884,5501.612280089583,HIGH,30.038333333333334,4801.374904688219,5501.612280089583,
2025-05-08 22:30:00,5240.04,4823.288042845803,5180.119117802599,5529.043911340103,HIGH,29.43,4823.288042845803,5529.043911340102,
2025-05-08 22:45:00,5275.62,4854.1569829568,5213.680830962137,5566.375172971152,HIGH,28.821666666666665,4854.1569829568,5566.375172971152,
2025-05-08 23:00:00,5299.676666666666,4856.18244983183,5217.555557299286,5571.439767780128,HIGH,28.213333333333335,4856.18244983183,5571.439767780128,
2025-05-08 23:15:00,5316.733333333334,4851.843848493634,5215.82154287316,5570.4933600142585,HIGH,28.15,4851.843848493634,5570.4933600142585,
2025-05-08 23:30:00,5306.0233333333335,4829.728352828186,5195.700978145829,5549.5784288731265,HIGH,28.08666666666667,4829.728352828186,5549.5784288731265,
2025-05-08 23:45:00,5297.99,4788.761178919495,5156.079566580311,5507.47712905911,HIGH,28.023333333333337,4788.761178919495,5507.47712905911,
2025-05-09 00:00:00,5201.166666666667,4642.259577677021,5008.194149682172,5347.5217657883495,HIGH,27.96,4642.259577677021,5347.5217657883495,
2025-05-09 00:15:00,5155.95,4591.422768354653,4957.671065981046,5293.621914072034,HIGH,27.875833333333336,4591.422768354653,5293.621914072034,
2025-05-09 00:30:00,5049.736666666667,4524.038546908087,4889.97006768457,5221.051032669488,HIGH,27.791666666666668,4524.038546908087,5221.051032669488,
2025-05-09 00:45:00,4958.400000000001,4429.468353305252,4794.1887228658115,5117.931257860159,HIGH,27.7075,4429.468353305253,5117.931257860159,
2025-05-09 01:00:00,4852.5199999999995,4365.239884263289,4729.217675999595,5048.3892745131425,HIGH,27.623333333333335,4365.239884263289,5048.3892745131425,
2025-05-09 01:15:00,4761.58,4260.378593919389,4622.741011840064,4933.680458619823,HIGH,27.558333333333334,4260.378593919389,4933.680458619823,
2025-05-09 01:30:00,4680.433333333333,4192.629954880718,4553.992192746163,4860.071855159704,HIGH,27.493333333333332,4192.629954880719,4860.071855159704,
2025-05-09 01:45:00,4618.346666666667,4133.56488688835,4493.858390479631,4795.85408589157,HIGH,27.42833333333333,4133.56488688835,4795.85408589157,
2025-05-09 02:00:00,4529.97,4038.3279930943504,4396.4098727129085,4691.004120453606,HIGH,27.363333333333333,4038.3279930943504,4691.004120453606,
2025-05-09 02:15:00,4448.53,3976.6918822498924,4332.72062118983,4622.903210699287,HIGH,27.182499999999997,3976.691882249893,4622.903210699287,
2025-05-09 02:30:00,4385.306666666666,3908.34651946453,4261.8764574916795,4547.003039240721,HIGH,27.001666666666665,3908.34651946453,4547.003039240721,
2025-05-09 02:45:00,4322.026666666667,3844.810568026263,4195.669868736316,4476.140114642691,HIGH,26.820833333333333,3844.810568026263,4476.14011464269,
2025-05-09 03:00:00,4265.820000000001,3785.9777467341914,4133.992369456709,4410.190838987549,HIGH,26.64,3785.9777467341914,4410.190838987549,
2025-05-09 03:15:00,4208.893333333333,3730.95035729656,4076.6451495404945,4348.958889938421,HIGH,26.4775,3730.95035729656,4348.958889938421,
2025-05-09 03:30:00,4153.8966666666665,3699.7108053193256,4043.3712281941644,4313.913585644537,HIGH,26.315,3699.7108053193256,4313.913585644537,
2025-05-09 03:45:00,4106.29,3626.9367335790816,3967.294291072808,4232.22145061453,HIGH,26.1525,3626.9367335790816,4232.22145061453,
2025-05-09 04:00:00,4057.7333333333336,3604.8201004782795,3942.810248352054,4206.674653881541,HIGH,25.990000000000002,3604.82010047828,4206.674653881541,
2025-05-09 04:15:00,4020.3700000000003,3569.3676974773334,3903.6872502770507,4165.116297757281,HIGH,25.9225,3569.367697477334,4165.11629775728,
2025-05-09 04:30:00,4000.9933333333333,3519.686140951598,3849.736828839947,4107.362054444787,HIGH,25.855,3519.686140951598,4107.362054444787,
2025-05-09 04:45:00,3978.986666666666,3473.307242922133,3798.91751939286,4052.9643371264997,HIGH,25.7875,3473.307242922133,4052.9643371264997,
2025-05-09 05:00:00,3964.7899999999995,3451.004751653895,3772.508185649142,4025.0916255462994,HIGH,25.72,3451.004751653895,4025.0916255462994,
2025-05-09 05:15:00,3948.0066666666667,3371.1161594459413,3689.784328196693,3935.933193790141,HIGH,25.869166666666665,3371.116159445942,3935.933193790141,
2025-05-09 05:30:00,3921.726666666667,3340.1546445978843,3656.936174147933,3901.0242899748605,HIGH,26.018333333333334,3340.1546445978843,3901.02428997486,
2025-05-09 05:45:00,3919.11,3320.0616802263617,3635.010111364293,3877.940998833743,HIGH,26.167500000000004,3320.061680226362,3877.940998833743,
2025-05-09 06:00:00,3950.646666666667,3358.247341717134,3672.5604382091774,3919.555837583792,HIGH,26.316666666666666,3358.247341717134,3919.555837583792,
2025-05-09 06:15:00,3998.5633333333335,3431.053211491092,3745.738169443648,3999.907214218253,HIGH,26.511666666666667,3431.053211491092,3999.9072142182526,
2025-05-09 06:30:00,4040.7000000000003,3470.161109042465,3784.2514403534315,4042.4319872312667,HIGH,26.706666666666663,3470.1611090424653,4042.4319872312667,
2025-05-09 06:45:00,4048.98,3449.8800955750207,3761.8123564918887,4018.5004606237926,HIGH,26.901666666666667,3449.8800955750207,4018.5004606237926,
2025-05-09 07:00:00,4060.7066666666665,3463.156849232921,3773.6007789271252,4031.761697052984,HIGH,27.096666666666664,3463.1568492329216,4031.761697052984,
2025-05-09 07:15:00,4065.9833333333336,3471.5036007059343,3784.1810488231463,4043.7653472788584,HIGH,27.5775,3471.5036007059343,4043.765347278858,
2025-05-09 07:30:00,4028.093333333333,3458.6603830990744,3772.969766123336,4031.9543715113837,HIGH,28.058333333333334,3458.660383099075,4031.954371511383,
2025-05-09 07:45:00,4035.486666666667,3449.344944775832,3765.2920590070953,4023.9070669506673,HIGH,28.539166666666663,3449.344944775832,4023.9070669506673,
2025-05-09 08:00:00,4034.5699999999997,3478.208249773364,3796.6435141464544,4058.277724319192,HIGH,29.02,3478.208249773364,4058.277724319192,
2025-05-09 08:15:00,4101.153333333333,3523.132428695679,3847.990915555247,4114.466915151945,HIGH,29.505,3523.132428695679,4114.466915151945,
2025-05-09 08:30:00,4161.7699999999995,3538.4624543379196,3869.0152847942377,4137.549772380736,HIGH,29.990000000000002,3538.46245433792,4137.549772380736,
2025-05-09 08:45:00,4231.633333333333,3576.1489752321954,3912.925025588247,4185.470937991031,HIGH,30.475,3576.148975232196,4185.470937991031,
2025-05-09 09:00:00,4345.55,3658.372458528004,4002.448359513408,4282.982486238348,HIGH,30.96,3658.372458528004,4282.982486238348,
2025-05-09 09:15:00,4539.583333333333,3822.154502632614,4171.555456980471,4466.9387526368255,HIGH,31.435000000000002,3822.154502632614,4466.9387526368255,
2025-05-09 09:30:00,4722.746666666667,3995.068338108299,4350.063797222748,4661.053269428725,HIGH,31.910000000000004,3995.068338108299,4661.053269428725,
2025-05-09 09:45:00,4817.156666666667,4129.147240004172,4488.880973324433,4811.866471173322,HIGH,32.385,4129.147240004172,4811.866471173322,
2025-05-09 10:00:00,4918.693333333333,4268.636229594594,4633.325276509039,4968.732401451955,HIGH,32.86,4268.636229594594,4968.7324014519545,
2025-05-09 10:15:00,4974.71,4361.170964907587,4722.973072551629,5065.60962157474,HIGH,33.0275,4361.170964907587,5065.60962157474,
2025-05-09 10:30:00,5064.743333333333,4436.015851875366,4794.6319706225195,5142.827490480372,HIGH,33.195,4436.015851875367,5142.827490480372,
2025-05-09 10:45:00,5061.86,4537.620216432686,4893.8280838894925,5249.967299695005,HIGH,33.362500000000004,4537.620216432686,5249.967299695004,
2025-05-09 11:00:00,5104.1033333333335,4596.6493635438865,4949.589156404481,5309.7438673019005,HIGH,33.53,4596.6493635438865,5309.7438673019,
2025-05-09 11:15:00,5149.676666666666,4631.053409884077,4983.183790405211,5345.424838363513,HIGH,33.69166666666666,4631.053409884077,5345.424838363513,
2025-05-09 11:30:00,5183.633333333333,4684.044905971565,5035.994861886664,5401.978080170426,HIGH,33.85333333333333,4684.044905971565,5401.978080170426,
2025-05-09 11:45:00,5212.75,4693.478136316911,5044.4083580785655,5410.132291125218,HIGH,34.015,4693.478136316911,5410.132291125218,
2025-05-09 12:00:00,5245.156666666667,4711.550531246917,5061.879643318518,5428.1049683239535,HIGH,34.17666666666666,4711.550531246917,5428.1049683239535,
2025-05-09 12:15:00,5249.32,4716.255500973252,5065.530013405449,5430.973201733338,HIGH,34.254999999999995,4716.255500973252,5430.973201733338,
2025-05-09 12:30:00,5329.16,4741.70366976518,5090.654154613447,5457.190653784018,HIGH,34.333333333333336,4741.70366976518,5457.190653784018,
2025-05-09 12:45:00,5283.25,4734.20132163565,5082.28789705883,5446.906440447763,HIGH,34.41166666666666,4734.20132163565,5446.906440447762,
2025-05-09 13:00:00,5140.3966666666665,4603.766861046621,4948.312671450264,5299.808657459578,HIGH,34.49,4603.766861046621,5299.808657459578,
2025-05-09 13:15:00,5084.973333333333,4581.800834265322,4923.14032958638,5271.087769579887,HIGH,34.379999999999995,4581.800834265322,5271.087769579887,
2025-05-09 13:30:00,5198.076666666667,4586.002452446021,4925.029674982016,5271.8224880456055,HIGH,34.27,4586.002452446021,5271.8224880456055,
2025-05-09 13:45:00,5312.766666666667,4661.128193367372,4999.810342081941,5351.926797720886,HIGH,34.160000000000004,4661.128193367372,5351.926797720886,
2025-05-09 14:00:00,5406.083333333333,4753.06077105,5093.60087455158,5453.055455525273,HIGH,34.05,4753.06077105,5453.055455525273,
2025-05-09 14:15:00,5514.63,4863.589720629056,5209.94916721956,5578.866554326715,HIGH,34.0925,4863.589720629056,5578.866554326715,
2025-05-09 14:30:00,5608.703333333334,4970.100418435155,5323.68834395097,5701.671492637721,HIGH,34.135000000000005,4970.100418435155,5701.671492637721,
2025-05-09 14:45:00,5678.7266666666665,5010.430759422381,5370.380802505642,5751.415450918246,HIGH,34.177499999999995,5010.430759422382,5751.415450918246,
2025-05-09 15:00:00,5701.82,5033.856787972404,5398.199180586416,5780.344694186123,HIGH,34.22,5033.856787972405,5780.344694186123,
2025-05-09 15:15:00,5733.2733333333335,5048.096361090503,5405.879630379016,5787.208358988449,HIGH,34.24666666666667,5048.096361090503,5787.208358988449,
2025-05-09 15:30:00,5729.943333333334,5086.350931090855,5438.9763375257335,5821.702235659955,HIGH,34.27333333333333,5086.350931090855,5821.702235659955,
2025-05-09 15:45:00,5668.209999999999,5067.049071129774,5412.875166785864,5791.841224996042,HIGH,34.3,5067.049071129774,5791.841224996042,
2025-05-09 16:00:00,5635.0233333333335,5072.7825620540325,5416.940749152581,5795.784343785451,HIGH,34.32666666666667,5072.782562054033,5795.78434378545,
2025-05-09 16:15:00,5612.860000000001,5049.3986385415055,5399.007643932178,5776.083436616145,HIGH,34.37916666666667,5049.3986385415055,5776.083436616144,
2025-05-09 16:30:00,5549.796666666666,5038.981865671179,5392.783467360303,5768.791008391735,HIGH,34.43166666666667,5038.981865671179,5768.791008391735,
2025-05-09 16:45:00,5482.183333333333,5003.396829908211,5358.605888671163,5730.588751125452,HIGH,34.48416666666667,5003.396829908211,5730.588751125452,
2025-05-09 17:00:00,5441.616666666667,4984.843429633454,5342.106803980129,5711.695843368831,HIGH,34.53666666666667,4984.843429633454,5711.6958433688305,
2025-05-09 17:15:00,5425.573333333334,4887.830408293706,5254.8504450883065,5616.1419488952415,HIGH,33.3375,4887.830408293706,5616.1419488952415,
2025-05-09 17:30:00,5383.1466666666665,4739.057630211337,5114.8181439623895,5463.180165585286,HIGH,32.138333333333335,4739.057630211338,5463.180165585286,
2025-05-09 17:45:00,5308.513333333333,4632.021935768965,5017.72403088618,5357.0466288022335,HIGH,30.93916666666667,4632.021935768965,5357.046628802233,
2025-05-09 18:00:00,5229.06,4484.708769179258,4873.49603288651,5198.351397761483,HIGH,29.74,4484.708769179258,5198.351397761483,
2025-05-09 18:15:00,5190.426666666666,4445.33515782384,4832.391693481884,5152.851274398781,HIGH,29.72,4445.33515782384,5152.851274398781,
2025-05-09 18:30:00,5137.86,4418.606063241448,4804.396233709893,5121.703721269793,HIGH,29.7,4418.606063241449,5121.703721269793,
2025-05-09 18:45:00,5176.783333333333,4430.315748455456,4815.903336528751,5133.6536380921825,HIGH,29.68,4430.315748455456,5133.6536380921825,
2025-05-09 19:00:00,5157.6466666666665,4489.2646458138715,4875.906921542697,5198.497238425852,HIGH,29.66,4489.2646458138715,5198.497238425851,
2025-05-09 19:15:00,5215.373333333334,4517.097075328018,4905.243675302229,5230.06547727059,HIGH,29.5225,4517.097075328018,5230.06547727059,
2025-05-09 19:30:00,5204.92,4508.939617292445,4897.828384551064,5221.694348525786,HIGH,29.384999999999998,4508.939617292445,5221.694348525786,
2025-05-09 19:45:00,5193.363333333334,4520.676269706507,4910.860020386868,5235.67432212859,HIGH,29.247499999999995,4520.676269706507,5235.67432212859,
2025-05-09 20:00:00,5151.923333333333,4453.740945331442,4843.40349624575,5162.087473716418,HIGH,29.11,4453.740945331442,5162.087473716418,
2025-05-09 20:15:00,5156.463333333333,4466.096036506013,4856.451413692982,5176.2292814298435,HIGH,29.153333333333332,4466.096036506013,5176.2292814298435,
2025-05-09 20:30:00,5145.956666666666,4472.620600041123,4863.552803195252,5183.979861662911,HIGH,29.196666666666665,4472.620600041123,5183.979861662911,
2025-05-09 20:45:00,5157.836666666667,4459.2886842657135,4850.328462503412,5169.679583670654,HIGH,29.24,4459.2886842657135,5169.679583670654,
2025-05-09 21:00:00,5153.0,4453.3964070025595,4844.706772340761,5163.741427235015,HIGH,29.28333333333333,4453.39640700256,5163.741427235015,
2025-05-09 21:15:00,5188.32,4484.336754218178,4877.841166914001,5200.128441267277,HIGH,29.181666666666665,4484.336754218178,5200.128441267277,
2025-05-09 21:30:00,5292.033333333334,4538.612575044787,4934.815928472856,5262.557327210191,HIGH,29.08,4538.612575044787,5262.557327210191,
2025-05-09 21:45:00,5352.486666666667,4594.479360819871,4993.3496163052905,5326.761510524194,HIGH,28.97833333333333,4594.479360819871,5326.761510524194,
2025-05-09 22:00:00,5426.716666666667,4630.110612093254,5031.077143108906,5368.382993102072,HIGH,28.876666666666665,4630.110612093254,5368.382993102071,
2025-05-09 22:15:00,5485.106666666667,4698.897403254813,5103.723425841352,5448.141830873236,HIGH,28.786666666666665,4698.897403254813,5448.141830873236,
2025-05-09 22:30:00,5562.693333333333,4737.246528847583,5145.0832506702245,5493.899143565374,HIGH,28.696666666666665,4737.246528847583,5493.899143565374,
2025-05-09 22:45:00,5600.083333333333,4778.903345966376,5189.6901318733,5543.258596277479,HIGH,28.606666666666666,4778.903345966376,5543.258596277479,
2025-05-09 23:00:00,5644.43,4805.672325306827,5218.898503836034,5575.911538240899,HIGH,28.516666666666666,4805.672325306827,5575.911538240899,
2025-05-09 23:15:00,5647.650000000001,4826.879503910168,5240.44456796877,5600.214903348142,HIGH,28.4925,4826.879503910169,5600.214903348142,
2025-05-09 23:30:00,5613.673333333333,4822.8420423830785,5235.9582301426535,5596.223410491723,HIGH,28.468333333333334,4822.8420423830785,5596.223410491723,
2025-05-09 23:45:00,5609.16,4817.582793431062,5230.02140946904,5590.702400384401,HIGH,28.444166666666668,4817.582793431063,5590.702400384401,
2025-05-10 00:00:00,5488.576666666667,4672.0512273665045,5034.739188810931,5455.7713765117105,HIGH,28.419999999999998,4672.0512273665045,5455.7713765117105,
2025-05-10 00:15:00,5406.29,4629.577846676534,4991.700888408164,5409.984116205821,HIGH,28.309166666666666,4629.577846676534,5409.984116205821,
2025-05-10 00:30:00,5335.326666666667,4540.359767317574,4900.567181107806,5311.8566684704665,HIGH,28.198333333333334,4540.359767317575,5311.8566684704665,
2025-05-10 00:45:00,5258.84,4455.183498020344,4813.325692598573,5217.9984598750925,HIGH,28.087500000000002,4455.183498020344,5217.9984598750925,
2025-05-10 01:00:00,5159.39,4364.814321657118,4720.512368893693,5118.097889592904,HIGH,27.976666666666667,4364.814321657119,5118.097889592903,
2025-05-10 01:15:00,5073.45,4275.719651242582,4629.81898771665,5020.564293374518,HIGH,27.884166666666665,4275.719651242582,5020.564293374518,
2025-05-10 01:30:00,5000.400000000001,4205.981770759,4558.674112658853,4944.333604404618,HIGH,27.791666666666664,4205.981770759,4944.333604404618,
2025-05-10 01:45:00,4923.696666666667,4147.929187709301,4499.217572037404,4880.840593360349,HIGH,27.699166666666667,4147.929187709301,4880.840593360349,
2025-05-10 02:00:00,4840.386666666666,4064.4078311365297,4413.404636158943,4788.648999948483,HIGH,27.60666666666667,4064.40783113653,4788.648999948483,
2025-05-10 02:15:00,4759.053333333333,3991.9393829079922,4338.9840669147125,4708.874462098341,HIGH,27.555,3991.9393829079922,4708.874462098341,
2025-05-10 02:30:00,4671.75,3932.6498101838074,4277.771045091993,4643.475386725833,HIGH,27.503333333333337,3932.6498101838074,4643.475386725833,
2025-05-10 02:45:00,4591.7300000000005,3873.5815985884583,4216.498122924176,4577.998006314741,HIGH,27.451666666666668,3873.5815985884583,4577.998006314741,
2025-05-10 03:00:00,4525.656666666667,3819.8927898564248,4160.446692064139,4518.188300634796,HIGH,27.400000000000002,3819.892789856425,4518.188300634796,
2025-05-10 03:15:00,4468.79,3763.117661709036,4100.5913076838615,4454.199399991337,HIGH,27.291666666666668,3763.117661709036,4454.199399991337,
2025-05-10 03:30:00,4415.056666666666,3716.055409085306,4050.3985718739077,4400.703942232975,HIGH,27.183333333333334,3716.055409085306,4400.703942232975,
2025-05-10 03:45:00,4368.863333333334,3664.840271371508,3995.6760075347934,4342.2411653276,HIGH,27.075,3664.840271371508,4342.241165327599,
2025-05-10 04:00:00,4324.786666666667,3623.013289668002,3950.2927819295105,4293.90959280923,HIGH,26.966666666666665,3623.013289668002,4293.90959280923,
2025-05-10 04:15:00,4278.456666666666,3582.9766941646594,3906.1168872097287,4246.835850932439,HIGH,26.778333333333332,3582.9766941646594,4246.835850932439,
2025-05-10 04:30:00,4252.1033333333335,3554.425020042632,3873.4409251235415,4212.2367198921565,HIGH,26.59,3554.425020042632,4212.2367198921565,
2025-05-10 04:45:00,4210.69,3526.470891964299,3841.126445600398,4177.9779876273715,HIGH,26.401666666666664,3526.470891964299,4177.9779876273715,
2025-05-10 05:00:00,4162.5,3511.6314775242386,3821.998812104856,4158.022269752467,HIGH,26.21333333333333,3511.6314775242386,4158.022269752467,
2025-05-10 05:15:00,4114.69,3495.465264468021,3807.032711101173,4142.741512949809,HIGH,26.386666666666667,3495.465264468021,4142.741512949809,
2025-05-10 05:30:00,4081.6766666666667,3475.0699413986913,3787.5183502260775,4122.4425728969545,HIGH,26.560000000000002,3475.0699413986913,4122.4425728969545,
2025-05-10 05:45:00,4040.3133333333335,3460.4983702658797,3773.760963551826,4108.34443159418,HIGH,26.733333333333334,3460.49837026588,4108.34443159418,
2025-05-10 06:00:00,4046.6633333333334,3475.5224615602356,3790.1129139434247,4126.963691748301,HIGH,26.906666666666666,3475.5224615602356,4126.963691748301,
2025-05-10 06:15:00,4056.06,3525.9320566549163,3842.516445472489,4184.768638487034,HIGH,27.2075,3525.932056654917,4184.768638487034,
2025-05-10 06:30:00,4049.92,3567.4161925745284,3885.618854548886,4232.367663623414,HIGH,27.508333333333333,3567.4161925745284,4232.367663623414,
2025-05-10 06:45:00,4033.7466666666664,3570.8716157697727,3889.6385482125597,4237.326432502537,HIGH,27.809166666666666,3570.8716157697727,4237.326432502537,
2025-05-10 07:00:00,4019.0200000000004,3586.1364573586297,3905.618700983114,4255.2291438159355,HIGH,28.11,3586.13645735863,4255.229143815935,
2025-05-10 07:15:00,4041.2966666666666,3601.639566892798,3924.96349250959,4276.828480129067,HIGH,28.747500000000002,3601.639566892798,4276.828480129067,
2025-05-10 07:30:00,4020.1200000000003,3565.926874206146,3891.7747817082072,4241.135198613554,HIGH,29.384999999999998,3565.9268742061463,4241.135198613554,
2025-05-10 07:45:00,4036.3366666666666,3573.5302134042727,3902.856849539792,4253.568413791426,HIGH,30.0225,3573.5302134042727,4253.568413791426,
2025-05-10 08:00:00,4050.5099999999998,3579.6996170340403,3912.410637725391,4264.252525352034,HIGH,30.66,3579.699617034041,4264.252525352034,
2025-05-10 08:15:00,4058.3033333333333,3640.0089714809983,3976.9945537808744,4334.766825051943,HIGH,31.145833333333332,3640.0089714809983,4334.766825051943,
2025-05-10 08:30:00,4090.723333333334,3702.064524893101,4043.3432578040993,4407.118436230296,HIGH,31.631666666666668,3702.0645248931014,4407.118436230296,
2025-05-10 08:45:00,4128.17,3759.0417184151247,4104.4881565150345,4473.719234344669,HIGH,32.1175,3759.0417184151247,4473.719234344669,
2025-05-10 09:00:00,4195.736666666667,3865.7191670158404,4216.5330856455685,4595.667346778119,HIGH,32.60333333333333,3865.719167015841,4595.667346778119,
2025-05-10 09:15:00,4331.553333333333,4044.897651369737,4399.966344385847,4795.173687213822,HIGH,32.971666666666664,4044.897651369737,4795.173687213822,
2025-05-10 09:30:00,4486.946666666667,4224.353464876743,4583.735204620678,4994.965792158959,HIGH,33.34,4224.353464876743,4994.965792158959,
2025-05-10 09:45:00,4574.33,4328.74737150753,4689.504318175882,5109.477613896756,HIGH,33.708333333333336,4328.74737150753,5109.477613896756,
2025-05-10 10:00:00,4702.993333333333,4439.314852106624,4799.247063524092,5227.719685162961,HIGH,34.07666666666667,4439.314852106624,5227.719685162961,
2025-05-10 10:15:00,4819.426666666666,4479.67395764785,4837.212620312184,5267.723897506536,HIGH,33.946666666666665,4479.67395764785,5267.723897506536,
2025-05-10 10:30:00,4879.013333333333,4527.416826795835,4882.860897118645,5316.0251577866175,HIGH,33.81666666666666,4527.416826795836,5316.0251577866175,
2025-05-10 10:45:00,4933.806666666666,4518.814957270773,4870.960135998042,5301.58940498521,HIGH,33.68666666666667,4518.814957270773,5301.58940498521,
2025-05-10 11:00:00,5016.223333333333,4538.120103456795,4887.787569648297,5318.376194194256,HIGH,33.556666666666665,4538.120103456795,5318.376194194256,
2025-05-10 11:15:00,5066.0233333333335,4584.375890174311,4932.379419690612,5365.339862609177,HIGH,33.748333333333335,4584.375890174311,5365.339862609177,
2025-05-10 11:30:00,5061.46,4615.975295145087,4962.1510098173685,5396.109828808481,HIGH,33.94,4615.975295145087,5396.109828808481,
2025-05-10 11:45:00,5091.196666666667,4629.749776700322,4973.872107599044,5407.172744833128,HIGH,34.13166666666667,4629.749776700322,5407.172744833128,
2025-05-10 12:00:00,5114.083333333333,4652.670270722705,4995.169930641202,5428.61924878184,HIGH,34.32333333333334,4652.670270722705,5428.61924878184,
2025-05-10 12:15:00,5083.373333333333,4654.308969105213,4994.848109075578,5426.53371816079,HIGH,34.385000000000005,4654.308969105213,5426.53371816079,
2025-05-10 12:30:00,5019.52,4708.160168010522,5048.21990342128,5482.884826147086,HIGH,34.446666666666665,4708.160168010522,5482.884826147086,
2025-05-10 12:45:00,4942.28,4674.998215116103,5012.749269436793,5442.455893103935,HIGH,34.50833333333333,4674.998215116104,5442.455893103935,
2025-05-10 13:00:00,4846.306666666666,4541.020212984,4874.3131990746915,5289.872202722012,HIGH,34.57,4541.020212984,5289.872202722012,
2025-05-10 13:15:00,4827.66,4482.538289521605,4813.216974732009,5221.7014013640255,HIGH,34.44083333333333,4482.538289521605,5221.7014013640255,
2025-05-10 13:30:00,4925.113333333334,4557.8311694166605,4889.35602845882,5302.9652774823535,HIGH,34.31166666666667,4557.8311694166605,5302.965277482353,
2025-05-10 13:45:00,5077.753333333333,4644.0423345688805,4976.949426241835,5396.693859010332,HIGH,34.1825,4644.0423345688805,5396.693859010332,
2025-05-10 14:00:00,5197.006666666667,4718.2017713149135,5052.48385279344,5477.286678081984,HIGH,34.053333333333335,4718.2017713149135,5477.286678081984,
2025-05-10 14:15:00,5305.373333333333,4821.735538329194,5160.82246281193,5593.527542011085,HIGH,33.994166666666665,4821.735538329194,5593.527542011084,
2025-05-10 14:30:00,5237.066666666667,4912.350029192966,5258.10721537599,5697.471394374145,HIGH,33.935,4912.350029192967,5697.471394374144,
2025-05-10 14:45:00,5209.3966666666665,4971.5730675631285,5322.346142840471,5765.609968915276,HIGH,33.87583333333333,4971.5730675631285,5765.609968915276,
2025-05-10 15:00:00,5107.17,4994.819541762258,5347.710221316309,5791.7612753084995,HIGH,33.81666666666667,4994.819541762258,5791.7612753084995,
2025-05-10 15:15:00,5027.123333333333,5045.685294532486,5386.902824258707,5832.4528560649405,HIGH,33.60583333333333,5045.685294532486,5832.4528560649405,
2025-05-10 15:30:00,4963.616666666667,5073.532049647948,5401.250074073284,5846.337474226779,HIGH,33.395,5073.532049647948,5846.337474226778,
2025-05-10 15:45:00,4874.56,5048.733676766037,5361.974505827109,5801.861163174411,HIGH,33.18416666666667,5048.733676766037,5801.861163174411,
2025-05-10 16:00:00,4831.63,5048.164002529402,5347.778216013166,5784.735531431802,HIGH,32.973333333333336,5048.164002529402,5784.735531431802,
2025-05-10 16:15:00,4824.3,5033.048679860243,5330.455623336732,5764.6584848235525,HIGH,32.95583333333334,5033.048679860243,5764.6584848235525,
2025-05-10 16:30:00,4821.2300000000005,4992.986095292605,5287.849680477177,5717.096681821734,HIGH,32.93833333333333,4992.986095292605,5717.096681821734,
2025-05-10 16:45:00,4830.753333333333,4946.272334849837,5238.6842460567705,5662.444846516539,HIGH,32.92083333333333,4946.2723348498375,5662.444846516539,
2025-05-10 17:00:00,4843.506666666667,4918.680427355083,5209.3373748134545,5629.432896654005,HIGH,32.90333333333333,4918.680427355083,5629.432896654004,
2025-05-10 17:15:00,4840.740000000001,4847.3382578951605,5146.926633703832,5560.884767290892,HIGH,32.12583333333333,4847.3382578951605,5560.884767290892,
2025-05-10 17:30:00,4833.813333333333,4749.174035530633,5057.272418825576,5462.733614373956,HIGH,31.348333333333333,4749.174035530633,5462.733614373956,
2025-05-10 17:45:00,4839.333333333333,4637.861031681532,4954.3614981288765,5350.214452882919,HIGH,30.570833333333333,4637.861031681532,5350.214452882919,
2025-05-10 18:00:00,4823.156666666667,4507.542812684252,4832.1842699789295,5216.785952208356,HIGH,29.793333333333333,4507.542812684253,5216.785952208356,
2025-05-10 18:15:00,4789.606666666667,4467.231544400412,4790.47928159278,5170.644501833782,HIGH,29.36916666666667,4467.231544400412,5170.644501833782,
2025-05-10 18:30:00,4778.743333333333,4437.485413967233,4759.754200697008,5136.537170436012,HIGH,28.945,4437.485413967233,5136.537170436012,
2025-05-10 18:45:00,4797.193333333334,4458.050768000479,4780.687551254601,5158.7650535724315,HIGH,28.520833333333332,4458.050768000479,5158.7650535724315,
2025-05-10 19:00:00,4817.026666666666,4445.31050499914,4767.651559389792,5144.081314203411,HIGH,28.096666666666668,4445.31050499914,5144.081314203411,
2025-05-10 19:15:00,4845.433333333333,4501.168382428171,4825.68216843629,5206.897169461348,HIGH,28.104166666666668,4501.168382428172,5206.897169461348,
2025-05-10 19:30:00,4869.8966666666665,4503.710200080579,4829.221331265981,5210.45544372243,HIGH,28.111666666666668,4503.710200080579,5210.45544372243,
2025-05-10 19:45:00,4861.946666666667,4504.743807465228,4831.294654280646,5212.5018116056035,HIGH,28.119166666666665,4504.743807465228,5212.5018116056035,
2025-05-10 20:00:00,4837.513333333333,4473.737812390712,4800.624374507102,5178.975193573219,HIGH,28.126666666666665,4473.737812390712,5178.975193573219,
2025-05-10 20:15:00,4809.45,4483.854074210374,4811.739437563558,5191.024902212405,HIGH,28.106666666666666,4483.854074210374,5191.024902212405,
2025-05-10 20:30:00,4815.246666666667,4483.664886289165,4812.326323611374,5191.693966262593,HIGH,28.086666666666666,4483.664886289165,5191.693966262593,
2025-05-10 20:45:00,4784.763333333333,4496.575573537372,4826.32984351597,5207.057615953118,HIGH,28.066666666666666,4496.575573537372,5207.057615953118,
2025-05-10 21:00:00,4799.703333333334,4496.8222823129245,4827.35292538462,5208.368398010072,HIGH,28.046666666666667,4496.822282312925,5208.368398010072,
2025-05-10 21:15:00,4848.006666666667,4526.62172503601,4859.678575954637,5243.88746949377,HIGH,27.82,4526.6217250360105,5243.88746949377,
2025-05-10 21:30:00,4919.69,4611.533616021839,4948.3794495055845,5340.878880144366,HIGH,27.593333333333337,4611.533616021839,5340.878880144366,
2025-05-10 21:45:00,4956.296666666666,4669.7083938020205,5009.635546067957,5408.060547221424,HIGH,27.366666666666667,4669.7083938020205,5408.060547221424,
2025-05-10 22:00:00,5003.463333333333,4731.879839283845,5074.895622207257,5479.677763604135,HIGH,27.14,4731.879839283845,5479.677763604134,
2025-05-10 22:15:00,5091.336666666667,4803.913207400842,5150.865912806419,5563.056446869565,HIGH,27.305000000000003,4803.913207400843,5563.056446869565,
2025-05-10 22:30:00,5127.276666666667,4883.400340437402,5234.344887201472,5654.681525190674,HIGH,27.470000000000002,4883.400340437402,5654.681525190673,
2025-05-10 22:45:00,5189.153333333333,4933.814101199634,5287.917565291153,5713.804733213782,HIGH,27.635,4933.814101199634,5713.804733213782,
2025-05-10 23:00:00,5233.473333333333,4988.98211768593,5346.202291880829,5778.121833478353,HIGH,27.8,4988.9821176859305,5778.1218334783525,
2025-05-10 23:15:00,5264.6466666666665,4989.328271321084,5348.546021748922,5781.590530593415,HIGH,27.559166666666666,4989.328271321084,5781.590530593415,
2025-05-10 23:30:00,5241.08,4960.100093366772,5320.424394989962,5751.936880874333,HIGH,27.31833333333333,4960.100093366772,5751.936880874333,
2025-05-10 23:45:00,5223.96,4945.422759934712,5307.001094849867,5738.339771918794,HIGH,27.0775,4945.422759934712,5738.339771918794,
2025-05-11 00:00:00,5154.44,4767.815490432796,5126.54939685802,5542.894159657693,HIGH,26.836666666666666,4767.815490432796,5542.894159657693,
2025-05-11 00:15:00,5101.03,4694.685230899122,5052.123050570567,5462.925308625999,HIGH,26.678333333333335,4694.685230899122,5462.925308625999,
2025-05-11 00:30:00,5009.536666666667,4624.763335941407,4980.7457419719,5386.312584588895,HIGH,26.52,4624.763335941407,5386.312584588895,
2025-05-11 00:45:00,4944.793333333334,4549.003903602031,4903.14568212958,5302.953894501783,HIGH,26.361666666666665,4549.003903602031,5302.953894501783,
2025-05-11 01:00:00,4837.53,4457.030094084576,4808.689454744589,5201.264201653578,HIGH,26.203333333333333,4457.030094084577,5201.264201653577,
2025-05-11 01:15:00,4771.076666666667,4373.743479053468,4724.302022242253,5110.6105651979215,HIGH,26.08416666666667,4373.743479053468,5110.6105651979215,
2025-05-11 01:30:00,4705.509999999999,4296.7966106783815,4646.135595898076,5026.746184814704,HIGH,25.965,4296.7966106783815,5026.746184814704,
2025-05-11 01:45:00,4637.09,4222.637223081933,4570.547474268297,4945.698657448182,HIGH,25.84583333333333,4222.637223081933,4945.698657448182,
2025-05-11 02:00:00,4569.1466666666665,4143.456060645063,4489.537617303252,4858.750398209692,HIGH,25.726666666666667,4143.456060645063,4858.750398209692,
2025-05-11 02:15:00,4507.71,4071.285863181417,4413.984927791969,4777.691861486506,HIGH,25.625,4071.285863181417,4777.691861486506,
2025-05-11 02:30:00,4448.79,3995.9699768787445,4334.925880243333,4692.807339533009,HIGH,25.523333333333333,3995.9699768787445,4692.807339533009,
2025-05-11 02:45:00,4385.7,3926.9201344917774,4261.995780915689,4614.584170356111,HIGH,25.42166666666667,3926.9201344917774,4614.584170356111,
2025-05-11 03:00:00,4324.376666666667,3866.6633985749463,4197.782293387179,4545.8348631005965,HIGH,25.32,3866.6633985749468,4545.8348631005965,
2025-05-11 03:15:00,4260.81,3814.3234064965905,4141.389709902683,4485.578613909008,HIGH,25.2375,3814.323406496591,4485.578613909007,
2025-05-11 03:30:00,4196.22,3766.2422909159773,4089.075698000331,4429.734746204412,HIGH,25.155,3766.2422909159777,4429.734746204412,
2025-05-11 03:45:00,4159.093333333333,3723.6148410945407,4042.067524806405,4379.634603718721,HIGH,25.072499999999998,3723.6148410945407,4379.634603718721,
2025-05-11 04:00:00,4106.99,3683.178296195922,3997.0297847075803,4331.640925323508,HIGH,24.99,3683.1782961959225,4331.640925323508,
2025-05-11 04:15:00,4053.1666666666665,3643.893276631547,3951.826535627989,4283.3844947793,HIGH,24.8975,3643.8932766315475,4283.3844947793,
2025-05-11 04:30:00,3994.4733333333334,3622.465283634453,3924.647299176529,4254.707400005895,HIGH,24.805,3622.465283634453,4254.707400005895,
2025-05-11 04:45:00,3950.94,3590.086774475939,3886.006061618385,4213.494926992857,HIGH,24.7125,3590.0867744759394,4213.494926992857,
2025-05-11 05:00:00,3933.33,3555.6957283673123,3845.063634335798,4169.718993114502,HIGH,24.619999999999997,3555.6957283673123,4169.718993114502,
2025-05-11 05:15:00,3907.9566666666665,3511.440600566881,3803.135552927648,4125.140531611835,HIGH,24.801666666666666,3511.440600566881,4125.140531611835,
2025-05-11 05:30:00,3869.2466666666664,3475.9186215662057,3769.9306205368293,4089.996454841586,HIGH,24.983333333333334,3475.9186215662057,4089.996454841586,
2025-05-11 05:45:00,3822.7666666666664,3428.603517042379,3724.4456220836196,4041.410834942352,HIGH,25.165,3428.603517042379,4041.4108349423514,
2025-05-11 06:00:00,3793.353333333333,3420.0770432053305,3718.482181392967,4035.7925274647732,HIGH,25.346666666666668,3420.0770432053305,4035.792527464773,
2025-05-11 06:15:00,3826.8799999999997,3429.998100433775,3730.15026495169,4049.262119791641,HIGH,25.73,3429.998100433775,4049.262119791641,
2025-05-11 06:30:00,3796.903333333333,3436.89357715397,3738.5578169232517,4059.103995654041,HIGH,26.113333333333337,3436.89357715397,4059.1039956540403,
2025-05-11 06:45:00,3761.5433333333335,3431.493615665515,3734.229666998389,4054.997520329346,HIGH,26.49666666666667,3431.493615665515,4054.997520329346,
2025-05-11 07:00:00,3755.2433333333333,3427.8436710554656,3731.562657781376,4052.6190268288356,HIGH,26.880000000000003,3427.843671055466,4052.619026828835,
2025-05-11 07:15:00,3751.6200000000003,3446.1299924556683,3754.4757829792006,4078.129839298824,HIGH,27.44666666666667,3446.1299924556683,4078.129839298824,
2025-05-11 07:30:00,3747.133333333333,3434.080249593348,3746.2331258850686,4069.6283770237287,HIGH,28.013333333333335,3434.0802495933485,4069.6283770237287,
2025-05-11 07:45:00,3746.096666666667,3450.7662268501285,3767.333194994062,4092.996758180937,HIGH,28.58,3450.766226850129,4092.996758180937,
2025-05-11 08:00:00,3753.7433333333333,3466.8367209430894,3787.7429569642863,4115.528588015039,HIGH,29.14666666666667,3466.8367209430894,4115.528588015039,
2025-05-11 08:15:00,3727.97,3488.48680626133,3812.0268375576497,4142.1305780596595,HIGH,29.7025,3488.4868062613305,4142.1305780596595,
2025-05-11 08:30:00,3765.5400000000004,3528.940021796254,3855.5392454480166,4189.587896584739,HIGH,30.258333333333333,3528.940021796254,4189.587896584739,
2025-05-11 08:45:00,3755.436666666667,3560.617119175985,3890.0618981683942,4227.17150159451,HIGH,30.81416666666667,3560.6171191759854,4227.171501594509,
2025-05-11 09:00:00,3829.0866666666666,3637.147540292737,3970.522050578222,4314.698223573661,HIGH,31.37,3637.1475402927376,4314.698223573661,
2025-05-11 09:15:00,3943.443333333333,3770.0396522944593,4106.924377339507,4463.000645859024,HIGH,31.677500000000002,3770.0396522944593,4463.000645859024,
2025-05-11 09:30:00,4001.52,3915.599093772796,4256.347807620785,4625.403347898828,HIGH,31.985,3915.5990937727966,4625.403347898828,
2025-05-11 09:45:00,4066.5033333333336,3992.4275839197653,4335.471035517907,4711.171483704053,HIGH,32.2925,3992.4275839197653,4711.171483704053,
2025-05-11 10:00:00,4149.403333333333,4105.795421663202,4452.093083736495,4837.70063087241,HIGH,32.6,4105.795421663203,4837.70063087241,
2025-05-11 10:15:00,4228.126666666667,4209.509590410228,4558.21813798653,4952.700508332575,HIGH,32.983333333333334,4209.509590410228,4952.700508332574,
2025-05-11 10:30:00,4296.096666666666,4282.587437117707,4633.09904696998,5033.606066573192,HIGH,33.36666666666667,4282.587437117708,5033.606066573192,
2025-05-11 10:45:00,4359.956666666667,4336.39131313235,4688.385824404007,5093.107515367132,HIGH,33.75,4336.391313132351,5093.107515367132,
2025-05-11 11:00:00,4404.426666666667,4425.3437565829645,4779.815059455934,5191.905640480559,HIGH,34.13333333333333,4425.3437565829645,5191.905640480559,
2025-05-11 11:15:00,4422.723333333333,4481.76299966591,4837.387437304193,5253.74950086837,HIGH,34.45333333333333,4481.76299966591,5253.749500868369,
2025-05-11 11:30:00,4472.003333333333,4493.555171305522,4849.454064121233,5265.983150654245,HIGH,34.77333333333333,4493.555171305523,5265.983150654244,
2025-05-11 11:45:00,4513.313333333333,4530.584490395384,4887.55930052415,5306.522794569297,HIGH,35.093333333333334,4530.584490395384,5306.522794569297,
2025-05-11 12:00:00,4547.143333333333,4559.5801473833435,4917.651852110728,5338.291153927246,HIGH,35.413333333333334,4559.5801473833435,5338.291153927246,
2025-05-11 12:15:00,4600.96,4558.137218627541,4910.335872208923,5329.05089048358,HIGH,35.61416666666667,4558.137218627541,5329.05089048358,
2025-05-11 12:30:00,4601.11,4543.1404729582555,4889.378663080389,5304.919600505242,HIGH,35.815000000000005,4543.140472958256,5304.919600505242,
2025-05-11 12:45:00,4602.400000000001,4505.4395457874925,4845.421765869602,5255.711031997831,HIGH,36.01583333333333,4505.439545787493,5255.71103199783,
2025-05-11 13:00:00,4496.826666666667,4431.989435907468,4765.118144596278,5166.895502449638,HIGH,36.21666666666667,4431.989435907468,5166.895502449638,
2025-05-11 13:15:00,4528.0199999999995,4465.106720152982,4771.905618195495,5172.109829558076,HIGH,36.21,4465.106720152982,5172.109829558076,
2025-05-11 13:30:00,4584.77,4610.19926226267,4893.608904869198,5302.45293053605,HIGH,36.20333333333333,4610.19926226267,5302.45293053605,
2025-05-11 13:45:00,4648.599999999999,4797.202451623256,5058.498065912207,5479.81638228786,HIGH,36.196666666666665,4797.202451623256,5479.81638228786,
2025-05-11 14:00:00,4763.496666666667,4951.245978021548,5189.921666600794,5620.732290055865,HIGH,36.19,4951.245978021549,5620.732290055865,
2025-05-11 14:15:00,4842.576666666667,5020.078618975005,5271.041475810316,5708.172919098422,HIGH,36.19166666666666,5020.078618975005,5708.1729190984215,
2025-05-11 14:30:00,4919.506666666667,4959.86994817577,5220.327980429269,5652.054603009212,HIGH,36.19333333333333,4959.86994817577,5652.054603009212,
2025-05-11 14:45:00,4963.223333333334,4932.280296152577,5203.298008873716,5632.630727309853,HIGH,36.195,4932.280296152578,5632.630727309853,
2025-05-11 15:00:00,5006.533333333334,4838.1974043184755,5118.475143093602,5539.39890164532,HIGH,36.196666666666665,4838.1974043184755,5539.39890164532,
2025-05-11 15:15:00,5032.18,4785.3152756176705,5067.330350075825,5482.583036987935,HIGH,36.13166666666667,4785.3152756176705,5482.583036987935,
2025-05-11 15:30:00,5060.400000000001,4726.715972298895,5007.718687556122,5416.985269848862,HIGH,36.06666666666667,4726.715972298895,5416.985269848862,
2025-05-11 15:45:00,5075.016666666666,4651.05164159432,4932.953972798905,5334.631583987571,HIGH,36.001666666666665,4651.05164159432,5334.631583987571,
2025-05-11 16:00:00,5023.31,4607.106039387259,4891.956421340191,5288.945585769047,HIGH,35.93666666666667,4607.106039387259,5288.945585769046,
2025-05-11 16:15:00,4995.433333333333,4611.211031135062,4892.875063563488,5288.682129469617,HIGH,36.0275,4611.211031135062,5288.682129469617,
2025-05-11 16:30:00,4964.44,4610.772936036596,4889.401170550715,5283.6840200825745,HIGH,36.11833333333333,4610.772936036596,5283.6840200825745,
2025-05-11 16:45:00,4940.400000000001,4622.863407207917,4899.004965272814,5292.980772124043,HIGH,36.20916666666667,4622.863407207917,5292.980772124043,
2025-05-11 17:00:00,4886.72,4638.873204766855,4912.862216114836,5306.967003680195,HIGH,36.300000000000004,4638.873204766856,5306.9670036801945,
2025-05-11 17:15:00,4856.91,4626.388045989389,4903.165433648905,5295.5560121590715,HIGH,36.15833333333334,4626.388045989389,5295.5560121590715,
2025-05-11 17:30:00,4799.09,4604.609412468878,4884.171812439823,5274.085887634052,HIGH,36.016666666666666,4604.609412468878,5274.085887634052,
2025-05-11 17:45:00,4752.07,4587.850678834189,4870.52349011818,5258.5053428496685,HIGH,35.875,4587.85067883419,5258.5053428496685,
2025-05-11 18:00:00,4710.593333333333,4559.295439739018,4844.989497870036,5230.052975207609,HIGH,35.733333333333334,4559.295439739018,5230.052975207609,
2025-05-11 18:15:00,4675.19,4527.768202556848,4811.199926627006,5192.493076620553,HIGH,35.53333333333334,4527.768202556849,5192.493076620553,
2025-05-11 18:30:00,4645.363333333334,4516.661134559349,4798.480336860157,5177.955390396011,HIGH,35.333333333333336,4516.661134559349,5177.955390396011,
2025-05-11 18:45:00,4689.099999999999,4543.077952069174,4824.326595151948,5205.495091735923,HIGH,35.13333333333333,4543.077952069174,5205.495091735923,
2025-05-11 19:00:00,4715.556666666666,4566.8992008450905,4847.645994455379,5230.364043802637,HIGH,34.93333333333333,4566.8992008450905,5230.364043802637,
2025-05-11 19:15:00,4764.23,4593.401123342789,4875.9798796646055,5260.852938412879,HIGH,34.57583333333333,4593.401123342789,5260.852938412878,
2025-05-11 19:30:00,4822.083333333333,4603.521659233377,4887.637884360597,5273.265413628138,HIGH,34.218333333333334,4603.521659233377,5273.265413628138,
2025-05-11 19:45:00,4777.740000000001,4588.996084703611,4874.140309807631,5258.367849612412,HIGH,33.86083333333333,4588.996084703611,5258.367849612412,
2025-05-11 20:00:00,4701.466666666666,4555.245679577817,4841.019536839408,5222.185423703915,HIGH,33.50333333333333,4555.245679577817,5222.185423703915,
2025-05-11 20:15:00,4530.393333333333,4520.7042995458205,4809.646212300078,5188.08028546618,HIGH,33.04833333333333,4520.7042995458205,5188.08028546618,
2025-05-11 20:30:00,4486.81,4507.893898216776,4800.545208516503,5178.314253856332,HIGH,32.593333333333334,4507.893898216776,5178.314253856332,
2025-05-11 20:45:00,4457.266666666666,4471.801151498419,4767.610901500347,5142.677616003635,HIGH,32.138333333333335,4471.801151498419,5142.677616003635,
2025-05-11 21:00:00,4456.830000000001,4458.802799116735,4758.307367009602,5132.857729033351,HIGH,31.683333333333334,4458.802799116735,5132.857729033351,
2025-05-11 21:15:00,4519.34,4486.241888327235,4790.013224995462,5167.765745702925,HIGH,31.2925,4486.241888327235,5167.765745702925,
2025-05-11 21:30:00,4578.263333333333,4543.590465883814,4852.290255056508,5236.045482903615,HIGH,30.901666666666667,4543.590465883814,5236.045482903615,
2025-05-11 21:45:00,4653.09,4572.117422053647,4884.9882843950845,5272.191306289101,HIGH,30.510833333333334,4572.117422053647,5272.191306289101,
2025-05-11 22:00:00,4692.066666666667,4610.631894749767,4927.824023973609,5319.452313383602,HIGH,30.12,4610.631894749767,5319.452313383602,
2025-05-11 22:15:00,4789.153333333333,4696.207331280398,5017.659361530348,5417.930036654233,HIGH,30.173333333333332,4696.207331280398,5417.930036654233,
2025-05-11 22:30:00,4889.4766666666665,4748.772443265325,5073.574224249673,5479.537789669983,HIGH,30.226666666666667,4748.772443265325,5479.537789669983,
2025-05-11 22:45:00,5002.196666666667,4815.015077085298,5143.353294267646,5556.309763024647,HIGH,30.279999999999998,4815.015077085298,5556.309763024646,
2025-05-11 23:00:00,5079.003333333333,4861.535815285282,5192.784504848331,5610.9853818852625,HIGH,30.333333333333332,4861.535815285282,5610.9853818852625,
2025-05-11 23:15:00,5140.166666666667,4876.953147965398,5208.874541601705,5629.661946335257,HIGH,30.15,4876.953147965398,5629.661946335257,
2025-05-11 23:30:00,5181.91,4852.610058076274,5185.530773562974,5605.243019098426,HIGH,29.96666666666667,4852.610058076274,5605.243019098425,
2025-05-11 23:45:00,5192.875,4822.3126957861905,5150.1372477889745,5568.565471487732,HIGH,29.783333333333335,4822.3126957861905,5568.565471487732,
2025-05-12 00:00:00,5189.953333333334,4984.804362036749,5359.33167201786,5721.279613866541,HIGH,29.6,4984.80436203675,5721.279613866541,
2025-05-12 00:15:00,5143.2,4918.918849215442,5288.086263312244,5645.246612015095,HIGH,29.392500000000002,4918.918849215442,5645.246612015095,
2025-05-12 00:30:00,5099.5,4831.36755581862,5196.455480748558,5546.762225991635,HIGH,29.185,4831.36755581862,5546.762225991635,
2025-05-12 00:45:00,5038.93,4762.132594943868,5124.816758958887,5469.869874913914,HIGH,28.977499999999996,4762.132594943868,5469.869874913914,
2025-05-12 01:00:00,4951.82,4657.398398705191,5016.577067270665,5353.144425800673,HIGH,28.77,4657.398398705191,5353.144425800672,
2025-05-12 01:15:00,4858.28,4585.7470602615,4942.305557488044,5273.443132526218,HIGH,28.599166666666665,4585.7470602615,5273.443132526218,
2025-05-12 01:30:00,4789.106666666667,4518.771934706629,4872.551844789951,5198.676300167817,HIGH,28.42833333333333,4518.771934706629,5198.676300167816,
2025-05-12 01:45:00,4691.3533333333335,4450.365959161896,4801.057498782807,5122.022996113574,HIGH,28.2575,4450.365959161896,5122.022996113574,
2025-05-12 02:00:00,4626.133333333333,4380.824359058177,4728.12025246696,5043.801912641402,HIGH,28.086666666666666,4380.824359058177,5043.801912641402,
2025-05-12 02:15:00,4550.826666666667,4317.86391850973,4661.996972717671,4973.012005779868,HIGH,27.985833333333332,4317.86391850973,4973.012005779868,
2025-05-12 02:30:00,4482.82,4256.061193760577,4596.773375837432,4903.194293464397,HIGH,27.884999999999998,4256.061193760577,4903.194293464396,
2025-05-12 02:45:00,4422.2300000000005,4194.326633563411,4531.333028294484,4833.127466070702,HIGH,27.784166666666668,4194.326633563411,4833.127466070702,
2025-05-12 03:00:00,4339.44,4135.434994868286,4468.517195577818,4765.9002052952355,HIGH,27.683333333333334,4135.434994868287,4765.9002052952355,
2025-05-12 03:15:00,4286.97,4074.2572440998606,4403.076072719958,4695.790094201478,HIGH,27.5475,4074.257244099861,4695.790094201478,
2025-05-12 03:30:00,4243.533333333333,4013.6077352693965,4337.893911191731,4625.932807964042,HIGH,27.41166666666667,4013.6077352693965,4625.932807964042,
2025-05-12 03:45:00,4197.286666666667,3971.3648062700354,4291.279429647514,4576.261395794727,HIGH,27.27583333333333,3971.3648062700354,4576.261395794727,
2025-05-12 04:00:00,4143.483333333334,3921.328502616998,4236.412976397497,4517.564246035617,HIGH,27.14,3921.328502616998,4517.564246035617,
2025-05-12 04:15:00,4098.046666666666,3886.1242595916224,4197.184685838031,4475.87844646981,HIGH,27.355833333333333,3886.124259591623,4475.87844646981,
2025-05-12 04:30:00,4072.25,3854.008279110951,4160.859408630675,4437.305210244402,HIGH,27.571666666666665,3854.0082791109517,4437.305210244402,
2025-05-12 04:45:00,4040.8133333333335,3834.3610652205125,4137.049963329021,4412.308462619755,HIGH,27.787499999999998,3834.3610652205125,4412.308462619755,
2025-05-12 05:00:00,3978.653333333333,3829.628029254993,4128.26974559306,4403.621083394001,HIGH,28.003333333333334,3829.628029254993,4403.621083394001,
2025-05-12 05:15:00,3951.6133333333332,3810.4415953742127,4110.211391450805,4384.972862060689,HIGH,28.231666666666666,3810.4415953742127,4384.972862060688,
2025-05-12 05:30:00,3907.0833333333335,3784.8669004798257,4085.3941306514357,4358.899062510771,HIGH,28.46,3784.8669004798257,4358.899062510771,
2025-05-12 05:45:00,3860.133333333333,3756.28127981216,4057.288459141247,4329.175635018436,HIGH,28.688333333333333,3756.2812798121604,4329.175635018435,
2025-05-12 06:00:00,3861.35,3745.871394912671,4047.5998326080885,4319.436699636079,HIGH,28.916666666666668,3745.871394912671,4319.436699636079,
2025-05-12 06:15:00,3883.5033333333336,3790.370947420397,4094.6711091005373,4371.460378945397,HIGH,29.424166666666665,3790.370947420397,4371.460378945397,
2025-05-12 06:30:00,3883.78,3781.9113812473415,4087.3574001651473,4364.181797293836,HIGH,29.93166666666667,3781.9113812473415,4364.181797293835,
2025-05-12 06:45:00,3839.17,3770.1400912345944,4076.5059654308147,4352.971462991608,HIGH,30.43916666666667,3770.1400912345944,4352.971462991608,
2025-05-12 07:00:00,3833.9533333333334,3770.278915797551,4077.7180875909744,4354.81734464313,HIGH,30.94666666666667,3770.2789157975512,4354.81734464313,
2025-05-12 07:15:00,3799.8233333333333,3790.325767091839,4101.355618110434,4381.078695020723,HIGH,31.763333333333335,3790.325767091839,4381.078695020723,
2025-05-12 07:30:00,3806.6633333333334,3802.87059619092,4117.216000666492,4398.787109959752,HIGH,32.58,3802.87059619092,4398.787109959752,
2025-05-12 07:45:00,3805.09,3819.6923087302744,4137.376929108655,4421.09442697899,HIGH,33.39666666666667,3819.6923087302744,4421.09442697899,
2025-05-12 08:00:00,3800.523333333333,3851.130776201945,4172.443077625549,4459.548726161834,HIGH,34.21333333333333,3851.130776201945,4459.548726161834,
2025-05-12 08:15:00,3839.2233333333334,3866.6007179297812,4191.118160265682,4480.068293463689,HIGH,34.99583333333334,3866.6007179297812,4480.068293463689,
2025-05-12 08:30:00,3857.7433333333333,3923.3698317259687,4252.054343005284,4546.525667454063,HIGH,35.778333333333336,3923.3698317259687,4546.525667454063,
2025-05-12 08:45:00,3871.8366666666666,3951.37212149488,4283.5332860544,4580.8202315758035,HIGH,36.560833333333335,3951.37212149488,4580.8202315758035,
2025-05-12 09:00:00,3968.02,4047.1846308217687,4384.454146939113,4690.654230585898,HIGH,37.343333333333334,4047.1846308217687,4690.654230585898,
2025-05-12 09:15:00,4124.556666666666,4179.534227658693,4521.379132778438,4839.564168442839,HIGH,37.85916666666667,4179.534227658693,4839.564168442839,
2025-05-12 09:30:00,4263.866666666667,4274.761828263643,4620.348420230545,4947.060634554551,HIGH,38.375,4274.761828263643,4947.060634554551,
2025-05-12 09:45:00,4368.723333333332,4359.4985531538,4708.646607631466,5042.85864350903,HIGH,38.890833333333326,4359.4985531538,5042.85864350903,
2025-05-12 10:00:00,4501.816666666667,4454.107731134461,4807.140714995907,5149.6847977192265,HIGH,39.406666666666666,4454.107731134461,5149.6847977192265,
2025-05-12 10:15:00,4570.29,4530.073446574219,4886.292999209689,5235.362440670767,HIGH,39.662499999999994,4530.073446574219,5235.362440670767,
2025-05-12 10:30:00,4617.78,4586.299661591731,4945.3578491405715,5299.095425776757,HIGH,39.91833333333334,4586.299661591731,5299.095425776757,
2025-05-12 10:45:00,4682.31,4647.322599375851,5009.473347397801,5368.26247359677,HIGH,40.174166666666665,4647.3225993758515,5368.26247359677,
2025-05-12 11:00:00,4780.833333333333,4690.916201724108,5055.899416593422,5418.1032581229865,HIGH,40.43,4690.916201724109,5418.1032581229865,
2025-05-12 11:15:00,4841.4766666666665,4713.361460658109,5080.125014555589,5443.683585497325,HIGH,40.6725,4713.3614606581095,5443.683585497325,
2025-05-12 11:30:00,4898.19,4747.152849837409,5116.153024912848,5482.062308230173,HIGH,40.915,4747.152849837409,5482.062308230173,
2025-05-12 11:45:00,4939.256666666667,4784.878197643659,5156.4083746453125,5524.9945457473505,HIGH,41.157500000000006,4784.878197643659,5524.9945457473505,
2025-05-12 12:00:00,5001.55,4812.271012045308,5189.036929705812,5560.162783127591,HIGH,41.4,4812.271012045308,5560.162783127591,
2025-05-12 12:15:00,5018.87,4844.398326665341,5226.018855161075,5600.0055988541235,HIGH,41.60416666666667,4844.398326665341,5600.005598854123,
2025-05-12 12:30:00,5018.966666666666,4837.950626964731,5221.00200846839,5593.4889659476385,HIGH,41.80833333333333,4837.950626964731,5593.4889659476385,
2025-05-12 12:45:00,5040.376666666667,4822.903734121107,5204.078479000871,5573.257834898176,HIGH,42.0125,4822.903734121107,5573.257834898176,
2025-05-12 13:00:00,4925.013333333333,4703.128398675729,5080.183809148608,5436.509733728573,HIGH,42.21666666666667,4703.128398675729,5436.509733728573,
2025-05-12 13:15:00,4915.743333333333,4716.012712637303,5092.100935872221,5447.902939927889,HIGH,42.19416666666667,4716.012712637303,5447.902939927888,
2025-05-12 13:30:00,5016.723333333333,4764.199780284705,5140.432731065446,5498.937151619919,HIGH,42.17166666666667,4764.199780284705,5498.937151619919,
2025-05-12 13:45:00,5094.89,4832.84715818754,5209.988472758925,5573.075168508928,HIGH,42.14916666666667,4832.84715818754,5573.075168508927,
2025-05-12 14:00:00,5185.943333333334,4932.155946034722,5311.217090590737,5681.7014169286085,HIGH,42.126666666666665,4932.155946034722,5681.7014169286085,
2025-05-12 14:15:00,5253.856666666667,5012.210049589948,5390.776498762193,5767.227140890983,HIGH,42.10166666666667,5012.210049589948,5767.227140890983,
2025-05-12 14:30:00,5351.526666666667,5073.795787315183,5453.731651476414,5834.392941747003,HIGH,42.07666666666667,5073.795787315184,5834.392941747003,
2025-05-12 14:45:00,5421.2733333333335,5115.0608918729695,5496.168064543934,5879.226902949018,HIGH,42.05166666666667,5115.0608918729695,5879.226902949018,
2025-05-12 15:00:00,5474.490000000001,5136.218223531278,5518.303344411274,5901.97145519179,HIGH,42.026666666666664,5136.218223531278,5901.97145519179,
2025-05-12 15:15:00,5503.0,5142.201719366867,5525.187546492774,5908.131488092738,HIGH,41.88166666666666,5142.201719366867,5908.131488092738,
2025-05-12 15:30:00,5549.920000000001,5148.128386299455,5532.295443487876,5914.564308920911,HIGH,41.73666666666666,5148.128386299455,5914.56430892091,
2025-05-12 15:45:00,5570.823333333334,5139.685833488915,5524.969311688326,5905.312802979479,HIGH,41.59166666666667,5139.685833488915,5905.312802979479,
2025-05-12 16:00:00,5534.373333333333,5082.693724634575,5468.208441116765,5842.266190822696,HIGH,41.446666666666665,5082.693724634575,5842.266190822696,
2025-05-12 16:15:00,5509.596666666667,5054.489467639714,5440.000340381171,5810.42428217705,HIGH,41.23416666666666,5054.489467639714,5810.42428217705,
2025-05-12 16:30:00,5471.953333333334,5026.268710931676,5412.034250716677,5778.894742665356,HIGH,41.02166666666667,5026.268710931676,5778.894742665356,
2025-05-12 16:45:00,5421.373333333334,5002.928624672589,5389.315550531009,5753.132867596655,HIGH,40.80916666666667,5002.928624672589,5753.132867596655,
2025-05-12 17:00:00,5451.8133333333335,4959.813010634029,5346.5903296548595,5705.641350527483,HIGH,40.596666666666664,4959.813010634029,5705.641350527483,
2025-05-12 17:15:00,5394.526666666667,4942.654144429257,5324.202208020727,5680.128329386286,HIGH,40.2875,4942.654144429257,5680.128329386286,
2025-05-12 17:30:00,5313.036666666667,4903.306302806703,5279.3141890754705,5630.178040776967,HIGH,39.97833333333333,4903.306302806703,5630.178040776967,
2025-05-12 17:45:00,5277.453333333334,4873.194507024248,5244.088170119029,5590.818220612057,HIGH,39.66916666666667,4873.194507024248,5590.818220612057,
2025-05-12 18:00:00,5223.3,4840.899003298821,5206.818544125076,5549.304586821555,HIGH,39.36,4840.899003298821,5549.304586821555,
2025-05-12 18:15:00,5143.626666666667,4800.684989701274,5163.05690347497,5500.846762178179,HIGH,38.969166666666666,4800.684989701274,5500.846762178179,
2025-05-12 18:30:00,5099.509999999999,4776.314666605907,5135.67961653024,5470.308499947605,HIGH,38.57833333333333,4776.314666605907,5470.308499947604,
2025-05-12 18:45:00,5040.91,4807.77005440953,5165.606501858296,5502.25366557875,HIGH,38.18750000000001,4807.77005440953,5502.25366557875,
2025-05-12 19:00:00,5026.75,4826.249530269785,5182.378613640271,5519.954280018112,HIGH,37.79666666666667,4826.249530269785,5519.954280018112,
2025-05-12 19:15:00,5100.373333333333,4873.298201791562,5229.952432763177,5571.331568545415,HIGH,37.612500000000004,4873.298201791562,5571.3315685454145,
2025-05-12 19:30:00,5120.286666666667,4919.584263963067,5276.841656712094,5622.046951873804,HIGH,37.428333333333335,4919.584263963067,5622.046951873804,
2025-05-12 19:45:00,5123.596666666667,4892.943919805617,5249.143519689216,5591.621071883386,HIGH,37.244166666666665,4892.943919805617,5591.621071883386,
2025-05-12 20:00:00,5135.786666666667,4831.982232223725,5186.365619355065,5523.078126515996,HIGH,37.06,4831.982232223725,5523.078126515996,
2025-05-12 20:15:00,5173.2266666666665,4709.563257429633,5058.909509692253,5384.121550229309,HIGH,36.75666666666666,4709.563257429634,5384.121550229309,
2025-05-12 20:30:00,5194.843333333333,4681.402137911102,5027.982364500953,5350.369586294849,HIGH,36.45333333333333,4681.402137911102,5350.369586294849,
2025-05-12 20:45:00,5205.25,4654.444746286386,4998.2919825918325,5318.048325546759,HIGH,36.15,4654.444746286387,5318.048325546759,
2025-05-12 21:00:00,5247.736666666667,4656.06393893968,4997.845313465497,5317.65630918739,HIGH,35.84666666666667,4656.063938939681,5317.65630918739,
2025-05-12 21:15:00,5325.776666666668,4711.30474642133,5055.140992504354,5380.329408950617,HIGH,35.58083333333334,4711.30474642133,5380.329408950617,
2025-05-12 21:30:00,5400.026666666667,4765.355743090103,5111.1668256870025,5441.699351833909,HIGH,35.315,4765.355743090103,5441.699351833909,
2025-05-12 21:45:00,5521.846666666667,4827.3720355350115,5175.277943861052,5511.951798552876,HIGH,35.049166666666665,4827.3720355350115,5511.9517985528755,
2025-05-12 22:00:00,5563.850000000001,4862.811183839473,5212.090043878246,5552.550821311754,HIGH,34.78333333333333,4862.811183839473,5552.550821311754,
2025-05-12 22:15:00,5607.883333333334,4931.35703642109,5285.208383800522,5632.849289287528,HIGH,34.306666666666665,4931.35703642109,5632.849289287527,
2025-05-12 22:30:00,5688.906666666667,4994.454132593609,5352.625160854087,5707.008190015522,HIGH,33.83,4994.454132593609,5707.008190015522,
2025-05-12 22:45:00,5765.490000000001,5065.623859095848,5428.167576950714,5790.082008651014,HIGH,33.35333333333333,5065.623859095848,5790.082008651014,
2025-05-12 23:00:00,5790.079999999999,5109.66162287389,5475.775336289254,5842.797448393363,HIGH,32.876666666666665,5109.66162287389,5842.797448393362,
2025-05-12 23:15:00,5795.666666666667,5157.826933150991,5524.113588334057,5896.4554673123685,HIGH,32.74,5157.826933150991,5896.4554673123685,
2025-05-12 23:30:00,5756.400000000001,5181.175060343872,5547.176669928226,5922.5980702623565,HIGH,32.60333333333333,5181.175060343872,5922.5980702623565,
2025-05-12 23:45:00,5715.225,5178.342173975163,5542.54247982901,5918.726273329456,HIGH,32.46666666666667,5178.342173975163,5918.726273329456,
2025-05-13 00:00:00,5643.066666666667,5085.929662828494,5447.5205811179485,5816.2498368374145,HIGH,32.33,5085.929662828494,5816.2498368374145,
2025-05-13 00:15:00,5569.153333333333,5038.497422438039,5398.327038895087,5763.721176782337,HIGH,32.170833333333334,5038.497422438039,5763.721176782337,
2025-05-13 00:30:00,5474.376666666667,4984.910503105526,5342.596182108319,5704.1091034440415,HIGH,32.01166666666666,4984.910503105526,5704.1091034440415,
2025-05-13 00:45:00,5399.256666666667,4924.4710906309165,5279.603411606667,5636.619415834637,HIGH,31.8525,4924.4710906309165,5636.619415834636,
2025-05-13 01:00:00,5293.5633333333335,4838.643128479569,5190.361496905782,5540.569771264466,HIGH,31.693333333333335,4838.643128479569,5540.569771264466,
2025-05-13 01:15:00,5206.996666666667,4748.334167379862,5099.143606350373,5442.49054397988,HIGH,31.558333333333334,4748.334167379862,5442.49054397988,
2025-05-13 01:30:00,5109.583333333333,4678.6971416346805,5028.82073357675,5367.180575519967,HIGH,31.423333333333336,4678.697141634681,5367.180575519967,
2025-05-13 01:45:00,5042.53,4586.625440545984,4935.252460576489,5266.56543819105,HIGH,31.288333333333334,4586.625440545984,5266.565438191049,
2025-05-13 02:00:00,4920.28,4515.557711573771,4862.908913670756,5189.067572921674,HIGH,31.153333333333332,4515.5577115737715,5189.067572921674,
2025-05-13 02:15:00,4879.446666666667,4439.297150798446,4784.605789936055,5105.0649321481615,HIGH,30.956666666666667,4439.297150798446,5105.0649321481615,
2025-05-13 02:30:00,4810.990000000001,4367.371496127015,4710.455315413571,5025.576967176013,HIGH,30.759999999999998,4367.371496127015,5025.576967176013,
2025-05-13 02:45:00,4740.5,4301.140338673437,4641.848611016524,4952.113095871137,HIGH,30.563333333333333,4301.140338673437,4952.113095871137,
2025-05-13 03:00:00,4667.9766666666665,4219.352076240678,4557.027554044526,4860.973259328433,HIGH,30.366666666666667,4219.352076240678,4860.973259328433,
2025-05-13 03:15:00,4600.7266666666665,4163.650143682019,4496.47410558789,4796.160267228109,HIGH,30.153333333333336,4163.650143682019,4796.160267228109,
2025-05-13 03:30:00,4535.2266666666665,4113.971551601222,4441.805775187104,4737.726986228675,HIGH,29.94,4113.971551601222,4737.726986228675,
2025-05-13 03:45:00,4465.683333333333,4066.5437709303583,4389.164041019063,4681.46633447721,HIGH,29.726666666666667,4066.5437709303583,4681.46633447721,
2025-05-13 04:00:00,4382.89,4012.0891365033285,4329.055137578153,4617.034595204375,HIGH,29.513333333333332,4012.0891365033285,4617.034595204375,
2025-05-13 04:15:00,4338.006666666667,3962.2359495499268,4271.594185834284,4555.378403452466,HIGH,29.155,3962.2359495499268,4555.378403452466,
2025-05-13 04:30:00,4294.456666666666,3928.03813946133,4229.903087636154,4510.846767601714,HIGH,28.796666666666667,3928.03813946133,4510.846767601714,
2025-05-13 04:45:00,4268.536666666667,3890.765710995224,4184.813726400855,4462.561166518845,HIGH,28.43833333333333,3890.765710995224,4462.561166518845,
2025-05-13 05:00:00,4233.346666666667,3838.466406951152,4124.098444632979,4397.201469002954,HIGH,28.08,3838.466406951152,4397.201469002954,
2025-05-13 05:15:00,4202.876666666667,3822.096324399134,4107.126756446123,4379.672727715306,HIGH,28.382499999999997,3822.096324399134,4379.672727715305,
2025-05-13 05:30:00,4161.913333333333,3794.562139201513,4078.5064160723687,4349.393473964861,HIGH,28.684999999999995,3794.562139201513,4349.393473964861,
2025-05-13 05:45:00,4119.426666666666,3763.7282504332325,4046.3019998354202,4315.142612838571,HIGH,28.9875,3763.728250433233,4315.142612838571,
2025-05-13 06:00:00,4137.5,3774.3803343816317,4056.3808150406253,4326.866527541534,HIGH,29.29,3774.380334381632,4326.866527541534,
2025-05-13 06:15:00,4163.45,3814.0858370002134,4099.621816716946,4374.757376197197,HIGH,29.84333333333333,3814.0858370002134,4374.757376197197,
2025-05-13 06:30:00,4157.900000000001,3829.2040502955,4117.526330897833,4394.979786245008,HIGH,30.396666666666665,3829.2040502955,4394.979786245008,
2025-05-13 06:45:00,4134.943333333334,3803.287255274842,4093.270133877435,4369.2100017630455,HIGH,30.95,3803.287255274842,4369.2100017630455,
2025-05-13 07:00:00,4129.963333333333,3808.944053337687,4101.209946529973,4378.420679927588,HIGH,31.503333333333334,3808.944053337687,4378.420679927588,
2025-05-13 07:15:00,4123.400000000001,3794.1002986515145,4091.999698204137,4369.013029150718,HIGH,32.266666666666666,3794.100298651515,4369.013029150718,
2025-05-13 07:30:00,4102.903333333333,3804.485989388876,4108.524415549427,4387.54714403329,HIGH,33.029999999999994,3804.485989388876,4387.54714403329,
2025-05-13 07:45:00,4095.17,3813.410429483341,4123.4746901098215,4404.282296694207,HIGH,33.79333333333334,3813.4104294833414,4404.282296694207,
2025-05-13 08:00:00,4101.493333333333,3825.242150218809,4141.341439308235,4424.108684393244,HIGH,34.556666666666665,3825.242150218809,4424.108684393244,
2025-05-13 08:15:00,4163.813333333333,3861.0956735827053,4182.323736643331,4468.9719343080715,HIGH,35.208333333333336,3861.0956735827053,4468.971934308071,
2025-05-13 08:30:00,4158.886666666666,3896.190716802502,4222.506406200907,4512.879846239269,HIGH,35.86,3896.190716802502,4512.879846239269,
2025-05-13 08:45:00,4243.19,3913.654969720109,4244.633464371989,4537.041324705978,HIGH,36.51166666666666,3913.654969720109,4537.041324705978,
2025-05-13 09:00:00,4344.61,4019.4228426606583,4357.184608765966,4659.591825288912,HIGH,37.163333333333334,4019.4228426606587,4659.591825288912,
2025-05-13 09:15:00,4521.616666666666,4179.65189115379,4524.091455937883,4841.2031380884555,HIGH,37.75333333333334,4179.65189115379,4841.2031380884555,
2025-05-13 09:30:00,4694.623333333333,4320.05930334651,4670.7555785097065,5000.690412538934,HIGH,38.343333333333334,4320.059303346511,5000.690412538934,
2025-05-13 09:45:00,4845.943333333334,4427.704776771804,4783.946372774795,5123.64759689998,HIGH,38.93333333333333,4427.704776771804,5123.64759689998,
2025-05-13 10:00:00,4949.296666666666,4554.765749820068,4917.10373534526,5268.273165287073,HIGH,39.52333333333333,4554.765749820068,5268.273165287073,
2025-05-13 10:15:00,5032.849999999999,4609.008070923208,4975.092635164992,5330.942216418599,HIGH,39.68416666666666,4609.008070923208,5330.942216418599,
2025-05-13 10:30:00,5104.473333333333,4652.9698064708855,5022.678610836456,5382.213043943202,HIGH,39.845,4652.969806470886,5382.213043943202,
2025-05-13 10:45:00,5175.67,4709.254337704802,5083.020804711005,5447.309301927479,HIGH,40.005833333333335,4709.254337704802,5447.309301927479,
2025-05-13 11:00:00,5223.5233333333335,4783.704444302059,5162.117419503675,5532.7666594138545,HIGH,40.166666666666664,4783.704444302059,5532.7666594138545,
2025-05-13 11:15:00,5269.2,4834.856470050565,5215.734441118865,5590.354255346653,HIGH,40.46083333333333,4834.856470050565,5590.354255346653,
2025-05-13 11:30:00,5379.473333333333,4878.646448805071,5261.999507569431,5639.881135021288,HIGH,40.755,4878.646448805071,5639.881135021288,
2025-05-13 11:45:00,5362.503333333333,4916.664677160644,5302.554723056911,5683.139926429341,HIGH,41.049166666666665,4916.664677160644,5683.139926429341,
2025-05-13 12:00:00,5486.12,4968.098366552886,5357.057938789702,5741.542625439542,HIGH,41.343333333333334,4968.098366552886,5741.542625439542,
2025-05-13 12:15:00,5562.356666666667,4983.432977186385,5370.703704958013,5754.720249632865,HIGH,41.49166666666666,4983.432977186385,5754.720249632865,
2025-05-13 12:30:00,5636.776666666668,4982.741744685173,5368.177257814239,5750.25060491641,HIGH,41.64,4982.741744685173,5750.25060491641,
2025-05-13 12:45:00,5650.97,4991.285953043042,5375.352505442739,5756.3154967232695,HIGH,41.788333333333334,4991.285953043043,5756.3154967232695,
2025-05-13 13:00:00,5569.973333333334,4873.392496880638,5253.329625484915,5621.658223146054,HIGH,41.93666666666667,4873.392496880638,5621.658223146054,
2025-05-13 13:15:00,5547.393333333333,4860.40466309314,5238.6476088522195,5604.189850559305,HIGH,41.899166666666666,4860.40466309314,5604.189850559305,
2025-05-13 13:30:00,5681.400000000001,4934.79111820298,5313.693702831685,5684.4208368331565,HIGH,41.86166666666667,4934.79111820298,5684.4208368331565,
2025-05-13 13:45:00,5812.803333333333,5002.0378787536865,5381.705477949369,5756.982369440568,HIGH,41.82416666666667,5002.0378787536865,5756.982369440568,
2025-05-13 14:00:00,5910.356666666667,5087.139789162693,5468.278439615542,5849.753499957101,HIGH,41.78666666666667,5087.139789162693,5849.753499957101,
2025-05-13 14:15:00,6002.0199999999995,5172.221557442974,5557.198707159252,5944.839686054823,HIGH,41.76916666666666,5172.221557442974,5944.839686054823,
2025-05-13 14:30:00,6136.676666666666,5272.448209996927,5663.729454220554,6058.854108807723,HIGH,41.751666666666665,5272.448209996927,6058.854108807723,
2025-05-13 14:45:00,6233.496666666666,5342.787017261813,5738.561832290861,6138.557781194544,HIGH,41.734166666666674,5342.787017261814,6138.557781194544,
2025-05-13 15:00:00,6304.056666666666,5398.584570505337,5797.972918480631,6201.6020484696855,HIGH,41.71666666666667,5398.584570505338,6201.6020484696855,
2025-05-13 15:15:00,6333.463333333333,5427.926961602697,5829.357761004604,6234.322801019156,HIGH,41.60166666666667,5427.926961602697,6234.322801019156,
2025-05-13 15:30:00,6222.25,5462.385564708425,5867.175352529166,6273.94897131585,HIGH,41.486666666666665,5462.385564708425,6273.94897131585,
2025-05-13 15:45:00,6004.236666666667,5473.949373675794,5880.540285607617,6287.1628696951375,HIGH,41.37166666666666,5473.949373675794,6287.1628696951375,
2025-05-13 16:00:00,5852.653333333333,5434.024068975279,5840.424576099936,6242.322178538019,HIGH,41.25666666666666,5434.02406897528,6242.322178538019,
2025-05-13 16:15:00,5700.816666666667,5396.927137911706,5802.033597641671,6199.352773521556,HIGH,40.86749999999999,5396.927137911706,6199.352773521555,
2025-05-13 16:30:00,5542.06,5356.02192004659,5760.0024089846465,6152.46799759301,HIGH,40.47833333333333,5356.02192004659,6152.46799759301,
2025-05-13 16:45:00,5401.503333333333,5297.5018277853105,5700.18654586415,6086.268962048265,HIGH,40.08916666666667,5297.501827785311,6086.268962048265,
2025-05-13 17:00:00,5226.333333333333,5304.955480897221,5708.158556714684,6093.948404784401,HIGH,39.7,5304.955480897222,6093.948404784401,
2025-05-13 17:15:00,5162.003333333333,5240.86648685614,5639.158507277057,6017.726100846654,HIGH,39.1025,5240.86648685614,6017.726100846654,
2025-05-13 17:30:00,5135.25,5158.234019714916,5551.391008133367,5921.131165924065,HIGH,38.504999999999995,5158.234019714917,5921.131165924064,
2025-05-13 17:45:00,5138.126666666666,5109.151290737373,5498.179083245118,5862.23580876764,HIGH,37.90749999999999,5109.151290737373,5862.23580876764,
2025-05-13 18:00:00,5101.246666666667,5044.27707818125,5428.991230021532,5786.014336205122,HIGH,37.309999999999995,5044.27707818125,5786.014336205121,
2025-05-13 18:15:00,5078.553333333333,4973.626727461047,5354.426716210633,5704.024953992116,HIGH,36.88416666666666,4973.626727461048,5704.024953992116,
2025-05-13 18:30:00,5022.743333333333,4927.874436061142,5305.516871761469,5650.050510528137,HIGH,36.45833333333333,4927.874436061142,5650.050510528137,
2025-05-13 18:45:00,5020.166666666667,4884.061317066991,5258.739466304097,5598.477461989759,HIGH,36.0325,4884.061317066991,5598.477461989758,
2025-05-13 19:00:00,5002.093333333333,4872.720031829822,5245.33896244836,5583.332869477969,HIGH,35.60666666666667,4872.720031829822,5583.332869477969,
2025-05-13 19:15:00,5024.606666666667,4930.463212541023,5306.377952527882,5649.463192209989,HIGH,35.29416666666667,4930.463212541023,5649.463192209989,
2025-05-13 19:30:00,5001.46,4940.140951549516,5318.301341787882,5662.190231082675,HIGH,34.98166666666666,4940.140951549516,5662.190231082675,
2025-05-13 19:45:00,5024.66,4928.037213635829,5308.002106850933,5650.801219594321,HIGH,34.66916666666666,4928.037213635829,5650.801219594321,
2025-05-13 20:00:00,5043.323333333334,4909.517668195238,5291.194191968837,5632.409060486143,HIGH,34.35666666666666,4909.517668195238,5632.409060486143,
2025-05-13 20:15:00,5039.836666666667,4910.946483600891,5293.055241798788,5634.368366243173,HIGH,34.13333333333333,4910.946483600891,5634.368366243172,
2025-05-13 20:30:00,5013.866666666666,4919.472750242117,5302.206075057632,5644.350791298953,HIGH,33.91,4919.472750242117,5644.350791298953,
2025-05-13 20:45:00,4983.91,4918.755023341074,5301.896771842546,5644.114992722223,HIGH,33.68666666666666,4918.755023341074,5644.114992722223,
2025-05-13 21:00:00,4957.336666666667,4936.424373537828,5320.39865432406,5664.447413626647,HIGH,33.46333333333333,4936.424373537828,5664.447413626647,
2025-05-13 21:15:00,5006.53,5016.530320516285,5399.918167112432,5751.207255474321,HIGH,33.14,5016.530320516285,5751.207255474321,
2025-05-13 21:30:00,5059.349999999999,5088.55933074615,5471.116450047352,5828.984981301701,HIGH,32.81666666666667,5088.55933074615,5828.9849813017,
2025-05-13 21:45:00,5112.573333333334,5193.779103517696,5576.227112516999,5943.770924128292,HIGH,32.49333333333333,5193.779103517696,5943.770924128292,
2025-05-13 22:00:00,5192.8966666666665,5236.559783254459,5617.321499892171,5988.918339945475,HIGH,32.17,5236.559783254459,5988.918339945475,
2025-05-13 22:15:00,5273.846666666667,5295.873315636365,5681.746385015517,6059.451547794328,HIGH,32.095,5295.873315636365,6059.451547794328,
2025-05-13 22:30:00,5338.3966666666665,5381.095308357385,5774.754181620079,6160.872860782779,HIGH,32.02,5381.095308357385,6160.872860782779,
2025-05-13 22:45:00,5406.833333333333,5464.600897871461,5865.6450116977885,6260.086010380355,HIGH,31.945,5464.600897871461,6260.086010380355,
2025-05-13 23:00:00,5443.003333333333,5500.767824596382,5905.335097406412,6303.968415509253,HIGH,31.87,5500.767824596382,6303.968415509253,
2025-05-13 23:15:00,5481.406666666667,5512.284099799721,5918.673561216918,6319.345665391813,HIGH,31.6875,5512.284099799721,6319.345665391812,
2025-05-13 23:30:00,5481.463333333333,5482.957140953173,5889.732055481212,6288.773607445127,HIGH,31.505000000000003,5482.957140953173,6288.773607445126,
2025-05-13 23:45:00,5449.54,5450.313560175481,5857.195270555981,6254.336348432661,HIGH,31.3225,5450.313560175481,6254.336348432661,
2025-05-14 00:00:00,5383.576666666667,5312.513412550721,5716.781352763376,6102.4663301860455,HIGH,31.14,5312.513412550722,6102.4663301860455,
2025-05-14 00:15:00,5321.436666666667,5244.339659470891,5646.351612448364,6026.811444483638,HIGH,30.904166666666665,5244.339659470891,6026.811444483638,
2025-05-14 00:30:00,5231.7733333333335,5157.686352215944,5556.765733868881,5930.331242967398,HIGH,30.668333333333333,5157.686352215944,5930.331242967398,
2025-05-14 00:45:00,5170.64,5086.040016744766,5482.29875508152,5850.346139333509,HIGH,30.4325,5086.040016744767,5850.346139333509,
2025-05-14 01:00:00,5099.916666666667,4986.772576745844,5379.296830775725,5739.311840464497,HIGH,30.19666666666667,4986.772576745844,5739.311840464497,
2025-05-14 01:15:00,5047.863333333334,4897.240144684434,5288.873989488349,5642.098422054621,HIGH,30.038333333333334,4897.240144684434,5642.098422054621,
2025-05-14 01:30:00,4988.056666666667,4804.9532660376235,5195.361064466346,5541.53448022611,HIGH,29.880000000000003,4804.9532660376235,5541.53448022611,
2025-05-14 01:45:00,4930.0199999999995,4730.24544093642,5119.570796168067,5460.279594977782,HIGH,29.721666666666668,4730.245440936421,5460.279594977781,
2025-05-14 02:00:00,4872.823333333334,4621.022799956869,5008.162342005525,5340.240034806486,HIGH,29.563333333333336,4621.022799956869,5340.240034806486,
2025-05-14 02:15:00,4839.696666666667,4574.009827790694,4957.648135850727,5286.422853651163,HIGH,29.444166666666668,4574.009827790694,5286.422853651162,
2025-05-14 02:30:00,4784.55,4509.688449102296,4889.12707293663,5212.9886401116355,HIGH,29.325,4509.6884491022965,5212.9886401116355,
2025-05-14 02:45:00,4730.333333333333,4445.09968588657,4820.045707429709,5138.931183346138,HIGH,29.205833333333334,4445.099685886571,5138.931183346137,
2025-05-14 03:00:00,4669.2733333333335,4376.646268863182,4746.721305663083,5060.234528150155,HIGH,29.086666666666666,4376.646268863182,5060.234528150155,
2025-05-14 03:15:00,4635.03,4310.852900605635,4677.632596004655,4986.190533702657,HIGH,28.925833333333333,4310.852900605635,4986.190533702657,
2025-05-14 03:30:00,4595.33,4247.226384480188,4610.480538748816,4914.226370158013,HIGH,28.765,4247.226384480188,4914.226370158013,
2025-05-14 03:45:00,4561.663333333333,4180.016541178821,4539.381794843144,4837.929929135642,HIGH,28.604166666666668,4180.016541178821,4837.929929135642,
2025-05-14 04:00:00,4513.496666666667,4105.729082279572,4460.763909152168,4753.405802511357,HIGH,28.44333333333333,4105.729082279573,4753.405802511357,
2025-05-14 04:15:00,4491.576666666667,4051.7341588848676,4402.656151281352,4691.173037672639,HIGH,28.14583333333333,4051.734158884868,4691.173037672639,
2025-05-14 04:30:00,4457.6466666666665,4002.7043890092427,4349.373061616181,4634.145518845967,HIGH,27.848333333333333,4002.7043890092427,4634.145518845967,
2025-05-14 04:45:00,4436.116666666666,3964.7746795173816,4307.204453985765,4589.168418219613,HIGH,27.550833333333333,3964.7746795173816,4589.168418219613,
2025-05-14 05:00:00,4403.4366666666665,3921.891739774369,4259.723827748541,4538.349063235016,HIGH,27.253333333333334,3921.891739774369,4538.349063235016,
2025-05-14 05:15:00,4370.393333333333,3893.7036669390905,4235.324114056343,4512.897338755269,HIGH,27.531666666666666,3893.7036669390905,4512.897338755269,
2025-05-14 05:30:00,4372.42,3852.935486726424,4197.825971710413,4473.116294835851,HIGH,27.810000000000002,3852.9354867264246,4473.11629483585,
2025-05-14 05:45:00,4209.44,3812.5574822169942,4160.521636453707,4433.477759129813,HIGH,28.08833333333333,3812.5574822169942,4433.477759129813,
2025-05-14 06:00:00,3910.14,3829.520513700276,4181.733739422856,4457.491965969605,HIGH,28.366666666666667,3829.520513700276,4457.491965969605,
2025-05-14 06:15:00,3963.4599999999996,3871.481501684523,4225.127793350127,4505.472809189717,HIGH,28.831666666666667,3871.4815016845237,4505.472809189717,
2025-05-14 06:30:00,3998.123333333333,3881.2332509995576,4235.3816268246665,4517.28694643421,HIGH,29.296666666666667,3881.2332509995576,4517.28694643421,
2025-05-14 06:45:00,3978.19,3865.1292054991613,4219.015987078365,4500.033301645695,HIGH,29.761666666666663,3865.1292054991613,4500.033301645695,
2025-05-14 07:00:00,3979.9266666666663,3870.437543792174,4224.442802714055,4506.4306459782165,HIGH,30.226666666666663,3870.437543792174,4506.4306459782165,
2025-05-14 07:15:00,3970.6766666666663,3876.945222730173,4233.140138166274,4516.383780069445,HIGH,30.85083333333333,3876.945222730173,4516.383780069445,
2025-05-14 07:30:00,3978.4733333333334,3873.936147411909,4231.9975422027965,4515.537606967037,HIGH,31.475,3873.936147411909,4515.537606967037,
2025-05-14 07:45:00,3958.876666666667,3878.9728668961875,4239.014292082763,4523.492570174999,HIGH,32.09916666666667,3878.9728668961875,4523.492570174999,
2025-05-14 08:00:00,3966.7466666666664,3897.2295754300867,4259.506183266569,4546.0371593660675,HIGH,32.723333333333336,3897.229575430087,4546.0371593660675,
2025-05-14 08:15:00,4077.69,3960.8256996714895,4327.455258627616,4620.216118488627,HIGH,33.370000000000005,3960.8256996714895,4620.216118488627,
2025-05-14 08:30:00,4220.833333333333,3979.771554543279,4349.6660971245765,4644.501581794249,HIGH,34.016666666666666,3979.771554543279,4644.5015817942485,
2025-05-14 08:45:00,4272.713333333333,4041.6874190070384,4415.867454156624,4716.608864431085,HIGH,34.663333333333334,4041.687419007039,4716.608864431085,
2025-05-14 09:00:00,4384.956666666667,4126.206788931443,4505.2258340870785,4813.851318456017,HIGH,35.31,4126.206788931443,4813.851318456016,
2025-05-14 09:15:00,4614.8966666666665,4306.057602445431,4692.581796762522,5017.744503640869,HIGH,35.9525,4306.057602445432,5017.744503640869,
2025-05-14 09:30:00,4788.376666666666,4480.1881089245935,4874.132681027483,5215.236251205301,HIGH,36.595,4480.1881089245935,5215.236251205301,
2025-05-14 09:45:00,4915.966666666666,4631.8756871480255,5032.775356059867,5387.703326299765,HIGH,37.2375,4631.8756871480255,5387.703326299765,
2025-05-14 10:00:00,5035.223333333333,4748.96072998665,5156.078233408156,5521.610137427061,HIGH,37.88,4748.96072998665,5521.61013742706,
2025-05-14 10:15:00,5121.036666666667,4823.508512468509,5235.575622337468,5607.7274989930465,HIGH,38.155,4823.508512468509,5607.7274989930465,
2025-05-14 10:30:00,5210.876666666667,4892.770458384362,5309.783960949661,5688.015646981023,HIGH,38.43,4892.770458384362,5688.015646981023,
2025-05-14 10:45:00,5272.240000000001,4959.1256427858725,5381.155735386395,5765.148681067991,HIGH,38.705,4959.1256427858725,5765.148681067991,
2025-05-14 11:00:00,5363.293333333334,5007.848695445317,5434.630447760234,5822.729339464834,HIGH,38.980000000000004,5007.848695445318,5822.729339464834,
2025-05-14 11:15:00,5266.926666666667,5056.475117416854,5485.661629908784,5877.500955497002,HIGH,39.25083333333333,5056.475117416854,5877.500955497001,
2025-05-14 11:30:00,5310.236666666667,5142.132954118734,5574.18430569425,5972.915927983978,HIGH,39.52166666666667,5142.132954118734,5972.915927983978,
2025-05-14 11:45:00,5366.663333333333,5139.427971156468,5569.08787571029,5965.612103704587,HIGH,39.792500000000004,5139.427971156468,5965.612103704587,
2025-05-14 12:00:00,5392.913333333333,5236.93535228138,5666.806456520489,6070.228386309263,HIGH,40.06333333333333,5236.93535228138,6070.228386309263,
2025-05-14 12:15:00,5434.61,5288.836571730925,5717.726028981511,6124.154539580205,HIGH,40.211666666666666,5288.836571730925,6124.154539580204,
2025-05-14 12:30:00,5511.546666666666,5342.558398691738,5770.745476904086,6180.33173371384,HIGH,40.36000000000001,5342.558398691738,6180.33173371384,
2025-05-14 12:45:00,5541.756666666667,5352.40345949069,5779.087685607984,6187.824790082717,HIGH,40.50833333333333,5352.40345949069,6187.824790082717,
2025-05-14 13:00:00,5444.400000000001,5260.672462357599,5683.686323020636,6082.315699974778,HIGH,40.656666666666666,5260.672462357599,6082.315699974777,
2025-05-14 13:15:00,5436.87,5233.315963492633,5654.2379761842085,6048.81923755141,HIGH,40.59,5233.315963492633,6048.81923755141,
2025-05-14 13:30:00,5491.110000000001,5337.274771217608,5759.506751613308,6162.015180231261,HIGH,40.52333333333333,5337.274771217608,6162.015180231261,
2025-05-14 13:45:00,5608.4766666666665,5447.384728264946,5872.198552210392,6283.16561363885,HIGH,40.45666666666667,5447.384728264946,6283.165613638849,
2025-05-14 14:00:00,5697.513333333333,5539.5802428262705,5970.815324592173,6388.421174490274,HIGH,40.39,5539.5802428262705,6388.421174490274,
2025-05-14 14:15:00,5827.883333333334,5635.676032638373,6071.095791429774,6495.612459861743,HIGH,40.3625,5635.676032638374,6495.612459861743,
2025-05-14 14:30:00,5967.72,5771.3342254239815,6214.299171473649,6649.253038820387,HIGH,40.335,5771.3342254239815,6649.253038820387,
2025-05-14 14:45:00,6049.533333333333,5870.345625057814,6318.392601518703,6760.581134093274,HIGH,40.3075,5870.345625057814,6760.581134093274,
2025-05-14 15:00:00,6091.116666666666,5937.743955744795,6389.103417926345,6835.75813537095,HIGH,40.279999999999994,5937.743955744795,6835.75813537095,
2025-05-14 15:15:00,6126.110000000001,5970.744018549147,6424.277618002169,6872.599214803791,HIGH,40.26583333333333,5970.744018549148,6872.599214803791,
2025-05-14 15:30:00,6107.323333333334,5897.095314564096,6349.083583599319,6789.484545334085,HIGH,40.251666666666665,5897.095314564096,6789.484545334085,
2025-05-14 15:45:00,6037.016666666666,5745.411419451063,6194.271114601444,6619.699712991475,HIGH,40.2375,5745.411419451064,6619.699712991475,
2025-05-14 16:00:00,5990.713333333333,5633.482439266482,6080.434440820711,6494.576871172579,HIGH,40.22333333333333,5633.482439266482,6494.576871172579,
2025-05-14 16:15:00,5964.296666666666,5532.930808073635,5973.481655847001,6376.815840765899,HIGH,40.207499999999996,5532.930808073635,6376.815840765899,
2025-05-14 16:30:00,5932.186666666666,5428.800193236136,5863.12343271531,6255.3951062650485,HIGH,40.19166666666666,5428.800193236136,6255.395106265048,
2025-05-14 16:45:00,5877.763333333333,5334.611624010636,5763.19468810247,6145.385332617601,HIGH,40.17583333333334,5334.611624010636,6145.385332617601,
2025-05-14 17:00:00,5801.973333333332,5226.805330259789,5649.564089757412,6020.511701046259,HIGH,40.16,5226.805330259789,6020.511701046259,
2025-05-14 17:15:00,5749.360000000001,5168.744624740095,5590.329814410309,5955.0521267836775,HIGH,39.824999999999996,5168.744624740095,5955.0521267836775,
2025-05-14 17:30:00,5684.7,5120.379035400058,5541.240169433918,5900.7051848064375,HIGH,39.49,5120.379035400058,5900.7051848064375,
2025-05-14 17:45:00,5574.259999999999,5097.317704395189,5518.263964061295,5874.864333604306,HIGH,39.15500000000001,5097.317704395189,5874.864333604305,
2025-05-14 18:00:00,5509.133333333334,5046.717796167812,5467.284568341858,5818.59967530993,HIGH,38.82,5046.717796167812,5818.599675309929,
2025-05-14 18:15:00,5422.846666666667,4993.615103012151,5411.404966162163,5756.983726869644,HIGH,38.245000000000005,4993.615103012151,5756.983726869644,
2025-05-14 18:30:00,5354.663333333333,4926.6887985861595,5341.53485030301,5680.209101785373,HIGH,37.67,4926.6887985861595,5680.209101785373,
2025-05-14 18:45:00,5345.343333333333,4904.454169570565,5317.569324307116,5653.503756138322,HIGH,37.095,4904.454169570565,5653.503756138322,
2025-05-14 19:00:00,5338.163333333333,4881.26444997304,5292.756542904482,5625.956749987073,HIGH,36.519999999999996,4881.264449973041,5625.956749987073,
2025-05-14 19:15:00,5344.393333333333,4909.374617997215,5319.8620616864755,5655.0057140426225,HIGH,36.204166666666666,4909.374617997215,5655.005714042622,
2025-05-14 19:30:00,5366.87,4893.518261109682,5302.048655669663,5635.221575596288,HIGH,35.888333333333335,4893.518261109682,5635.221575596288,
2025-05-14 19:45:00,5342.7699999999995,4905.238940267538,5312.548339731467,5646.354793734655,HIGH,35.5725,4905.238940267538,5646.354793734655,
2025-05-14 20:00:00,5319.8533333333335,4888.710354854818,5294.185158511711,5626.141150184943,HIGH,35.25666666666667,4888.710354854818,5626.141150184943,
2025-05-14 20:15:00,5312.956666666666,4900.808431532103,5306.251189503187,5639.188123480922,HIGH,35.127500000000005,4900.808431532103,5639.188123480922,
2025-05-14 20:30:00,5333.37,4901.4409378484515,5306.601253970985,5639.5609490746265,HIGH,34.99833333333333,4901.440937848452,5639.5609490746265,
2025-05-14 20:45:00,5348.693333333334,4888.2176133763005,5292.769352328009,5624.57347724389,HIGH,34.869166666666665,4888.217613376301,5624.57347724389,
2025-05-14 21:00:00,5362.416666666667,4876.159671462717,5280.116204157683,5610.952501282911,HIGH,34.74,4876.159671462717,5610.952501282911,
2025-05-14 21:15:00,5456.650000000001,4920.528536330422,5328.7962421362145,5664.332624803776,HIGH,34.501666666666665,4920.528536330422,5664.332624803776,
2025-05-14 21:30:00,5536.933333333333,4972.876330892634,5385.593849370745,5726.6324891210215,HIGH,34.263333333333335,4972.876330892634,5726.6324891210215,
2025-05-14 21:45:00,5658.796666666666,5028.787602751089,5445.96993967704,5792.906948726045,HIGH,34.025000000000006,5028.787602751089,5792.906948726045,
2025-05-14 22:00:00,5716.346666666667,5088.182238555213,5509.82446350166,5863.044637832273,HIGH,33.78666666666667,5088.182238555213,5863.044637832273,
2025-05-14 22:15:00,5797.583333333333,5157.534463437436,5582.3309233991895,5942.625648704025,HIGH,33.51083333333334,5157.534463437436,5942.625648704024,
2025-05-14 22:30:00,5850.933333333333,5213.963136985396,5641.482751526707,6007.732898159243,HIGH,33.235,5213.963136985396,6007.732898159243,
2025-05-14 22:45:00,5922.43,5275.708107827078,5705.938147075172,6078.6818287381075,HIGH,32.95916666666667,5275.708107827078,6078.6818287381075,
2025-05-14 23:00:00,5946.786666666667,5302.647086030192,5734.60183021743,6110.716044630879,HIGH,32.68333333333333,5302.647086030193,6110.716044630878,
2025-05-14 23:15:00,5978.7,5327.279116294767,5760.732542015226,6140.0504320142745,HIGH,32.4775,5327.279116294767,6140.0504320142745,
2025-05-14 23:30:00,5948.956666666666,5318.443795968143,5752.41202962002,6131.921861672137,HIGH,32.27166666666667,5318.443795968144,6131.921861672137,
2025-05-14 23:45:00,5917.33,5282.22824061814,5715.858707393595,6093.097812521454,HIGH,32.06583333333334,5282.228240618141,6093.097812521453,
2025-05-15 00:00:00,5860.97,5141.391882172205,5571.976794024795,5937.438366228188,HIGH,31.860000000000003,5141.391882172205,5937.438366228188,
2025-05-15 00:15:00,5774.966666666667,5080.285793181335,5510.5801370947565,5871.68441033523,HIGH,31.727500000000003,5080.285793181335,5871.68441033523,
2025-05-15 00:30:00,5694.943333333334,4994.518113009291,5423.69786321469,5778.212334573917,HIGH,31.595000000000002,4994.5181130092915,5778.212334573917,
2025-05-15 00:45:00,5608.026666666668,4926.450642139384,5354.691960402142,5704.2382436832095,HIGH,31.4625,4926.450642139384,5704.2382436832095,
2025-05-15 01:00:00,5522.596666666667,4853.763283395286,5280.700908102456,5624.86069200594,HIGH,31.330000000000002,4853.763283395286,5624.86069200594,
2025-05-15 01:15:00,5432.66,4792.575656054577,5217.502040175987,5557.230288698732,HIGH,31.2225,4792.575656054578,5557.230288698732,
2025-05-15 01:30:00,5347.843333333333,4731.144172704434,5153.783556715445,5489.048602560466,HIGH,31.115,4731.144172704434,5489.048602560465,
2025-05-15 01:45:00,5235.903333333333,4675.141984171434,5095.3481993140385,5426.629320637967,HIGH,31.0075,4675.141984171434,5426.629320637967,
2025-05-15 02:00:00,5122.09,4606.459999774793,5023.6504416327,5349.7708205311865,HIGH,30.9,4606.459999774794,5349.7708205311865,
2025-05-15 02:15:00,5052.686666666667,4573.5747783936185,4986.882191181903,5310.897429179514,HIGH,30.851666666666667,4573.5747783936185,5310.897429179514,
2025-05-15 02:30:00,4973.57,4522.884584707171,4931.598675087046,5251.853348026285,HIGH,30.80333333333333,4522.884584707172,5251.853348026285,
2025-05-15 02:45:00,4903.41,4473.8826331687105,4877.757124801543,5194.366494495696,HIGH,30.755000000000003,4473.8826331687105,5194.366494495696,
2025-05-15 03:00:00,4829.98,4419.923712679644,4818.554171380109,5131.022540694387,HIGH,30.706666666666667,4419.923712679645,5131.022540694386,
2025-05-15 03:15:00,4752.2266666666665,4388.460310736583,4781.739229636181,5092.0224493375645,HIGH,30.692500000000003,4388.460310736583,5092.0224493375645,
2025-05-15 03:30:00,4676.683333333333,4356.708792597523,4744.347420933635,5052.364965597958,HIGH,30.67833333333333,4356.708792597523,5052.364965597958,
2025-05-15 03:45:00,4617.45,4321.734363294154,4703.377937520394,5008.777058485303,HIGH,30.664166666666667,4321.734363294154,5008.777058485303,
2025-05-15 04:00:00,4555.4800000000005,4283.222562541116,4658.51399134849,4960.908742242047,HIGH,30.65,4283.222562541116,4960.908742242047,
2025-05-15 04:15:00,4501.066666666667,4247.284220543885,4617.815351386502,4917.596171973481,HIGH,30.349999999999998,4247.284220543885,4917.5961719734805,
2025-05-15 04:30:00,4448.296666666666,4200.009759782975,4565.251321747926,4861.3133700266235,HIGH,30.05,4200.009759782975,4861.3133700266235,
2025-05-15 04:45:00,4401.716666666667,4166.497518415284,4526.5274256876655,4820.049221571488,HIGH,29.750000000000004,4166.4975184152845,4820.049221571487,
2025-05-15 05:00:00,4359.333333333333,4129.457127880355,4483.950580310701,4774.531745622116,HIGH,29.450000000000003,4129.457127880355,4774.531745622116,
2025-05-15 05:15:00,4310.14,4109.593975368408,4461.246285914572,4750.683515193614,HIGH,29.666666666666668,4109.593975368408,4750.683515193613,
2025-05-15 05:30:00,4252.776666666667,4113.312296477093,4462.467598136383,4752.8251500661345,HIGH,29.883333333333333,4113.312296477093,4752.825150066134,
2025-05-15 05:45:00,4220.356666666667,4001.1353798481364,4344.823895073148,4625.454202368602,HIGH,30.1,4001.1353798481364,4625.454202368601,
2025-05-15 06:00:00,4216.246666666667,3845.135500012181,4182.119868069352,4448.940874319367,HIGH,30.316666666666666,3845.1355000121816,4448.940874319367,
2025-05-15 06:15:00,4243.22,3897.1601189377843,4237.614426090385,4510.163069356619,HIGH,30.679166666666667,3897.1601189377843,4510.1630693566185,
2025-05-15 06:30:00,4241.796666666666,3928.181709878954,4271.4422426439605,4547.71318023436,HIGH,31.041666666666664,3928.1817098789543,4547.71318023436,
2025-05-15 06:45:00,4207.406666666667,3908.353806183616,4253.0607860230975,4528.3282097899755,HIGH,31.404166666666665,3908.3538061836166,4528.3282097899755,
2025-05-15 07:00:00,4183.12,3911.3517672271655,4257.918977272411,4534.170221490032,HIGH,31.766666666666666,3911.3517672271655,4534.170221490032,
2025-05-15 07:15:00,4168.733333333334,3907.616190280111,4258.644352581534,4535.53134803735,HIGH,32.29333333333334,3907.616190280111,4535.53134803735,
2025-05-15 07:30:00,4152.533333333333,3908.0894204252363,4263.582712676719,4541.396797055563,HIGH,32.82,3908.0894204252368,4541.396797055563,
2025-05-15 07:45:00,4139.9766666666665,3895.3939052288415,4254.959911356301,4532.40974391894,HIGH,33.346666666666664,3895.3939052288415,4532.40974391894,
2025-05-15 08:00:00,4140.900000000001,3908.5524039218135,4272.74759786994,4552.098912745842,HIGH,33.873333333333335,3908.5524039218135,4552.098912745842,
2025-05-15 08:15:00,4195.716666666667,4004.253236692289,4375.363934958438,4664.09442904484,HIGH,34.425000000000004,4004.253236692289,4664.094429044839,
2025-05-15 08:30:00,4218.8,4107.784163851393,4485.974056439378,4784.710635666692,HIGH,34.97666666666667,4107.784163851393,4784.710635666692,
2025-05-15 08:45:00,4270.666666666667,4165.357317914564,4549.525984756412,4853.996589176626,HIGH,35.52833333333333,4165.357317914564,4853.996589176625,
2025-05-15 09:00:00,4415.966666666667,4275.09535659589,4666.501354485657,4981.377852280632,HIGH,36.08,4275.09535659589,4981.377852280632,
2025-05-15 09:15:00,4608.033333333334,4488.223264771631,4887.92807105217,5222.374097958726,HIGH,36.622499999999995,4488.223264771631,5222.374097958726,
2025-05-15 09:30:00,4785.11,4664.97366163405,5072.161330127096,5422.786952439603,HIGH,37.165,4664.97366163405,5422.786952439603,
2025-05-15 09:45:00,4901.366666666666,4799.551646671087,5213.286347907389,5576.177293899049,HIGH,37.707499999999996,4799.551646671087,5576.177293899049,
2025-05-15 10:00:00,5017.186666666667,4924.556410531683,5344.697831748169,5718.914379758998,HIGH,38.25,4924.556410531683,5718.914379758998,
2025-05-15 10:15:00,5068.423333333333,5015.561740746813,5439.967167944149,5822.169056609048,HIGH,38.76083333333333,5015.5617407468135,5822.169056609048,
2025-05-15 10:30:00,5156.203333333334,5105.922923863857,5534.6998476575,5924.769878092784,HIGH,39.27166666666666,5105.922923863857,5924.769878092784,
2025-05-15 10:45:00,5283.643333333333,5177.687836124965,5610.532258810061,6006.722207118054,HIGH,39.7825,5177.687836124965,6006.722207118053,
2025-05-15 11:00:00,5321.433333333333,5257.422576828081,5694.680175235514,6097.667653595273,HIGH,40.29333333333333,5257.422576828081,6097.667653595273,
2025-05-15 11:15:00,5342.956666666666,5203.568644073039,5641.146215670169,6038.580581023535,HIGH,40.56583333333333,5203.568644073039,6038.580581023535,
2025-05-15 11:30:00,5417.2266666666665,5251.766395677276,5692.283551501368,6093.426143309649,HIGH,40.83833333333333,5251.766395677276,6093.426143309649,
2025-05-15 11:45:00,5478.966666666667,5287.772895468033,5731.138429745566,6134.8460468819585,HIGH,41.11083333333334,5287.772895468033,6134.8460468819585,
2025-05-15 12:00:00,5553.353333333333,5321.308482219863,5767.676043888751,6173.696980645198,HIGH,41.38333333333333,5321.308482219863,6173.696980645197,
2025-05-15 12:15:00,5592.25,5359.229955754125,5806.413245158133,6214.8131226913965,HIGH,41.5025,5359.229955754125,6214.8131226913965,
2025-05-15 12:30:00,5592.936666666666,5422.962169985817,5871.8126201277755,6284.928655235218,HIGH,41.62166666666667,5422.962169985817,6284.928655235217,
2025-05-15 12:45:00,5595.4766666666665,5444.540105888425,5894.298325073332,6308.280577359233,HIGH,41.74083333333334,5444.540105888425,6308.280577359233,
2025-05-15 13:00:00,5520.313333333334,5346.254937080423,5794.317265596747,6198.240790463044,HIGH,41.86000000000001,5346.254937080423,6198.240790463044,
2025-05-15 13:15:00,5514.97,5331.392460401411,5778.214749013144,6179.460844327041,HIGH,41.711666666666666,5331.392460401411,6179.460844327041,
2025-05-15 13:30:00,5594.946666666667,5379.912683469158,5827.2765541138015,6231.630284055768,HIGH,41.56333333333333,5379.912683469159,6231.630284055767,
2025-05-15 13:45:00,5741.670000000001,5483.316809657645,5932.806901809464,6345.2849039620305,HIGH,41.415,5483.3168096576455,6345.2849039620305,
2025-05-15 14:00:00,5820.349999999999,5568.266869368997,6020.940839701051,6440.252200403959,HIGH,41.266666666666666,5568.266869368997,6440.252200403958,
2025-05-15 14:15:00,5940.263333333333,5684.395427634499,6138.984700052999,6567.494174751697,HIGH,41.1575,5684.395427634499,6567.494174751697,
2025-05-15 14:30:00,6074.113333333334,5813.809209766076,6270.9162815386835,6709.867441638147,HIGH,41.048333333333325,5813.809209766076,6709.867441638147,
2025-05-15 14:45:00,6182.673333333333,5886.427784964373,6344.984630455766,6789.240705659391,HIGH,40.939166666666665,5886.427784964373,6789.240705659391,
2025-05-15 15:00:00,6290.56,5926.408864833785,6385.923289666911,6832.5542591074045,HIGH,40.83,5926.408864833785,6832.5542591074045,
2025-05-15 15:15:00,6317.95,5943.945551286527,6398.294378217329,6845.548319694054,HIGH,40.71333333333333,5943.945551286527,6845.548319694054,
2025-05-15 15:30:00,6366.033333333333,5913.02391079151,6362.0805151602035,6805.556892709534,HIGH,40.596666666666664,5913.02391079151,6805.556892709534,
2025-05-15 15:45:00,6349.97,5827.470392106628,6274.975633104915,6709.50564143807,HIGH,40.480000000000004,5827.470392106628,6709.50564143807,
2025-05-15 16:00:00,6313.953333333334,5771.162088065214,6218.086189465243,6646.398349131279,HIGH,40.36333333333333,5771.162088065215,6646.398349131279,
2025-05-15 16:15:00,6272.796666666666,5730.303831025209,6175.4848062677065,6598.831032282441,HIGH,40.245,5730.303831025209,6598.83103228244,
2025-05-15 16:30:00,6197.413333333333,5689.423964652429,6133.120202657167,6551.570387479905,HIGH,40.126666666666665,5689.423964652429,6551.570387479904,
2025-05-15 16:45:00,6134.4766666666665,5629.41642250523,6071.422042868315,6483.308750441563,HIGH,40.00833333333333,5629.416422505231,6483.308750441563,
2025-05-15 17:00:00,6081.673333333333,5552.568809704019,5992.722830212898,6396.590426701532,HIGH,39.89,5552.568809704019,6396.590426701532,
2025-05-15 17:15:00,5964.923333333333,5491.859789590147,5931.1364490063725,6328.582188398384,HIGH,39.46083333333334,5491.859789590147,6328.582188398384,
2025-05-15 17:30:00,5890.78,5418.315641198413,5856.627107029557,6246.565969192081,HIGH,39.031666666666666,5418.315641198413,6246.565969192081,
2025-05-15 17:45:00,5776.933333333333,5321.292693278799,5758.28467009873,6138.664050692194,HIGH,38.6025,5321.292693278799,6138.664050692194,
2025-05-15 18:00:00,5661.889999999999,5246.10055431918,5682.485889637934,6055.383855386366,HIGH,38.17333333333333,5246.10055431918,6055.383855386366,
2025-05-15 18:15:00,5592.173333333333,5169.442606235535,5601.41112609296,5966.29202949998,HIGH,37.77416666666667,5169.442606235535,5966.29202949998,
2025-05-15 18:30:00,5531.536666666667,5105.865083258735,5533.891546935034,5892.038799849384,HIGH,37.375,5105.865083258735,5892.038799849384,
2025-05-15 18:45:00,5496.553333333333,5094.810250322705,5520.294342092429,5876.586219141297,HIGH,36.97583333333333,5094.810250322705,5876.586219141297,
2025-05-15 19:00:00,5484.136666666666,5087.263560904298,5510.419564145875,5865.2683632317085,HIGH,36.57666666666666,5087.263560904298,5865.2683632317085,
2025-05-15 19:15:00,5489.786666666667,5094.051854435534,5518.2102789494265,5873.37295964196,HIGH,36.26416666666667,5094.051854435534,5873.372959641959,
2025-05-15 19:30:00,5465.886666666666,5100.194539369954,5525.436189802251,5880.94610352885,HIGH,35.95166666666667,5100.194539369954,5880.94610352885,
2025-05-15 19:45:00,5464.536666666667,5082.81597019399,5508.658205556712,5862.463392546077,HIGH,35.63916666666667,5082.81597019399,5862.463392546077,
2025-05-15 20:00:00,5447.783333333333,5056.2436401810155,5482.5273338259285,5833.880191138769,HIGH,35.32666666666667,5056.2436401810155,5833.880191138769,
2025-05-15 20:15:00,5478.776666666668,5055.3002728018455,5480.522139957092,5831.578036842764,HIGH,35.115,5055.3002728018455,5831.578036842764,
2025-05-15 20:30:00,5499.703333333334,5069.873956802178,5494.427137256491,5846.686628278779,HIGH,34.903333333333336,5069.873956802178,5846.686628278779,
2025-05-15 20:45:00,5512.903333333333,5079.371956725441,5503.1397217932445,5856.224548394585,HIGH,34.69166666666667,5079.371956725441,5856.224548394585,
2025-05-15 21:00:00,5524.573333333334,5088.479777284438,5511.438397703572,5865.394554909896,HIGH,34.480000000000004,5088.479777284438,5865.394554909896,
2025-05-15 21:15:00,5646.396666666667,5166.30310467896,5591.136447950535,5952.4382833759155,HIGH,34.26583333333334,5166.30310467896,5952.4382833759155,
2025-05-15 21:30:00,5751.506666666667,5240.298611487797,5666.863725994046,6035.237545416284,HIGH,34.05166666666667,5240.298611487798,6035.237545416284,
2025-05-15 21:45:00,5909.373333333333,5344.043727393222,5772.980158563582,6151.208231438396,HIGH,33.8375,5344.043727393222,6151.208231438396,
2025-05-15 22:00:00,5999.43,5402.6611182268125,5832.804560398873,6216.84209750452,HIGH,33.623333333333335,5402.6611182268125,6216.842097504519,
2025-05-15 22:15:00,6144.233333333334,5479.681440342966,5914.599486086926,6306.589369800025,HIGH,33.49583333333334,5479.681440342966,6306.589369800025,
2025-05-15 22:30:00,6256.509999999999,5531.2446019106,5970.20724401448,6367.888245405034,HIGH,33.36833333333333,5531.244601910601,6367.888245405034,
2025-05-15 22:45:00,6346.026666666668,5594.203986008972,6037.343500912206,6441.807754327572,HIGH,33.240833333333335,5594.203986008972,6441.807754327572,
2025-05-15 23:00:00,6384.7733333333335,5619.15328739919,6065.407537735752,6473.240074798322,HIGH,33.11333333333334,5619.15328739919,6473.240074798321,
2025-05-15 23:15:00,6407.633333333334,5654.4908964516235,6102.139785463972,6514.106757871228,HIGH,33.08583333333333,5654.4908964516235,6514.106757871227,
2025-05-15 23:30:00,6397.81,5639.527853017455,6087.1860325897105,6498.7418069001105,HIGH,33.05833333333333,5639.527853017455,6498.7418069001105,
2025-05-15 23:45:00,6375.68,5619.053125224721,6066.3895858252,6477.064219627089,HIGH,33.030833333333334,5619.053125224721,6477.064219627088,
2025-05-16 00:00:00,6293.373333333333,5490.007855793125,5934.2206080492215,6334.147383565769,HIGH,33.00333333333333,5490.007855793126,6334.147383565769,
2025-05-16 00:15:00,6229.373333333333,5418.254842116809,5858.68875739903,6252.885178698485,HIGH,32.84,5418.25484211681,6252.885178698485,
2025-05-16 00:30:00,6146.906666666667,5340.139327576402,5776.406813706801,6164.30784472593,HIGH,32.67666666666667,5340.139327576403,6164.30784472593,
2025-05-16 00:45:00,6049.2,5261.148053804355,5692.982235407595,6074.516793138081,HIGH,32.513333333333335,5261.148053804355,6074.516793138081,
2025-05-16 01:00:00,5941.193333333334,5180.956330313437,5608.073499430179,5983.134861820383,HIGH,32.35,5180.956330313438,5983.134861820383,
2025-05-16 01:15:00,5833.06,5095.933848437982,5520.111944235346,5888.525105272454,HIGH,32.215833333333336,5095.933848437982,5888.525105272454,
2025-05-16 01:30:00,5746.7266666666665,5012.686684065153,5433.698104338417,5795.615389746284,HIGH,32.08166666666667,5012.686684065154,5795.615389746283,
2025-05-16 01:45:00,5662.099999999999,4912.484217708617,5329.648920715182,5683.509858445196,HIGH,31.9475,4912.4842177086175,5683.509858445196,
2025-05-16 02:00:00,5590.6466666666665,4811.089666301501,5224.0990297080425,5569.773595805158,HIGH,31.813333333333333,4811.089666301501,5569.773595805158,
2025-05-16 02:15:00,5502.056666666666,4748.957824611135,5159.1834819919295,5500.311689361303,HIGH,31.71333333333333,4748.957824611135,5500.311689361303,
2025-05-16 02:30:00,5437.076666666667,4679.3155249576985,5086.29270730239,5422.157198168923,HIGH,31.613333333333333,4679.3155249576985,5422.157198168923,
2025-05-16 02:45:00,5349.913333333334,4614.125585030419,5017.6739402479425,5348.641850937003,HIGH,31.513333333333335,4614.125585030419,5348.641850937003,
2025-05-16 03:00:00,5260.21,4546.074216826198,4945.839289409145,5271.605874606842,HIGH,31.413333333333334,4546.074216826198,5271.605874606842,
2025-05-16 03:15:00,5185.243333333333,4480.507409793296,4875.545060146759,5196.197949387931,HIGH,31.316666666666666,4480.507409793296,5196.197949387931,
2025-05-16 03:30:00,5114.893333333333,4416.50786025315,4806.5735883060715,5122.201323266405,HIGH,31.22,4416.50786025315,5122.201323266405,
2025-05-16 03:45:00,5039.753333333333,4364.476383523792,4749.577730935716,5061.211810029392,HIGH,31.12333333333333,4364.476383523792,5061.211810029392,
2025-05-16 04:00:00,4952.656666666667,4308.902001457399,4688.681744936033,4995.935717527044,HIGH,31.026666666666664,4308.9020014574,4995.935717527044,
2025-05-16 04:15:00,4882.42,4256.350360735467,4632.05169205236,4935.312173831608,HIGH,30.88,4256.350360735467,4935.312173831608,
2025-05-16 04:30:00,4833.656666666667,4205.857415635367,4577.270530410675,4876.653254204545,HIGH,30.733333333333334,4205.857415635368,4876.653254204545,
2025-05-16 04:45:00,4771.36,4154.4426638768045,4521.295262044112,4816.640696184418,HIGH,30.586666666666666,4154.4426638768045,4816.640696184418,
2025-05-16 05:00:00,4727.8533333333335,4101.705435266546,4463.725321995688,4754.834075644467,HIGH,30.44,4101.705435266546,4754.834075644467,
2025-05-16 05:15:00,4669.806666666666,4014.800079091749,4374.176721725135,4658.2562769518545,HIGH,30.27916666666667,4014.8000790917495,4658.2562769518545,
2025-05-16 05:30:00,4576.606666666667,3942.1445054964906,4298.99947605382,4577.263760446227,HIGH,30.118333333333336,3942.1445054964906,4577.263760446226,
2025-05-16 05:45:00,4523.2733333333335,3883.9282174454256,4238.400218802621,4512.078129636561,HIGH,29.957500000000003,3883.9282174454256,4512.07812963656,
2025-05-16 06:00:00,4497.213333333333,3829.6252262894886,4181.61540826471,4450.9747573534805,HIGH,29.796666666666667,3829.625226289489,4450.9747573534805,
2025-05-16 06:15:00,4528.91,3867.1217341071806,4221.875988420832,4495.594366348919,HIGH,30.15833333333333,3867.121734107181,4495.594366348919,
2025-05-16 06:30:00,4534.400000000001,3880.2800712651674,4237.055141229141,4512.823297308427,HIGH,30.52,3880.2800712651674,4512.823297308427,
2025-05-16 06:45:00,4466.33,3858.5067464090935,4216.322494043022,4490.865099785899,HIGH,30.881666666666668,3858.5067464090935,4490.865099785899,
2025-05-16 07:00:00,4437.14,3850.370263920261,4209.421314027829,4483.88837300141,HIGH,31.243333333333332,3850.3702639202616,4483.88837300141,
2025-05-16 07:15:00,4444.783333333334,3852.8075939090163,4216.107449120603,4491.727988719608,HIGH,31.900000000000002,3852.8075939090163,4491.727988719608,
2025-05-16 07:30:00,4445.123333333333,3851.588671472816,4218.953927689531,4495.302598275495,HIGH,32.556666666666665,3851.588671472816,4495.302598275495,
2025-05-16 07:45:00,4433.993333333333,3852.0603180070752,4223.452954034105,4500.592439230498,HIGH,33.21333333333333,3852.0603180070752,4500.592439230498,
2025-05-16 08:00:00,4470.3966666666665,3845.087460329652,4220.269779933006,4497.431555100412,HIGH,33.870000000000005,3845.0874603296525,4497.431555100412,
2025-05-16 08:15:00,4502.763333333333,3904.230376301417,4286.175035492763,4569.47425316526,HIGH,34.57833333333333,3904.230376301417,4569.47425316526,
2025-05-16 08:30:00,4570.633333333334,3958.338213163987,4346.902067357548,4635.7933210707315,HIGH,35.28666666666666,3958.338213163987,4635.7933210707315,
2025-05-16 08:45:00,4607.533333333334,4021.4433628077677,4416.836671595187,4712.0555702321735,HIGH,35.995000000000005,4021.443362807768,4712.0555702321735,
2025-05-16 09:00:00,4751.31,4161.973389608514,4566.057161001861,4874.577337454588,HIGH,36.70333333333333,4161.9733896085145,4874.577337454588,
2025-05-16 09:15:00,4917.863333333334,4361.10166085099,4772.072235836777,5098.751961297299,HIGH,37.322500000000005,4361.10166085099,5098.751961297299,
2025-05-16 09:30:00,5131.12,4545.723721887286,4963.286785161498,5306.72910311824,HIGH,37.94166666666666,4545.723721887286,5306.729103118239,
2025-05-16 09:45:00,5254.323333333334,4673.047530032967,5095.906500579842,5450.818828242743,HIGH,38.560833333333335,4673.047530032967,5450.818828242743,
2025-05-16 10:00:00,5369.19,4796.2538440636645,5224.398528296067,5590.338285878744,HIGH,39.18,4796.2538440636645,5590.338285878743,
2025-05-16 10:15:00,5493.346666666667,4834.107335950765,5263.451498590011,5632.309425093954,HIGH,38.965,4834.107335950765,5632.309425093953,
2025-05-16 10:30:00,5543.593333333333,4895.966656171209,5327.205690133196,5701.110764834316,HIGH,38.75,4895.96665617121,5701.110764834316,
2025-05-16 10:45:00,5609.860000000001,4982.2333678834675,5416.0889134844365,5797.211532502225,HIGH,38.535,4982.2333678834675,5797.211532502225,
2025-05-16 11:00:00,5688.13,5013.939188336356,5449.265563762116,5832.585356440397,HIGH,38.31999999999999,5013.939188336357,5832.585356440397,
2025-05-16 11:15:00,5733.303333333333,5024.5001293612795,5460.245289408759,5843.702585477715,HIGH,38.61666666666667,5024.5001293612795,5843.702585477715,
2025-05-16 11:30:00,5763.846666666667,5090.529455109508,5528.201998389439,5916.813330229923,HIGH,38.913333333333334,5090.529455109508,5916.813330229923,
2025-05-16 11:45:00,5823.776666666668,5147.108309189603,5586.682397577894,5979.554311999764,HIGH,39.21,5147.108309189603,5979.554311999763,
2025-05-16 12:00:00,5896.12,5211.570100186058,5653.44632210436,6051.270586617289,HIGH,39.50666666666667,5211.570100186058,6051.270586617289,
2025-05-16 12:15:00,5941.420000000001,5248.59606357309,5691.626026374804,6091.792394172691,HIGH,39.80083333333334,5248.596063573091,6091.792394172691,
2025-05-16 12:30:00,6011.163333333334,5271.6083099968355,5715.693632745316,6116.910399076931,HIGH,40.095,5271.6083099968355,6116.910399076931,
2025-05-16 12:45:00,6016.47,5275.553822062351,5718.05056062494,6117.833035083151,HIGH,40.38916666666667,5275.553822062351,6117.83303508315,
2025-05-16 13:00:00,5934.193333333334,5193.416430985251,5632.526583987334,6023.027973155199,HIGH,40.68333333333334,5193.416430985251,6023.027973155199,
2025-05-16 13:15:00,5924.786666666667,5176.400629230858,5613.665560049661,6001.0611083224785,HIGH,40.711666666666666,5176.400629230858,6001.0611083224785,
2025-05-16 13:30:00,6014.75,5248.540733285837,5686.356755227463,6078.7800570194,HIGH,40.74,5248.540733285837,6078.7800570194,
2025-05-16 13:45:00,6163.883333333334,5378.014985998526,5818.025176931705,6220.716143395123,HIGH,40.76833333333333,5378.014985998526,6220.716143395123,
2025-05-16 14:00:00,6301.756666666667,5453.809077288627,5895.013355608151,6303.101890436762,HIGH,40.79666666666667,5453.809077288627,6303.101890436761,
2025-05-16 14:15:00,6418.936666666667,5570.183732114037,6012.949810847476,6430.214120690298,HIGH,40.81166666666667,5570.183732114037,6430.214120690298,
2025-05-16 14:30:00,6602.7266666666665,5695.401398479268,6140.225828060672,6567.504696888498,HIGH,40.82666666666666,5695.401398479268,6567.504696888498,
2025-05-16 14:45:00,6716.833333333333,5797.6973554480455,6247.123999021818,6682.2204258870015,HIGH,40.84166666666666,5797.697355448046,6682.2204258870015,
2025-05-16 15:00:00,6796.763333333333,5890.313598496142,6346.942048758561,6788.884717221332,HIGH,40.85666666666666,5890.313598496142,6788.884717221332,
2025-05-16 15:15:00,6823.466666666667,5921.064538669118,6378.994770531069,6822.315080509758,HIGH,40.84166666666666,5921.064538669118,6822.315080509758,
2025-05-16 15:30:00,6795.183333333333,5959.964317734806,6420.698387715706,6866.139420482962,HIGH,40.82666666666666,5959.964317734807,6866.139420482962,
2025-05-16 15:45:00,6748.693333333333,5937.724288978549,6397.698281157627,6839.872727820251,HIGH,40.81166666666667,5937.724288978549,6839.872727820251,
2025-05-16 16:00:00,6685.139999999999,5907.013882465762,6366.298503145217,6804.498128700082,HIGH,40.79666666666667,5907.013882465762,6804.498128700082,
2025-05-16 16:15:00,6583.536666666667,5871.984998260066,6331.10300773283,6765.046945301899,HIGH,40.70166666666666,5871.984998260066,6765.046945301899,
2025-05-16 16:30:00,6421.813333333333,5808.819795457192,6267.359046386368,6694.555293546381,HIGH,40.60666666666667,5808.819795457193,6694.555293546381,
2025-05-16 16:45:00,6109.666666666667,5752.548837889407,6210.924073095082,6632.076387658697,HIGH,40.51166666666667,5752.548837889407,6632.076387658697,
2025-05-16 17:00:00,5751.28,5701.935616526056,6160.522426841917,6576.225241212203,HIGH,40.41666666666667,5701.935616526056,6576.225241212203,
2025-05-16 17:15:00,5451.463333333333,5614.157627724239,6070.1433683819,6476.823429656968,HIGH,40.20166666666667,5614.157627724239,6476.823429656968,
2025-05-16 17:30:00,5314.826666666667,5550.329192057492,6004.503345792838,6404.427562048735,HIGH,39.986666666666665,5550.329192057492,6404.427562048734,
2025-05-16 17:45:00,5376.733333333334,5449.146334293239,5900.823671864348,6290.675051279515,HIGH,39.77166666666667,5449.146334293239,6290.675051279515,
2025-05-16 18:00:00,5360.7733333333335,5352.3305313688215,5801.807389476209,6182.072650207272,HIGH,39.556666666666665,5352.3305313688215,6182.072650207272,
2025-05-16 18:15:00,5357.64,5282.437645441567,5728.377777084784,6101.331955853305,HIGH,39.082499999999996,5282.437645441568,6101.331955853305,
2025-05-16 18:30:00,5329.983333333334,5217.16714060645,5659.843580583362,6025.99936742574,HIGH,38.60833333333333,5217.16714060645,6025.99936742574,
2025-05-16 18:45:00,5332.113333333334,5187.7060087650525,5628.1198284766515,5990.832531482846,HIGH,38.134166666666665,5187.7060087650525,5990.832531482846,
2025-05-16 19:00:00,5323.330000000001,5170.188698191273,5608.755372062555,5969.205972867628,HIGH,37.66,5170.188698191273,5969.205972867628,
2025-05-16 19:15:00,5336.796666666666,5182.704020506791,5622.769076456008,5984.100186574109,HIGH,37.501666666666665,5182.7040205067915,5984.100186574108,
2025-05-16 19:30:00,5356.84,5166.756967464322,5607.737779814268,5967.448005186164,HIGH,37.343333333333334,5166.756967464322,5967.448005186164,
2025-05-16 19:45:00,5368.633333333333,5161.493993087571,5603.723718573162,5962.87798981299,HIGH,37.185,5161.493993087571,5962.877989812989,
2025-05-16 20:00:00,5318.553333333333,5139.424520855299,5582.562468931076,5939.719488143407,HIGH,37.02666666666667,5139.424520855299,5939.719488143407,
2025-05-16 20:15:00,5448.826666666667,5163.964279292476,5608.445029225469,5967.851005394894,HIGH,36.915,5163.964279292477,5967.851005394894,
2025-05-16 20:30:00,5352.233333333334,5181.069683134961,5626.738983321644,5987.8030714900815,HIGH,36.803333333333335,5181.069683134961,5987.8030714900815,
2025-05-16 20:45:00,5396.776666666667,5195.836870821718,5642.64328122935,6005.236668956318,HIGH,36.69166666666667,5195.836870821718,6005.236668956318,
2025-05-16 21:00:00,5370.07,5206.959411437825,5654.801583698436,6018.673709353915,HIGH,36.580000000000005,5206.959411437825,6018.673709353915,
2025-05-16 21:15:00,5502.080000000001,5287.40472245005,5738.981007310186,6110.661554147457,HIGH,36.040000000000006,5287.40472245005,6110.661554147457,
2025-05-16 21:30:00,5599.12,5362.962112794865,5818.104275233195,6197.22294959704,HIGH,35.5,5362.962112794866,6197.22294959704,
2025-05-16 21:45:00,5722.96,5475.018417284704,5934.526973761868,6324.481061607087,HIGH,34.96,5475.018417284704,6324.481061607087,
2025-05-16 22:00:00,5809.983333333334,5533.784164252416,5996.300125424108,6392.301016261415,HIGH,34.42,5533.784164252416,6392.301016261415,
2025-05-16 22:15:00,5945.993333333333,5655.201277180867,6119.238253129184,6526.69988827349,HIGH,34.251666666666665,5655.201277180867,6526.69988827349,
2025-05-16 22:30:00,6005.933333333333,5754.1546880004435,6219.054065544117,6635.98798879039,HIGH,34.08333333333333,5754.154688000444,6635.98798879039,
2025-05-16 22:45:00,6071.323333333334,5836.283584296369,6301.504574853712,6726.431364103112,HIGH,33.915,5836.283584296369,6726.431364103112,
2025-05-16 23:00:00,6147.22,5878.943417030379,6344.31808162664,6773.641157991237,HIGH,33.74666666666666,5878.943417030379,6773.641157991237,
2025-05-16 23:15:00,6182.196666666667,5908.069924807698,6373.308730888781,6805.8275579725605,HIGH,33.60916666666667,5908.069924807698,6805.82755797256,
2025-05-16 23:30:00,6158.0233333333335,5899.306087700843,6362.18643795453,6794.545608668979,HIGH,33.471666666666664,5899.306087700843,6794.545608668979,
2025-05-16 23:45:00,6148.21,5886.507208764295,6346.733311606364,6778.597439544034,HIGH,33.33416666666667,5886.507208764295,6778.597439544034,
2025-05-17 00:00:00,6063.81,5743.016581392095,6151.743850663715,6643.921331600213,HIGH,33.196666666666665,5743.016581392095,6643.921331600213,
2025-05-17 00:15:00,5983.110000000001,5683.44715169112,6088.686162657659,6576.243493332731,HIGH,33.0775,5683.44715169112,6576.243493332731,
2025-05-17 00:30:00,5901.29,5612.396650542438,6013.637733037295,6495.5434582026155,HIGH,32.95833333333333,5612.396650542438,6495.5434582026155,
2025-05-17 00:45:00,5808.563333333334,5528.594048190636,5925.287075896289,6400.387905381651,HIGH,32.839166666666664,5528.594048190636,6400.387905381651,
2025-05-17 01:00:00,5707.846666666667,5435.157574640869,5826.817702363502,6294.238435982685,HIGH,32.72,5435.157574640869,6294.238435982684,
2025-05-17 01:15:00,5609.673333333333,5340.271534186554,5729.4760847217685,6189.43934860619,HIGH,32.685833333333335,5340.271534186554,6189.439348606189,
2025-05-17 01:30:00,5543.616666666666,5263.859683707346,5650.779323220651,6104.95909339933,HIGH,32.651666666666664,5263.859683707346,6104.9590933993295,
2025-05-17 01:45:00,5473.98,5183.979955866723,5568.256317904184,6016.321136073376,HIGH,32.6175,5183.979955866724,6016.321136073376,
2025-05-17 02:00:00,5386.91,5112.094798388305,5493.638362492196,5936.295319719763,HIGH,32.583333333333336,5112.094798388305,5936.295319719762,
2025-05-17 02:15:00,5317.483333333334,5018.051674604803,5394.253592708099,5829.2325213438835,HIGH,32.1275,5018.051674604803,5829.2325213438835,
2025-05-17 02:30:00,5250.623333333333,4938.693027695555,5309.617880331686,5738.223890250668,HIGH,31.671666666666663,4938.693027695555,5738.223890250668,
2025-05-17 02:45:00,5174.16,4845.7562775501165,5210.79368580373,5631.750924589724,HIGH,31.215833333333332,4845.7562775501165,5631.750924589724,
2025-05-17 03:00:00,5101.176666666666,4752.347432636399,5111.1999266417215,5524.421372067742,HIGH,30.759999999999998,4752.347432636399,5524.421372067742,
2025-05-17 03:15:00,5017.626666666666,4668.574558516157,5021.546673147893,5427.90590426637,HIGH,30.307499999999997,4668.574558516157,5427.90590426637,
2025-05-17 03:30:00,4939.083333333333,4589.063316415524,4935.974812477316,5335.805890284345,HIGH,29.854999999999997,4589.063316415524,5335.805890284345,
2025-05-17 03:45:00,4897.21,4508.691304262928,4849.243755310947,5242.4091763800625,HIGH,29.4025,4508.691304262928,5242.409176380062,
2025-05-17 04:00:00,4835.3,4421.363027570006,4755.117801641453,5140.920080020826,HIGH,28.95,4421.363027570006,5140.920080020826,
2025-05-17 04:15:00,4771.389999999999,4353.8289017197685,4682.069817886286,5062.379065335901,HIGH,28.725833333333334,4353.8289017197685,5062.3790653359,
2025-05-17 04:30:00,4728.94,4303.94173261148,4626.83076676529,5003.183164248347,HIGH,28.50166666666667,4303.94173261148,5003.183164248346,
2025-05-17 04:45:00,4666.263333333333,4243.977336498832,4561.023831654757,4932.425578711194,HIGH,28.2775,4243.977336498832,4932.425578711194,
2025-05-17 05:00:00,4629.283333333333,4197.148236906541,4508.424816355969,4875.9939569207345,HIGH,28.053333333333335,4197.148236906541,4875.9939569207345,
2025-05-17 05:15:00,4570.026666666667,4141.42629667502,4457.272036415884,4821.459255419193,HIGH,28.3875,4141.42629667502,4821.459255419192,
2025-05-17 05:30:00,4514.073333333333,4062.3649527875473,4382.004922158602,4740.598910136987,HIGH,28.721666666666668,4062.3649527875473,4740.598910136987,
2025-05-17 05:45:00,4461.866666666666,4011.653049037558,4335.557708319824,4691.054896690534,HIGH,29.055833333333336,4011.6530490375585,4691.054896690534,
2025-05-17 06:00:00,4429.046666666666,3990.772984027221,4319.461640668135,4674.491614901474,HIGH,29.39,3990.772984027221,4674.491614901473,
2025-05-17 06:15:00,4390.816666666667,4015.8682902898936,4350.618961211162,4709.325570604305,HIGH,29.7875,4015.8682902898936,4709.325570604305,
2025-05-17 06:30:00,4384.82,4017.510657786055,4357.601199094099,4717.755857889009,HIGH,30.185,4017.5106577860556,4717.755857889009,
2025-05-17 06:45:00,4354.246666666667,3962.6296792903604,4306.564991003482,4662.924873052572,HIGH,30.5825,3962.6296792903604,4662.924873052572,
2025-05-17 07:00:00,4334.04,3937.161738934529,4285.5127083728885,4640.665390537599,HIGH,30.98,3937.161738934529,4640.665390537599,
2025-05-17 07:15:00,4251.763333333333,3920.004041196913,4271.777102941516,4626.25294523067,HIGH,30.885833333333334,3920.0040411969135,4626.25294523067,
2025-05-17 07:30:00,4247.4766666666665,3890.1239314641057,4244.919453368196,4597.466971055496,HIGH,30.791666666666668,3890.123931464106,4597.466971055496,
2025-05-17 07:45:00,4244.276666666667,3858.304023390932,4215.997399942423,4566.348466919396,HIGH,30.697499999999998,3858.304023390932,4566.348466919396,
2025-05-17 08:00:00,4256.7300000000005,3850.5004391917614,4211.604315399671,4561.85721008419,HIGH,30.60333333333333,3850.5004391917614,4561.85721008419,
2025-05-17 08:15:00,4264.86,3891.5852302532103,4254.708306534844,4608.915966069954,HIGH,31.201666666666664,3891.5852302532107,4608.915966069954,
2025-05-17 08:30:00,4315.61,3949.9627252466044,4315.494374991716,4675.145966081604,HIGH,31.799999999999997,3949.9627252466044,4675.145966081603,
2025-05-17 08:45:00,4351.106666666667,3973.142372196378,4340.238799718158,4702.042738388048,HIGH,32.39833333333333,3973.142372196378,4702.042738388047,
2025-05-17 09:00:00,4407.316666666667,4112.05283362579,4483.488644141918,4857.9091127991605,HIGH,32.99666666666667,4112.052833625791,4857.9091127991605,
2025-05-17 09:15:00,4531.81,4282.857012428352,4661.222838646916,5051.3114098652995,HIGH,33.64,4282.857012428353,5051.3114098652995,
2025-05-17 09:30:00,4666.806666666666,4489.153653645722,4875.34764938847,5284.263392554399,HIGH,34.28333333333333,4489.153653645723,5284.263392554399,
2025-05-17 09:45:00,4782.053333333333,4617.161775149299,5009.3867412077025,5429.92437876866,HIGH,34.92666666666667,4617.161775149299,5429.924378768659,
2025-05-17 10:00:00,4874.203333333334,4744.285889027542,5142.608750517931,5574.620347473393,HIGH,35.57,4744.285889027542,5574.620347473392,
2025-05-17 10:15:00,4987.143333333333,4887.587309427861,5289.98395515242,5734.567210004352,HIGH,36.5325,4887.587309427861,5734.567210004352,
2025-05-17 10:30:00,5039.93,4973.63840980732,5378.86627226997,5830.7458654026295,HIGH,37.495000000000005,4973.63840980732,5830.745865402629,
2025-05-17 10:45:00,5171.400000000001,5076.634634814626,5485.2373791499285,5945.903723009086,HIGH,38.457499999999996,5076.634634814626,5945.903723009086,
2025-05-17 11:00:00,5249.16,5180.058924485954,5592.202356340467,6061.645835439171,HIGH,39.419999999999995,5180.058924485954,6061.645835439171,
2025-05-17 11:15:00,5289.193333333334,5230.025661808903,5643.88707822389,6117.103596631776,HIGH,39.79333333333333,5230.025661808903,6117.103596631776,
2025-05-17 11:30:00,5388.7266666666665,5265.515067680413,5680.934860839405,6156.567291845205,HIGH,40.16666666666666,5265.515067680413,6156.567291845204,
2025-05-17 11:45:00,5460.8,5319.746274811026,5737.370992741173,6217.094845866073,HIGH,40.54,5319.746274811026,6217.094845866073,
2025-05-17 12:00:00,5528.3966666666665,5386.59389065889,5806.937015158493,6291.8753857651245,HIGH,40.913333333333334,5386.59389065889,6291.8753857651245,
2025-05-17 12:15:00,5584.7,5424.54119028109,5844.732489708257,6331.822751710932,HIGH,41.1775,5424.54119028109,6331.822751710931,
2025-05-17 12:30:00,5645.836666666667,5468.652117032683,5887.856845062034,6377.276635151486,HIGH,41.44166666666666,5468.652117032683,6377.276635151486,
2025-05-17 12:45:00,5701.923333333333,5469.6072103797605,5887.042088212045,6374.850201352461,HIGH,41.70583333333333,5469.607210379761,6374.850201352461,
2025-05-17 13:00:00,5626.806666666666,5392.858781469689,5806.925656095763,6286.038852667172,HIGH,41.970000000000006,5392.858781469689,6286.038852667172,
2025-05-17 13:15:00,5647.246666666667,5378.701424733771,5790.826334418267,6267.236825991633,HIGH,41.94166666666667,5378.701424733771,6267.236825991633,
2025-05-17 13:30:00,5746.73,5462.050257283186,5874.828669724004,6357.43095306905,HIGH,41.913333333333334,5462.0502572831865,6357.43095306905,
2025-05-17 13:45:00,5866.796666666666,5600.33337908979,6015.351135471338,6509.166439503335,HIGH,41.885000000000005,5600.3333790897905,6509.166439503335,
2025-05-17 14:00:00,5977.84,5718.450531997058,6135.506864731158,6638.719004799499,HIGH,41.85666666666667,5718.450531997058,6638.719004799499,
2025-05-17 14:15:00,6092.32,5827.313001027743,6247.195965688889,6758.816857982212,HIGH,41.869166666666665,5827.313001027743,6758.816857982211,
2025-05-17 14:30:00,6182.259999999999,5973.465565197239,6405.900830328733,6928.9135285586035,HIGH,41.88166666666666,5973.465565197239,6928.9135285586035,
2025-05-17 14:45:00,6155.696666666667,6067.633500009093,6508.213371272763,7038.100412251511,HIGH,41.89416666666666,6067.633500009093,7038.100412251511,
2025-05-17 15:00:00,5954.186666666667,6127.745589599749,6574.249810366309,7108.040678727391,HIGH,41.906666666666666,6127.745589599749,7108.040678727391,
2025-05-17 15:15:00,5726.806666666666,6150.310476197856,6596.449716720556,7130.695016392065,HIGH,41.91083333333333,6150.310476197856,7130.695016392065,
2025-05-17 15:30:00,5715.883333333334,6136.817775084704,6580.690180325031,7112.227852455244,HIGH,41.91499999999999,6136.817775084704,7112.227852455244,
2025-05-17 15:45:00,5771.139999999999,6100.148909681748,6541.4796248226885,7068.256856783096,HIGH,41.91916666666667,6100.148909681748,7068.256856783095,
2025-05-17 16:00:00,5816.166666666667,6055.265342594662,6494.131171816749,7015.463026558874,HIGH,41.92333333333333,6055.265342594662,7015.463026558874,
2025-05-17 16:15:00,5860.296666666666,5974.514715249521,6405.654789546202,6917.758904367975,HIGH,41.314166666666665,5974.514715249521,6917.758904367975,
2025-05-17 16:30:00,5827.81,5848.545401105042,6271.140158390024,6769.967935305783,HIGH,40.70499999999999,5848.545401105042,6769.967935305783,
2025-05-17 16:45:00,5768.3,5622.054788019718,6033.957108700705,6510.42428565264,HIGH,40.09583333333333,5622.054788019719,6510.42428565264,
2025-05-17 17:00:00,5714.553333333333,5364.054206508565,5764.753231081189,6216.0674100629385,HIGH,39.486666666666665,5364.054206508565,6216.0674100629385,
2025-05-17 17:15:00,5646.366666666666,5156.402399440363,5543.735198164564,5974.118561150724,HIGH,39.152499999999996,5156.402399440364,5974.118561150724,
2025-05-17 17:30:00,5572.683333333333,5063.328188535295,5440.245724393814,5860.223472920521,HIGH,38.818333333333335,5063.328188535295,5860.223472920521,
2025-05-17 17:45:00,5461.616666666666,5101.188092595432,5471.018820593293,5892.608908608512,HIGH,38.48416666666667,5101.188092595432,5892.608908608511,
2025-05-17 18:00:00,5400.860000000001,5084.645154340883,5446.28374821022,5864.61760823155,HIGH,38.15,5084.645154340883,5864.61760823155,
2025-05-17 18:15:00,5276.823333333334,5057.054275590962,5416.165046530411,5831.042507726437,HIGH,37.60916666666667,5057.054275590962,5831.042507726437,
2025-05-17 18:30:00,5238.3,5019.6638289315015,5376.175848029169,5786.79543008523,HIGH,37.068333333333335,5019.663828931502,5786.795430085229,
2025-05-17 18:45:00,5187.849999999999,5006.4821602864395,5361.119824571214,5769.779755291189,HIGH,36.5275,5006.4821602864395,5769.779755291189,
2025-05-17 19:00:00,5141.97,4987.754668765494,5340.5163243753905,5746.8038776519725,HIGH,35.98666666666667,4987.754668765494,5746.803877651972,
2025-05-17 19:15:00,5155.1466666666665,4987.248232533658,5341.916443234695,5747.987452985706,HIGH,35.57166666666667,4987.248232533658,5747.987452985706,
2025-05-17 19:30:00,5147.243333333333,4986.16753178684,5342.824803782576,5748.719122517662,HIGH,35.15666666666667,4986.16753178684,5748.719122517662,
2025-05-17 19:45:00,5189.58,4977.713504542093,5336.262325171232,5741.39943971046,HIGH,34.74166666666667,4977.713504542094,5741.39943971046,
2025-05-17 20:00:00,5127.393333333333,4921.616335192472,5280.98055946083,5681.109246315909,HIGH,34.32666666666667,4921.616335192473,5681.109246315909,
2025-05-17 20:15:00,5136.073333333333,5009.9375597800345,5372.165774873098,5780.3553732104465,HIGH,34.134166666666665,5009.9375597800345,5780.3553732104465,
2025-05-17 20:30:00,5137.416666666667,4946.091942723094,5307.578024952451,5710.049240507012,HIGH,33.94166666666667,4946.091942723094,5710.049240507011,
2025-05-17 20:45:00,5206.78,4974.086240426607,5337.024899658155,5742.230707884696,HIGH,33.74916666666667,4974.086240426607,5742.230707884696,
2025-05-17 21:00:00,5195.919999999999,4957.091689827934,5320.395517846239,5724.317952068412,HIGH,33.556666666666665,4957.091689827934,5724.317952068412,
2025-05-17 21:15:00,5284.403333333333,5066.559868829779,5434.64937638345,5849.069644783248,HIGH,33.405,5066.55986882978,5849.069644783248,
2025-05-17 21:30:00,5377.116666666667,5155.037680919761,5527.360589392122,5950.441096118796,HIGH,33.25333333333333,5155.037680919761,5950.441096118796,
2025-05-17 21:45:00,5450.496666666667,5264.8139500537345,5641.808244765292,6075.561165478046,HIGH,33.10166666666667,5264.8139500537345,6075.561165478045,
2025-05-17 22:00:00,5536.693333333334,5341.551578952159,5722.34127910335,6163.823417497006,HIGH,32.95,5341.551578952159,6163.823417497006,
2025-05-17 22:15:00,5659.393333333333,5463.629913086042,5849.190737864037,6302.596749189224,HIGH,32.82083333333333,5463.629913086042,6302.596749189224,
2025-05-17 22:30:00,5763.55,5523.430357533421,5912.15412475912,6371.86756710235,HIGH,32.69166666666667,5523.430357533421,6371.86756710235,
2025-05-17 22:45:00,5858.69,5587.17222902656,5979.013418150223,6445.447122999133,HIGH,32.5625,5587.17222902656,6445.447122999133,
2025-05-17 23:00:00,5940.883333333334,5650.902241795459,6045.704973688716,6518.906482437913,HIGH,32.43333333333334,5650.902241795459,6518.906482437912,
2025-05-17 23:15:00,5955.2300000000005,5682.621027075628,6078.013346482295,6554.930004679538,HIGH,32.2725,5682.621027075628,6554.930004679538,
2025-05-17 23:30:00,5992.97,5663.815644958625,6058.406872928702,6534.4726797973235,HIGH,32.111666666666665,5663.815644958625,6534.472679797323,
2025-05-17 23:45:00,5965.288333333334,5651.926183091448,6045.6817086579695,6521.559161618765,HIGH,31.950833333333332,5651.926183091448,6521.559161618765,
2025-05-18 00:00:00,5937.606666666667,5503.1410604068315,5892.583339660773,6355.824652884981,HIGH,31.79,5503.1410604068315,6355.82465288498,
2025-05-18 00:15:00,5882.650000000001,5429.632766624676,5817.4105719227455,6275.030168788767,HIGH,31.621666666666666,5429.632766624676,6275.030168788767,
2025-05-18 00:30:00,5817.586666666667,5349.668134785524,5735.391635931254,6186.815929655234,HIGH,31.453333333333333,5349.668134785525,6186.815929655234,
2025-05-18 00:45:00,5739.736666666667,5262.20436100485,5645.44871484145,6090.003080329318,HIGH,31.285000000000004,5262.20436100485,6090.003080329318,
2025-05-18 01:00:00,5657.240000000001,5163.5257321091885,5543.768386951639,5980.433560119222,HIGH,31.116666666666667,5163.5257321091885,5980.433560119222,
2025-05-18 01:15:00,5565.02,5074.693132010953,5450.827728916665,5880.363219499425,HIGH,30.979166666666668,5074.693132010953,5880.363219499425,
2025-05-18 01:30:00,5494.446666666667,5011.258893350018,5383.621240082414,5808.331974949664,HIGH,30.841666666666665,5011.258893350018,5808.331974949663,
2025-05-18 01:45:00,5414.843333333333,4945.000017236835,5313.247088623896,5732.860223381644,HIGH,30.704166666666666,4945.000017236835,5732.860223381644,
2025-05-18 02:00:00,5327.663333333333,4867.988081091079,5231.583225396287,5645.097511968036,HIGH,30.566666666666666,4867.988081091079,5645.097511968036,
2025-05-18 02:15:00,5235.623333333334,4796.16408595604,5158.90059269996,5567.25392719322,HIGH,30.500833333333333,4796.16408595604,5567.25392719322,
2025-05-18 02:30:00,5161.37,4728.618417884363,5090.312680764314,5493.861934119882,HIGH,30.435,4728.618417884363,5493.861934119882,
2025-05-18 02:45:00,5088.033333333334,4652.264235964728,5012.419630847033,5410.323569642315,HIGH,30.369166666666665,4652.264235964728,5410.323569642315,
2025-05-18 03:00:00,5014.150000000001,4577.435811992951,4935.802517830432,5328.15617004574,HIGH,30.30333333333333,4577.435811992951,5328.15617004574,
2025-05-18 03:15:00,4943.07,4494.14522097346,4849.518018531592,5235.411515675322,HIGH,30.136666666666663,4494.14522097346,5235.411515675322,
2025-05-18 03:30:00,4878.14,4415.293474018651,4767.49635061113,5147.279901761406,HIGH,29.97,4415.293474018651,5147.279901761406,
2025-05-18 03:45:00,4807.14,4364.049891258317,4713.463404969355,5089.593679603018,HIGH,29.803333333333335,4364.049891258318,5089.593679603018,
2025-05-18 04:00:00,4745.876666666667,4296.292908584732,4642.250489623073,5013.1591275433,HIGH,29.636666666666667,4296.292908584733,5013.1591275433,
2025-05-18 04:15:00,4686.3,4231.458850212679,4572.32634107711,4938.032750169349,HIGH,29.459166666666665,4231.458850212679,4938.032750169349,
2025-05-18 04:30:00,4623.956666666667,4184.082656973357,4520.0175237182575,4882.040654362905,HIGH,29.281666666666666,4184.082656973358,4882.040654362905,
2025-05-18 04:45:00,4579.14,4122.515062138026,4452.928524649714,4809.899680714369,HIGH,29.104166666666668,4122.515062138026,4809.8996807143685,
2025-05-18 05:00:00,4538.0199999999995,4084.6696963720483,4409.886876449162,4763.8888142570195,HIGH,28.92666666666667,4084.6696963720483,4763.888814257019,
2025-05-18 05:15:00,4483.2300000000005,4013.6960161405286,4347.7904263024275,4697.602591502776,HIGH,29.168333333333337,4013.6960161405286,4697.602591502776,
2025-05-18 05:30:00,4403.596666666667,3938.704086666704,4281.361606087777,4626.533289554578,HIGH,29.41,3938.704086666704,4626.533289554577,
2025-05-18 05:45:00,4329.3,3869.68120150322,4220.838517673186,4561.826783423509,HIGH,29.651666666666664,3869.6812015032206,4561.826783423509,
2025-05-18 06:00:00,4287.34,3821.7510612879446,4181.719054130326,4520.357155741016,HIGH,29.893333333333334,3821.7510612879446,4520.357155741015,
2025-05-18 06:15:00,4257.5199999999995,3812.776897383198,4170.806925521575,4509.1218716482335,HIGH,30.07083333333333,3812.7768973831985,4509.1218716482335,
2025-05-18 06:30:00,4229.9366666666665,3810.6502327196235,4166.742818181873,4505.267087971722,HIGH,30.248333333333335,3810.650232719624,4505.267087971721,
2025-05-18 06:45:00,4209.363333333334,3786.246901249968,4139.7237278898065,4476.3351531869785,HIGH,30.425833333333337,3786.2469012499682,4476.335153186978,
2025-05-18 07:00:00,4185.516666666666,3774.11533495629,4125.138470464992,4460.862664993629,HIGH,30.603333333333335,3774.11533495629,4460.862664993629,
2025-05-18 07:15:00,4164.956666666666,3739.0367834552035,4090.1796299922476,4423.235871632567,HIGH,30.999166666666667,3739.036783455204,4423.235871632567,
2025-05-18 07:30:00,4126.056666666666,3742.4335293576223,4094.517520947959,4428.319610624464,HIGH,31.395000000000003,3742.4335293576223,4428.319610624464,
2025-05-18 07:45:00,4126.403333333333,3744.0386546996724,4096.942719873591,4431.236033872327,HIGH,31.79083333333333,3744.0386546996724,4431.2360338723265,
2025-05-18 08:00:00,4095.03,3763.9880831008218,4118.089589081994,4454.455554625154,HIGH,32.18666666666667,3763.988083100822,4454.455554625154,
2025-05-18 08:15:00,4098.13,3772.129717021428,4128.183470420797,4465.591851625906,HIGH,32.575833333333335,3772.129717021428,4465.591851625906,
2025-05-18 08:30:00,4102.763333333333,3823.019719780817,4182.022211995194,4524.28177051739,HIGH,32.965,3823.0197197808175,4524.28177051739,
2025-05-18 08:45:00,4123.150000000001,3852.671689962351,4214.112067122612,4559.203278373078,HIGH,33.354166666666664,3852.671689962351,4559.203278373078,
2025-05-18 09:00:00,4163.493333333333,3921.7573134090344,4286.590492241899,4638.025117209309,HIGH,33.74333333333333,3921.7573134090344,4638.025117209309,
2025-05-18 09:15:00,4256.043333333334,4046.6416505075586,4419.465882574446,4782.6528433954145,HIGH,34.26,4046.6416505075586,4782.6528433954145,
2025-05-18 09:30:00,4339.373333333334,4178.378236465711,4559.40860604613,4934.897191730084,HIGH,34.776666666666664,4178.378236465711,4934.897191730083,
2025-05-18 09:45:00,4416.253333333333,4286.32605298781,4675.065180771667,5060.616291080057,HIGH,35.29333333333334,4286.32605298781,5060.616291080057,
2025-05-18 10:00:00,4522.806666666666,4376.503447609252,4772.615517467706,5166.542477734945,HIGH,35.81,4376.503447609252,5166.542477734945,
2025-05-18 10:15:00,4611.996666666667,4501.627917003487,4902.098992688365,5307.030801735565,HIGH,36.50916666666667,4501.627917003488,5307.030801735564,
2025-05-18 10:30:00,4673.893333333333,4576.940852969003,4980.705782161054,5392.044964454856,HIGH,37.208333333333336,4576.940852969003,5392.044964454856,
2025-05-18 10:45:00,4747.943333333334,4705.900504365449,5114.378285715204,5536.959610449879,HIGH,37.9075,4705.900504365449,5536.959610449879,
2025-05-18 11:00:00,4837.96,4799.873324870771,5212.385118210653,5642.971860600834,HIGH,38.60666666666667,4799.873324870771,5642.971860600834,
2025-05-18 11:15:00,4900.61,4852.9027480593895,5266.486828906968,5701.036163491849,HIGH,39.104166666666664,4852.9027480593895,5701.036163491849,
2025-05-18 11:30:00,4945.576666666667,4945.21465199217,5360.993584894552,5803.047136945549,HIGH,39.60166666666666,4945.21465199217,5803.047136945549,
2025-05-18 11:45:00,5024.493333333333,5020.712418838328,5438.4847421357645,5886.478059642324,HIGH,40.09916666666667,5020.712418838328,5886.478059642324,
2025-05-18 12:00:00,5085.256666666667,5091.667653587572,5511.537608070969,5965.030213312016,HIGH,40.596666666666664,5091.667653587572,5965.030213312016,
2025-05-18 12:15:00,5173.849999999999,5154.7190793608725,5572.769771620149,6030.528356487787,HIGH,40.87833333333334,5154.7190793608725,6030.528356487787,
2025-05-18 12:30:00,5230.42,5215.82727026177,5632.24820054736,6094.080958070127,HIGH,41.16,5215.8272702617705,6094.080958070126,
2025-05-18 12:45:00,5280.383333333333,5267.343853504957,5682.152250327806,6147.176446299849,HIGH,41.44166666666666,5267.343853504957,6147.176446299849,
2025-05-18 13:00:00,5237.443333333334,5202.771265540167,5613.4534775619395,6071.088059290201,HIGH,41.723333333333336,5202.771265540167,6071.088059290201,
2025-05-18 13:15:00,5267.4766666666665,5206.279790932041,5620.831935768013,6078.045039907101,HIGH,41.78,5206.279790932041,6078.045039907101,
2025-05-18 13:30:00,5381.686666666667,5282.888504651632,5703.323966494288,6166.786143324948,HIGH,41.836666666666666,5282.888504651632,6166.786143324948,
2025-05-18 13:45:00,5483.79,5383.124861982873,5810.28281802723,6282.162542964232,HIGH,41.89333333333333,5383.124861982873,6282.162542964232,
2025-05-18 14:00:00,5610.71,5479.371824178447,5912.219723012531,6391.80559090438,HIGH,41.95,5479.371824178447,6391.805590904379,
2025-05-18 14:15:00,5716.393333333333,5588.516254966012,6020.956657860668,6508.835641402263,HIGH,41.955000000000005,5588.516254966012,6508.835641402263,
2025-05-18 14:30:00,5803.373333333333,5688.124272596465,6120.215380418616,6615.55147642102,HIGH,41.96,5688.124272596466,6615.55147642102,
2025-05-18 14:45:00,5881.389999999999,5696.491905244653,6126.344174322563,6620.861866698033,HIGH,41.964999999999996,5696.491905244654,6620.861866698033,
2025-05-18 15:00:00,5942.693333333334,5581.1594622278035,6006.108854215954,6488.580232321333,HIGH,41.97,5581.1594622278035,6488.580232321333,
2025-05-18 15:15:00,5980.443333333334,5430.517242671661,5850.7604142935925,6318.359220597396,HIGH,41.90083333333333,5430.517242671661,6318.359220597396,
2025-05-18 15:30:00,6010.32,5417.875202048219,5836.08278266446,6301.485549148928,HIGH,41.83166666666666,5417.875202048219,6301.485549148928,
2025-05-18 15:45:00,6010.243333333333,5447.524434680878,5864.137090914699,6331.300900076387,HIGH,41.7625,5447.524434680879,6331.300900076387,
2025-05-18 16:00:00,5964.876666666667,5455.343387833911,5868.226945385567,6335.324976688916,HIGH,41.693333333333335,5455.343387833911,6335.324976688916,
2025-05-18 16:15:00,5924.516666666666,5437.025854136809,5841.046167546386,6305.696968060678,HIGH,41.015,5437.025854136809,6305.696968060677,
2025-05-18 16:30:00,5894.386666666666,5351.018135230389,5740.961442328286,6197.270853486267,HIGH,40.336666666666666,5351.018135230389,6197.270853486267,
2025-05-18 16:45:00,5796.233333333334,5246.233824604471,5633.777958509941,6079.488465785823,HIGH,39.65833333333333,5246.233824604472,6079.488465785823,
2025-05-18 17:00:00,5744.176666666666,5135.849982136301,5521.102047663652,5955.7822881328975,HIGH,38.98,5135.849982136301,5955.7822881328975,
2025-05-18 17:15:00,5668.323333333334,5061.758504561283,5438.626615588946,5864.770269674384,HIGH,38.7375,5061.758504561284,5864.770269674384,
2025-05-18 17:30:00,5592.47,4999.644430660156,5368.632533971699,5787.415572327633,HIGH,38.495,4999.644430660156,5787.415572327633,
2025-05-18 17:45:00,5516.143333333333,4936.399875202851,5297.686683106087,5709.092945764723,HIGH,38.2525,4936.399875202851,5709.092945764723,
2025-05-18 18:00:00,5438.46,4900.598236330265,5255.030445190052,5661.64939060524,HIGH,38.01,4900.598236330265,5661.64939060524,
2025-05-18 18:15:00,5388.8966666666665,4809.934727235863,5156.022376991266,5552.900391981497,HIGH,37.53666666666667,4809.934727235864,5552.900391981497,
2025-05-18 18:30:00,5325.116666666666,4777.364042064803,5116.655438413388,5509.177596811369,HIGH,37.06333333333333,4777.364042064803,5509.177596811369,
2025-05-18 18:45:00,5303.14,4752.180541304951,5084.998886004484,5473.93058259906,HIGH,36.589999999999996,4752.180541304951,5473.93058259906,
2025-05-18 19:00:00,5346.133333333333,4727.409087840464,5053.894822325938,5439.366229638386,HIGH,36.11666666666667,4727.409087840464,5439.366229638385,
2025-05-18 19:15:00,5363.553333333333,4743.2216990735915,5069.48760063267,5455.916155794047,HIGH,35.781666666666666,4743.2216990735915,5455.916155794047,
2025-05-18 19:30:00,5443.303333333333,4745.30453668625,5071.119352424106,5457.346139315936,HIGH,35.446666666666665,4745.30453668625,5457.346139315935,
2025-05-18 19:45:00,5521.243333333333,4767.578466986255,5093.502096071247,5481.458352347921,HIGH,35.111666666666665,4767.578466986255,5481.458352347921,
2025-05-18 20:00:00,5583.206666666668,4705.094039051466,5029.165138002913,5411.217592673023,HIGH,34.77666666666667,4705.094039051466,5411.217592673022,
2025-05-18 20:15:00,5636.873333333333,4708.605005494943,5032.798627126239,5415.0943054184645,HIGH,34.53916666666667,4708.605005494943,5415.0943054184645,
2025-05-18 20:30:00,5705.133333333334,4694.841125595531,5018.768322420701,5399.819684866819,HIGH,34.30166666666667,4694.841125595531,5399.8196848668185,
2025-05-18 20:45:00,5795.063333333334,4744.631522550494,5069.812391527985,5455.494943180343,HIGH,34.064166666666665,4744.631522550494,5455.494943180343,
2025-05-18 21:00:00,5894.16,4732.450493138648,5057.392591299976,5442.140863090242,HIGH,33.82666666666667,4732.450493138649,5442.140863090242,
2025-05-18 21:15:00,6017.236666666667,4815.3953947710015,5143.053107569305,5535.703278511349,HIGH,33.593333333333334,4815.395394771002,5535.703278511349,
2025-05-18 21:30:00,6151.366666666666,4899.409413336795,5229.756581190903,5630.481180391832,HIGH,33.36000000000001,4899.409413336795,5630.481180391832,
2025-05-18 21:45:00,6317.46,4974.401772281865,5307.153245254548,5715.201590291285,HIGH,33.126666666666665,4974.401772281865,5715.201590291285,
2025-05-18 22:00:00,6401.0233333333335,5050.557748667005,5385.653270340399,5801.198775081017,HIGH,32.89333333333333,5050.557748667005,5801.198775081017,
2025-05-18 22:15:00,6519.893333333333,5175.891993615227,5514.758180201365,5942.389953960949,HIGH,32.928333333333335,5175.891993615228,5942.389953960949,
2025-05-18 22:30:00,6664.5233333333335,5278.9651832877325,5620.948254735491,6058.696307083631,HIGH,32.96333333333333,5278.9651832877325,6058.696307083631,
2025-05-18 22:45:00,6745.360000000001,5378.0707869049875,5722.936592578191,6170.4930624995695,HIGH,32.998333333333335,5378.0707869049875,6170.4930624995695,
2025-05-18 23:00:00,6803.47,5462.740782997159,5809.989437132438,6266.087531667612,HIGH,33.03333333333333,5462.740782997159,6266.087531667612,
2025-05-18 23:15:00,6816.413333333333,5483.4370445960885,5831.731141040878,6290.629508338361,HIGH,32.865,5483.4370445960885,6290.62950833836,
2025-05-18 23:30:00,6814.173333333333,5510.629639153556,5859.938438785163,6322.266953532934,HIGH,32.696666666666665,5510.629639153556,6322.266953532934,
2025-05-18 23:45:00,6802.78,5489.8803352069,5838.860867221155,6300.283221274824,HIGH,32.528333333333336,5489.880335206901,6300.283221274824,
2025-05-19 00:00:00,6741.3,5702.734093614202,6102.260220114818,6511.398696588505,HIGH,32.36,5702.734093614203,6511.398696588505,
2025-05-19 00:15:00,6671.3,5644.647999783002,6042.518100958986,6447.395413206921,HIGH,32.16833333333334,5644.647999783002,6447.39541320692,
2025-05-19 00:30:00,6601.13,5579.697409486234,5975.511920556676,6375.517289202032,HIGH,31.976666666666667,5579.697409486234,6375.517289202031,
2025-05-19 00:45:00,6507.803333333333,5502.740173903611,5895.966747686301,6290.014810691495,HIGH,31.785,5502.740173903612,6290.014810691495,
2025-05-19 01:00:00,6407.56,5416.97495868029,5807.148447507999,6194.439262351197,HIGH,31.593333333333334,5416.97495868029,6194.439262351197,
2025-05-19 01:15:00,6310.213333333333,5324.774523908509,5712.197116207085,6092.230417570163,HIGH,31.428333333333335,5324.774523908509,6092.230417570163,
2025-05-19 01:30:00,6221.740000000001,5255.388738629053,5640.3346205915295,6015.179899922877,HIGH,31.263333333333335,5255.388738629053,6015.179899922877,
2025-05-19 01:45:00,6128.833333333333,5176.270584723148,5558.23198168072,5926.986941833379,HIGH,31.098333333333336,5176.270584723148,5926.986941833379,
2025-05-19 02:00:00,6042.23,5093.019499230266,5471.617649613618,5833.884288058722,HIGH,30.933333333333334,5093.019499230266,5833.884288058722,
2025-05-19 02:15:00,5947.813333333334,5003.4532355519905,5381.12896607052,5736.662688840407,HIGH,30.820833333333336,5003.4532355519905,5736.662688840407,
2025-05-19 02:30:00,5858.336666666667,4926.9938948739255,5303.774161376438,5653.736327003728,HIGH,30.708333333333336,4926.9938948739255,5653.736327003727,
2025-05-19 02:45:00,5764.586666666666,4851.158003258459,5226.7711340745445,5571.179977299227,HIGH,30.595833333333335,4851.158003258459,5571.179977299226,
2025-05-19 03:00:00,5685.763333333333,4773.0316662985115,5147.136823872651,5485.739629022647,HIGH,30.483333333333334,4773.0316662985115,5485.739629022646,
2025-05-19 03:15:00,5614.7300000000005,4692.083432147683,5065.766144245893,5398.435584922229,HIGH,30.300833333333333,4692.083432147683,5398.435584922228,
2025-05-19 03:30:00,5529.123333333333,4617.249128170932,4990.373332936873,5317.612256983776,HIGH,30.118333333333336,4617.249128170932,5317.612256983776,
2025-05-19 03:45:00,5444.613333333334,4541.951736683762,4914.228492408456,5235.935634400662,HIGH,29.935833333333335,4541.951736683762,5235.935634400662,
2025-05-19 04:00:00,5358.990000000001,4471.033379932155,4842.29440171822,5158.805181466295,HIGH,29.753333333333334,4471.033379932155,5158.805181466294,
2025-05-19 04:15:00,5295.0233333333335,4409.897197014597,4776.515694093648,5088.205970308922,HIGH,29.553333333333335,4409.897197014597,5088.205970308922,
2025-05-19 04:30:00,5224.433333333333,4351.459159948516,4713.240578838709,5020.28435293059,HIGH,29.353333333333335,4351.459159948516,5020.28435293059,
2025-05-19 04:45:00,5173.43,4302.5359961958275,4659.456951811677,4962.645713044099,HIGH,29.153333333333336,4302.5359961958275,4962.645713044099,
2025-05-19 05:00:00,5112.77,4255.457491546508,4607.321325300023,4906.744281565295,HIGH,28.953333333333333,4255.457491546508,4906.744281565295,
2025-05-19 05:15:00,5009.47,4206.675464490202,4560.039635859103,4856.310179628085,HIGH,29.198333333333334,4206.675464490202,4856.310179628085,
2025-05-19 05:30:00,4908.763333333333,4138.813133531037,4493.004291449954,4784.299214937883,HIGH,29.443333333333335,4138.813133531037,4784.299214937882,
2025-05-19 05:45:00,4853.836666666667,4075.668494859873,4430.593482053177,4717.25582240556,HIGH,29.688333333333333,4075.668494859873,4717.25582240556,
2025-05-19 06:00:00,4806.07,4043.0675301846704,4399.26263138182,4683.986838588214,HIGH,29.933333333333334,4043.0675301846704,4683.986838588214,
2025-05-19 06:15:00,4794.123333333333,4023.4299608675556,4379.229630371165,4662.882821387949,HIGH,30.11333333333333,4023.429960867556,4662.882821387949,
2025-05-19 06:30:00,4779.19,4006.0409678834403,4361.336043337936,4644.031629949657,HIGH,30.293333333333333,4006.0409678834408,4644.031629949657,
2025-05-19 06:45:00,4735.7300000000005,3984.743152342294,4339.293390974656,4620.582936940757,HIGH,30.473333333333336,3984.743152342294,4620.582936940757,
2025-05-19 07:00:00,4674.233333333334,3966.595053276655,4320.3449617736605,4600.422852948753,HIGH,30.653333333333332,3966.5950532766556,4600.422852948753,
2025-05-19 07:15:00,4662.59,3943.7033557731193,4299.301116274705,4578.000612582841,HIGH,31.029166666666665,3943.7033557731193,4578.000612582841,
2025-05-19 07:30:00,4644.186666666667,3924.8559199393985,4282.301785728545,4559.899230992394,HIGH,31.404999999999998,3924.855919939399,4559.899230992394,
2025-05-19 07:45:00,4668.283333333333,3923.190018156986,4282.815427798883,4560.785087877869,HIGH,31.780833333333334,3923.190018156986,4560.785087877869,
2025-05-19 08:00:00,4689.29,3911.3854620560915,4272.888463794472,4550.216315178585,HIGH,32.156666666666666,3911.3854620560915,4550.216315178585,
2025-05-19 08:15:00,4720.13,3920.9800316093106,4286.266788700204,4564.993271623043,HIGH,32.55083333333333,3920.9800316093106,4564.993271623043,
2025-05-19 08:30:00,4774.636666666666,3933.1285443591587,4302.236910517745,4582.5081525167725,HIGH,32.945,3933.128544359159,4582.5081525167725,
2025-05-19 08:45:00,4826.816666666667,3955.928940369119,4329.108636718898,4611.81101599883,HIGH,33.339166666666664,3955.928940369119,4611.81101599883,
2025-05-19 09:00:00,4972.483333333334,4005.3054365681605,4383.20472699344,4670.678386543342,HIGH,33.733333333333334,4005.305436568161,4670.678386543342,
2025-05-19 09:15:00,5118.053333333333,4114.6008881307525,4497.963210149617,4795.500116380156,HIGH,34.200833333333335,4114.6008881307525,4795.500116380156,
2025-05-19 09:30:00,5297.73,4216.426924796713,4605.125790783586,4911.9702006392345,HIGH,34.66833333333333,4216.426924796714,4911.9702006392345,
2025-05-19 09:45:00,5442.153333333333,4306.582870144601,4700.4099314524665,5015.427034237986,HIGH,35.13583333333334,4306.582870144601,5015.427034237986,
2025-05-19 10:00:00,5620.573333333334,4414.212191542623,4813.672197176231,5138.386836608216,HIGH,35.60333333333333,4414.212191542623,5138.386836608216,
2025-05-19 10:15:00,5742.3,4493.797922136625,4895.452720724409,5226.888293238433,HIGH,35.71583333333333,4493.797922136626,5226.888293238433,
2025-05-19 10:30:00,5841.873333333334,4544.744766262605,4948.034173447218,5283.52251728617,HIGH,35.82833333333333,4544.744766262605,5283.52251728617,
2025-05-19 10:45:00,5939.326666666667,4615.479389075718,5021.014867335596,5362.305425932158,HIGH,35.94083333333333,4615.479389075718,5362.305425932158,
2025-05-19 11:00:00,6003.286666666667,4692.3963930787095,5100.480988599755,5448.088496689541,HIGH,36.053333333333335,4692.39639307871,5448.088496689541,
2025-05-19 11:15:00,6046.126666666666,4754.345892427298,5164.793632650303,5517.310848541973,HIGH,36.39666666666666,4754.345892427298,5517.310848541973,
2025-05-19 11:30:00,6154.096666666667,4810.999342869637,5223.869593710759,5580.776016124475,HIGH,36.739999999999995,4810.999342869638,5580.776016124475,
2025-05-19 11:45:00,6200.796666666666,4886.743406571832,5302.6910352299055,5665.693958460844,HIGH,37.08333333333333,4886.743406571832,5665.693958460844,
2025-05-19 12:00:00,6287.38,4950.040986455058,5368.981724348523,5736.920439380368,HIGH,37.42666666666666,4950.040986455058,5736.920439380368,
2025-05-19 12:15:00,6371.509999999999,5024.532914893859,5444.802215365835,5818.407514411851,HIGH,37.655,5024.532914893859,5818.407514411851,
2025-05-19 12:30:00,6449.676666666666,5076.406030006752,5497.700280437458,5874.896337092226,HIGH,37.88333333333333,5076.406030006752,5874.896337092226,
2025-05-19 12:45:00,6302.043333333334,5125.047558804127,5547.535674313215,5928.019298195305,HIGH,38.11166666666667,5125.047558804127,5928.019298195305,
2025-05-19 13:00:00,6396.386666666666,5069.362947352964,5490.811825074873,5865.073845420896,HIGH,38.34,5069.362947352964,5865.073845420896,
2025-05-19 13:15:00,6419.463333333333,5086.062029381458,5507.742353027373,5882.292453794232,HIGH,38.36916666666667,5086.062029381458,5882.292453794232,
2025-05-19 13:30:00,6505.736666666667,5185.095150324403,5609.240531568045,5991.590678622258,HIGH,38.39833333333333,5185.095150324403,5991.590678622258,
2025-05-19 13:45:00,6638.826666666667,5278.4697007429295,5705.2208401130965,6094.870863022187,HIGH,38.4275,5278.4697007429295,6094.870863022187,
2025-05-19 14:00:00,6775.7,5390.281159960621,5822.4887609902225,6221.7863181721295,HIGH,38.45666666666666,5390.281159960621,6221.7863181721295,
2025-05-19 14:15:00,6893.889999999999,5490.615832220763,5927.211584949548,6335.003834366745,HIGH,38.5075,5490.615832220763,6335.003834366745,
2025-05-19 14:30:00,6990.240000000001,5578.014076888688,6017.658271791033,6432.8683704157,HIGH,38.55833333333333,5578.014076888688,6432.8683704157,
2025-05-19 14:45:00,7099.153333333333,5631.118776816635,6066.530049491867,6486.4252324859735,HIGH,38.60916666666667,5631.118776816635,6486.4252324859735,
2025-05-19 15:00:00,6952.873333333333,5659.539823386798,6096.656109427458,6518.05464987103,HIGH,38.660000000000004,5659.539823386798,6518.05464987103,
2025-05-19 15:15:00,7148.086666666667,5660.59952606741,6099.412282331279,6519.914941160843,HIGH,38.66916666666667,5660.599526067411,6519.914941160843,
2025-05-19 15:30:00,7206.483333333334,5685.2004997244585,6127.413153933707,6549.174297984404,HIGH,38.67833333333334,5685.2004997244585,6549.174297984404,
2025-05-19 15:45:00,7163.386666666666,5691.7312521939775,6135.7218398202685,6557.014340637017,HIGH,38.68750000000001,5691.7312521939775,6557.014340637017,
2025-05-19 16:00:00,7109.843333333333,5657.782489904664,6102.553899990525,6519.66043664059,HIGH,38.69666666666667,5657.782489904664,6519.66043664059,
2025-05-19 16:15:00,7062.0233333333335,5624.203144863231,6068.84251527419,6481.825450204481,HIGH,38.477500000000006,5624.203144863231,6481.825450204481,
2025-05-19 16:30:00,6971.406666666667,5586.778042333025,6031.452555995388,6440.0333140535095,HIGH,38.25833333333334,5586.778042333025,6440.0333140535095,
2025-05-19 16:45:00,6919.526666666668,5499.058944898439,5942.819404208515,6342.4905828007195,HIGH,38.03916666666667,5499.058944898439,6342.4905828007195,
2025-05-19 17:00:00,6838.673333333333,5453.676548527194,5897.773338205513,6292.47166474088,HIGH,37.82,5453.676548527194,6292.47166474088,
2025-05-19 17:15:00,6729.373333333333,5421.476302008915,5848.125853483377,6236.851453003926,HIGH,37.60166666666667,5421.476302008915,6236.851453003926,
2025-05-19 17:30:00,6622.066666666667,5386.018242608909,5795.361142509411,6177.901707990257,HIGH,37.38333333333333,5386.018242608909,6177.901707990257,
2025-05-19 17:45:00,6500.016666666666,5351.034838350337,5743.288081520095,6119.773717763702,HIGH,37.16499999999999,5351.034838350338,6119.773717763702,
2025-05-19 18:00:00,6402.356666666667,5316.804801166163,5692.17853779584,6062.766673116054,HIGH,36.946666666666665,5316.804801166164,6062.766673116054,
2025-05-19 18:15:00,6272.97,5249.19956589576,5622.887991961994,5986.5973228810535,HIGH,36.619166666666665,5249.19956589576,5986.5973228810535,
2025-05-19 18:30:00,6204.926666666666,5189.558902888267,5561.914764500739,5919.562531330716,HIGH,36.291666666666664,5189.558902888267,5919.562531330716,
2025-05-19 18:45:00,6143.703333333334,5156.184989396214,5527.981766236373,5882.053725188696,HIGH,35.964166666666664,5156.184989396214,5882.053725188696,
2025-05-19 19:00:00,6123.123333333333,5172.475119832459,5545.02791422704,5900.1422244119085,HIGH,35.63666666666666,5172.47511983246,5900.1422244119085,
2025-05-19 19:15:00,6149.963333333333,5190.445290274801,5563.548451722628,5919.906040934267,HIGH,35.29166666666667,5190.445290274801,5919.906040934267,
2025-05-19 19:30:00,6222.916666666667,5239.560568089437,5614.053110310794,5974.584193386699,HIGH,34.946666666666665,5239.560568089437,5974.584193386699,
2025-05-19 19:45:00,6274.98,5291.697112774219,5667.729434322581,6032.800683959988,HIGH,34.60166666666667,5291.697112774219,6032.800683959988,
2025-05-19 20:00:00,6302.246666666666,5317.732894616154,5694.742636580423,6062.06583416051,HIGH,34.25666666666667,5317.732894616155,6062.06583416051,
2025-05-19 20:15:00,6384.0,5358.177762743388,5736.190901521619,6107.122848322076,HIGH,34.04,5358.1777627433885,6107.122848322076,
2025-05-19 20:30:00,6422.263333333333,5407.388382289251,5786.637039060281,6162.063091363531,HIGH,33.82333333333334,5407.388382289251,6162.063091363531,
2025-05-19 20:45:00,6491.7266666666665,5476.054353176252,5857.006864833765,6238.784104078506,HIGH,33.60666666666667,5476.054353176252,6238.784104078506,
2025-05-19 21:00:00,6541.453333333334,5546.928351664452,5929.622956223143,6318.034133685071,HIGH,33.39,5546.928351664453,6318.034133685071,
2025-05-19 21:15:00,6673.786666666667,5649.435027665748,6036.373416487141,6434.540586333624,HIGH,33.155,5649.435027665748,6434.540586333624,
2025-05-19 21:30:00,6790.896666666667,5768.714400697247,6166.551271633997,6575.747572693963,HIGH,32.92,5768.714400697247,6575.747572693963,
2025-05-19 21:45:00,6901.736666666667,5914.7836235560835,6325.672445088384,6748.32744271847,HIGH,32.685,5914.783623556084,6748.32744271847,
2025-05-19 22:00:00,7037.656666666667,5990.305277124824,6408.384233043664,6838.35112043538,HIGH,32.449999999999996,5990.305277124824,6838.35112043538,
2025-05-19 22:15:00,7111.849999999999,6096.353797045065,6525.433032464832,6965.643956368204,HIGH,32.23166666666667,6096.353797045065,6965.643956368204,
2025-05-19 22:30:00,7151.543333333334,6222.958822566131,6664.6827534102795,7117.002491926857,HIGH,32.013333333333335,6222.958822566131,7117.002491926857,
2025-05-19 22:45:00,7178.323333333334,6299.938535030801,6749.821656159637,7209.947540134596,HIGH,31.794999999999998,6299.938535030801,7209.947540134596,
2025-05-19 23:00:00,7229.366666666666,6351.685531328876,6807.843820254099,7273.584208912475,HIGH,31.576666666666668,6351.685531328876,7273.584208912475,
2025-05-19 23:15:00,7221.613333333334,6362.377842148857,6820.703359011111,7288.388347950717,HIGH,31.4325,6362.377842148858,7288.388347950717,
2025-05-19 23:30:00,7166.563333333334,6358.959301411081,6818.288187562198,7286.703475443293,HIGH,31.288333333333334,6358.959301411081,7286.703475443293,
2025-05-19 23:45:00,7125.25,6340.320668800101,6800.090369036989,7267.881354841078,HIGH,31.144166666666667,6340.320668800101,7267.881354841077,
2025-05-20 00:00:00,7052.650000000001,6209.031809351325,6666.343033745432,7123.271246798105,HIGH,31.0,6209.031809351325,7123.271246798105,
2025-05-20 00:15:00,6972.3,6139.96156676987,6595.71416479881,7047.425069753496,HIGH,30.786666666666665,6139.96156676987,7047.425069753496,
2025-05-20 00:30:00,6878.7699999999995,6066.089039926175,6519.932630602414,6966.00336291508,HIGH,30.573333333333334,6066.089039926175,6966.00336291508,
2025-05-20 00:45:00,6789.169999999999,5977.49748700026,6428.835032817075,6867.933070345569,HIGH,30.36,5977.49748700026,6867.933070345568,
2025-05-20 01:00:00,6698.373333333333,5879.529332679994,6327.882124332421,6759.155710070641,HIGH,30.146666666666665,5879.529332679994,6759.155710070641,
2025-05-20 01:15:00,6582.57,5783.516046808141,6228.667634293591,6652.29150433799,HIGH,29.9075,5783.516046808142,6652.29150433799,
2025-05-20 01:30:00,6489.683333333333,5695.7336433206265,6137.610389757998,6554.325119864787,HIGH,29.66833333333333,5695.7336433206265,6554.325119864787,
2025-05-20 01:45:00,6407.213333333333,5606.5493898761615,6044.842203597503,6454.504597948064,HIGH,29.429166666666664,5606.5493898761615,6454.504597948064,
2025-05-20 02:00:00,6318.650000000001,5513.914323649334,5948.260711629511,6350.534924363874,HIGH,29.189999999999998,5513.914323649334,6350.534924363874,
2025-05-20 02:15:00,6236.866666666666,5428.828362929914,5859.843588785685,6255.479796048912,HIGH,29.052500000000002,5428.828362929915,6255.479796048912,
2025-05-20 02:30:00,6141.213333333333,5345.605636572716,5773.04849400262,6162.183496395325,HIGH,28.915000000000003,5345.605636572716,6162.183496395325,
2025-05-20 02:45:00,6050.496666666667,5259.648213703046,5683.166939212067,6065.51296738639,HIGH,28.7775,5259.648213703046,6065.512967386389,
2025-05-20 03:00:00,5979.46,5182.685963727682,5602.208881932202,5978.541598896441,HIGH,28.64,5182.685963727682,5978.541598896441,
2025-05-20 03:15:00,5906.916666666667,5112.5461246646755,5527.591924833449,5898.43900175426,HIGH,28.481666666666666,5112.5461246646755,5898.43900175426,
2025-05-20 03:30:00,5826.18,5033.157300064739,5443.2235145609,5807.687885281222,HIGH,28.323333333333334,5033.157300064739,5807.687885281222,
2025-05-20 03:45:00,5756.753333333334,4953.510277568461,5358.31285130354,5716.311920541516,HIGH,28.165,4953.510277568461,5716.311920541516,
2025-05-20 04:00:00,5672.923333333333,4872.609127672091,5271.845424743466,5623.201302030964,HIGH,28.006666666666664,4872.609127672091,5623.201302030964,
2025-05-20 04:15:00,5601.3,4809.565783916486,5203.395328306283,5549.667387918152,HIGH,27.805833333333332,4809.565783916486,5549.667387918152,
2025-05-20 04:30:00,5539.09,4742.790716912416,5130.8656026599665,5471.641937448361,HIGH,27.604999999999997,4742.790716912416,5471.64193744836,
2025-05-20 04:45:00,5474.006666666667,4692.879098461553,5075.351204116033,5412.092927103892,HIGH,27.404166666666665,4692.879098461553,5412.092927103891,
2025-05-20 05:00:00,5393.453333333334,4636.5102473740435,5012.984914099326,5345.024740420512,HIGH,27.203333333333333,4636.5102473740435,5345.024740420512,
2025-05-20 05:15:00,5298.636666666666,4562.029997454492,4937.954614459679,5264.321274648565,HIGH,27.581666666666667,4562.029997454492,5264.321274648564,
2025-05-20 05:30:00,5185.866666666667,4486.374836777751,4861.50309690467,5182.0049751890165,HIGH,27.96,4486.374836777751,5182.004975189016,
2025-05-20 05:45:00,5080.763333333333,4442.320240954805,4817.200143859924,5134.629923689856,HIGH,28.33833333333333,4442.320240954805,5134.629923689856,
2025-05-20 06:00:00,5023.67,4415.6964768173175,4790.55156573544,5106.408816396066,HIGH,28.71666666666667,4415.6964768173175,5106.408816396066,
2025-05-20 06:15:00,5002.163333333333,4412.297818938919,4786.785403376526,5103.006611129467,HIGH,28.95,4412.29781893892,5103.006611129467,
2025-05-20 06:30:00,4969.173333333333,4402.596050118135,4776.403009844084,5092.322331612594,HIGH,29.183333333333337,4402.596050118135,5092.322331612594,
2025-05-20 06:45:00,4922.97,4368.580734627776,4740.980173879111,5054.289835031738,HIGH,29.416666666666668,4368.580734627777,5054.289835031738,
2025-05-20 07:00:00,4873.903333333333,4324.4188820077225,4695.038191614309,5004.720984325358,HIGH,29.650000000000002,4324.4188820077225,5004.720984325358,
2025-05-20 07:15:00,4869.21,4317.5156122225635,4689.645355926759,4999.317138217578,HIGH,30.080000000000002,4317.515612222564,4999.317138217578,
2025-05-20 07:30:00,4880.026666666667,4300.277385508434,4673.574872004236,4982.201711066244,HIGH,30.509999999999998,4300.277385508434,4982.201711066244,
2025-05-20 07:45:00,4829.336666666667,4318.899658006076,4694.141819470553,5004.900063329707,HIGH,30.939999999999998,4318.899658006076,5004.900063329707,
2025-05-20 08:00:00,4679.106666666667,4334.167381502258,4711.214067197298,5023.707879945354,HIGH,31.369999999999997,4334.167381502259,5023.707879945354,
2025-05-20 08:15:00,4719.490000000001,4365.271434700682,4746.974248349686,5062.871463983631,HIGH,31.84333333333333,4365.271434700682,5062.871463983631,
2025-05-20 08:30:00,4859.366666666666,4401.986969935173,4788.456687602567,5108.182045579068,HIGH,32.31666666666667,4401.986969935173,5108.182045579068,
2025-05-20 08:45:00,4977.553333333333,4444.157402070168,4835.519796673313,5159.4861105361715,HIGH,32.79,4444.157402070169,5159.4861105361715,
2025-05-20 09:00:00,5051.69,4550.397062050634,4948.194609156163,5282.1585058058035,HIGH,33.263333333333335,4550.397062050634,5282.158505805803,
2025-05-20 09:15:00,5209.913333333333,4676.312449685916,5080.3287852002295,5425.915149942002,HIGH,33.70833333333333,4676.312449685916,5425.915149942002,
2025-05-20 09:30:00,5438.17,4824.186012266289,5234.996497042826,5594.131115237974,HIGH,34.153333333333336,4824.186012266289,5594.131115237974,
2025-05-20 09:45:00,5541.576666666667,4936.813114451642,5353.647103071332,5723.046816029278,HIGH,34.59833333333333,4936.813114451643,5723.046816029278,
2025-05-20 10:00:00,5653.633333333334,5073.74130220913,5497.266384655849,5879.078197038178,HIGH,35.04333333333333,5073.74130220913,5879.078197038178,
2025-05-20 10:15:00,5789.243333333333,5166.09088532632,5595.349518524037,5985.448219924682,HIGH,35.26916666666666,5166.09088532632,5985.448219924682,
2025-05-20 10:30:00,5880.47,5243.33430113849,5678.0890562940285,6075.039626072326,HIGH,35.495,5243.33430113849,6075.0396260723255,
2025-05-20 10:45:00,5970.526666666668,5320.142166244016,5760.52217911276,6164.231251530037,HIGH,35.72083333333333,5320.142166244016,6164.231251530037,
2025-05-20 11:00:00,6054.38,5375.284429856958,5820.928571801302,6229.373291620145,HIGH,35.94666666666667,5375.284429856959,6229.373291620145,
2025-05-20 11:15:00,6147.326666666667,5421.450858101881,5869.800460413637,6281.806216285514,HIGH,36.263333333333335,5421.450858101882,6281.806216285514,
2025-05-20 11:30:00,6209.98,5513.918236429498,5966.263254259515,6386.011214995587,HIGH,36.580000000000005,5513.918236429498,6386.011214995587,
2025-05-20 11:45:00,6264.086666666667,5556.515581714164,6011.866169765965,6434.779733029216,HIGH,36.89666666666667,5556.515581714164,6434.779733029216,
2025-05-20 12:00:00,6347.586666666667,5640.865832308747,6100.430378281097,6530.287642579118,HIGH,37.21333333333333,5640.865832308747,6530.287642579117,
2025-05-20 12:15:00,6441.046666666666,5717.423431135716,6180.162661354419,6616.098559733948,HIGH,37.41583333333333,5717.423431135717,6616.098559733948,
2025-05-20 12:30:00,6539.093333333333,5786.142391103047,6252.105200341027,6693.39071930417,HIGH,37.61833333333334,5786.142391103047,6693.39071930417,
2025-05-20 12:45:00,6668.16,5692.030972109056,6157.579841779579,6589.368680208891,HIGH,37.82083333333334,5692.030972109057,6589.368680208891,
2025-05-20 13:00:00,6641.053333333333,5734.397375109127,6203.04238062083,6637.768132046491,HIGH,38.02333333333333,5734.397375109127,6637.768132046491,
2025-05-20 13:15:00,6669.893333333333,5740.173863905898,6211.664779956537,6646.0414252108585,HIGH,38.05583333333334,5740.173863905898,6646.0414252108585,
2025-05-20 13:30:00,6793.026666666668,5819.504394035931,6295.865429219288,6736.604875001869,HIGH,38.08833333333334,5819.504394035931,6736.604875001869,
2025-05-20 13:45:00,6886.956666666666,5932.528242824463,6414.838640843206,6865.026576442508,HIGH,38.12083333333334,5932.528242824464,6865.026576442508,
2025-05-20 14:00:00,7039.8533333333335,6046.744649825634,6535.313044298009,6995.079536784995,HIGH,38.153333333333336,6046.744649825634,6995.079536784995,
2025-05-20 14:15:00,7123.503333333334,6163.0076411509945,6656.6165405372785,7125.30267808928,HIGH,38.14916666666667,6163.007641150995,7125.30267808928,
2025-05-20 14:30:00,7231.506666666667,6267.871177374373,6767.469953782013,7244.020957227413,HIGH,38.144999999999996,6267.871177374373,7244.020957227413,
2025-05-20 14:45:00,7307.936666666667,6375.522823609529,6882.087314617132,7366.763196130042,HIGH,38.14083333333333,6375.522823609529,7366.763196130042,
2025-05-20 15:00:00,7338.110000000001,6295.902153896718,6799.852978485024,7275.9157634903495,HIGH,38.13666666666667,6295.902153896718,7275.9157634903495,
2025-05-20 15:15:00,7349.276666666668,6445.31632074053,6954.467011059724,7442.664435750859,HIGH,38.14083333333333,6445.31632074053,7442.664435750859,
2025-05-20 15:30:00,7313.903333333333,6482.386605471547,6994.808761711608,7484.933418708458,HIGH,38.144999999999996,6482.386605471548,7484.933418708458,
2025-05-20 15:45:00,7282.796666666666,6429.925268563019,6940.866568328092,7424.970784859889,HIGH,38.14916666666667,6429.925268563019,7424.970784859889,
2025-05-20 16:00:00,7214.973333333332,6371.953190187818,6882.468123673238,7360.390313548461,HIGH,38.153333333333336,6371.953190187819,7360.390313548461,
2025-05-20 16:15:00,7157.483333333334,6314.9132239135715,6822.166011745615,7293.561006359328,HIGH,37.950833333333335,6314.913223913572,7293.561006359328,
2025-05-20 16:30:00,7116.223333333334,6229.067554652931,6732.3256858261175,7194.548167130074,HIGH,37.748333333333335,6229.067554652931,7194.548167130073,
2025-05-20 16:45:00,7021.400000000001,6163.014188823785,6663.00002504837,7117.929059800365,HIGH,37.545833333333334,6163.014188823786,7117.929059800365,
2025-05-20 17:00:00,6935.473333333332,6080.886139617585,6577.45695317957,7023.70665188114,HIGH,37.343333333333334,6080.886139617585,7023.70665188114,
2025-05-20 17:15:00,6860.96,6012.41896549224,6498.5837378039305,6936.540769033404,HIGH,37.26916666666666,6012.41896549224,6936.540769033404,
2025-05-20 17:30:00,6745.326666666667,5946.995940889677,6423.045560483105,6853.0718705390955,HIGH,37.195,5946.995940889677,6853.0718705390955,
2025-05-20 17:45:00,6643.543333333334,5878.492088769894,6344.55875217113,6766.460459833603,HIGH,37.12083333333334,5878.492088769894,6766.460459833603,
2025-05-20 18:00:00,6524.959999999999,5820.383642946036,6276.907463132323,6691.720607648171,HIGH,37.04666666666667,5820.383642946036,6691.720607648171,
2025-05-20 18:15:00,6457.56,5718.257598908949,6171.913415622237,6576.657354229746,HIGH,36.75916666666667,5718.257598908949,6576.657354229746,
2025-05-20 18:30:00,6385.009999999999,5652.785834920391,6104.6106442507735,6502.716907698636,HIGH,36.471666666666664,5652.785834920391,6502.716907698636,
2025-05-20 18:45:00,6351.406666666667,5603.5927021697335,6054.121767021171,6447.165964847732,HIGH,36.18416666666666,5603.592702169734,6447.165964847731,
2025-05-20 19:00:00,6326.016666666666,5589.451543651383,6039.65146825931,6430.920264867645,HIGH,35.89666666666667,5589.451543651383,6430.920264867644,
2025-05-20 19:15:00,6368.3,5618.699711876576,6067.203386406273,6460.429798163013,HIGH,35.62083333333334,5618.699711876576,6460.429798163013,
2025-05-20 19:30:00,6416.77,5677.18045567358,6124.781279931912,6522.721246159683,HIGH,35.345,5677.18045567358,6522.721246159682,
2025-05-20 19:45:00,6473.576666666667,5727.533298010078,6174.115762711065,6576.120011143117,HIGH,35.06916666666667,5727.533298010079,6576.120011143117,
2025-05-20 20:00:00,6506.313333333333,5754.645026409619,6199.714975313393,6603.755866938148,HIGH,34.79333333333334,5754.64502640962,6603.755866938148,
2025-05-20 20:15:00,6608.5199999999995,5811.951342559059,6259.8643183937975,6669.2294799973415,HIGH,34.57333333333333,5811.951342559059,6669.229479997341,
2025-05-20 20:30:00,6663.7300000000005,5840.600196286727,6290.695775994547,6702.8604507002,HIGH,34.35333333333334,5840.600196286727,6702.8604507002,
2025-05-20 20:45:00,6725.856666666667,5890.1556168921,6342.936748879982,6759.8902571484305,HIGH,34.13333333333334,5890.1556168921,6759.8902571484305,
2025-05-20 21:00:00,6789.306666666666,5928.718417804007,6383.908504441742,6804.7307157961895,HIGH,33.913333333333334,5928.718417804007,6804.730715796189,
2025-05-20 21:15:00,6827.5233333333335,6039.647250044918,6499.298481741326,6930.706862263643,HIGH,33.705000000000005,6039.647250044919,6930.706862263643,
2025-05-20 21:30:00,6947.75,6142.032119516414,6605.88906458872,7047.180171329365,HIGH,33.49666666666667,6142.032119516415,7047.180171329365,
2025-05-20 21:45:00,7142.263333333333,6243.8013283782975,6711.779320097457,7162.96844995211,HIGH,33.28833333333333,6243.801328378298,7162.96844995211,
2025-05-20 22:00:00,7259.84,6353.840398014244,6826.048663977301,7287.956772578043,HIGH,33.08,6353.840398014245,7287.956772578043,
2025-05-20 22:15:00,7334.686666666667,6433.888501073353,6910.224841072579,7380.271668527215,HIGH,33.009166666666665,6433.888501073354,7380.271668527215,
2025-05-20 22:30:00,7435.62,6490.077648161742,6969.850172189391,7445.920122663064,HIGH,32.93833333333333,6490.077648161742,7445.920122663063,
2025-05-20 22:45:00,7498.790000000001,6530.735751519394,7013.434520292468,7494.16603654398,HIGH,32.8675,6530.735751519395,7494.16603654398,
2025-05-20 23:00:00,7507.266666666666,6582.2010970419,7069.062659084725,7555.429727491583,HIGH,32.79666666666667,6582.2010970419,7555.429727491583,
2025-05-20 23:15:00,7490.003333333333,6582.202181913436,7070.693719214439,7558.109547166124,HIGH,32.6525,6582.202181913436,7558.109547166124,
2025-05-20 23:30:00,7448.87,6540.722627597373,7029.669149496113,7514.391809067734,HIGH,32.50833333333333,6540.7226275973735,7514.391809067733,
2025-05-20 23:45:00,7389.955,6505.160921817469,6994.504013320964,7477.105054707378,HIGH,32.36416666666667,6505.160921817469,7477.105054707378,
2025-05-21 00:00:00,7331.04,6361.325103971521,6848.269845557124,7318.909562514806,HIGH,32.22,6361.3251039715215,7318.909562514806,
2025-05-21 00:15:00,7233.553333333333,6282.485237734022,6768.71646051514,7233.382924642143,HIGH,32.0075,6282.485237734022,7233.382924642143,
2025-05-21 00:30:00,7140.653333333333,6189.899839308034,6674.853865693902,7132.30927742836,HIGH,31.794999999999998,6189.899839308034,7132.30927742836,
2025-05-21 00:45:00,7021.453333333334,6101.734879286037,6585.271148297949,7035.927029715315,HIGH,31.582499999999996,6101.7348792860375,7035.927029715315,
2025-05-21 01:00:00,6894.236666666667,6009.650389657003,6491.4203432376635,6934.922201740808,HIGH,31.369999999999997,6009.650389657003,6934.922201740808,
2025-05-21 01:15:00,6791.613333333334,5905.660010994112,6384.397877699023,6819.567888406999,HIGH,31.180833333333332,5905.660010994112,6819.567888406999,
2025-05-21 01:30:00,6695.06,5817.923079372673,6293.7465606135665,6722.056338936839,HIGH,30.991666666666667,5817.923079372673,6722.056338936838,
2025-05-21 01:45:00,6616.16,5737.33275759259,6210.136642601703,6632.221953485757,HIGH,30.8025,5737.33275759259,6632.221953485756,
2025-05-21 02:00:00,6521.650000000001,5652.910865564648,6122.323580245326,6537.813882091629,HIGH,30.613333333333333,5652.910865564648,6537.813882091629,
2025-05-21 02:15:00,6449.243333333333,5577.97023292093,6043.575009552159,6453.262249973118,HIGH,30.473333333333333,5577.97023292093,6453.262249973118,
2025-05-21 02:30:00,6348.7266666666665,5491.857804837386,5953.102551452595,6355.935740848687,HIGH,30.333333333333332,5491.857804837386,6355.935740848687,
2025-05-21 02:45:00,6272.920000000001,5408.673882058988,5865.341902615286,6261.549319221395,HIGH,30.19333333333333,5408.673882058988,6261.549319221395,
2025-05-21 03:00:00,6195.1033333333335,5340.011696523166,5792.163124283274,6183.024027882927,HIGH,30.05333333333333,5340.011696523166,6183.024027882927,
2025-05-21 03:15:00,6102.416666666667,5271.8409169980905,5718.484075585276,6103.904473561078,HIGH,29.8175,5271.8409169980905,6103.904473561078,
2025-05-21 03:30:00,6016.576666666667,5195.43475605495,5636.091352306471,6015.2665410856835,HIGH,29.581666666666667,5195.43475605495,6015.2665410856835,
2025-05-21 03:45:00,5945.563333333333,5127.204032810762,5561.791153979297,5935.40703592554,HIGH,29.345833333333335,5127.204032810763,5935.40703592554,
2025-05-21 04:00:00,5870.453333333334,5048.152594951528,5476.139441879417,5843.146390999958,HIGH,29.11,5048.152594951528,5843.146390999958,
2025-05-21 04:15:00,5801.416666666667,4993.4444943501385,5414.785899958974,5777.289507149482,HIGH,29.080833333333334,4993.4444943501385,5777.289507149482,
2025-05-21 04:30:00,5750.876666666667,4943.290269502424,5357.835939497619,5716.179305726568,HIGH,29.05166666666667,4943.290269502424,5716.179305726568,
2025-05-21 04:45:00,5666.996666666666,4894.997819169247,5302.541841938997,5656.81908363021,HIGH,29.022499999999997,4894.997819169247,5656.81908363021,
2025-05-21 05:00:00,5610.513333333333,4834.998313075058,5235.020821419427,5584.086274404665,HIGH,28.993333333333332,4834.998313075058,5584.086274404665,
2025-05-21 05:15:00,5514.95,4743.001633372845,5143.853180268927,5485.873138707968,HIGH,29.054166666666667,4743.001633372845,5485.873138707968,
2025-05-21 05:30:00,5409.37,4641.9438602287855,5043.19005293776,5377.254288930002,HIGH,29.115,4641.9438602287855,5377.254288930001,
2025-05-21 05:45:00,5313.213333333333,4532.969376857155,4934.215727405347,5259.515994231167,HIGH,29.175833333333333,4532.969376857156,5259.515994231167,
2025-05-21 06:00:00,5241.173333333333,4445.337027157058,4846.900363392951,5165.292639662129,HIGH,29.236666666666668,4445.337027157058,5165.292639662129,
2025-05-21 06:15:00,5230.23,4430.612398129712,4831.538105295646,5149.262282901069,HIGH,29.24833333333333,4430.612398129712,5149.262282901069,
2025-05-21 06:30:00,5159.526666666667,4402.582409246071,4802.390363364544,5118.1425337424525,HIGH,29.259999999999998,4402.582409246071,5118.1425337424525,
2025-05-21 06:45:00,5113.076666666667,4354.821911867364,4752.894522707724,5064.784531125754,HIGH,29.27166666666667,4354.821911867364,5064.784531125753,
2025-05-21 07:00:00,5085.343333333333,4304.806816707409,4700.959697976692,5008.689473301624,HIGH,29.28333333333333,4304.80681670741,5008.689473301624,
2025-05-21 07:15:00,5070.456666666666,4296.59520356592,4694.946057081936,5002.635129943168,HIGH,29.566666666666666,4296.59520356592,5002.635129943168,
2025-05-21 07:30:00,5068.96,4293.24695532072,4693.815569991239,5001.814923303187,HIGH,29.849999999999998,4293.24695532072,5001.814923303187,
2025-05-21 07:45:00,5082.466666666667,4250.420261005296,4652.18673398144,4956.807609801484,HIGH,30.133333333333333,4250.420261005297,4956.807609801484,
2025-05-21 08:00:00,5109.083333333333,4152.180117160017,4553.762692110022,4849.865494614015,HIGH,30.416666666666664,4152.180117160017,4849.865494614015,
2025-05-21 08:15:00,5165.45,4195.250874744417,4601.415612656234,4901.967495273696,HIGH,30.76083333333333,4195.250874744417,4901.967495273696,
2025-05-21 08:30:00,5214.04,4312.778192991929,4725.277826134419,5036.976894088163,HIGH,31.104999999999997,4312.778192991929,5036.976894088163,
2025-05-21 08:45:00,5266.45,4403.484325434358,4821.674841646409,5141.992817027536,HIGH,31.449166666666667,4403.484325434358,5141.992817027536,
2025-05-21 09:00:00,5350.586666666667,4484.103546573489,4907.758796340606,5235.694980849787,HIGH,31.793333333333333,4484.103546573489,5235.694980849786,
2025-05-21 09:15:00,5558.303333333333,4647.713876484157,5079.2056817828925,5422.288736282218,HIGH,32.2825,4647.713876484157,5422.288736282218,
2025-05-21 09:30:00,5769.93,4855.34406394123,5295.773957100892,5657.939992266572,HIGH,32.77166666666667,4855.34406394123,5657.939992266572,
2025-05-21 09:45:00,5934.56,4968.509201938177,5415.6941732622145,5788.263858639918,HIGH,33.26083333333333,4968.509201938178,5788.263858639918,
2025-05-21 10:00:00,6052.166666666667,5088.418588036916,5542.607496660325,5926.128006315976,HIGH,33.75,5088.418588036916,5926.128006315976,
2025-05-21 10:15:00,6157.72,5207.139760113639,5668.050553377458,6062.305772715091,HIGH,34.10916666666667,5207.139760113639,6062.305772715091,
2025-05-21 10:30:00,6254.2699999999995,5295.772070683727,5762.809982303211,6164.999623581543,HIGH,34.468333333333334,5295.772070683728,6164.999623581543,
2025-05-21 10:45:00,6386.923333333333,5377.685684523537,5850.8299971229135,6260.288155883666,HIGH,34.82749999999999,5377.685684523537,6260.288155883666,
2025-05-21 11:00:00,6445.703333333334,5453.246292780699,5932.501083374847,6348.600233093826,HIGH,35.18666666666667,5453.246292780699,6348.600233093826,
2025-05-21 11:15:00,6508.486666666667,5515.707523181034,6000.572002984814,6422.030367148345,HIGH,35.611666666666665,5515.707523181034,6422.030367148345,
2025-05-21 11:30:00,6578.62,5580.018177715265,6070.722132288847,6497.670326107144,HIGH,36.03666666666666,5580.018177715265,6497.670326107144,
2025-05-21 11:45:00,6658.45,5633.448363674731,6129.931849445387,6561.346114210197,HIGH,36.461666666666666,5633.448363674732,6561.346114210197,
2025-05-21 12:00:00,6713.963333333333,5710.220451636691,6213.2527535857,6651.233523109147,HIGH,36.88666666666667,5710.220451636691,6651.233523109147,
2025-05-21 12:15:00,6787.94,5789.979460400763,6296.262800273308,6740.613925754443,HIGH,37.115833333333335,5789.979460400764,6740.613925754443,
2025-05-21 12:30:00,6816.336666666667,5878.379789107767,6388.356108952545,6839.850279142077,HIGH,37.345,5878.379789107767,6839.850279142077,
2025-05-21 12:45:00,6983.12,5953.544216768279,6467.143828641786,6924.566230616795,HIGH,37.57416666666667,5953.544216768279,6924.566230616795,
2025-05-21 13:00:00,6912.403333333333,5928.901823307802,6441.564219453243,6895.078941255344,HIGH,37.803333333333335,5928.901823307802,6895.078941255344,
2025-05-21 13:15:00,6942.169999999999,5950.301241810181,6461.97964713871,6915.936591073608,HIGH,37.88249999999999,5950.301241810181,6915.936591073607,
2025-05-21 13:30:00,7053.516666666666,6053.384790539383,6566.297316392336,7028.149226738114,HIGH,37.961666666666666,6053.384790539383,7028.149226738114,
2025-05-21 13:45:00,7177.490000000001,6152.453881960855,6666.7804409930195,7136.176963742355,HIGH,38.04083333333333,6152.453881960855,7136.176963742355,
2025-05-21 14:00:00,7306.303333333333,6288.842335621828,6805.753186293795,7286.116369006922,HIGH,38.12,6288.842335621828,7286.116369006921,
2025-05-21 14:15:00,7397.766666666666,6378.71531673085,6897.384589119715,7384.503053886016,HIGH,38.14666666666667,6378.71531673085,7384.503053886016,
2025-05-21 14:30:00,7465.71,6485.437604712655,7006.658885409071,7502.0954162092285,HIGH,38.17333333333333,6485.437604712655,7502.0954162092285,
2025-05-21 14:45:00,7564.889999999999,6569.018874751338,7096.209557679095,7597.701137053059,HIGH,38.2,6569.018874751339,7597.701137053059,
2025-05-21 15:00:00,7647.68,6579.941384587251,7109.361693027057,7610.451563868703,HIGH,38.22666666666667,6579.941384587251,7610.451563868703,
2025-05-21 15:15:00,7683.813333333334,6649.870273607935,7169.222647020555,7673.869849040416,HIGH,38.275000000000006,6649.870273607935,7673.869849040415,
2025-05-21 15:30:00,7700.263333333333,6660.076675935503,7167.665047832769,7670.510761580706,HIGH,38.32333333333333,6660.076675935503,7670.510761580706,
2025-05-21 15:45:00,7631.796666666666,6655.275992009042,7151.020340213149,7650.756143444289,HIGH,38.37166666666666,6655.275992009043,7650.756143444289,
2025-05-21 16:00:00,7597.293333333334,6627.569325077763,7111.196066479453,7605.798309442304,HIGH,38.419999999999995,6627.569325077764,7605.798309442304,
2025-05-21 16:15:00,7525.900000000001,6576.213606499312,7060.362454676611,7549.355552621593,HIGH,38.39249999999999,6576.213606499312,7549.355552621593,
2025-05-21 16:30:00,7452.53,6531.032425887012,7016.109547969899,7500.128004496608,HIGH,38.365,6531.032425887012,7500.128004496608,
2025-05-21 16:45:00,7378.786666666667,6451.546128183507,6936.9836615547665,7412.977027575975,HIGH,38.337500000000006,6451.546128183507,7412.977027575975,
2025-05-21 17:00:00,7217.38,6373.127334691837,6859.191393080178,7327.335825578035,HIGH,38.31,6373.127334691837,7327.335825578035,
2025-05-21 17:15:00,7106.599999999999,6291.262324245538,6780.975645950936,7241.397121697647,HIGH,38.16,6291.262324245538,7241.397121697647,
2025-05-21 17:30:00,6968.639999999999,6176.263821282229,6669.054457506965,7118.818309802822,HIGH,38.01,6176.263821282229,7118.818309802822,
2025-05-21 17:45:00,6843.016666666666,6063.071104486036,6559.187797569153,6998.545427785282,HIGH,37.86,6063.071104486037,6998.545427785282,
2025-05-21 18:00:00,6769.400000000001,5947.345295546972,6446.919813575285,6875.729178209151,HIGH,37.71,5947.345295546973,6875.729178209151,
2025-05-21 18:15:00,6604.156666666667,5884.63173157563,6372.215844176784,6793.293991200777,HIGH,37.285,5884.63173157563,6793.293991200776,
2025-05-21 18:30:00,6581.406666666667,5829.285128790336,6305.2173290404635,6719.327042690116,HIGH,36.86,5829.285128790336,6719.327042690116,
2025-05-21 18:45:00,6529.259999999999,5811.960958636549,6277.2950994436915,6687.993348303033,HIGH,36.435,5811.960958636549,6687.993348303033,
2025-05-21 19:00:00,6513.759999999999,5806.388579210201,6261.5355550679615,6669.985822385229,HIGH,36.01,5806.388579210201,6669.985822385228,
2025-05-21 19:15:00,6544.606666666667,5838.375301016256,6292.969454579641,6703.761174159629,HIGH,35.68083333333333,5838.375301016256,6703.761174159629,
2025-05-21 19:30:00,6495.013333333333,5879.3016297473005,6333.6523732028445,6747.692329463554,HIGH,35.35166666666667,5879.3016297473005,6747.692329463554,
2025-05-21 19:45:00,6107.356666666667,5918.999842901859,6373.156226965073,6790.423876394545,HIGH,35.0225,5918.999842901859,6790.423876394545,
2025-05-21 20:00:00,5094.106666666667,5926.758709569579,6380.019125017933,6797.6942201074735,HIGH,34.693333333333335,5926.758709569579,6797.694220107473,
2025-05-21 20:15:00,4328.12,6003.401609743587,6460.684972113683,6885.535871556738,HIGH,34.4775,6003.401609743587,6885.535871556738,
2025-05-21 20:30:00,3831.31,6049.0037087169885,6509.592752283708,6938.877522374079,HIGH,34.26166666666667,6049.0037087169885,6938.877522374079,
2025-05-21 20:45:00,3897.17,6097.170400461366,6561.130617261725,6995.16720390814,HIGH,34.045833333333334,6097.170400461367,6995.16720390814,
2025-05-21 21:00:00,4066.92,6143.226848249948,6610.493485454315,7049.171146345205,HIGH,33.830000000000005,6143.226848249948,7049.171146345204,
2025-05-21 21:15:00,4193.043333333334,6194.9299619051035,6664.885838772143,7108.708083381371,HIGH,33.571666666666665,6194.9299619051035,7108.708083381371,
2025-05-21 21:30:00,4308.9800000000005,6299.742106370804,6773.602216081062,7227.483603312208,HIGH,33.31333333333333,6299.742106370804,7227.483603312208,
2025-05-21 21:45:00,4533.570000000001,6458.824403160704,6937.813106483966,7406.770289709787,HIGH,33.055,6458.824403160704,7406.770289709787,
2025-05-21 22:00:00,4792.903333333333,6558.380334695114,7040.989918174883,7519.666061790531,HIGH,32.79666666666667,6558.380334695114,7519.66606179053,
2025-05-21 22:15:00,5060.68,6627.992332971633,7113.762347066236,7599.536712970761,HIGH,32.57333333333333,6627.992332971634,7599.53671297076,
2025-05-21 22:30:00,5309.003333333333,6712.677196381924,7206.124560271434,7700.204918800923,HIGH,32.35,6712.677196381924,7700.204918800923,
2025-05-21 22:45:00,5473.613333333334,6771.227624812741,7270.440740114837,7770.5594982109715,HIGH,32.126666666666665,6771.227624812741,7770.5594982109715,
2025-05-21 23:00:00,5582.013333333333,6784.258803587459,7285.285135073576,7787.485094244675,HIGH,31.903333333333332,6784.258803587459,7787.485094244675,
2025-05-21 23:15:00,5715.813333333334,6771.133858719722,7274.195851607661,7776.338015987731,HIGH,31.743333333333336,6771.133858719723,7776.338015987731,
2025-05-21 23:30:00,5758.046666666666,6728.342177206005,7232.54660259613,7731.965561757931,HIGH,31.583333333333332,6728.342177206005,7731.965561757931,
2025-05-21 23:45:00,5750.81,6673.189280514153,7178.041767457364,7673.6434296235275,HIGH,31.423333333333336,6673.189280514153,7673.6434296235275,
2025-05-22 00:00:00,5785.886666666666,6536.350126290493,7039.68987601156,7524.057298333661,HIGH,31.263333333333335,6536.350126290493,7524.057298333661,
2025-05-22 00:15:00,5863.533333333333,6442.410769848234,6945.395619845422,7422.503407487216,HIGH,31.0825,6442.410769848234,7422.503407487215,
2025-05-22 00:30:00,5867.283333333333,6349.572643374261,6851.993011566974,7321.956245540048,HIGH,30.901666666666667,6349.572643374261,7321.956245540047,
2025-05-22 00:45:00,5656.056666666666,6236.266901440875,6737.388646375633,7198.350976189872,HIGH,30.720833333333335,6236.266901440875,7198.350976189871,
2025-05-22 01:00:00,5501.223333333332,6119.972203256731,6619.468961065372,7071.160690701014,HIGH,30.540000000000003,6119.9722032567315,7071.160690701014,
2025-05-22 01:15:00,5442.849999999999,6017.137798957809,6514.708153135424,6958.3076628238505,HIGH,30.406666666666666,6017.137798957809,6958.3076628238505,
2025-05-22 01:30:00,5371.043333333334,5924.649008363413,6420.26975840404,6856.710324430434,HIGH,30.273333333333333,5924.6490083634135,6856.710324430434,
2025-05-22 01:45:00,5296.763333333333,5842.8751435737295,6336.526183101266,6766.768725842029,HIGH,30.14,5842.8751435737295,6766.768725842029,
2025-05-22 02:00:00,5217.586666666667,5746.196083097814,6237.241731875317,6659.906648458146,HIGH,30.006666666666668,5746.196083097814,6659.906648458146,
2025-05-22 02:15:00,5184.93,5677.751742340226,6165.144389731596,6582.5982060856995,HIGH,29.916666666666668,5677.751742340227,6582.5982060856995,
2025-05-22 02:30:00,5102.143333333333,5586.778054464855,6069.694730717968,6479.851523777195,HIGH,29.826666666666668,5586.778054464855,6479.851523777195,
2025-05-22 02:45:00,5040.383333333333,5514.667227108055,5993.271270801637,6397.8113040479675,HIGH,29.736666666666665,5514.667227108055,6397.8113040479675,
2025-05-22 03:00:00,4909.913333333333,5443.458491732603,5917.4852073764005,6316.4466785155355,HIGH,29.64666666666667,5443.458491732603,6316.4466785155355,
2025-05-22 03:15:00,4891.1866666666665,5357.847404463639,5827.3873836388,6219.498193181018,HIGH,29.5125,5357.847404463639,6219.498193181018,
2025-05-22 03:30:00,4807.013333333333,5277.876744068172,5742.782631857218,6128.502480635293,HIGH,29.37833333333333,5277.876744068172,6128.502480635293,
2025-05-22 03:45:00,4770.806666666666,5208.020582018505,5668.255712300936,6048.4471955797535,HIGH,29.244166666666665,5208.020582018505,6048.4471955797535,
2025-05-22 04:00:00,4693.266666666666,5137.037281796254,5592.3020473645165,5966.798846307331,HIGH,29.11,5137.037281796254,5966.798846307331,
2025-05-22 04:15:00,4635.796666666666,5073.837215557356,5524.050861689698,5893.494325966819,HIGH,29.035833333333333,5073.837215557356,5893.494325966819,
2025-05-22 04:30:00,4586.636666666666,5023.082734422686,5468.283184216237,5833.735530530532,HIGH,28.961666666666666,5023.082734422686,5833.735530530531,
2025-05-22 04:45:00,4517.213333333333,4951.256470732078,5390.690846879408,5750.156418577362,HIGH,28.8875,4951.256470732078,5750.156418577362,
2025-05-22 05:00:00,4470.4766666666665,4898.914728047543,5332.807082943554,5687.982483943262,HIGH,28.813333333333333,4898.914728047543,5687.982483943262,
2025-05-22 05:15:00,4410.266666666666,4810.419858083088,5247.021625144653,5595.694446901054,HIGH,29.075,4810.419858083088,5595.694446901054,
2025-05-22 05:30:00,4385.599999999999,4713.29129021382,5152.178270092376,5493.477230241486,HIGH,29.336666666666666,4713.29129021382,5493.477230241486,
2025-05-22 05:45:00,4334.096666666667,4625.235057543072,5066.417951264667,5401.082894803816,HIGH,29.59833333333333,4625.235057543072,5401.082894803815,
2025-05-22 06:00:00,4308.849999999999,4564.68940694506,5008.63215994924,5339.0811526235875,HIGH,29.86,4564.689406945061,5339.0811526235875,
2025-05-22 06:15:00,4322.0,4573.975837141381,5011.384945786342,5342.548045622646,HIGH,29.985833333333332,4573.975837141381,5342.548045622646,
2025-05-22 06:30:00,4352.41,4536.159077317597,4965.748338846633,5293.241879730589,HIGH,30.111666666666668,4536.159077317597,5293.241879730588,
2025-05-22 06:45:00,4292.55,4505.247650521348,4927.034739941649,5251.395703251313,HIGH,30.2375,4505.247650521348,5251.395703251312,
2025-05-22 07:00:00,4319.25,4489.823892060392,4904.047576403991,5226.594618404659,HIGH,30.363333333333333,4489.823892060392,5226.594618404659,
2025-05-22 07:15:00,4291.026666666667,4480.018632461325,4894.964796241301,5217.146861940763,HIGH,30.70583333333333,4480.018632461326,5217.146861940763,
2025-05-22 07:30:00,4273.0,4479.632425108581,4895.429510447414,5218.012710371718,HIGH,31.048333333333332,4479.632425108581,5218.012710371717,
2025-05-22 07:45:00,4245.0,4483.162489895481,4899.82555865383,5223.0753890362275,HIGH,31.390833333333333,4483.162489895481,5223.0753890362275,
2025-05-22 08:00:00,4222.82,4480.1683675034965,4897.481673023031,5220.7134712151565,HIGH,31.733333333333334,4480.1683675034965,5220.7134712151565,
2025-05-22 08:15:00,4278.363333333334,4498.546327787613,4919.852872666277,5245.283670757813,HIGH,31.986666666666668,4498.546327787613,5245.283670757813,
2025-05-22 08:30:00,4305.133333333334,4521.2468680712345,4946.62668803968,5274.563776948146,HIGH,32.239999999999995,4521.246868071235,5274.5637769481455,
2025-05-22 08:45:00,4392.16,4557.547466221082,4987.320596413378,5318.919000672545,HIGH,32.49333333333333,4557.547466221082,5318.919000672545,
2025-05-22 09:00:00,4446.389999999999,4634.473710604066,5069.623496797904,5408.5035952966355,HIGH,32.74666666666667,4634.473710604066,5408.5035952966355,
2025-05-22 09:15:00,4629.736666666667,4829.126107974825,5272.852803495804,5629.708416343845,HIGH,33.23833333333334,4829.126107974825,5629.708416343845,
2025-05-22 09:30:00,4814.636666666666,5033.663764905999,5486.254791386386,5861.911584436334,HIGH,33.730000000000004,5033.663764905999,5861.911584436334,
2025-05-22 09:45:00,4926.693333333334,5181.52743753102,5641.701102770577,6030.9233784192975,HIGH,34.221666666666664,5181.52743753102,6030.9233784192975,
2025-05-22 10:00:00,5033.613333333334,5299.649725148885,5766.784705361031,6166.794959625319,HIGH,34.71333333333333,5299.649725148885,6166.794959625319,
2025-05-22 10:15:00,5108.18,5410.149267781215,5882.731933404622,6292.593426259807,HIGH,35.318333333333335,5410.149267781215,6292.593426259807,
2025-05-22 10:30:00,5178.75,5512.965706323073,5990.935668738593,6409.889790866051,HIGH,35.923333333333325,5512.965706323073,6409.889790866051,
2025-05-22 10:45:00,5263.53,5645.829064155758,6130.04246650604,6560.773504361901,HIGH,36.52833333333333,5645.829064155758,6560.7735043619,
2025-05-22 11:00:00,5272.46,5714.623835707308,6203.708237502854,6640.329451335954,HIGH,37.13333333333333,5714.623835707308,6640.329451335954,
2025-05-22 11:15:00,5378.099999999999,5774.389234525894,6266.862803429545,6708.328995478167,HIGH,37.43333333333333,5774.389234525895,6708.328995478167,
2025-05-22 11:30:00,5429.18,5842.768258098473,6339.022105961221,6786.080265262898,HIGH,37.733333333333334,5842.768258098473,6786.080265262898,
2025-05-22 11:45:00,5475.383333333334,5912.195468307208,6412.454150170092,6865.167492114483,HIGH,38.03333333333333,5912.195468307208,6865.167492114483,
2025-05-22 12:00:00,5550.81,5969.653464852683,6473.844095034837,6931.095400863983,HIGH,38.333333333333336,5969.653464852684,6931.095400863983,
2025-05-22 12:15:00,5593.963333333333,6035.440856317097,6542.189930051837,7004.4936930120275,HIGH,38.5125,6035.440856317097,7004.4936930120275,
2025-05-22 12:30:00,5636.2266666666665,6067.409333555506,6576.146115641018,7040.405923237527,HIGH,38.69166666666667,6067.409333555506,7040.405923237527,
2025-05-22 12:45:00,5622.486666666667,6195.346713834944,6708.606052617047,7183.558154415716,HIGH,38.87083333333334,6195.346713834945,7183.558154415716,
2025-05-22 13:00:00,5523.926666666666,6126.935302217051,6640.289353145861,7108.03920408965,HIGH,39.050000000000004,6126.935302217051,7108.0392040896495,
2025-05-22 13:15:00,5466.889999999999,6140.2855767227675,6655.588059860374,7123.544658162483,HIGH,39.0325,6140.285576722768,7123.544658162483,
2025-05-22 13:30:00,5446.123333333333,6230.982727325362,6750.348310434112,7225.569177037558,HIGH,39.015,6230.982727325362,7225.569177037558,
2025-05-22 13:45:00,5573.113333333334,6338.873127466494,6862.987527341898,7347.054816775351,HIGH,38.9975,6338.873127466494,7347.054816775351,
2025-05-22 14:00:00,5695.05,6451.055529828749,6980.301301877242,7473.627511652951,HIGH,38.98,6451.055529828749,7473.6275116529505,
2025-05-22 14:15:00,5830.293333333334,6536.441222306284,7070.103418324335,7570.229238078057,HIGH,38.965833333333336,6536.441222306284,7570.229238078057,
2025-05-22 14:30:00,5930.413333333333,6610.004152667772,7148.086444063792,7653.967531774325,HIGH,38.95166666666667,6610.004152667772,7653.967531774325,
2025-05-22 14:45:00,5982.97,6696.574515072986,7240.095032069923,7752.067048256106,HIGH,38.9375,6696.574515072987,7752.067048256106,
2025-05-22 15:00:00,6067.77,6768.066375236135,7318.199288972669,7834.866887179913,HIGH,38.92333333333334,6768.066375236135,7834.866887179913,
2025-05-22 15:15:00,6082.533333333333,6812.660331749302,7360.186791115129,7878.8888102253,HIGH,38.90833333333333,6812.660331749303,7878.8888102253,
2025-05-22 15:30:00,6123.253333333334,6842.259729779065,7386.128234681909,7905.603711447023,HIGH,38.89333333333334,6842.259729779065,7905.603711447022,
2025-05-22 15:45:00,6136.973333333332,6801.8982416723,7339.902647652323,7853.87832541518,HIGH,38.87833333333334,6801.898241672301,7853.8783254151795,
2025-05-22 16:00:00,6090.106666666667,6780.4239059598185,7313.287396842158,7823.547939097491,HIGH,38.86333333333334,6780.4239059598185,7823.547939097491,
2025-05-22 16:15:00,6044.316666666667,6743.300080289839,7264.087749960486,7768.424494254588,HIGH,38.7325,6743.300080289839,7768.424494254588,
2025-05-22 16:30:00,6004.553333333333,6703.498727027638,7212.405620714243,7710.646444434047,HIGH,38.601666666666674,6703.498727027638,7710.646444434046,
2025-05-22 16:45:00,5958.69,6656.268441259184,7153.367693768181,7644.91118470262,HIGH,38.47083333333333,6656.268441259184,7644.91118470262,
2025-05-22 17:00:00,5907.446666666667,6553.112402073319,7037.310837045563,7517.139759149386,HIGH,38.34,6553.112402073319,7517.139759149386,
2025-05-22 17:15:00,5836.709999999999,6469.956220990106,6945.1951370625575,7415.616706352474,HIGH,38.2025,6469.956220990107,7415.616706352474,
2025-05-22 17:30:00,5778.87,6364.9520550763955,6830.928662986564,7290.036581369395,HIGH,38.065000000000005,6364.9520550763955,7290.036581369395,
2025-05-22 17:45:00,5687.426666666666,6268.74852605647,6725.878395442875,7174.561455632211,HIGH,37.9275,6268.74852605647,7174.561455632211,
2025-05-22 18:00:00,5613.006666666667,6202.422733951107,6651.610631681641,7092.680160110983,HIGH,37.79,6202.422733951107,7092.680160110983,
2025-05-22 18:15:00,5523.080000000001,6060.27554214759,6507.437786800249,6935.015084907123,HIGH,37.47333333333333,6060.27554214759,6935.015084907123,
2025-05-22 18:30:00,5489.736666666667,6016.714953420901,6464.36562796082,6887.525681666779,HIGH,37.15666666666666,6016.714953420901,6887.525681666779,
2025-05-22 18:45:00,5447.2300000000005,5963.365457869783,6411.418114009516,6829.36118222292,HIGH,36.84,5963.365457869783,6829.36118222292,
2025-05-22 19:00:00,5411.47,5941.5070074338255,6390.8433211935435,6806.531585997677,HIGH,36.52333333333333,5941.5070074338255,6806.531585997677,
2025-05-22 19:15:00,5424.009999999999,5963.568300839942,6413.193183920383,6830.452758868676,HIGH,36.17416666666667,5963.568300839943,6830.452758868676,
2025-05-22 19:30:00,5459.786666666667,5926.784739785567,6375.390943906667,6788.951894209114,HIGH,35.825,5926.784739785567,6788.951894209114,
2025-05-22 19:45:00,5480.846666666667,5664.809923244267,6107.104974723949,6496.538577768318,HIGH,35.47583333333333,5664.809923244267,6496.538577768317,
2025-05-22 20:00:00,5463.786666666667,4970.0598030589435,5395.7821488131885,5721.7428073981355,HIGH,35.126666666666665,4970.0598030589435,5721.7428073981355,
2025-05-22 20:15:00,5449.723333333333,4599.690963715276,5018.05627723797,5310.370189528537,HIGH,34.9225,4599.690963715276,5310.370189528537,
2025-05-22 20:30:00,5453.433333333333,4360.95234039931,4775.123062276173,5045.871355429418,HIGH,34.71833333333334,4360.952340399311,5045.871355429418,
2025-05-22 20:45:00,5493.606666666667,4413.104508201229,4830.022714819496,5105.7964647668705,HIGH,34.51416666666667,4413.104508201229,5105.7964647668705,
2025-05-22 21:00:00,5502.97,4536.807787960275,4958.165550983516,5245.566254511547,HIGH,34.31,4536.807787960276,5245.566254511547,
2025-05-22 21:15:00,5550.5,4640.509760054116,5066.156307408238,5363.484647381865,HIGH,34.083333333333336,4640.509760054116,5363.484647381865,
2025-05-22 21:30:00,5662.876666666667,4746.719741397505,5176.663231105629,5484.222852725908,HIGH,33.85666666666666,4746.719741397505,5484.222852725908,
2025-05-22 21:45:00,5771.329999999999,4941.784240634485,5378.073871127356,5704.032856733843,HIGH,33.63,4941.784240634485,5704.032856733843,
2025-05-22 22:00:00,5857.136666666666,5142.4631973745,5585.144864839523,5930.082201919181,HIGH,33.40333333333333,5142.4631973745,5930.082201919181,
2025-05-22 22:15:00,5975.07,5350.447981636907,5800.309014990264,6165.043037071886,HIGH,33.170833333333334,5350.447981636907,6165.043037071886,
2025-05-22 22:30:00,6053.62,5542.24069098209,5998.7720554493435,6381.885795417703,HIGH,32.93833333333333,5542.24069098209,6381.885795417703,
2025-05-22 22:45:00,6156.956666666666,5669.725212811786,6131.253633466066,6526.940817477238,HIGH,32.70583333333333,5669.725212811786,6526.940817477238,
2025-05-22 23:00:00,6230.236666666667,5745.85051749393,6210.995479903577,6614.624727242717,HIGH,32.473333333333336,5745.85051749393,6614.624727242717,
2025-05-22 23:15:00,6254.806666666666,5833.485160235474,6303.068901790875,6715.8218638982025,HIGH,32.2675,5833.485160235474,6715.821863898202,
2025-05-22 23:30:00,6241.796666666666,5850.541257497423,6322.694802016953,6738.178064284154,HIGH,32.06166666666667,5850.541257497423,6738.178064284154,
2025-05-22 23:45:00,6223.53,5830.422493299181,6304.059663980945,6718.918042302433,HIGH,31.855833333333333,5830.422493299181,6718.918042302433,
2025-05-23 00:00:00,6138.266666666666,5753.2580603668775,6226.805736864725,6635.867611214043,HIGH,31.650000000000002,5753.2580603668775,6635.867611214043,
2025-05-23 00:15:00,6043.826666666667,5778.857887658626,6254.182933679802,6666.788406817751,HIGH,31.421666666666667,5778.857887658626,6666.788406817751,
2025-05-23 00:30:00,5951.990000000001,5749.092170732073,6224.638270746488,6635.7570053748605,HIGH,31.19333333333333,5749.092170732073,6635.75700537486,
2025-05-23 00:45:00,5855.486666666667,5568.862940847291,6040.795549208372,6436.725586852107,HIGH,30.965000000000003,5568.862940847291,6436.725586852107,
2025-05-23 01:00:00,5734.3,5423.990260439145,5892.897554191412,6276.863353935414,HIGH,30.736666666666668,5423.990260439145,6276.863353935414,
2025-05-23 01:15:00,5613.38,5349.587343989284,5816.886954462063,6195.306530913528,HIGH,30.535,5349.587343989284,6195.306530913528,
2025-05-23 01:30:00,5532.540000000001,5269.6872026475085,5734.978077385966,6107.3410608459135,HIGH,30.333333333333336,5269.6872026475085,6107.341060845913,
2025-05-23 01:45:00,5459.086666666667,5191.277264346081,5654.3192871915835,6020.746014204623,HIGH,30.131666666666668,5191.277264346081,6020.746014204623,
2025-05-23 02:00:00,5360.933333333333,5107.6668497571145,5568.055798182503,5928.050988411218,HIGH,29.930000000000003,5107.6668497571145,5928.050988411217,
2025-05-23 02:15:00,5280.003333333333,5059.668537540616,5517.970235919099,5874.751720159574,HIGH,29.79416666666667,5059.668537540616,5874.751720159573,
2025-05-23 02:30:00,5197.423333333333,4977.84260144818,5432.964615949847,5783.416938974089,HIGH,29.658333333333335,4977.84260144818,5783.416938974089,
2025-05-23 02:45:00,5109.123333333334,4910.538681897976,5362.540821904671,5707.948696742247,HIGH,29.522499999999997,4910.538681897976,5707.948696742247,
2025-05-23 03:00:00,5037.29,4796.235880001757,5243.71101103465,5579.747757922848,HIGH,29.386666666666667,4796.235880001758,5579.747757922848,
2025-05-23 03:15:00,4964.766666666666,4756.310399394049,5200.38839639332,5533.737488344627,HIGH,29.2025,4756.31039939405,5533.737488344627,
2025-05-23 03:30:00,4929.866666666666,4673.165344474719,5112.533540728719,5439.202411763504,HIGH,29.018333333333334,4673.165344474719,5439.202411763504,
2025-05-23 03:45:00,4850.746666666667,4624.11941814472,5059.31318134023,5382.3499766753,HIGH,28.83416666666667,4624.11941814472,5382.3499766753,
2025-05-23 04:00:00,4787.223333333332,4544.895803621318,4974.922670477406,5291.513899835111,HIGH,28.65,4544.895803621318,5291.513899835111,
2025-05-23 04:15:00,4746.086666666666,4476.759727937882,4900.539638217402,5211.4934571627555,HIGH,28.288333333333334,4476.759727937883,5211.4934571627555,
2025-05-23 04:30:00,4707.24,4419.853017666513,4837.39488760787,5143.662687333287,HIGH,27.926666666666666,4419.853017666514,5143.662687333287,
2025-05-23 04:45:00,4629.326666666667,4343.41589573633,4754.003609752154,5053.7301878473545,HIGH,27.564999999999998,4343.415895736331,5053.7301878473545,
2025-05-23 05:00:00,4594.473333333334,4288.1918156220745,4692.090651355677,4987.130119631707,HIGH,27.203333333333333,4288.1918156220745,4987.130119631707,
2025-05-23 05:15:00,4530.606666666667,4268.21179362312,4656.688712356524,4949.006854307184,HIGH,27.500833333333333,4268.21179362312,4949.006854307184,
2025-05-23 05:30:00,4475.113333333334,4266.087842929685,4639.350426725235,4930.489785558844,HIGH,27.798333333333332,4266.087842929685,4930.489785558844,
2025-05-23 05:45:00,4421.42,4252.2200194236275,4609.782502420001,4898.586089121608,HIGH,28.095833333333335,4252.220019423628,4898.586089121608,
2025-05-23 06:00:00,4394.763333333333,4263.586137712246,4605.85816744267,4894.536593608682,HIGH,28.393333333333334,4263.586137712246,4894.536593608682,
2025-05-23 06:15:00,4417.136666666666,4277.680194373797,4621.439405457051,4912.254832332957,HIGH,28.697499999999998,4277.680194373797,4912.254832332957,
2025-05-23 06:30:00,4427.366666666667,4293.196814089623,4638.31434374049,4931.304914354833,HIGH,29.001666666666665,4293.196814089623,4931.304914354833,
2025-05-23 06:45:00,4469.116666666666,4239.904441674918,4584.59217705871,4873.395561104153,HIGH,29.305833333333332,4239.904441674919,4873.395561104152,
2025-05-23 07:00:00,4451.623333333333,4252.593366060704,4598.294348039861,4888.830329509915,HIGH,29.61,4252.593366060704,4888.830329509914,
2025-05-23 07:15:00,4468.74,4240.927682642893,4589.103628317889,4879.328926318794,HIGH,30.179166666666664,4240.927682642893,4879.328926318794,
2025-05-23 07:30:00,4462.766666666666,4234.78727506075,4585.473759925636,4875.799672640672,HIGH,30.748333333333335,4234.787275060751,4875.799672640671,
2025-05-23 07:45:00,4506.913333333333,4224.935189559069,4577.965348746019,4867.962291195352,HIGH,31.3175,4224.935189559069,4867.962291195352,
2025-05-23 08:00:00,4508.176666666666,4225.903275000608,4581.4750250643865,4872.038803453036,HIGH,31.886666666666667,4225.903275000609,4872.038803453036,
2025-05-23 08:15:00,4535.473333333333,4284.347294964569,4643.430376221532,4939.665035452096,HIGH,32.3925,4284.347294964569,4939.665035452096,
2025-05-23 08:30:00,4569.066666666667,4326.215066451532,4688.391077245568,4988.69954560382,HIGH,32.89833333333333,4326.215066451532,4988.69954560382,
2025-05-23 08:45:00,4614.28,4406.524965436314,4772.706424651619,5080.507409018637,HIGH,33.40416666666666,4406.524965436315,5080.507409018637,
2025-05-23 09:00:00,4721.086666666667,4483.239795959126,4853.355384634732,5168.239742497774,HIGH,33.91,4483.239795959127,5168.239742497774,
2025-05-23 09:15:00,4899.106666666667,4668.027125921866,5045.04685759493,5376.828739799169,HIGH,34.40166666666667,4668.027125921866,5376.828739799169,
2025-05-23 09:30:00,5103.316666666667,4859.334288701213,5243.465319523407,5592.663724352107,HIGH,34.89333333333333,4859.334288701213,5592.663724352107,
2025-05-23 09:45:00,5214.830000000001,4980.394072073727,5370.030984158892,5730.173366381564,HIGH,35.385,4980.394072073727,5730.173366381564,
2025-05-23 10:00:00,5335.246666666667,5091.970802012908,5486.9754331000595,5857.130287406299,HIGH,35.87666666666667,5091.970802012908,5857.130287406299,
2025-05-23 10:15:00,5438.793333333333,5177.642015189502,5576.424062403178,5954.033432929436,HIGH,36.29416666666667,5177.642015189502,5954.033432929436,
2025-05-23 10:30:00,5519.43,5252.898655583794,5655.332584733728,6039.388962711712,HIGH,36.711666666666666,5252.898655583794,6039.388962711712,
2025-05-23 10:45:00,5591.456666666666,5339.130053704157,5745.617136580717,6137.0668970888255,HIGH,37.12916666666666,5339.130053704158,6137.0668970888255,
2025-05-23 11:00:00,5655.786666666667,5369.019459742097,5778.371535248539,6172.0320084924115,HIGH,37.54666666666666,5369.019459742097,6172.0320084924115,
2025-05-23 11:15:00,5753.913333333333,5457.8144284989785,5870.888655732266,6271.9946028429085,HIGH,37.85666666666667,5457.814428498979,6271.9946028429085,
2025-05-23 11:30:00,5819.003333333334,5508.106677895457,5924.170443160882,6329.175473516922,HIGH,38.16666666666667,5508.106677895457,6329.175473516922,
2025-05-23 11:45:00,5860.580000000001,5559.194936724955,5978.466780633309,6387.4111304969965,HIGH,38.47666666666667,5559.194936724955,6387.411130496996,
2025-05-23 12:00:00,5864.096666666667,5628.667438623969,6051.798405913267,6466.3307526538465,HIGH,38.78666666666667,5628.66743862397,6466.3307526538465,
2025-05-23 12:15:00,5927.836666666667,5669.962888095803,6095.427536816582,6512.825327022625,HIGH,38.97083333333333,5669.962888095803,6512.825327022625,
2025-05-23 12:30:00,5939.3,5712.188421067673,6140.24478015859,6560.578032067819,HIGH,39.155,5712.188421067673,6560.578032067819,
2025-05-23 12:45:00,5979.37,5718.450587059085,6148.48691815785,6568.469825399666,HIGH,39.33916666666667,5718.450587059086,6568.469825399666,
2025-05-23 13:00:00,5889.256666666667,5623.526086768052,6053.384163512406,6463.793633412014,HIGH,39.52333333333333,5623.526086768052,6463.793633412014,
2025-05-23 13:15:00,5891.849999999999,5574.287544881194,6004.2419385029325,6409.110114961575,HIGH,39.483333333333334,5574.287544881194,6409.110114961575,
2025-05-23 13:30:00,5959.093333333333,5580.237233521362,6011.874127738643,6416.239370833895,HIGH,39.44333333333334,5580.237233521362,6416.239370833895,
2025-05-23 13:45:00,6108.366666666666,5695.364717265704,6131.5636617276805,6545.390027943646,HIGH,39.403333333333336,5695.364717265704,6545.390027943646,
2025-05-23 14:00:00,6215.766666666667,5805.286327573366,6246.20335320315,6669.037865726375,HIGH,39.36333333333334,5805.286327573367,6669.037865726375,
2025-05-23 14:15:00,6354.62,5924.426608537133,6368.408879124946,6800.850234730567,HIGH,39.348333333333336,5924.426608537133,6800.850234730567,
2025-05-23 14:30:00,6429.996666666667,6023.95524491556,6470.820666900828,6911.114777720678,HIGH,39.333333333333336,6023.95524491556,6911.114777720677,
2025-05-23 14:45:00,6496.253333333334,6085.507108672097,6534.636476372811,6979.36136311548,HIGH,39.31833333333333,6085.507108672098,6979.36136311548,
2025-05-23 15:00:00,6589.94,6163.823830983532,6621.07797722412,7073.374735613723,HIGH,39.303333333333335,6163.823830983532,7073.374735613723,
2025-05-23 15:15:00,6560.166666666667,6183.116826098145,6645.9352040014855,7100.2956054989045,HIGH,39.21,6183.116826098145,7100.295605498904,
2025-05-23 15:30:00,6591.983333333334,6204.747141119162,6670.073287562633,7126.942380773295,HIGH,39.11666666666667,6204.747141119162,7126.942380773295,
2025-05-23 15:45:00,6577.349999999999,6195.339362633435,6664.3945747098505,7120.914949197771,HIGH,39.023333333333326,6195.339362633435,7120.914949197771,
2025-05-23 16:00:00,6488.723333333332,6149.3615935502885,6625.501237086179,7080.254001983258,HIGH,38.93,6149.361593550289,7080.254001983258,
2025-05-23 16:15:00,6417.04,6069.390008792815,6550.893613498255,7000.719874872882,HIGH,38.24416666666666,6069.390008792816,7000.7198748728815,
2025-05-23 16:30:00,6378.2266666666665,5983.0801607422145,6470.036956045693,6914.431983765126,HIGH,37.55833333333333,5983.0801607422145,6914.431983765126,
2025-05-23 16:45:00,6314.206666666666,5868.948703035683,6356.599737274893,6793.331521970718,HIGH,36.8725,5868.948703035683,6793.331521970718,
2025-05-23 17:00:00,6286.106666666667,5739.416270814595,6227.405002557269,6654.18670393659,HIGH,36.18666666666667,5739.416270814596,6654.18670393659,
2025-05-23 17:15:00,6232.54,5653.053795761598,6121.15941469254,6538.155000894104,HIGH,35.91833333333334,5653.053795761598,6538.155000894104,
2025-05-23 17:30:00,6119.243333333333,5590.574806418059,6039.8923843829625,6449.238388109125,HIGH,35.65,5590.574806418059,6449.238388109125,
2025-05-23 17:45:00,6057.06,5531.868015735323,5965.271312446033,6367.263269832371,HIGH,35.38166666666666,5531.868015735323,6367.2632698323705,
2025-05-23 18:00:00,5953.543333333334,5474.966854440793,5888.148922054228,6283.278082080011,HIGH,35.11333333333333,5474.966854440793,6283.278082080011,
2025-05-23 18:15:00,5856.073333333334,5379.154770014285,5789.210382134801,6174.9942878696265,HIGH,34.70583333333333,5379.154770014285,6174.9942878696265,
2025-05-23 18:30:00,5758.703333333334,5334.205918763338,5741.814456769433,6123.015885436783,HIGH,34.29833333333333,5334.205918763338,6123.015885436783,
2025-05-23 18:45:00,5729.98,5290.73526472218,5697.903281614935,6074.65362177405,HIGH,33.89083333333333,5290.73526472218,6074.65362177405,
2025-05-23 19:00:00,5665.509999999999,5251.923480565315,5658.892704565038,6031.709111684642,HIGH,33.483333333333334,5251.923480565315,6031.709111684642,
2025-05-23 19:15:00,5699.126666666667,5258.922592871111,5664.440783568489,6037.719066312457,HIGH,33.160833333333336,5258.922592871111,6037.719066312457,
2025-05-23 19:30:00,5722.56,5247.135933267451,5635.560673460061,6008.482170259936,HIGH,32.83833333333333,5247.135933267451,6008.482170259936,
2025-05-23 19:45:00,5730.596666666667,5210.153574451351,5598.7113488841715,5968.141764057432,HIGH,32.51583333333333,5210.153574451352,5968.141764057432,
2025-05-23 20:00:00,5697.566666666667,5064.163774764957,5450.314898956333,5806.411313880981,HIGH,32.193333333333335,5064.163774764958,5806.411313880981,
2025-05-23 20:15:00,5733.79,4978.561379943359,5364.14715606888,5712.5455794981635,HIGH,32.01083333333334,4978.561379943359,5712.5455794981635,
2025-05-23 20:30:00,5748.19,4897.324416224874,5282.472017754875,5623.656835860095,HIGH,31.82833333333333,4897.324416224874,5623.656835860095,
2025-05-23 20:45:00,5782.526666666668,4906.008477728795,5292.866848983611,5635.116182368951,HIGH,31.645833333333332,4906.008477728795,5635.116182368951,
2025-05-23 21:00:00,5798.900000000001,4904.856294639391,5293.176417553078,5635.675508037201,HIGH,31.46333333333333,4904.856294639391,5635.6755080372,
2025-05-23 21:15:00,5887.736666666667,4961.651698674692,5354.219996773803,5702.506751523699,HIGH,31.323333333333334,4961.651698674692,5702.506751523699,
2025-05-23 21:30:00,6005.43,5066.448189741526,5464.357831667409,5822.8813587472105,HIGH,31.183333333333334,5066.448189741526,5822.8813587472105,
2025-05-23 21:45:00,6118.206666666666,5182.254484895354,5585.698071434213,5955.533014227362,HIGH,31.043333333333333,5182.254484895354,5955.533014227362,
2025-05-23 22:00:00,6181.29,5283.261336393742,5691.797891870355,6071.663063233545,HIGH,30.903333333333332,5283.261336393742,6071.663063233545,
2025-05-23 22:15:00,6268.403333333333,5418.841950363705,5832.831031132208,6225.895206845423,HIGH,30.89,5418.841950363705,6225.895206845423,
2025-05-23 22:30:00,6392.139999999999,5517.496706793774,5935.934777039169,6338.891666818383,HIGH,30.876666666666665,5517.496706793775,6338.891666818383,
2025-05-23 22:45:00,6443.206666666666,5622.995283629341,6046.8966756066175,6460.371692978503,HIGH,30.863333333333333,5622.995283629341,6460.371692978502,
2025-05-23 23:00:00,6529.456666666666,5706.76777320509,6138.10079046844,6560.024412167955,HIGH,30.85,5706.76777320509,6560.024412167955,
2025-05-23 23:15:00,6563.693333333334,5744.253530642518,6179.328537983763,6605.652829497192,HIGH,30.719166666666666,5744.253530642518,6605.652829497191,
2025-05-23 23:30:00,6566.360000000001,5734.58941492198,6170.878205570189,6597.408444912009,HIGH,30.588333333333335,5734.58941492198,6597.408444912009,
2025-05-23 23:45:00,6543.875,5718.655465800274,6155.808948357209,6582.0061083482815,HIGH,30.4575,5718.655465800274,6582.0061083482815,
2025-05-24 00:00:00,6465.986666666667,5577.535350487931,5966.84024701761,6454.014408257892,HIGH,30.326666666666668,5577.535350487931,6454.014408257891,
2025-05-24 00:15:00,6374.096666666667,5503.193796545751,5891.892459089701,6373.503266927436,HIGH,30.127499999999998,5503.193796545751,6373.503266927436,
2025-05-24 00:30:00,6276.833333333333,5422.316513790314,5810.017218681287,6285.483852013735,HIGH,29.928333333333335,5422.316513790314,6285.483852013735,
2025-05-24 00:45:00,6178.606666666667,5311.141648626721,5696.8758095454195,6163.44618242296,HIGH,29.729166666666664,5311.141648626721,6163.44618242296,
2025-05-24 01:00:00,6076.06,5187.5335247619105,5570.749531078686,6027.293354903854,HIGH,29.529999999999998,5187.5335247619105,6027.293354903854,
2025-05-24 01:15:00,5996.266666666666,5078.5366069684105,5458.960491452034,5906.761020954898,HIGH,29.358333333333334,5078.5366069684105,5906.7610209548975,
2025-05-24 01:30:00,5895.696666666667,4999.5432823708625,5377.620687634389,5819.402491927921,HIGH,29.186666666666664,4999.543282370863,5819.40249192792,
2025-05-24 01:45:00,5812.213333333333,4924.534587496119,5300.084889496392,5736.195604610771,HIGH,29.015,4924.5345874961195,5736.195604610771,
2025-05-24 02:00:00,5730.966666666667,4829.623458475764,5201.89179276025,5630.4964527776,HIGH,28.843333333333334,4829.623458475764,5630.4964527776,
2025-05-24 02:15:00,5646.866666666666,4756.247252071389,5125.8230731347785,5548.901518909268,HIGH,28.738333333333337,4756.247252071389,5548.901518909268,
2025-05-24 02:30:00,5565.37,4675.6670862244455,5042.092935050901,5458.955737852821,HIGH,28.633333333333333,4675.6670862244455,5458.955737852821,
2025-05-24 02:45:00,5488.316666666667,4592.821961855221,4955.757278208157,5366.159472594957,HIGH,28.528333333333336,4592.821961855221,5366.159472594957,
2025-05-24 03:00:00,5401.213333333333,4514.057356258015,4873.3132501759565,5277.582661437714,HIGH,28.423333333333336,4514.057356258015,5277.582661437714,
2025-05-24 03:15:00,5331.14,4443.610264626067,4799.100454688359,5197.945756196021,HIGH,28.240833333333335,4443.610264626067,5197.945756196021,
2025-05-24 03:30:00,5278.9800000000005,4391.6496425207,4743.533152128506,5138.584613850906,HIGH,28.058333333333334,4391.649642520701,5138.584613850906,
2025-05-24 03:45:00,5203.673333333333,4319.843028370381,4667.368633237738,5056.758762559805,HIGH,27.875833333333336,4319.843028370381,5056.758762559805,
2025-05-24 04:00:00,5135.84,4251.427557256343,4594.4034112533545,4978.377608392525,HIGH,27.693333333333335,4251.427557256343,4978.377608392525,
2025-05-24 04:15:00,5069.5233333333335,4201.677063483366,4540.641312717278,4920.877267781792,HIGH,27.561666666666667,4201.677063483366,4920.877267781792,
2025-05-24 04:30:00,4992.650000000001,4157.959348669111,4492.79697070996,4869.772546671954,HIGH,27.43,4157.959348669111,4869.772546671953,
2025-05-24 04:45:00,4943.743333333333,4082.0199783844923,4411.71217128106,4782.415702319288,HIGH,27.298333333333332,4082.0199783844923,4782.415702319288,
2025-05-24 05:00:00,4887.366666666666,4040.6246549112734,4365.754640984984,4733.25499923955,HIGH,27.166666666666664,4040.624654911274,4733.25499923955,
2025-05-24 05:15:00,4823.733333333334,3979.9352370702773,4304.844084985143,4667.927938230812,HIGH,27.384166666666665,3979.9352370702777,4667.927938230812,
2025-05-24 05:30:00,4731.913333333333,3930.615076340725,4255.3556575388775,4614.974451422488,HIGH,27.601666666666667,3930.615076340725,4614.974451422487,
2025-05-24 05:45:00,4643.7266666666665,3879.626975797284,4203.953835577367,4559.86872969236,HIGH,27.819166666666668,3879.626975797284,4559.868729692359,
2025-05-24 06:00:00,4621.453333333334,3855.269977456771,4179.626085649647,4534.175004952367,HIGH,28.03666666666667,3855.269977456771,4534.175004952366,
2025-05-24 06:15:00,4619.256666666667,3868.3534150086343,4193.453859114053,4549.958160499315,HIGH,28.25583333333333,3868.3534150086343,4549.9581604993145,
2025-05-24 06:30:00,4588.213333333333,3878.071968444279,4203.673704986959,4561.735285236146,HIGH,28.475,3878.071968444279,4561.735285236146,
2025-05-24 06:45:00,4521.95,3895.0539583393524,4221.183203098948,4581.3716750266,HIGH,28.694166666666668,3895.053958339353,4581.3716750266,
2025-05-24 07:00:00,4502.796666666666,3883.189542374891,4209.027694018932,4568.621862838184,HIGH,28.913333333333334,3883.189542374891,4568.621862838184,
2025-05-24 07:15:00,4526.283333333334,3886.37846360018,4214.68649041431,4575.278806945338,HIGH,29.326666666666668,3886.37846360018,4575.278806945338,
2025-05-24 07:30:00,4503.753333333333,3881.8437151154317,4212.341205034753,4573.135684629856,HIGH,29.740000000000002,3881.8437151154317,4573.135684629855,
2025-05-24 07:45:00,4473.283333333333,3912.3957955842407,4245.841228738037,4609.943720316931,HIGH,30.153333333333332,3912.3957955842407,4609.943720316931,
2025-05-24 08:00:00,4467.423333333333,3906.0379298807347,4241.490858782371,4605.447860092621,HIGH,30.566666666666666,3906.0379298807347,4605.447860092621,
2025-05-24 08:15:00,4513.29,3927.9236221007004,4266.73470766444,4633.120815664656,HIGH,30.947499999999998,3927.923622100701,4633.120815664656,
2025-05-24 08:30:00,4551.583333333333,3946.041562775733,4288.097886198073,4656.483177033713,HIGH,31.328333333333333,3946.0415627757334,4656.483177033713,
2025-05-24 08:45:00,4584.043333333334,3993.2664261729524,4339.257861557855,4712.210390832851,HIGH,31.70916666666667,3993.2664261729524,4712.21039083285,
2025-05-24 09:00:00,4633.349999999999,4083.147339853718,4434.105658147305,4815.430821130996,HIGH,32.089999999999996,4083.1473398537187,4815.430821130996,
2025-05-24 09:15:00,4768.17,4253.108418959112,4610.25790285546,5007.084814633824,HIGH,32.5325,4253.108418959112,5007.084814633824,
2025-05-24 09:30:00,4912.706666666666,4443.481958638487,4807.361103679055,5221.474699579994,HIGH,32.975,4443.481958638487,5221.474699579994,
2025-05-24 09:45:00,5026.733333333334,4556.332313597649,4925.162173825503,5349.426915868944,HIGH,33.4175,4556.332313597649,5349.426915868944,
2025-05-24 10:00:00,5171.9766666666665,4674.308996164151,5048.299843285135,5483.115475869629,HIGH,33.86,4674.308996164152,5483.115475869629,
2025-05-24 10:15:00,5262.906666666667,4786.993670997041,5165.04683464916,5609.733765396848,HIGH,34.41666666666667,4786.993670997041,5609.733765396848,
2025-05-24 10:30:00,5335.5199999999995,4873.755361661619,5255.375431799949,5707.512979948019,HIGH,34.973333333333336,4873.755361661619,5707.512979948018,
2025-05-24 10:45:00,5384.116666666667,4965.489862981885,5350.934964865081,5810.92259044684,HIGH,35.53,4965.489862981886,5810.92259044684,
2025-05-24 11:00:00,5444.64,5038.473922681347,5427.452454280441,5893.532939987971,HIGH,36.086666666666666,5038.473922681347,5893.532939987971,
2025-05-24 11:15:00,5492.163333333333,5130.565822875632,5521.907653750672,5995.554983309144,HIGH,36.37583333333333,5130.565822875633,5995.554983309144,
2025-05-24 11:30:00,5616.496666666666,5197.835006578315,5591.133791317455,6070.048136145794,HIGH,36.665,5197.835006578315,6070.048136145794,
2025-05-24 11:45:00,5671.993333333333,5247.294620470247,5642.325156327662,6124.851357661854,HIGH,36.95416666666667,5247.294620470247,6124.851357661853,
2025-05-24 12:00:00,5746.513333333333,5273.5788859292015,5670.001020734107,6154.000723902964,HIGH,37.24333333333333,5273.578885929202,6154.000723902964,
2025-05-24 12:15:00,5870.143333333333,5326.023625043043,5724.326609853481,6212.118184460202,HIGH,37.379999999999995,5326.0236250430435,6212.118184460202,
2025-05-24 12:30:00,5937.063333333334,5340.582733169576,5738.272448482775,6225.834994736649,HIGH,37.516666666666666,5340.582733169576,6225.834994736648,
2025-05-24 12:45:00,5975.639999999999,5366.222602150504,5762.896116269243,6250.953668838817,HIGH,37.653333333333336,5366.222602150504,6250.953668838817,
2025-05-24 13:00:00,5922.586666666667,5277.052916488382,5670.22709694946,6148.315205561374,HIGH,37.79,5277.052916488382,6148.315205561374,
2025-05-24 13:15:00,5947.143333333333,5263.770223867664,5655.298161334683,6130.525490259138,HIGH,37.700833333333335,5263.770223867664,6130.525490259138,
2025-05-24 13:30:00,6054.836666666667,5314.32943717825,5706.003705663411,6184.1971632971245,HIGH,37.61166666666666,5314.32943717825,6184.197163297124,
2025-05-24 13:45:00,6112.57,5443.660910114152,5837.635886768816,6325.9888879003865,HIGH,37.522499999999994,5443.660910114153,6325.988887900386,
2025-05-24 14:00:00,6216.796666666666,5541.179500184485,5936.976638339806,6432.611697310419,HIGH,37.43333333333333,5541.179500184485,6432.611697310419,
2025-05-24 14:15:00,6361.7266666666665,5670.285001217081,6073.669315926288,6579.423000217283,HIGH,37.29333333333334,5670.285001217081,6579.423000217283,
2025-05-24 14:30:00,6446.003333333334,5738.071802500461,6146.655091204721,6657.036300536166,HIGH,37.153333333333336,5738.071802500462,6657.036300536166,
2025-05-24 14:45:00,6575.713333333333,5782.1321562745825,6195.182979426597,6708.091948732113,HIGH,37.013333333333335,5782.1321562745825,6708.091948732113,
2025-05-24 15:00:00,6598.82,5826.3825667752435,6245.551450756011,6760.978272111969,HIGH,36.873333333333335,5826.382566775244,6760.978272111968,
2025-05-24 15:15:00,6631.636666666666,5779.324133542626,6194.065646578962,6703.537668799638,HIGH,36.721666666666664,5779.324133542626,6703.537668799638,
2025-05-24 15:30:00,6616.37,5803.601837058195,6216.000520162365,6726.0670668639505,HIGH,36.57000000000001,5803.601837058195,6726.06706686395,
2025-05-24 15:45:00,6575.62,5799.351552128396,6208.903615547619,6717.0295062784535,HIGH,36.41833333333334,5799.351552128396,6717.0295062784535,
2025-05-24 16:00:00,6481.753333333334,5738.971688811245,6144.611166165595,6645.74531958347,HIGH,36.266666666666666,5738.971688811245,6645.745319583469,
2025-05-24 16:15:00,6430.856666666667,5683.214717929416,6086.036992408883,6580.75806956604,HIGH,35.969166666666666,5683.214717929416,6580.75806956604,
2025-05-24 16:30:00,6349.216666666667,5641.963299105564,6042.573232656809,6532.274883625525,HIGH,35.67166666666667,5641.963299105565,6532.274883625524,
2025-05-24 16:45:00,6256.52,5580.467254989427,5978.6323279450435,6461.545336947218,HIGH,35.37416666666667,5580.467254989427,6461.545336947218,
2025-05-24 17:00:00,6174.013333333333,5543.6983500143215,5940.248958766956,6418.705418209091,HIGH,35.07666666666667,5543.6983500143215,6418.705418209091,
2025-05-24 17:15:00,6092.886666666666,5484.776082389219,5880.132573044725,6352.285225501882,HIGH,34.805,5484.776082389219,6352.285225501882,
2025-05-24 17:30:00,6040.666666666667,5386.28107099097,5779.717918508233,6242.045333793824,HIGH,34.53333333333333,5386.281070990971,6242.045333793824,
2025-05-24 17:45:00,5943.16,5315.325307969726,5707.704998164877,6162.803486307137,HIGH,34.26166666666666,5315.325307969726,6162.803486307137,
2025-05-24 18:00:00,5833.373333333334,5223.360293738246,5614.373938014722,6060.417853631436,HIGH,33.99,5223.360293738247,6060.417853631436,
2025-05-24 18:15:00,5758.533333333333,5124.951337465078,5513.185630869992,5949.499052532699,HIGH,33.64000000000001,5124.951337465078,5949.499052532699,
2025-05-24 18:30:00,5742.366666666666,5044.6517324035285,5430.701374183513,5859.025964257847,HIGH,33.290000000000006,5044.651732403529,5859.025964257847,
2025-05-24 18:45:00,5695.893333333333,5010.300704516892,5395.408586251594,5820.023566891886,HIGH,32.94,5010.300704516892,5820.023566891885,
2025-05-24 19:00:00,5700.696666666667,4953.154103453278,5336.907164465635,5755.827961653708,HIGH,32.59,4953.154103453278,5755.827961653708,
2025-05-24 19:15:00,5706.0,4978.137172720016,5363.326600691193,5784.219240890006,HIGH,32.32,4978.137172720017,5784.219240890006,
2025-05-24 19:30:00,5755.753333333333,4996.349613380994,5382.910131133852,5805.249835958049,HIGH,32.050000000000004,4996.349613380994,5805.249835958049,
2025-05-24 19:45:00,5765.933333333333,5006.532911439854,5394.351365088733,5817.497861468799,HIGH,31.78,5006.532911439854,5817.497861468799,
2025-05-24 20:00:00,5766.046666666666,4971.254703661882,5359.306980271787,5779.207841823759,HIGH,31.51,4971.254703661882,5779.207841823759,
2025-05-24 20:15:00,5773.313333333333,4996.1213353645135,5386.242951922821,5808.512084129712,HIGH,31.3525,4996.1213353645135,5808.512084129712,
2025-05-24 20:30:00,5810.253333333333,5009.1955588432,5401.128324099012,5824.777763356211,HIGH,31.195,5009.195558843201,5824.777763356211,
2025-05-24 20:45:00,5842.783333333333,5046.134619533143,5440.452036687267,5867.740669736847,HIGH,31.037499999999998,5046.134619533143,5867.740669736847,
2025-05-24 21:00:00,5872.41,5060.290074118154,5456.434330329637,5885.367597382238,HIGH,30.88,5060.290074118155,5885.367597382238,
2025-05-24 21:15:00,5931.473333333332,5140.720946300551,5540.958341824583,5977.743478373311,HIGH,30.738333333333333,5140.720946300551,5977.743478373311,
2025-05-24 21:30:00,6018.37,5250.160666346135,5655.131404622185,6102.486890116939,HIGH,30.596666666666664,5250.160666346135,6102.486890116938,
2025-05-24 21:45:00,6135.443333333334,5351.598787880303,5761.04204744459,6218.310150426547,HIGH,30.455,5351.598787880303,6218.310150426547,
2025-05-24 22:00:00,6350.223333333332,5418.557390094556,5831.562825158768,6295.669052188645,HIGH,30.313333333333333,5418.557390094556,6295.669052188645,
2025-05-24 22:15:00,6518.173333333333,5520.982837658661,5937.931304617581,6412.125811810263,HIGH,30.343333333333334,5520.982837658662,6412.125811810263,
2025-05-24 22:30:00,6615.32,5638.609358845982,6059.740550009962,6545.467006148571,HIGH,30.37333333333333,5638.609358845982,6545.467006148571,
2025-05-24 22:45:00,6717.1033333333335,5709.978438211987,6134.049589221919,6627.146557426182,HIGH,30.403333333333332,5709.978438211987,6627.146557426182,
2025-05-24 23:00:00,6771.223333333332,5799.181583435533,6226.462440744064,6728.603635470907,HIGH,30.433333333333334,5799.181583435534,6728.603635470907,
2025-05-24 23:15:00,6797.363333333334,5831.70425985029,6261.031361805755,6767.140014993566,HIGH,30.336666666666662,5831.704259850291,6767.140014993566,
2025-05-24 23:30:00,6804.903333333333,5837.963130369634,6268.524408024142,6776.245194290263,HIGH,30.24,5837.963130369634,6776.245194290262,
2025-05-24 23:45:00,6777.02,5819.095863962157,6250.092502782804,6757.168153188872,HIGH,30.143333333333334,5819.095863962157,6757.168153188871,
2025-05-25 00:00:00,6745.193333333334,5677.723835552801,6106.0215147929,6601.31558447706,HIGH,30.046666666666667,5677.723835552801,6601.31558447706,
2025-05-25 00:15:00,6670.77,5592.501341000329,6019.2145334919,6507.864218461369,HIGH,29.84916666666667,5592.501341000329,6507.864218461369,
2025-05-25 00:30:00,6512.526666666668,5500.584817769768,5925.318024391303,6406.728078794723,HIGH,29.651666666666667,5500.584817769768,6406.728078794723,
2025-05-25 00:45:00,6231.623333333333,5407.289059526675,5829.763396997572,6303.816859634734,HIGH,29.454166666666666,5407.289059526675,6303.816859634734,
2025-05-25 01:00:00,5926.139999999999,5305.1686522171685,5724.918575304136,6190.813984686174,HIGH,29.256666666666664,5305.1686522171685,6190.813984686174,
2025-05-25 01:15:00,5620.78,5220.87952291046,5638.42660530699,6097.830166621728,HIGH,29.106666666666666,5220.87952291046,6097.830166621727,
2025-05-25 01:30:00,5167.333333333333,5129.640725317999,5544.549273771549,5996.818266412054,HIGH,28.956666666666667,5129.640725318,5996.818266412054,
2025-05-25 01:45:00,4743.33,5049.574828755908,5461.835659606689,5907.97273599702,HIGH,28.806666666666665,5049.574828755908,5907.97273599702,
2025-05-25 02:00:00,4296.693333333334,4967.1154995524785,5376.391338308294,5816.157004172512,HIGH,28.656666666666666,4967.1154995524785,5816.157004172512,
2025-05-25 02:15:00,4066.1966666666667,4886.351616125589,5292.758745447515,5726.325010240581,HIGH,28.566666666666663,4886.351616125589,5726.325010240581,
2025-05-25 02:30:00,3901.4466666666667,4809.234212462883,5212.57395648025,5640.240115361289,HIGH,28.476666666666667,4809.234212462883,5640.240115361289,
2025-05-25 02:45:00,3929.433333333333,4734.201219088798,5134.236750079337,5556.154164866179,HIGH,28.386666666666667,4734.201219088798,5556.154164866178,
2025-05-25 03:00:00,3875.433333333333,4654.172243742418,5050.498197059626,5466.167615636358,HIGH,28.296666666666667,4654.172243742418,5466.167615636358,
2025-05-25 03:15:00,3854.0066666666667,4581.5001993848855,4974.0073836890615,5384.04994828454,HIGH,28.115,4581.5001993848855,5384.04994828454,
2025-05-25 03:30:00,3823.6666666666665,4526.005738353206,4914.821960089109,5320.748671117286,HIGH,27.933333333333334,4526.005738353206,5320.748671117286,
2025-05-25 03:45:00,3796.28,4450.186694158304,4834.549314634298,5234.44906885176,HIGH,27.75166666666667,4450.186694158304,5234.44906885176,
2025-05-25 04:00:00,3812.8266666666664,4381.509137872533,4761.315756742728,5155.775696806687,HIGH,27.57,4381.509137872534,5155.775696806687,
2025-05-25 04:15:00,3807.286666666667,4324.295045423234,4699.552681505564,5089.549510439578,HIGH,27.559166666666666,4324.295045423234,5089.549510439578,
2025-05-25 04:30:00,3811.4300000000003,4259.467334779852,4629.735498858343,5014.503579845791,HIGH,27.548333333333336,4259.467334779852,5014.503579845791,
2025-05-25 04:45:00,3805.8933333333334,4211.77369596875,4577.210720962028,4958.235827013874,HIGH,27.537499999999998,4211.77369596875,4958.235827013873,
2025-05-25 05:00:00,3817.86,4165.795478964585,4526.201623973113,4903.561186499638,HIGH,27.526666666666667,4165.7954789645855,4903.561186499638,
2025-05-25 05:15:00,3854.943333333333,4100.210657810478,4464.231991087152,4837.221369328915,HIGH,27.7825,4100.210657810478,4837.221369328915,
2025-05-25 05:30:00,3844.3866666666668,4012.85456176521,4379.753552544406,4746.304329536666,HIGH,28.03833333333333,4012.85456176521,4746.304329536666,
2025-05-25 05:45:00,3809.236666666666,3928.4336142281823,4298.074591537183,4658.367373800808,HIGH,28.294166666666666,3928.4336142281823,4658.367373800808,
2025-05-25 06:00:00,3860.976666666667,3892.6877172380696,4266.039399421291,4624.420821229976,HIGH,28.55,3892.6877172380696,4624.420821229976,
2025-05-25 06:15:00,3840.0533333333333,3895.0406989237217,4267.443311161509,4626.623268306623,HIGH,28.791666666666668,3895.040698923722,4626.623268306623,
2025-05-25 06:30:00,3876.72,3870.5391516729396,4241.189422092839,4598.629365929411,HIGH,29.03333333333333,3870.5391516729396,4598.629365929411,
2025-05-25 06:45:00,3810.7900000000004,3830.7452839962334,4199.131473222611,4553.345669750332,HIGH,29.275,3830.745283996234,4553.345669750332,
2025-05-25 07:00:00,3830.0499999999997,3815.1012193118477,4181.668686424091,4534.765111059355,HIGH,29.51666666666667,3815.1012193118477,4534.765111059355,
2025-05-25 07:15:00,3738.4266666666667,3839.866761256286,4208.340593042972,4564.266998372871,HIGH,30.000833333333333,3839.866761256286,4564.266998372871,
2025-05-25 07:30:00,3750.693333333333,3821.1328711301626,4190.379403033293,4545.079811868522,HIGH,30.485,3821.1328711301626,4545.079811868522,
2025-05-25 07:45:00,3738.1066666666666,3820.5268547178143,4190.900095518365,4545.935006967839,HIGH,30.969166666666666,3820.526854717815,4545.9350069678385,
2025-05-25 08:00:00,3743.0766666666664,3824.126438507781,4195.666547144657,4551.32902830014,HIGH,31.453333333333333,3824.126438507781,4551.32902830014,
2025-05-25 08:15:00,3730.2566666666667,3864.0661930762117,4237.2388215691635,4596.706964464043,HIGH,31.855,3864.0661930762117,4596.706964464043,
2025-05-25 08:30:00,3702.536666666667,3903.2194355349598,4277.9827676877485,4641.098307760882,HIGH,32.25666666666667,3903.21943553496,4641.098307760882,
2025-05-25 08:45:00,3680.97,3939.092808213627,4315.364292621358,4681.74410582214,HIGH,32.65833333333333,3939.0928082136274,4681.74410582214,
2025-05-25 09:00:00,3607.3866666666668,4000.6262423744665,4379.032295383928,4750.933052563997,HIGH,33.06,4000.626242374467,4750.933052563996,
2025-05-25 09:15:00,3657.713333333333,4139.391588903384,4521.447933407948,4905.783972492214,HIGH,33.490833333333335,4139.391588903384,4905.783972492214,
2025-05-25 09:30:00,3742.75,4283.875839902479,4669.770529900199,5066.987866228632,HIGH,33.92166666666667,4283.875839902479,5066.987866228632,
2025-05-25 09:45:00,3838.1366666666668,4396.3651520722215,4785.405090984337,5192.516854061315,HIGH,34.352500000000006,4396.3651520722215,5192.516854061315,
2025-05-25 10:00:00,3943.48,4535.669475601317,4928.582210581138,5347.9644813695095,HIGH,34.78333333333334,4535.669475601317,5347.9644813695095,
2025-05-25 10:15:00,4112.21,4624.624800683527,5018.877680354918,5445.70037712534,HIGH,34.961666666666666,4624.624800683527,5445.70037712534,
2025-05-25 10:30:00,4143.27,4694.683749937318,5089.948948974406,5522.431676153521,HIGH,35.14,4694.683749937318,5522.43167615352,
2025-05-25 10:45:00,4199.8533333333335,4748.644637894904,5144.677740929996,5581.299918812583,HIGH,35.318333333333335,4748.644637894904,5581.299918812583,
2025-05-25 11:00:00,4229.57,4810.690147539108,5207.83956922377,5649.28927028649,HIGH,35.49666666666666,4810.690147539109,5649.28927028649,
2025-05-25 11:15:00,4277.2,4868.454792126999,5265.351952106595,5711.016676553846,HIGH,35.71083333333333,4868.454792126999,5711.016676553845,
2025-05-25 11:30:00,4340.326666666667,4974.260177275648,5372.236524731201,5826.455976192362,HIGH,35.925,4974.260177275648,5826.455976192361,
2025-05-25 11:45:00,4353.58,5034.049869943356,5432.207485661213,5890.75628063168,HIGH,36.13916666666667,5034.049869943356,5890.75628063168,
2025-05-25 12:00:00,4409.576666666667,5099.837774006488,5498.53229567508,5961.930459939524,HIGH,36.35333333333333,5099.837774006488,5961.930459939524,
2025-05-25 12:15:00,4449.6466666666665,5203.841299183229,5604.927606554481,6076.726302227899,HIGH,36.46666666666667,5203.84129918323,6076.726302227899,
2025-05-25 12:30:00,4479.66,5256.534775689443,5659.024969730855,6134.533940775547,HIGH,36.58,5256.534775689443,6134.533940775547,
2025-05-25 12:45:00,4501.849999999999,5292.729636225794,5696.476213191796,6174.183338518257,HIGH,36.693333333333335,5292.729636225794,6174.183338518256,
2025-05-25 13:00:00,4432.7699999999995,5234.695225149138,5637.7058926494,6109.022057819349,HIGH,36.806666666666665,5234.695225149138,6109.022057819349,
2025-05-25 13:15:00,4396.486666666667,5251.953677527324,5653.771647625837,6125.24780859412,HIGH,36.718333333333334,5251.9536775273245,6125.24780859412,
2025-05-25 13:30:00,4403.09,5344.710560884033,5747.406415898097,6225.931657859565,HIGH,36.629999999999995,5344.710560884033,6225.931657859565,
2025-05-25 13:45:00,4450.173333333333,5412.278637833195,5815.527281859649,6298.821781926817,HIGH,36.541666666666664,5412.278637833195,6298.821781926817,
2025-05-25 14:00:00,4484.17,5512.301528678713,5917.157200623911,6408.199734424548,HIGH,36.45333333333333,5512.301528678714,6408.199734424548,
2025-05-25 14:15:00,4530.900000000001,5652.4531098920415,6054.765838286794,6556.568838170286,HIGH,36.379999999999995,5652.453109892042,6556.568838170286,
2025-05-25 14:30:00,4582.45,5741.54308955467,6140.380698871783,6648.324264521086,HIGH,36.30666666666666,5741.54308955467,6648.324264521086,
2025-05-25 14:45:00,4615.986666666667,5857.611572136018,6253.904041033333,6770.48510864139,HIGH,36.233333333333334,5857.611572136018,6770.48510864139,
2025-05-25 15:00:00,4636.753333333333,5904.944322863577,6301.025813715701,6821.022744564148,HIGH,36.16,5904.944322863577,6821.022744564147,
2025-05-25 15:15:00,4651.696666666667,5933.310568633791,6332.926828794833,6854.811355009385,HIGH,36.05666666666667,5933.310568633791,6854.811355009384,
2025-05-25 15:30:00,4659.863333333334,5931.608160640008,6329.957526353072,6850.298319209915,HIGH,35.95333333333333,5931.608160640008,6850.298319209915,
2025-05-25 15:45:00,4665.343333333333,5903.062651362571,6299.782811305861,6816.192916107618,HIGH,35.85,5903.062651362571,6816.192916107617,
2025-05-25 16:00:00,4680.3966666666665,5820.978735339448,6215.0655226173085,6722.729973192165,HIGH,35.74666666666667,5820.978735339448,6722.729973192165,
2025-05-25 16:15:00,4670.4366666666665,5765.036830005557,6160.255085591701,6661.9820123874915,HIGH,35.630833333333335,5765.036830005557,6661.982012387491,
2025-05-25 16:30:00,4673.513333333333,5693.328358056376,6089.560953392575,6583.9855221172475,HIGH,35.51500000000001,5693.328358056376,6583.9855221172475,
2025-05-25 16:45:00,4646.923333333333,5603.799429237768,6000.871661111504,6486.4455533335595,HIGH,35.399166666666666,5603.799429237768,6486.4455533335595,
2025-05-25 17:00:00,4634.076666666667,5529.47015633133,5927.985190510893,6406.172326382296,HIGH,35.28333333333333,5529.47015633133,6406.172326382296,
2025-05-25 17:15:00,4622.72,5445.69906727496,5846.739791528828,6316.895991099132,HIGH,35.094166666666666,5445.699067274961,6316.895991099132,
2025-05-25 17:30:00,4609.093333333333,5373.230904373626,5777.285179185971,6240.524952736984,HIGH,34.90500000000001,5373.230904373626,6240.524952736983,
2025-05-25 17:45:00,4580.323333333334,5276.7307502341355,5683.431086547866,6137.651421286621,HIGH,34.715833333333336,5276.7307502341355,6137.651421286621,
2025-05-25 18:00:00,4590.043333333334,5167.3496413169505,5576.581010532833,6020.696935321289,HIGH,34.52666666666667,5167.3496413169505,6020.696935321289,
2025-05-25 18:15:00,4563.150000000001,5091.580090906773,5499.2908015944895,5935.828729630145,HIGH,34.21333333333334,5091.580090906773,5935.828729630145,
2025-05-25 18:30:00,4556.743333333333,5054.5074667912695,5461.783232185903,5894.360826142761,HIGH,33.900000000000006,5054.5074667912695,5894.36082614276,
2025-05-25 18:45:00,4560.446666666667,5013.894969503929,5420.798380868605,5849.185329955193,HIGH,33.586666666666666,5013.89496950393,5849.185329955193,
2025-05-25 19:00:00,4589.526666666667,5010.694443954984,5418.24839150265,5845.946410026238,HIGH,33.27333333333333,5010.694443954984,5845.946410026238,
2025-05-25 19:15:00,4654.31,5021.290806624308,5428.859884714905,5857.084495220805,HIGH,32.9825,5021.290806624308,5857.084495220805,
2025-05-25 19:30:00,4708.333333333333,5068.742085723739,5477.301487113085,5909.503199010152,HIGH,32.69166666666667,5068.742085723739,5909.503199010152,
2025-05-25 19:45:00,4747.816666666667,5081.781008232793,5490.588338968039,5923.722763239247,HIGH,32.40083333333333,5081.781008232793,5923.722763239247,
2025-05-25 20:00:00,4785.426666666666,5079.553771484651,5488.305078120054,5921.071277047111,HIGH,32.11,5079.553771484651,5921.07127704711,
2025-05-25 20:15:00,4819.063333333333,5086.171661561694,5497.275817530352,5930.836936223715,HIGH,31.95916666666667,5086.171661561694,5930.836936223715,
2025-05-25 20:30:00,4865.516666666666,5118.994464245779,5533.099514994239,5969.930017323565,HIGH,31.808333333333334,5118.994464245779,5969.930017323564,
2025-05-25 20:45:00,4897.333333333333,5154.483024548454,5571.656874896932,6012.083925208989,HIGH,31.6575,5154.483024548454,6012.083925208989,
2025-05-25 21:00:00,4912.106666666667,5188.510778260383,5608.704164470587,6052.67619909394,HIGH,31.506666666666664,5188.510778260384,6052.67619909394,
2025-05-25 21:15:00,4973.543333333334,5260.168992724137,5683.168176984762,6134.0583986984075,HIGH,31.364166666666666,5260.168992724137,6134.0583986984075,
2025-05-25 21:30:00,5091.406666666667,5355.2440572867845,5781.555873802966,6241.573202796526,HIGH,31.221666666666668,5355.2440572867845,6241.573202796526,
2025-05-25 21:45:00,5182.156666666667,5474.795857911986,5904.934094008645,6376.38032006027,HIGH,31.079166666666666,5474.795857911986,6376.38032006027,
2025-05-25 22:00:00,5235.586666666667,5643.276037564453,6078.319627136314,6565.7206294775415,HIGH,30.936666666666664,5643.276037564453,6565.7206294775415,
2025-05-25 22:15:00,5315.123333333333,5798.951242511229,6238.489129367407,6740.741158115679,HIGH,30.985833333333332,5798.951242511229,6740.741158115679,
2025-05-25 22:30:00,5393.92,5913.865418132814,6356.802597551112,6870.249890305225,HIGH,31.035,5913.865418132814,6870.249890305225,
2025-05-25 22:45:00,5439.506666666667,6022.636830731796,6472.924099855057,6996.838647894244,HIGH,31.08416666666667,6022.636830731796,6996.838647894243,
2025-05-25 23:00:00,5485.253333333334,6096.193187724044,6551.281127191526,7082.584054002978,HIGH,31.133333333333333,6096.193187724044,7082.584054002978,
2025-05-25 23:15:00,5510.290000000001,6128.6618427974745,6586.731201580141,7121.884020092681,HIGH,31.055833333333336,6128.6618427974745,7121.884020092681,
2025-05-25 23:30:00,5485.79,6140.480080736808,6599.930614387454,7137.137808028058,HIGH,30.978333333333335,6140.480080736808,7137.137808028058,
2025-05-25 23:45:00,5444.318333333333,6121.837388133303,6581.369267959492,7117.90702554173,HIGH,30.90083333333333,6121.837388133303,7117.907025541729,
2025-05-26 00:00:00,5402.846666666666,6334.287676460442,6844.714899084597,7328.976777731051,HIGH,30.823333333333334,6334.287676460442,7328.976777731051,
2025-05-26 00:15:00,5328.373333333333,6259.682788978223,6769.497497107592,7248.172026625906,HIGH,30.673333333333336,6259.6827889782235,7248.172026625905,
2025-05-26 00:30:00,5246.876666666666,6127.481649933716,6635.074325633088,7102.927900120164,HIGH,30.523333333333333,6127.481649933716,7102.927900120164,
2025-05-26 00:45:00,5150.266666666666,5908.083766797875,6411.128777849889,6860.224492627678,HIGH,30.37333333333333,5908.083766797875,6860.224492627678,
2025-05-26 01:00:00,5060.436666666667,5669.232763380531,6167.011075346809,6595.578971412942,HIGH,30.223333333333333,5669.232763380531,6595.578971412942,
2025-05-26 01:15:00,4984.2266666666665,5437.26428047063,5928.9582257687525,6337.532533302244,HIGH,30.125833333333336,5437.26428047063,6337.532533302244,
2025-05-26 01:30:00,4892.856666666667,5104.4717956258855,5587.406776674255,5966.790670072165,HIGH,30.028333333333332,5104.4717956258855,5966.790670072164,
2025-05-26 01:45:00,4809.616666666667,4791.748111944686,5266.127112441135,5618.133864675389,HIGH,29.930833333333332,4791.748111944686,5618.133864675388,
2025-05-26 02:00:00,4744.693333333334,4497.735281140591,4963.72436413336,5290.037565408866,HIGH,29.833333333333332,4497.735281140591,5290.037565408866,
2025-05-26 02:15:00,4652.436666666667,4358.300733631932,4819.662439853432,5134.385232804882,HIGH,29.718333333333334,4358.300733631933,5134.385232804882,
2025-05-26 02:30:00,4599.67,4252.7513826992135,4710.00823014874,5016.195350623866,HIGH,29.60333333333333,4252.751382699214,5016.195350623865,
2025-05-26 02:45:00,4512.426666666667,4248.414299333357,4703.6936612386025,5010.5292925542035,HIGH,29.488333333333333,4248.414299333357,5010.5292925542035,
2025-05-26 03:00:00,4487.426666666666,4192.231612341359,4644.010759844987,4946.726574760229,HIGH,29.373333333333335,4192.231612341359,4946.726574760229,
2025-05-26 03:15:00,4410.303333333333,4161.873717762741,4610.124547230176,4910.979769725089,HIGH,29.243333333333332,4161.873717762742,4910.979769725089,
2025-05-26 03:30:00,4386.29,4127.8209319908565,4572.173441022392,4870.777110329182,HIGH,29.113333333333333,4127.8209319908565,4870.777110329182,
2025-05-26 03:45:00,4314.69,4092.303964886609,4532.44533566992,4828.604963754001,HIGH,28.98333333333333,4092.3039648866093,4828.604963754,
2025-05-26 04:00:00,4257.336666666667,4081.823256175172,4518.077878920913,4814.011232483861,HIGH,28.85333333333333,4081.8232561751724,4814.011232483861,
2025-05-26 04:15:00,4221.19,4053.8124995481558,4485.495897364487,4779.537705483532,HIGH,28.604999999999997,4053.8124995481558,4779.537705483532,
2025-05-26 04:30:00,4184.336666666667,4031.2723867330615,4458.256130257956,4750.833032499634,HIGH,28.35666666666667,4031.2723867330615,4750.833032499634,
2025-05-26 04:45:00,4142.716666666666,4007.293375161206,4429.2928316736,4720.198177419001,HIGH,28.108333333333334,4007.293375161206,4720.198177419001,
2025-05-26 05:00:00,4121.213333333333,3991.4240088133174,4408.391939742402,4698.285820819742,HIGH,27.86,3991.424008813318,4698.285820819742,
2025-05-26 05:15:00,4114.036666666667,4050.265722100379,4446.504214064593,4739.963956381109,HIGH,28.109166666666667,4050.265722100379,4739.963956381109,
2025-05-26 05:30:00,4043.366666666667,4071.9774207832506,4446.382636834058,4739.940289952924,HIGH,28.358333333333334,4071.9774207832506,4739.940289952924,
2025-05-26 05:45:00,4032.5833333333335,4081.875519340257,4433.960030618823,4726.4522517675105,HIGH,28.607499999999998,4081.8755193402576,4726.4522517675105,
2025-05-26 06:00:00,4006.66,4161.41032373226,4492.642784390206,4790.326295437753,HIGH,28.856666666666666,4161.41032373226,4790.326295437753,
2025-05-26 06:15:00,4058.2233333333334,4145.773010824145,4476.705445966611,4773.682455937503,HIGH,29.090833333333332,4145.773010824145,4773.682455937503,
2025-05-26 06:30:00,4055.6766666666667,4164.336804056806,4495.622119665004,4794.917648706148,HIGH,29.325,4164.336804056806,4794.917648706148,
2025-05-26 06:45:00,4073.4533333333334,4103.155911115263,4432.745177880143,4727.000403124226,HIGH,29.559166666666666,4103.155911115263,4727.000403124226,
2025-05-26 07:00:00,4115.046666666666,4105.5138058640205,4434.791810767459,4729.703947604094,HIGH,29.793333333333333,4105.513805864021,4729.703947604094,
2025-05-26 07:15:00,4144.526666666667,4061.259390892178,4390.078891257004,4681.4421795529515,HIGH,30.27,4061.2593908921785,4681.4421795529515,
2025-05-26 07:30:00,4140.073333333333,4073.1400344615417,4402.743649892665,4695.581099874952,HIGH,30.746666666666666,4073.1400344615417,4695.581099874951,
2025-05-26 07:45:00,4089.5033333333336,4071.793188196972,4401.787101563246,4694.802019521954,HIGH,31.223333333333333,4071.793188196972,4694.802019521953,
2025-05-26 08:00:00,4107.4366666666665,4084.794667353693,4415.460941749488,4709.870629688055,HIGH,31.7,4084.794667353693,4709.870629688055,
2025-05-26 08:15:00,4156.7,4098.21573739519,4428.085205208698,4723.660274351199,HIGH,32.1375,4098.21573739519,4723.660274351199,
2025-05-26 08:30:00,4227.743333333333,4106.00677867594,4434.92210576287,4731.062936085252,HIGH,32.575,4106.006778675941,4731.062936085252,
2025-05-26 08:45:00,4233.343333333333,4115.758765331704,4443.762393810763,4740.563419731905,HIGH,33.0125,4115.758765331705,4740.563419731904,
2025-05-26 09:00:00,4359.013333333333,4117.099017524341,4444.004750874929,4740.61792112926,HIGH,33.45,4117.099017524341,4740.61792112926,
2025-05-26 09:15:00,4515.3533333333335,4205.925239121856,4533.852730737752,4838.171527067002,HIGH,33.95166666666667,4205.925239121856,4838.171527067002,
2025-05-26 09:30:00,4688.45,4322.735892187244,4652.4042292344175,4966.903567193621,HIGH,34.45333333333333,4322.735892187244,4966.903567193621,
2025-05-26 09:45:00,4842.763333333333,4437.172823593644,4768.595375987176,5092.987557388364,HIGH,34.955,4437.172823593644,5092.987557388364,
2025-05-26 10:00:00,4971.990000000001,4567.731095636541,4901.380366315371,5237.067033437245,HIGH,35.45666666666667,4567.731095636541,5237.067033437245,
2025-05-26 10:15:00,5041.623333333333,4689.036725655112,5025.516438464032,5371.680914414154,HIGH,35.27,4689.036725655112,5371.680914414154,
2025-05-26 10:30:00,5091.643333333333,4710.8869782522,5047.947974414542,5395.46909078833,HIGH,35.083333333333336,4710.8869782522,5395.46909078833,
2025-05-26 10:45:00,5151.763333333333,4748.055723850328,5086.202873310857,5436.422819102744,HIGH,34.89666666666667,4748.055723850329,5436.422819102744,
2025-05-26 11:00:00,5157.243333333333,4766.416944022636,5105.35728330274,5456.513639560837,HIGH,34.709999999999994,4766.416944022636,5456.513639560837,
2025-05-26 11:15:00,5214.94,4813.741209790559,5151.461542008403,5505.792035623174,HIGH,34.84916666666666,4813.74120979056,5505.792035623174,
2025-05-26 11:30:00,5264.966666666667,4888.186015807781,5225.5188430390235,5585.4568675437295,HIGH,34.98833333333333,4888.186015807781,5585.4568675437295,
2025-05-26 11:45:00,5271.8133333333335,4912.6988061567845,5248.652804818367,5609.616109837132,HIGH,35.1275,4912.6988061567845,5609.616109837131,
2025-05-26 12:00:00,5284.6033333333335,4974.461947006234,5310.138118794134,5675.4945168160675,HIGH,35.266666666666666,4974.461947006234,5675.4945168160675,
2025-05-26 12:15:00,5300.623333333333,5015.123854709077,5355.993566582062,5724.515790066057,HIGH,35.39666666666667,5015.123854709077,5724.515790066057,
2025-05-26 12:30:00,5315.81,5040.870359712354,5386.813725514835,5757.127905457071,HIGH,35.52666666666667,5040.870359712354,5757.127905457071,
2025-05-26 12:45:00,5306.973333333332,5033.015861598279,5383.47748538313,5752.513080946605,HIGH,35.656666666666666,5033.015861598279,5752.513080946605,
2025-05-26 13:00:00,5196.14,4973.306263566914,5327.304477602983,5690.333633329523,HIGH,35.78666666666667,4973.306263566915,5690.333633329522,
2025-05-26 13:15:00,5163.536666666667,4944.410164339226,5297.552378511615,5656.714847827459,HIGH,35.70416666666667,4944.410164339226,5656.714847827459,
2025-05-26 13:30:00,5249.076666666667,4968.070895100534,5321.880534183321,5681.974896220458,HIGH,35.62166666666666,4968.0708951005345,5681.974896220457,
2025-05-26 13:45:00,5344.973333333332,5017.805008117642,5373.179580210845,5736.597173272561,HIGH,35.53916666666667,5017.805008117642,5736.59717327256,
2025-05-26 14:00:00,5439.259999999999,5068.280183741512,5430.0835368922335,5798.298076745154,HIGH,35.45666666666667,5068.280183741512,5798.298076745153,
2025-05-26 14:15:00,5567.663333333333,5130.6419213531,5499.081703998344,5873.158813626064,HIGH,35.387499999999996,5130.6419213531,5873.158813626064,
2025-05-26 14:30:00,5643.936666666667,5188.491473838753,5563.745714762742,5943.307213390952,HIGH,35.31833333333333,5188.491473838753,5943.307213390952,
2025-05-26 14:45:00,5691.2,5239.006247026918,5619.968957207121,6004.015776559602,HIGH,35.24916666666667,5239.006247026919,6004.015776559602,
2025-05-26 15:00:00,5763.856666666667,5235.848821648923,5618.1777414618555,6000.847603844649,HIGH,35.18,5235.848821648924,6000.847603844649,
2025-05-26 15:15:00,5791.223333333332,5273.060266515534,5655.846621932395,6040.598716160748,HIGH,35.102500000000006,5273.060266515534,6040.598716160748,
2025-05-26 15:30:00,5788.0199999999995,5285.184284237106,5668.1116189140575,6052.714176373583,HIGH,35.025,5285.184284237106,6052.714176373582,
2025-05-26 15:45:00,5780.25,5279.381706254068,5662.300367667145,6045.178931837077,HIGH,34.9475,5279.381706254069,6045.178931837077,
2025-05-26 16:00:00,5767.19,5269.618909073537,5652.707170877268,6033.5644856489525,HIGH,34.87,5269.618909073537,6033.5644856489525,
2025-05-26 16:15:00,5750.466666666667,5236.4320798008885,5621.913260992341,5998.99608939436,HIGH,34.64833333333333,5236.4320798008885,5998.99608939436,
2025-05-26 16:30:00,5735.829999999999,5202.93272936664,5591.058280613906,5964.4100063652995,HIGH,34.42666666666667,5202.93272936664,5964.4100063652995,
2025-05-26 16:45:00,5731.493333333333,5151.877796151806,5542.479331493538,5910.575772267732,HIGH,34.205,5151.877796151806,5910.575772267732,
2025-05-26 17:00:00,5675.963333333333,5112.490689781679,5506.087140807544,5870.070386118706,HIGH,33.983333333333334,5112.49068978168,5870.070386118706,
2025-05-26 17:15:00,5661.756666666667,5080.146045089779,5472.104141504067,5832.071118823064,HIGH,33.810833333333335,5080.146045089779,5832.071118823064,
2025-05-26 17:30:00,5591.073333333334,5048.572754771479,5439.129178906287,5795.2347307624195,HIGH,33.638333333333335,5048.57275477148,5795.2347307624195,
2025-05-26 17:45:00,5526.2,5002.052430896334,5391.056370077679,5742.0253317049055,HIGH,33.465833333333336,5002.052430896334,5742.025331704905,
2025-05-26 18:00:00,5466.2733333333335,4983.718848050855,5374.774328431945,5724.094811932991,HIGH,33.29333333333334,4983.718848050855,5724.0948119329905,
2025-05-26 18:15:00,5410.5233333333335,4938.66193759953,5330.590732722565,5675.828427540566,HIGH,33.06833333333334,4938.66193759953,5675.828427540566,
2025-05-26 18:30:00,5367.64,4923.61204255452,5317.292611143677,5661.273329749758,HIGH,32.843333333333334,4923.61204255452,5661.273329749758,
2025-05-26 18:45:00,5312.393333333333,4911.923293104625,5307.582815828798,5650.705088530191,HIGH,32.61833333333333,4911.923293104626,5650.705088530191,
2025-05-26 19:00:00,5327.453333333334,4931.3092372063875,5330.732656615656,5676.197684378599,HIGH,32.39333333333333,4931.309237206388,5676.197684378599,
2025-05-26 19:15:00,5389.496666666667,4982.914749707467,5389.140381086941,5740.245291389484,HIGH,32.219166666666666,4982.914749707467,5740.245291389484,
2025-05-26 19:30:00,5401.71,5035.0383097615895,5448.174710974769,5805.058891010376,HIGH,32.044999999999995,5035.0383097615895,5805.058891010375,
2025-05-26 19:45:00,5427.086666666667,5069.351735914519,5489.0524762799405,5850.184380324634,HIGH,31.870833333333334,5069.351735914519,5850.184380324634,
2025-05-26 20:00:00,5427.203333333334,5097.74609979204,5522.103761231044,5886.480270375898,HIGH,31.696666666666665,5097.746099792041,5886.480270375898,
2025-05-26 20:15:00,5446.81,5146.252122013805,5570.756863326016,5939.6724816655715,HIGH,31.581666666666667,5146.252122013805,5939.6724816655715,
2025-05-26 20:30:00,5484.893333333333,5200.96256823242,5625.785422897516,5999.892111036768,HIGH,31.46666666666667,5200.96256823242,5999.892111036768,
2025-05-26 20:45:00,5495.97,5248.121918932902,5673.0871196636335,6051.781052284095,HIGH,31.351666666666667,5248.121918932902,6051.781052284095,
2025-05-26 21:00:00,5501.509999999999,5283.2239402254545,5708.94269256946,6091.48367777831,HIGH,31.236666666666668,5283.2239402254545,6091.48367777831,
2025-05-26 21:15:00,5564.419999999999,5348.556935858531,5782.904558962439,6173.021109131279,HIGH,31.118333333333332,5348.556935858532,6173.0211091312785,
2025-05-26 21:30:00,5679.193333333334,5453.641571650462,5897.514484718393,6298.903994083254,HIGH,31.000000000000004,5453.641571650462,6298.903994083254,
2025-05-26 21:45:00,5770.866666666666,5545.728797682296,5998.7470290738775,6410.296533181994,HIGH,30.881666666666668,5545.728797682297,6410.296533181994,
2025-05-26 22:00:00,5844.34,5622.68462384562,6084.399280724744,6504.7973436077,HIGH,30.763333333333332,5622.68462384562,6504.797343607699,
2025-05-26 22:15:00,5920.356666666667,5705.317935584416,6175.399397648285,6605.181681465392,HIGH,30.6375,5705.317935584417,6605.181681465392,
2025-05-26 22:30:00,5977.733333333334,5777.078072685467,6255.144161014685,6693.378372466074,HIGH,30.511666666666667,5777.078072685467,6693.378372466073,
2025-05-26 22:45:00,6036.3,5825.063102664684,6310.407256935145,6754.9806155101705,HIGH,30.38583333333333,5825.063102664684,6754.9806155101705,
2025-05-26 23:00:00,6059.843333333333,5867.1757799229,6358.893550451726,6809.1349334125825,HIGH,30.26,5867.1757799229,6809.1349334125825,
2025-05-26 23:15:00,6051.3533333333335,5884.764253761784,6382.4591063309135,6836.221918962937,HIGH,30.168333333333337,5884.764253761785,6836.221918962937,
2025-05-26 23:30:00,6008.4800000000005,5856.473974705392,6357.483767423694,6810.697719991908,HIGH,30.076666666666664,5856.473974705392,6810.697719991908,
2025-05-26 23:45:00,5966.66,5812.8814676986585,6315.228608804202,6766.172578413917,HIGH,29.985,5812.8814676986585,6766.172578413916,
2025-05-27 00:00:00,5870.823333333334,5685.846014344064,6184.302973548128,6625.233599347066,HIGH,29.893333333333334,5685.846014344064,6625.233599347066,
2025-05-27 00:15:00,5773.576666666667,5603.039600917675,6091.406382617457,6526.2341811516635,HIGH,29.766666666666666,5603.039600917675,6526.2341811516635,
2025-05-27 00:30:00,5674.009999999999,5493.855746914018,5965.186797188986,6391.841434861013,HIGH,29.64,5493.855746914019,6391.841434861013,
2025-05-27 00:45:00,5568.533333333333,5359.403933391346,5811.632121987073,6227.883656014744,HIGH,29.513333333333332,5359.403933391346,6227.883656014744,
2025-05-27 01:00:00,5471.713333333333,5224.630699443973,5657.4993972477305,6063.320885039382,HIGH,29.386666666666667,5224.630699443974,6063.320885039382,
2025-05-27 01:15:00,5356.983333333334,5107.777945081827,5533.267968867051,5930.051527097729,HIGH,29.294166666666666,5107.777945081827,5930.051527097729,
2025-05-27 01:30:00,5263.803333333333,4972.913541399433,5395.802673090602,5781.610661358161,HIGH,29.201666666666664,4972.913541399433,5781.610661358161,
2025-05-27 01:45:00,5159.253333333334,4849.650268467477,5269.9395376903385,5645.813629968665,HIGH,29.109166666666663,4849.650268467477,5645.813629968665,
2025-05-27 02:00:00,5074.0633333333335,4732.2150887386415,5149.763304521265,5516.213176116425,HIGH,29.016666666666666,4732.2150887386415,5516.213176116425,
2025-05-27 02:15:00,4988.34,4636.202260341983,5048.00248155877,5406.550075269753,HIGH,28.97083333333333,4636.202260341983,5406.550075269753,
2025-05-27 02:30:00,4932.473333333333,4571.48004766516,4977.992911521318,5331.456537367824,HIGH,28.924999999999997,4571.48004766516,5331.456537367824,
2025-05-27 02:45:00,4856.51,4506.379851174359,4907.309801809673,5255.616441026721,HIGH,28.879166666666666,4506.379851174359,5255.61644102672,
2025-05-27 03:00:00,4781.873333333333,4475.932295748334,4871.819588797245,5218.082888250171,HIGH,28.833333333333332,4475.932295748334,5218.082888250171,
2025-05-27 03:15:00,4726.8533333333335,4400.977193675265,4794.788122145544,5135.440348807298,HIGH,28.721666666666668,4400.977193675265,5135.440348807298,
2025-05-27 03:30:00,4656.536666666667,4360.166115640694,4752.433135854053,5090.531322047663,HIGH,28.609999999999996,4360.166115640694,5090.531322047663,
2025-05-27 03:45:00,4593.1033333333335,4288.355177456948,4678.061045198295,5010.721325087529,HIGH,28.49833333333333,4288.355177456948,5010.721325087529,
2025-05-27 04:00:00,4538.87,4228.992887165567,4616.161777937805,4944.454898184961,HIGH,28.386666666666667,4228.9928871655675,4944.45489818496,
2025-05-27 04:15:00,4491.81,4185.156787053854,4568.814502523865,4893.953081640583,HIGH,28.22833333333333,4185.156787053854,4893.953081640583,
2025-05-27 04:30:00,4445.516666666666,4143.082433133771,4523.012086673146,4845.084798581576,HIGH,28.07,4143.082433133771,4845.084798581576,
2025-05-27 04:45:00,4407.903333333333,4097.171390212047,4473.031161764795,4791.612862156475,HIGH,27.91166666666667,4097.171390212048,4791.612862156475,
2025-05-27 05:00:00,4364.56,4064.653329371315,4436.521988033485,4752.754201908484,HIGH,27.753333333333334,4064.6533293713155,4752.754201908484,
2025-05-27 05:15:00,4317.009999999999,4039.07942092143,4416.955013064294,4732.642010625981,HIGH,27.99083333333333,4039.07942092143,4732.642010625981,
2025-05-27 05:30:00,4277.05,3962.5935197930417,4345.043508074953,4655.46148456597,HIGH,28.228333333333335,3962.593519793042,4655.46148456597,
2025-05-27 05:45:00,4231.240000000001,3925.3345046039017,4313.088776558761,4621.725348205449,HIGH,28.465833333333336,3925.3345046039017,4621.725348205449,
2025-05-27 06:00:00,4232.740000000001,3897.5067240034505,4290.598032349907,4598.223821654677,HIGH,28.703333333333333,3897.506724003451,4598.223821654677,
2025-05-27 06:15:00,4245.623333333334,3928.1916157959877,4322.447055014537,4633.632122608666,HIGH,28.887500000000003,3928.1916157959877,4633.632122608666,
2025-05-27 06:30:00,4271.693333333334,3925.7777649786053,4320.245138602801,4631.8819447518035,HIGH,29.07166666666667,3925.7777649786053,4631.8819447518035,
2025-05-27 06:45:00,4236.9766666666665,3922.5106074283913,4317.022546785517,4628.941082824949,HIGH,29.25583333333333,3922.5106074283917,4628.941082824949,
2025-05-27 07:00:00,4266.16,3946.090518467915,4341.156712464138,4655.710736573642,HIGH,29.44,3946.090518467915,4655.710736573642,
2025-05-27 07:15:00,4268.786666666667,3962.6999842368086,4357.321793886794,4673.694008937488,HIGH,29.79,3962.699984236809,4673.6940089374875,
2025-05-27 07:30:00,4288.723333333333,3969.537755622966,4363.385923441268,4680.593722762116,HIGH,30.14,3969.537755622966,4680.593722762116,
2025-05-27 07:45:00,4297.6033333333335,3935.597621517218,4327.621252527381,4641.857467616679,HIGH,30.49,3935.5976215172186,4641.857467616679,
2025-05-27 08:00:00,4347.0633333333335,3939.516886459304,4330.558783230238,4645.183114173545,HIGH,30.84,3939.5168864593043,4645.183114173545,
2025-05-27 08:15:00,4386.77,3982.278496166481,4374.660843003444,4693.303207391412,HIGH,31.14,3982.278496166481,4693.303207391412,
2025-05-27 08:30:00,4438.006666666667,4046.1104249857285,4440.312691459735,4764.806483386821,HIGH,31.439999999999998,4046.1104249857285,4764.80648338682,
2025-05-27 08:45:00,4498.1466666666665,4068.4836483287186,4463.51271720505,4789.995844978745,HIGH,31.740000000000002,4068.4836483287186,4789.995844978745,
2025-05-27 09:00:00,4586.18,4153.013424111948,4550.366153618841,4884.420955539014,HIGH,32.04,4153.013424111948,4884.420955539014,
2025-05-27 09:15:00,4758.806666666666,4283.226917943759,4684.385348204215,5030.140926116497,HIGH,32.410833333333336,4283.226917943759,5030.140926116497,
2025-05-27 09:30:00,4962.886666666666,4435.107351825092,4840.639897735726,5199.995498822303,HIGH,32.781666666666666,4435.107351825093,5199.995498822303,
2025-05-27 09:45:00,5084.183333333333,4558.006523147984,4967.2919643563355,5337.535333154718,HIGH,33.152499999999996,4558.006523147984,5337.535333154718,
2025-05-27 10:00:00,5218.893333333333,4669.83074312324,5080.257759854844,5459.57377781381,HIGH,33.52333333333333,4669.83074312324,5459.57377781381,
2025-05-27 10:15:00,5337.363333333334,4756.460202996801,5165.432302934612,5551.145933025827,HIGH,33.700833333333335,4756.460202996801,5551.145933025827,
2025-05-27 10:30:00,5409.183333333333,4807.7315093544075,5214.528253516658,5603.359054634758,HIGH,33.87833333333333,4807.7315093544075,5603.359054634758,
2025-05-27 10:45:00,5483.87,4868.815983791377,5273.81094003715,5666.599439800276,HIGH,34.05583333333333,4868.815983791377,5666.599439800276,
2025-05-27 11:00:00,5539.526666666668,4887.662026279997,5290.00340364283,5682.852090078942,HIGH,34.233333333333334,4887.662026279997,5682.852090078942,
2025-05-27 11:15:00,5595.243333333333,4937.059364609124,5338.0316203076645,5733.348171204115,HIGH,34.38666666666666,4937.059364609124,5733.348171204114,
2025-05-27 11:30:00,5614.933333333333,4983.247869338976,5382.9601494071685,5780.4142566731525,HIGH,34.54,4983.247869338976,5780.4142566731525,
2025-05-27 11:45:00,5660.84,4986.537969535644,5384.166702126256,5779.817038690611,HIGH,34.693333333333335,4986.537969535644,5779.81703869061,
2025-05-27 12:00:00,5662.373333333333,5010.184258420728,5406.427519205695,5802.10245191417,HIGH,34.846666666666664,5010.184258420728,5802.102451914169,
2025-05-27 12:15:00,5723.323333333334,5036.08053240888,5430.886844565225,5827.056045083755,HIGH,34.943333333333335,5036.08053240888,5827.056045083754,
2025-05-27 12:30:00,5785.056666666666,5060.7326488424815,5454.308185625629,5850.84354896118,HIGH,35.04,5060.732648842482,5850.843548961179,
2025-05-27 12:45:00,5812.356666666667,5068.53286023003,5460.721691944404,5856.078904269219,HIGH,35.13666666666667,5068.532860230031,5856.078904269219,
2025-05-27 13:00:00,5732.356666666667,4972.912475466924,5361.5030964878915,5746.255502876414,HIGH,35.233333333333334,4972.912475466924,5746.255502876413,
2025-05-27 13:15:00,5687.509999999999,4940.733405577462,5327.282076949234,5707.4042549234,HIGH,35.178333333333335,4940.733405577463,5707.4042549234,
2025-05-27 13:30:00,5734.096666666667,5013.585446801768,5400.867105725805,5785.939245033442,HIGH,35.12333333333333,5013.585446801768,5785.939245033442,
2025-05-27 13:45:00,5864.776666666668,5094.868177970136,5483.3595540582655,5874.16533906169,HIGH,35.068333333333335,5094.868177970136,5874.16533906169,
2025-05-27 14:00:00,5970.973333333332,5178.7021965273025,5568.744329109922,5965.53763827329,HIGH,35.013333333333335,5178.7021965273025,5965.53763827329,
2025-05-27 14:15:00,6062.170000000001,5287.193456470831,5682.282216349006,6087.378373179108,HIGH,34.95916666666666,5287.193456470832,6087.378373179108,
2025-05-27 14:30:00,6169.2733333333335,5367.422293532784,5768.106192710609,6178.9137456365215,HIGH,34.905,5367.422293532785,6178.9137456365215,
2025-05-27 14:45:00,6221.626666666667,5418.107959083762,5822.530825176538,6236.471622357916,HIGH,34.85083333333334,5418.107959083762,6236.471622357916,
2025-05-27 15:00:00,6059.093333333333,5479.674323700503,5889.640691716465,6307.68427675916,HIGH,34.796666666666674,5479.674323700503,6307.68427675916,
2025-05-27 15:15:00,6073.55,5504.925684730473,5917.139625835512,6336.1940672506325,HIGH,34.74,5504.925684730473,6336.1940672506325,
2025-05-27 15:30:00,6145.87,5493.768400098473,5906.286803196206,6323.159775239454,HIGH,34.68333333333334,5493.768400098473,6323.159775239454,
2025-05-27 15:45:00,6218.59,5474.087392035443,5886.984863253024,6300.9587267419365,HIGH,34.62666666666667,5474.087392035443,6300.9587267419365,
2025-05-27 16:00:00,6214.416666666667,5451.394621262244,5864.872054956292,6275.735979923009,HIGH,34.57,5451.394621262244,6275.735979923009,
2025-05-27 16:15:00,6167.326666666667,5421.84623174186,5835.287764113371,6242.395399866522,HIGH,34.42583333333334,5421.846231741861,6242.395399866521,
2025-05-27 16:30:00,6142.360000000001,5396.8557101632205,5810.628950736747,6214.467485155059,HIGH,34.281666666666666,5396.8557101632205,6214.467485155059,
2025-05-27 16:45:00,6072.670000000001,5370.168411430635,5784.483207007619,6184.973558711373,HIGH,34.137499999999996,5370.168411430635,6184.973558711373,
2025-05-27 17:00:00,6027.916666666667,5309.519701920227,5723.806726057778,6117.933114413483,HIGH,33.99333333333333,5309.519701920227,6117.933114413482,
2025-05-27 17:15:00,6004.426666666666,5303.129725643967,5709.209992831695,6100.78989835317,HIGH,33.777499999999996,5303.129725643967,6100.78989835317,
2025-05-27 17:30:00,5951.233333333334,5255.2498521622765,5652.352113219654,6037.68940906878,HIGH,33.56166666666666,5255.2498521622765,6037.68940906878,
2025-05-27 17:45:00,5877.003333333334,5212.716303996648,5601.173743176918,5980.842455050824,HIGH,33.34583333333333,5212.716303996648,5980.842455050823,
2025-05-27 18:00:00,5817.98,5173.976983664601,5554.072275735201,5928.50692411128,HIGH,33.13,5173.976983664601,5928.50692411128,
2025-05-27 18:15:00,5735.673333333333,5128.1533247725565,5504.926570741731,5874.198631792397,HIGH,32.89583333333333,5128.1533247725565,5874.198631792397,
2025-05-27 18:30:00,5685.396666666667,5091.209135406531,5465.034901698026,5830.044983861068,HIGH,32.66166666666667,5091.209135406531,5830.0449838610675,
2025-05-27 18:45:00,5659.233333333334,5054.5426294667195,5425.574556128367,5786.440215581894,HIGH,32.4275,5054.5426294667195,5786.440215581894,
2025-05-27 19:00:00,5633.136666666666,5068.908754522192,5438.494584703726,5799.958690231097,HIGH,32.193333333333335,5068.908754522192,5799.958690231096,
2025-05-27 19:15:00,5665.016666666666,5128.751177063961,5499.88602816768,5866.408935314149,HIGH,32.027499999999996,5128.751177063961,5866.408935314148,
2025-05-27 19:30:00,5737.34,5151.712294825129,5523.612749575125,5891.92590670563,HIGH,31.861666666666665,5151.712294825129,5891.92590670563,
2025-05-27 19:45:00,5742.110000000001,5185.402122887723,5558.402402484124,5929.574807178531,HIGH,31.695833333333333,5185.402122887723,5929.574807178531,
2025-05-27 20:00:00,5768.453333333334,5198.64588993932,5572.318500198357,5944.577206876922,HIGH,31.529999999999998,5198.64588993932,5944.577206876922,
2025-05-27 20:15:00,5798.563333333333,5226.661456214639,5603.556621799018,5978.604831368105,HIGH,31.360833333333332,5226.661456214639,5978.604831368105,
2025-05-27 20:30:00,5846.170000000001,5262.221847733961,5642.542570714117,6021.154385077192,HIGH,31.191666666666666,5262.221847733961,6021.154385077192,
2025-05-27 20:45:00,5893.343333333333,5278.412727726475,5661.701371408093,6042.196036468644,HIGH,31.0225,5278.412727726475,6042.196036468644,
2025-05-27 21:00:00,5926.816666666667,5289.291504892734,5675.406952061933,6057.381962724083,HIGH,30.853333333333335,5289.291504892734,6057.381962724083,
2025-05-27 21:15:00,6042.803333333333,5348.700308196113,5738.407518005565,6126.318805504653,HIGH,30.7275,5348.700308196114,6126.318805504653,
2025-05-27 21:30:00,6174.71,5459.7596898555375,5854.238871371887,6252.868096140287,HIGH,30.601666666666667,5459.7596898555375,6252.868096140286,
2025-05-27 21:45:00,6320.316666666667,5560.495066734286,5959.430009067826,6367.907815166428,HIGH,30.475833333333334,5560.495066734286,6367.907815166428,
2025-05-27 22:00:00,6413.923333333333,5640.669415251991,6046.114873103447,6462.49712791148,HIGH,30.349999999999998,5640.669415251991,6462.497127911479,
2025-05-27 22:15:00,6506.099999999999,5725.719969774188,6139.899914768772,6564.768855043045,HIGH,30.34916666666667,5725.719969774188,6564.768855043045,
2025-05-27 22:30:00,6581.056666666666,5798.728721830768,6220.309065434023,6652.674313285252,HIGH,30.348333333333333,5798.728721830768,6652.674313285251,
2025-05-27 22:45:00,6637.21,5864.412778082462,6293.138294223113,6732.382988752611,HIGH,30.3475,5864.412778082462,6732.382988752611,
2025-05-27 23:00:00,6658.78,5895.54704215919,6328.701915194519,6771.817348187399,HIGH,30.346666666666668,5895.54704215919,6771.817348187399,
2025-05-27 23:15:00,6631.893333333333,5894.124824059714,6329.235097634391,6773.31435864798,HIGH,30.25166666666667,5894.124824059714,6773.314358647979,
2025-05-27 23:30:00,6608.193333333334,5858.4781941674455,6294.541938758142,6736.504308619688,HIGH,30.15666666666667,5858.4781941674455,6736.504308619688,
2025-05-27 23:45:00,6548.331666666667,5817.614151690926,6254.307376152387,6693.709727358603,HIGH,30.061666666666667,5817.614151690926,6693.709727358603,
2025-05-28 00:00:00,6488.47,5664.041503864189,6098.463525939428,6525.062068194392,HIGH,29.96666666666667,5664.041503864189,6525.062068194392,
2025-05-28 00:15:00,6389.606666666667,5571.852807328077,6005.602311866301,6425.05598069047,HIGH,29.816666666666666,5571.852807328077,6425.05598069047,
2025-05-28 00:30:00,6272.193333333334,5476.244702949583,5909.004290587548,6321.016233197849,HIGH,29.666666666666668,5476.244702949583,6321.016233197849,
2025-05-28 00:45:00,6154.636666666666,5373.229504237023,5804.576527154818,6208.48050610552,HIGH,29.516666666666666,5373.229504237023,6208.48050610552,
2025-05-28 01:00:00,6043.43,5275.379549320947,5705.182121449358,6101.451475378323,HIGH,29.366666666666664,5275.379549320947,6101.451475378323,
2025-05-28 01:15:00,5930.900000000001,5175.479030104338,5603.065800727586,5991.465514912095,HIGH,29.301666666666666,5175.479030104338,5991.465514912095,
2025-05-28 01:30:00,5847.213333333333,5088.593174229057,5514.0045997168545,5895.711162084139,HIGH,29.236666666666665,5088.593174229057,5895.711162084138,
2025-05-28 01:45:00,5766.41,4996.938838636448,5419.785533148285,5794.348970687991,HIGH,29.171666666666667,4996.938838636449,5794.348970687991,
2025-05-28 02:00:00,5675.57,4918.7015981587965,5339.023368537301,5707.644888699003,HIGH,29.106666666666666,4918.7015981587965,5707.644888699002,
2025-05-28 02:15:00,5600.71,4839.067803550975,5256.907188210981,5619.47704833677,HIGH,29.025000000000002,4839.067803550975,5619.47704833677,
2025-05-28 02:30:00,5518.536666666667,4779.87443272445,5195.433291623348,5553.781100375897,HIGH,28.94333333333333,4779.87443272445,5553.781100375897,
2025-05-28 02:45:00,5446.253333333333,4705.774903272016,5118.41118335259,5471.140072008032,HIGH,28.861666666666665,4705.774903272016,5471.140072008032,
2025-05-28 03:00:00,5371.823333333334,4639.273143009339,5048.881840787715,5396.640136824541,HIGH,28.779999999999998,4639.27314300934,5396.640136824541,
2025-05-28 03:15:00,5293.576666666667,4579.530961806019,4985.988639089613,5329.3430522744075,HIGH,28.699166666666663,4579.530961806019,5329.343052274407,
2025-05-28 03:30:00,5222.153333333334,4516.002482752908,4918.936957091821,5257.488197413781,HIGH,28.61833333333333,4516.002482752908,5257.488197413781,
2025-05-28 03:45:00,5147.886666666666,4453.418735743866,4852.574641947563,5186.349728634071,HIGH,28.5375,4453.418735743866,5186.34972863407,
2025-05-28 04:00:00,5089.996666666667,4397.349523413391,4792.6095082916045,5122.138454180109,HIGH,28.456666666666667,4397.349523413392,5122.138454180108,
2025-05-28 04:15:00,5033.166666666667,4351.267790535366,4742.603670655334,5068.728682737275,HIGH,28.389166666666668,4351.267790535366,5068.728682737275,
2025-05-28 04:30:00,4990.266666666666,4307.001094291745,4694.197254002955,5017.011862182144,HIGH,28.321666666666665,4307.001094291746,5017.011862182144,
2025-05-28 04:45:00,4931.293333333334,4264.724907502536,4647.578505523516,4967.188556929597,HIGH,28.254166666666666,4264.724907502537,4967.188556929597,
2025-05-28 05:00:00,4890.1466666666665,4223.3972919538255,4601.690297987008,4918.103346354372,HIGH,28.186666666666667,4223.397291953826,4918.103346354371,
2025-05-28 05:15:00,4802.929999999999,4177.035567795144,4556.167893547079,4869.5595464809085,HIGH,28.425,4177.035567795144,4869.5595464809085,
2025-05-28 05:30:00,4734.696666666667,4128.854942269229,4508.564921395601,4818.684880807836,HIGH,28.66333333333333,4128.854942269229,4818.684880807836,
2025-05-28 05:45:00,4663.31,4075.808226328569,4455.77412818606,4762.092128794254,HIGH,28.901666666666667,4075.808226328569,4762.092128794254,
2025-05-28 06:00:00,4651.296666666666,4039.4723202850414,4419.900515577516,4723.8505161666835,HIGH,29.14,4039.472320285042,4723.8505161666835,
2025-05-28 06:15:00,4642.073333333334,4054.797711004856,4436.383083907412,4742.537523959439,HIGH,29.354166666666664,4054.797711004856,4742.537523959438,
2025-05-28 06:30:00,4658.963333333333,4061.411194512097,4443.783174964789,4751.256714812027,HIGH,29.568333333333335,4061.411194512097,4751.256714812027,
2025-05-28 06:45:00,4643.09,4029.238694440769,4411.325218833499,4716.491312887033,HIGH,29.7825,4029.2386944407695,4716.491312887033,
2025-05-28 07:00:00,4640.1033333333335,4049.6293896099887,4432.5534768726575,4740.109212302183,HIGH,29.996666666666666,4049.6293896099887,4740.109212302182,
2025-05-28 07:15:00,4657.833333333333,4055.5025063262624,4439.8823736255345,4748.546556474848,HIGH,30.349166666666665,4055.502506326263,4748.546556474848,
2025-05-28 07:30:00,4695.743333333333,4071.689543964527,4457.6749760548255,4768.295259911978,HIGH,30.701666666666668,4071.689543964527,4768.295259911978,
2025-05-28 07:45:00,4739.013333333333,4071.9361005261762,4459.068575392689,4770.1010508175295,HIGH,31.05416666666667,4071.9361005261762,4770.1010508175295,
2025-05-28 08:00:00,4775.88,4105.205608118444,4494.212578969057,4808.576234698914,HIGH,31.406666666666666,4105.205608118445,4808.576234698913,
2025-05-28 08:15:00,4831.526666666667,4141.853616710729,4532.4145992242875,4850.283963132162,HIGH,31.767500000000002,4141.853616710729,4850.283963132161,
2025-05-28 08:30:00,4853.803333333333,4202.226038465098,4594.883802397315,4918.334117422716,HIGH,32.12833333333333,4202.226038465099,4918.334117422716,
2025-05-28 08:45:00,4938.913333333333,4257.167208268137,4651.787891715609,4980.239993545763,HIGH,32.48916666666666,4257.167208268137,4980.239993545763,
2025-05-28 09:00:00,5044.623333333333,4352.33416003487,4749.891572006193,5086.929402723311,HIGH,32.85,4352.33416003487,5086.929402723311,
2025-05-28 09:15:00,5241.426666666666,4531.772823461573,4933.591215094243,5286.725835788058,HIGH,33.223333333333336,4531.772823461573,5286.725835788058,
2025-05-28 09:30:00,5403.763333333333,4732.096882624939,5138.726028971458,5509.785470210932,HIGH,33.59666666666667,4732.096882624939,5509.785470210932,
2025-05-28 09:45:00,5564.899999999999,4866.017298034836,5275.94345436463,5658.805423401263,HIGH,33.97,4866.017298034836,5658.805423401263,
2025-05-28 10:00:00,5702.756666666667,5000.277989273931,5413.597279882912,5808.225402020342,HIGH,34.343333333333334,5000.277989273931,5808.225402020342,
2025-05-28 10:15:00,5774.133333333334,5114.091926024333,5529.34423960284,5933.677977428589,HIGH,34.681666666666665,5114.091926024333,5933.677977428589,
2025-05-28 10:30:00,5901.97,5193.1277034200375,5609.606433856144,6020.418197036296,HIGH,35.02,5193.127703420038,6020.418197036296,
2025-05-28 10:45:00,5978.893333333333,5278.117615354735,5696.1042924970925,6113.882962179403,HIGH,35.358333333333334,5278.117615354736,6113.882962179403,
2025-05-28 11:00:00,6059.326666666667,5336.816984337104,5755.840174621794,6178.141457319339,HIGH,35.696666666666665,5336.816984337104,6178.141457319338,
2025-05-28 11:15:00,6084.796666666666,5386.3672985462645,5806.020428455615,6231.922512696407,HIGH,35.9025,5386.3672985462645,6231.922512696406,
2025-05-28 11:30:00,6155.546666666666,5418.949598925788,5839.013657829568,6266.932458608769,HIGH,36.108333333333334,5418.949598925788,6266.932458608769,
2025-05-28 11:45:00,6193.466666666667,5466.162276218142,5887.185754608395,6318.422136385289,HIGH,36.31416666666666,5466.162276218142,6318.422136385289,
2025-05-28 12:00:00,6188.853333333333,5479.503780612144,5900.891430736922,6332.332403900833,HIGH,36.519999999999996,5479.5037806121445,6332.332403900832,
2025-05-28 12:15:00,6265.84,5533.408392286644,5955.99296824173,6391.269312673122,HIGH,36.64333333333333,5533.408392286644,6391.269312673121,
2025-05-28 12:30:00,6300.59,5584.425960215774,6008.374452395186,6447.208358486076,HIGH,36.76666666666666,5584.4259602157745,6447.208358486075,
2025-05-28 12:45:00,6333.669999999999,5622.898221885076,6048.1574130417985,6489.3969968945385,HIGH,36.89,5622.898221885076,6489.3969968945385,
2025-05-28 13:00:00,6229.670000000001,5541.841396354,5965.815593099357,6398.566346772445,HIGH,37.013333333333335,5541.841396354,6398.566346772445,
2025-05-28 13:15:00,6181.143333333333,5501.171719557986,5924.727858588783,6352.628610929362,HIGH,36.93333333333334,5501.171719557986,6352.628610929362,
2025-05-28 13:30:00,6288.3966666666665,5549.703775262617,5975.239262852262,6406.427784137203,HIGH,36.85333333333333,5549.703775262617,6406.427784137203,
2025-05-28 13:45:00,6499.4766666666665,5661.694773450682,6090.998763896659,6531.273074480568,HIGH,36.77333333333333,5661.694773450683,6531.273074480568,
2025-05-28 14:00:00,6626.63,5755.273953453586,6186.96992032811,6634.304401511799,HIGH,36.693333333333335,5755.273953453587,6634.304401511799,
2025-05-28 14:15:00,6709.8,5843.456605793339,6277.040991741114,6730.923130055084,HIGH,36.61166666666667,5843.456605793339,6730.923130055083,
2025-05-28 14:30:00,6809.110000000001,5941.785214479376,6382.979722601217,6844.094946920772,HIGH,36.53,5941.785214479376,6844.094946920771,
2025-05-28 14:45:00,6867.259999999999,5996.143641136884,6441.472009601504,6905.994377951758,HIGH,36.44833333333333,5996.143641136884,6905.994377951758,
2025-05-28 15:00:00,6870.036666666667,5899.6737600346505,6343.229638079035,6797.595186370105,HIGH,36.36666666666667,5899.6737600346505,6797.595186370104,
2025-05-28 15:15:00,6904.576666666667,5916.408676215485,6360.652366492344,6815.323793240308,HIGH,36.2825,5916.408676215486,6815.323793240308,
2025-05-28 15:30:00,6871.686666666667,5963.820474602936,6409.765500420601,6867.59244466193,HIGH,36.19833333333333,5963.820474602936,6867.592444661929,
2025-05-28 15:45:00,6837.8533333333335,5998.380351241712,6445.9980911296125,6905.868515538993,HIGH,36.11416666666667,5998.380351241712,6905.868515538993,
2025-05-28 16:00:00,6771.7300000000005,5985.3547703017475,6433.783035295177,6891.424423913016,HIGH,36.03,5985.3547703017475,6891.424423913015,
2025-05-28 16:15:00,6704.826666666667,5943.610928954116,6390.634317669737,6843.273839616071,HIGH,35.94416666666667,5943.610928954116,6843.273839616071,
2025-05-28 16:30:00,6689.946666666667,5916.745250526318,6362.977511685687,6812.042770428901,HIGH,35.858333333333334,5916.745250526318,6812.042770428901,
2025-05-28 16:45:00,6621.490000000001,5859.537828142191,6304.505625639489,6747.307326293043,HIGH,35.7725,5859.537828142192,6747.307326293043,
2025-05-28 17:00:00,6549.116666666666,5801.97296615405,6245.90842878564,6682.492883266047,HIGH,35.68666666666667,5801.97296615405,6682.492883266047,
2025-05-28 17:15:00,6477.566666666667,5767.9094352651655,6209.446805663756,6641.768834147436,HIGH,35.43666666666667,5767.9094352651655,6641.768834147436,
2025-05-28 17:30:00,6386.41,5703.406048070462,6142.037620704195,6567.408008534356,HIGH,35.18666666666667,5703.406048070463,6567.408008534356,
2025-05-28 17:45:00,6319.026666666668,5624.51991524272,6060.108335713441,6477.303337697002,HIGH,34.93666666666667,5624.51991524272,6477.303337697002,
2025-05-28 18:00:00,6225.586666666667,5565.332794438452,5998.540066865843,6409.443494128775,HIGH,34.68666666666667,5565.332794438453,6409.443494128775,
2025-05-28 18:15:00,6177.586666666667,5481.44809742178,5910.425567391849,6312.698173748162,HIGH,34.417500000000004,5481.448097421781,6312.698173748162,
2025-05-28 18:30:00,6150.47,5438.586581016086,5864.475442965822,6261.946866215153,HIGH,34.14833333333333,5438.586581016086,6261.946866215153,
2025-05-28 18:45:00,6092.116666666666,5410.5145123018265,5833.8145120842655,6227.924662986393,HIGH,33.87916666666667,5410.5145123018265,6227.924662986393,
2025-05-28 19:00:00,6063.613333333334,5395.297030072835,5816.4453638776895,6208.458215669273,HIGH,33.61,5395.297030072835,6208.458215669273,
2025-05-28 19:15:00,6103.8966666666665,5428.384382404891,5850.802999367371,6245.4814162224,HIGH,33.38166666666666,5428.384382404891,6245.481416222399,
2025-05-28 19:30:00,6159.913333333333,5474.658821351275,5898.7584361150875,6297.396245275928,HIGH,33.153333333333336,5474.658821351275,6297.396245275928,
2025-05-28 19:45:00,6197.46,5434.674401861719,5858.476080592281,6253.304487517813,HIGH,32.925000000000004,5434.674401861719,6253.304487517812,
2025-05-28 20:00:00,6196.656666666667,5333.573001927951,5755.679248375474,6141.219253854549,HIGH,32.696666666666665,5333.573001927952,6141.219253854549,
2025-05-28 20:15:00,6196.139999999999,5266.894497637659,5688.88673110514,6068.453145574535,HIGH,32.49916666666667,5266.894497637659,6068.453145574535,
2025-05-28 20:30:00,6257.580000000001,5247.156709730067,5670.177524909146,6048.13431958071,HIGH,32.30166666666666,5247.156709730067,6048.134319580709,
2025-05-28 20:45:00,6295.246666666666,5289.232038934603,5714.760006096581,6096.82402643307,HIGH,32.104166666666664,5289.232038934604,6096.82402643307,
2025-05-28 21:00:00,6316.75,5333.327749545536,5761.396631340418,6147.833529745131,HIGH,31.906666666666666,5333.327749545536,6147.833529745131,
2025-05-28 21:15:00,6414.7733333333335,5439.445281834092,5872.219930187705,6268.8493420005025,HIGH,31.74083333333333,5439.445281834092,6268.8493420005025,
2025-05-28 21:30:00,6547.836666666667,5560.557430697536,5998.343809413444,6406.607196168695,HIGH,31.575,5560.557430697536,6406.607196168695,
2025-05-28 21:45:00,6645.19,5710.25322683617,6158.555417168098,6580.872525012613,HIGH,31.409166666666664,5710.25322683617,6580.872525012613,
2025-05-28 22:00:00,6701.88,5822.581579597169,6280.168363429455,6713.21474316326,HIGH,31.243333333333332,5822.581579597169,6713.21474316326,
2025-05-28 22:15:00,6825.576666666667,5946.749534946007,6413.726740474776,6858.648041893883,HIGH,31.296666666666667,5946.749534946007,6858.648041893883,
2025-05-28 22:30:00,6918.71,6051.886118945033,6526.823349747685,6981.988597472117,HIGH,31.35,6051.886118945033,6981.988597472116,
2025-05-28 22:45:00,6980.176666666666,6134.127471940567,6615.407018031216,7078.832436799816,HIGH,31.403333333333332,6134.127471940567,7078.832436799816,
2025-05-28 23:00:00,6984.96,6176.994027218902,6661.806808548628,7130.042878881542,HIGH,31.456666666666667,6176.994027218902,7130.042878881541,
2025-05-28 23:15:00,6949.633333333334,6174.544860416933,6660.569807384674,7129.586599110487,HIGH,31.295,6174.544860416933,7129.586599110487,
2025-05-28 23:30:00,6854.509999999999,6156.093758794246,6642.763548238103,7111.1408278061435,HIGH,31.133333333333333,6156.093758794246,7111.1408278061435,
2025-05-28 23:45:00,6793.61,6107.183790856879,6593.572422564454,7058.566987072029,HIGH,30.971666666666668,6107.18379085688,7058.5669870720285,
2025-05-29 00:00:00,6684.139999999999,5981.346490241514,6465.406665869942,6920.035219678519,HIGH,30.810000000000002,5981.346490241514,6920.035219678519,
2025-05-29 00:15:00,6595.28,5905.129550031084,6388.538763681888,6837.433073383046,HIGH,30.663333333333334,5905.129550031084,6837.433073383046,
2025-05-29 00:30:00,6499.579999999999,5807.611022713866,6289.625384768035,6730.859120883217,HIGH,30.51666666666667,5807.611022713866,6730.859120883217,
2025-05-29 00:45:00,6399.966666666667,5683.743706737043,6163.488809668082,6594.669711931853,HIGH,30.37,5683.743706737043,6594.669711931853,
2025-05-29 01:00:00,6283.22,5571.749301676446,6049.253237381093,6471.465866760041,HIGH,30.223333333333333,5571.749301676446,6471.465866760041,
2025-05-29 01:15:00,6195.846666666667,5466.997263850093,5942.529060334025,6356.474729366547,HIGH,30.08083333333333,5466.997263850093,6356.474729366547,
2025-05-29 01:30:00,6090.216666666667,5383.005614057269,5856.790463345526,6264.351473142409,HIGH,29.938333333333333,5383.005614057269,6264.351473142409,
2025-05-29 01:45:00,6019.490000000001,5297.750398925432,5769.482507440367,6170.528263083531,HIGH,29.79583333333333,5297.750398925432,6170.528263083531,
2025-05-29 02:00:00,5940.953333333334,5207.155242605977,5676.427061580378,6070.449574281094,HIGH,29.653333333333332,5207.155242605977,6070.449574281094,
2025-05-29 02:15:00,5860.506666666667,5137.0006090732595,5604.375491548733,5993.254877234417,HIGH,29.57,5137.0006090732595,5993.254877234417,
2025-05-29 02:30:00,5774.8966666666665,5058.90188942818,5523.904724356214,5906.884111781214,HIGH,29.486666666666668,5058.90188942818,5906.884111781214,
2025-05-29 02:45:00,5708.266666666666,4987.958375294297,5450.473273498168,5828.166090234189,HIGH,29.403333333333332,4987.958375294297,5828.166090234189,
2025-05-29 03:00:00,5614.920000000001,4907.390022927537,5366.901221466367,5738.386420419837,HIGH,29.32,4907.390022927538,5738.386420419836,
2025-05-29 03:15:00,5534.6466666666665,4837.386809022388,5293.86163235499,5660.052697042357,HIGH,29.197499999999998,4837.386809022388,5660.052697042357,
2025-05-29 03:30:00,5494.36,4762.58262998733,5215.624695833271,5576.029876781036,HIGH,29.075,4762.58262998733,5576.029876781036,
2025-05-29 03:45:00,5430.956666666666,4693.008373488495,5142.46451851765,5497.501314096671,HIGH,28.9525,4693.008373488495,5497.501314096671,
2025-05-29 04:00:00,5364.033333333333,4630.580146015832,5076.348078188023,5426.604044855437,HIGH,28.83,4630.580146015832,5426.604044855436,
2025-05-29 04:15:00,5317.2266666666665,4575.877925957792,5016.7974124586835,5362.774393163029,HIGH,28.730833333333333,4575.877925957792,5362.774393163029,
2025-05-29 04:30:00,5247.093333333333,4531.662898682139,4967.725154921285,5310.306911905161,HIGH,28.631666666666668,4531.662898682139,5310.306911905161,
2025-05-29 04:45:00,5179.126666666667,4475.3744986871725,4906.041259572803,5244.052097715816,HIGH,28.5325,4475.3744986871725,5244.052097715816,
2025-05-29 05:00:00,5125.5633333333335,4433.281145949066,4858.650309844248,5193.304840680999,HIGH,28.433333333333334,4433.281145949066,5193.304840680999,
2025-05-29 05:15:00,5048.61,4345.9513809032305,4775.13585797256,5103.528269416915,HIGH,28.60333333333333,4345.9513809032305,5103.528269416915,
2025-05-29 05:30:00,4952.116666666667,4276.14712323284,4709.346611583747,5032.989324887832,HIGH,28.773333333333333,4276.14712323284,5032.989324887832,
2025-05-29 05:45:00,4899.906666666667,4201.457657626626,4638.349970662614,4956.710978499313,HIGH,28.943333333333335,4201.457657626627,4956.710978499313,
2025-05-29 06:00:00,4875.663333333333,4176.861792107346,4618.449480601597,4936.004679645046,HIGH,29.113333333333333,4176.861792107346,4936.004679645046,
2025-05-29 06:15:00,4875.123333333333,4174.235505583792,4617.27096606315,4935.484323059846,HIGH,29.360833333333332,4174.235505583792,4935.484323059846,
2025-05-29 06:30:00,4882.323333333334,4191.385231439932,4636.1773311732895,4956.759409359365,HIGH,29.608333333333334,4191.385231439932,4956.759409359365,
2025-05-29 06:45:00,4833.263333333333,4161.3738029784745,4606.650730402323,4925.211814032802,HIGH,29.855833333333333,4161.3738029784745,4925.211814032802,
2025-05-29 07:00:00,4812.639999999999,4163.182802639113,4609.572861362424,4928.91989574456,HIGH,30.10333333333333,4163.182802639113,4928.91989574456,
2025-05-29 07:15:00,4839.136666666666,4173.850987401792,4621.811188609779,4942.703611095461,HIGH,30.51583333333333,4173.850987401793,4942.703611095461,
2025-05-29 07:30:00,4867.9366666666665,4203.4513599584325,4653.33703420551,4977.40782017247,HIGH,30.928333333333335,4203.4513599584325,4977.40782017247,
2025-05-29 07:45:00,4881.166666666667,4227.029196883209,4678.618365308889,5005.2273576354355,HIGH,31.340833333333332,4227.029196883209,5005.2273576354355,
2025-05-29 08:00:00,4918.076666666667,4254.305533586636,4707.626260776771,5037.020318074681,HIGH,31.753333333333334,4254.305533586636,5037.02031807468,
2025-05-29 08:15:00,4992.2733333333335,4304.731647247322,4759.575623042922,5093.686125896792,HIGH,32.165,4304.731647247322,5093.686125896792,
2025-05-29 08:30:00,5043.723333333333,4327.206627741177,4782.8841593079715,5119.077523101996,HIGH,32.57666666666667,4327.206627741178,5119.077523101996,
2025-05-29 08:45:00,5106.136666666666,4397.036309566375,4854.672480814197,5197.179552333868,HIGH,32.98833333333334,4397.036309566376,5197.179552333868,
2025-05-29 09:00:00,5199.13,4491.7287974059245,4951.931010126156,5302.9358119633025,HIGH,33.4,4491.7287974059245,5302.935811963302,
2025-05-29 09:15:00,5403.893333333333,4687.089997852196,5152.6516851499655,5521.293713348203,HIGH,33.850833333333334,4687.089997852196,5521.293713348203,
2025-05-29 09:30:00,5642.663333333333,4862.265671039209,5332.75706580976,5717.12184780718,HIGH,34.30166666666667,4862.265671039209,5717.12184780718,
2025-05-29 09:45:00,5778.493333333333,5015.22902556576,5490.190346874707,5888.182433257552,HIGH,34.7525,5015.22902556576,5888.182433257552,
2025-05-29 10:00:00,5861.446666666667,5153.48072357762,5632.649106898525,6042.860546686934,HIGH,35.20333333333333,5153.48072357762,6042.860546686934,
2025-05-29 10:15:00,5997.913333333334,5239.971842191692,5721.499712079298,6139.061324187625,HIGH,35.669999999999995,5239.971842191692,6139.061324187625,
2025-05-29 10:30:00,6084.066666666667,5361.065356137494,5845.9008337967125,6273.907187808444,HIGH,36.13666666666666,5361.065356137494,6273.907187808444,
2025-05-29 10:45:00,6188.346666666667,5450.372123993538,5935.461427955152,6370.223790300803,HIGH,36.60333333333333,5450.372123993538,6370.223790300802,
2025-05-29 11:00:00,6236.193333333333,5525.615265083566,6009.560978564729,6449.379930857683,HIGH,37.07,5525.615265083566,6449.379930857683,
2025-05-29 11:15:00,6326.44,5565.541028738545,6047.561889917376,6489.270960950874,HIGH,37.329166666666666,5565.541028738545,6489.270960950874,
2025-05-29 11:30:00,6365.563333333333,5628.641994474088,6109.476409049077,6555.149481554777,HIGH,37.58833333333333,5628.641994474088,6555.149481554776,
2025-05-29 11:45:00,6429.046666666666,5671.419778452563,6150.782593993564,6598.535461504289,HIGH,37.8475,5671.419778452563,6598.535461504289,
2025-05-29 12:00:00,6469.336666666667,5684.247624568507,6161.637114840643,6608.7141021990565,HIGH,38.10666666666666,5684.247624568507,6608.7141021990565,
2025-05-29 12:15:00,6557.416666666667,5746.628588604519,6223.506262916522,6674.354554869117,HIGH,38.24083333333333,5746.628588604519,6674.354554869116,
2025-05-29 12:30:00,6626.033333333333,5778.29222880879,6254.161324938366,6705.967135016677,HIGH,38.37500000000001,5778.29222880879,6705.967135016677,
2025-05-29 12:45:00,6624.873333333333,5798.437949030927,6273.269752909887,6724.97481567138,HIGH,38.509166666666665,5798.437949030927,6724.9748156713795,
2025-05-29 13:00:00,6555.82,5698.645984025775,6169.835057196097,6610.507632046983,HIGH,38.64333333333333,5698.645984025775,6610.507632046983,
2025-05-29 13:15:00,6561.833333333333,5640.789223479938,6109.378905915331,6543.0338704320075,HIGH,38.5175,5640.789223479938,6543.0338704320075,
2025-05-29 13:30:00,6599.626666666667,5708.653252069504,6177.911930116567,6616.014778274873,HIGH,38.391666666666666,5708.653252069504,6616.014778274873,
2025-05-29 13:45:00,6749.400000000001,5877.982787073597,6350.606072175341,6802.418094062577,HIGH,38.26583333333333,5877.982787073597,6802.418094062577,
2025-05-29 14:00:00,6867.509999999999,5983.124872815879,6457.862084387423,6917.555728768931,HIGH,38.14,5983.12487281588,6917.555728768931,
2025-05-29 14:15:00,7000.5233333333335,6045.551287578932,6523.866554121533,6987.729535800336,HIGH,37.53333333333333,6045.551287578932,6987.729535800336,
2025-05-29 14:30:00,7085.7266666666665,6121.268838174143,6606.158670620916,7075.309700612074,HIGH,36.92666666666667,6121.268838174144,7075.309700612074,
2025-05-29 14:45:00,7145.066666666667,6152.95623145082,6641.616632516771,7112.189013311928,HIGH,36.32,6152.956231450821,7112.189013311927,
2025-05-29 15:00:00,7195.486666666667,6121.561763106264,6610.0294261536,7076.462749864072,HIGH,35.71333333333334,6121.561763106264,7076.462749864071,
2025-05-29 15:15:00,7302.6033333333335,6154.687828307815,6644.868365562622,7112.877192091732,HIGH,35.660000000000004,6154.687828307815,7112.877192091732,
2025-05-29 15:30:00,7225.3,6150.573547885168,6640.148409655443,7106.483253973162,HIGH,35.60666666666667,6150.573547885168,7106.483253973162,
2025-05-29 15:45:00,7131.21,6139.420481831417,6628.499690034118,7092.578224851656,HIGH,35.553333333333335,6139.420481831417,7092.578224851656,
2025-05-29 16:00:00,7047.63,6089.215522860398,6577.140414181761,7035.46772701501,HIGH,35.5,6089.215522860398,7035.46772701501,
2025-05-29 16:15:00,6990.0199999999995,6072.775350176899,6557.023889480016,7012.29696806532,HIGH,36.07,6072.775350176899,7012.296968065319,
2025-05-29 16:30:00,6879.953333333334,6093.441509701514,6575.157587893903,7030.829531770508,HIGH,36.64000000000001,6093.441509701514,7030.829531770507,
2025-05-29 16:45:00,6738.7,6072.548695366207,6550.991445233012,7003.350812579962,HIGH,37.21,6072.548695366207,7003.350812579962,
2025-05-29 17:00:00,6544.96,6052.0795307687085,6527.499710099341,6976.663987988078,HIGH,37.78,6052.0795307687085,6976.663987988078,
2025-05-29 17:15:00,6374.766666666666,5985.521875968565,6457.768977701554,6899.709869585802,HIGH,37.528333333333336,5985.521875968565,6899.709869585802,
2025-05-29 17:30:00,6107.843333333333,5906.058038671851,6375.042535670537,6808.668546748335,HIGH,37.27666666666667,5906.058038671851,6808.668546748335,
2025-05-29 17:45:00,5825.21,5834.35552119985,6300.468195374365,6726.573412735436,HIGH,37.025,5834.35552119985,6726.573412735436,
2025-05-29 18:00:00,5705.323333333334,5748.778493352609,6211.880619787145,6629.289536589275,HIGH,36.77333333333333,5748.778493352609,6629.289536589275,
2025-05-29 18:15:00,5605.703333333334,5698.523181102022,6156.7600821157,6568.423530230718,HIGH,36.51916666666667,5698.523181102022,6568.423530230718,
2025-05-29 18:30:00,5543.143333333333,5673.420595094093,6127.554954538444,6535.856409351578,HIGH,36.265,5673.420595094093,6535.856409351578,
2025-05-29 18:45:00,5559.63,5630.304482266534,6080.0536945383,6483.443963427803,HIGH,36.01083333333333,5630.304482266534,6483.443963427803,
2025-05-29 19:00:00,5523.400000000001,5609.581645420827,6055.610404603739,6456.222654208837,HIGH,35.75666666666667,5609.581645420827,6456.222654208837,
2025-05-29 19:15:00,5575.046666666666,5648.024817464335,6092.217256474881,6495.580232959607,HIGH,35.49666666666666,5648.024817464335,6495.580232959607,
2025-05-29 19:30:00,5599.900000000001,5703.066343286675,6145.914535543908,6553.632910833731,HIGH,35.236666666666665,5703.066343286675,6553.632910833731,
2025-05-29 19:45:00,5619.05,5736.965389706213,6178.043428036219,6588.282003297781,HIGH,34.97666666666667,5736.9653897062135,6588.282003297781,
2025-05-29 20:00:00,5595.5,5741.863171746377,6180.539520230944,6590.745774626486,HIGH,34.71666666666667,5741.863171746377,6590.745774626486,
2025-05-29 20:15:00,5598.756666666667,5743.681722370203,6182.440229390791,6592.735489508247,HIGH,34.44083333333333,5743.681722370203,6592.735489508247,
2025-05-29 20:30:00,5591.386666666666,5791.180343861125,6231.133537694064,6645.766901023319,HIGH,34.165,5791.180343861125,6645.766901023319,
2025-05-29 20:45:00,5553.666666666667,5826.29302131802,6267.149823463171,6685.076899088762,HIGH,33.88916666666667,5826.29302131802,6685.076899088761,
2025-05-29 21:00:00,5531.973333333332,5845.135738035493,6286.493686195976,6706.313456825167,HIGH,33.61333333333333,5845.135738035493,6706.313456825167,
2025-05-29 21:15:00,5623.486666666667,5933.523025750137,6378.445131699652,6806.752255730849,HIGH,33.35,5933.523025750137,6806.752255730849,
2025-05-29 21:30:00,5754.740000000001,6054.284539073172,6503.491270563166,6943.310890550705,HIGH,33.086666666666666,6054.284539073172,6943.310890550705,
2025-05-29 21:45:00,5851.5233333333335,6154.763567476871,6607.701203710225,7057.256517756178,HIGH,32.82333333333333,6154.763567476871,7057.256517756177,
2025-05-29 22:00:00,5878.943333333334,6215.149685523827,6670.774001248009,7126.47900723499,HIGH,32.56,6215.149685523827,7126.47900723499,
2025-05-29 22:15:00,6010.13,6340.3146492000615,6800.064963555336,7267.885577177509,HIGH,32.55916666666667,6340.3146492000615,7267.885577177509,
2025-05-29 22:30:00,6181.43,6437.252037894058,6901.032898777565,7378.418741472103,HIGH,32.55833333333333,6437.252037894059,7378.418741472103,
2025-05-29 22:45:00,6286.083333333333,6515.4162404367635,6984.98683139493,7470.157997540045,HIGH,32.5575,6515.4162404367635,7470.157997540045,
2025-05-29 23:00:00,6328.43,6540.505751511388,7011.634689949277,7499.950674621548,HIGH,32.556666666666665,6540.505751511388,7499.950674621548,
2025-05-29 23:15:00,6365.79,6516.8285044138,6988.303947362554,7475.421524380273,HIGH,32.39083333333333,6516.828504413801,7475.421524380273,
2025-05-29 23:30:00,6352.4,6446.646526725537,6917.173658865996,7398.893090339601,HIGH,32.225,6446.646526725537,7398.893090339601,
2025-05-29 23:45:00,6302.756666666666,6394.1213321111445,6863.921712223065,7341.884234540364,HIGH,32.05916666666667,6394.1213321111445,7341.884234540364,
2025-05-30 00:00:00,6253.113333333334,6223.387472330031,6689.429241643586,7152.889882904208,HIGH,31.893333333333334,6223.387472330031,7152.889882904208,
2025-05-30 00:15:00,6164.986666666667,6135.604728532537,6599.641578033595,7056.179773125816,HIGH,31.72083333333333,6135.604728532538,7056.179773125816,
2025-05-30 00:30:00,6069.716666666667,6040.1584494921335,6501.77175731242,6950.703916099202,HIGH,31.548333333333332,6040.1584494921335,6950.703916099202,
2025-05-30 00:45:00,5983.346666666667,5940.502344565553,6399.345717787759,6840.2969473148905,HIGH,31.375833333333333,5940.502344565553,6840.2969473148905,
2025-05-30 01:00:00,5892.573333333334,5826.356431763568,6281.829211028002,6713.481823897071,HIGH,31.203333333333333,5826.356431763568,6713.481823897071,
2025-05-30 01:15:00,5799.7699999999995,5726.18112666882,6179.4315507805895,6603.189484608926,HIGH,30.961666666666666,5726.18112666882,6603.189484608926,
2025-05-30 01:30:00,5705.706666666666,5622.731655294582,6073.411691781609,6488.967148500237,HIGH,30.720000000000002,5622.731655294582,6488.967148500237,
2025-05-30 01:45:00,5637.266666666666,5544.208965796141,5992.637461272397,6402.2463873238885,HIGH,30.478333333333335,5544.208965796141,6402.2463873238885,
2025-05-30 02:00:00,5560.3,5456.888304966316,5902.575236591455,6305.414537323965,HIGH,30.236666666666668,5456.888304966317,6305.414537323964,
2025-05-30 02:15:00,5486.916666666667,5374.661163484409,5818.163229106791,6214.759320442342,HIGH,30.105,5374.66116348441,6214.759320442342,
2025-05-30 02:30:00,5417.240000000001,5289.000392201403,5729.950055226241,6119.957071945713,HIGH,29.973333333333336,5289.000392201403,6119.957071945713,
2025-05-30 02:45:00,5344.099999999999,5215.42663610028,5653.8256310888055,6038.306401746083,HIGH,29.84166666666667,5215.42663610028,6038.306401746083,
2025-05-30 03:00:00,5261.37,5125.0632190503975,5560.224901927648,5937.605499739823,HIGH,29.71,5125.063219050398,5937.605499739823,
2025-05-30 03:15:00,5214.78,5021.820348499959,5453.8716319976265,5823.018728449378,HIGH,29.143333333333334,5021.820348499959,5823.018728449378,
2025-05-30 03:30:00,5139.123333333334,4951.260310149051,5380.698801140585,5744.536280462974,HIGH,28.576666666666668,4951.260310149051,5744.536280462974,
2025-05-30 03:45:00,5081.166666666667,4859.265031653937,5285.301602261293,5641.8171548847395,HIGH,28.009999999999998,4859.265031653937,5641.8171548847395,
2025-05-30 04:00:00,5001.13,4768.03633041058,5190.416538568762,5539.616406567929,HIGH,27.44333333333333,4768.036330410581,5539.616406567929,
2025-05-30 04:15:00,4934.32,4726.588104443856,5145.514088135599,5491.777005109733,HIGH,27.5525,4726.588104443856,5491.777005109733,
2025-05-30 04:30:00,4893.05,4672.249036664376,5087.154444807682,5429.233897824543,HIGH,27.661666666666665,4672.249036664377,5429.2338978245425,
2025-05-30 04:45:00,4845.25,4612.113488298305,5022.6097597771595,5359.902022563054,HIGH,27.770833333333336,4612.113488298305,5359.902022563054,
2025-05-30 05:00:00,4812.963333333333,4569.838217704465,4976.110666687182,5310.164337346248,HIGH,27.88,4569.838217704465,5310.164337346248,
2025-05-30 05:15:00,4732.393333333333,4480.72535529645,4891.848703791297,5219.612066058024,HIGH,28.046666666666667,4480.72535529645,5219.612066058024,
2025-05-30 05:30:00,4668.38,4379.594815673542,4795.0641563723675,5115.357569749108,HIGH,28.213333333333335,4379.594815673542,5115.357569749108,
2025-05-30 05:45:00,4623.663333333333,4310.522252576293,4730.896494411107,5046.554323042969,HIGH,28.38,4310.522252576293,5046.554323042969,
2025-05-30 06:00:00,4586.223333333333,4272.071719369306,4697.889015858875,5011.61284975464,HIGH,28.546666666666667,4272.071719369306,5011.61284975464,
2025-05-30 06:15:00,4584.156666666667,4265.508173140371,4691.6012246713335,5005.490149783301,HIGH,28.57333333333333,4265.508173140371,5005.490149783301,
2025-05-30 06:30:00,4581.276666666668,4264.377884390409,4690.713483302447,5005.171108914762,HIGH,28.599999999999998,4264.377884390409,5005.171108914762,
2025-05-30 06:45:00,4549.706666666666,4220.716463930153,4646.133224771517,4957.191736397804,HIGH,28.626666666666665,4220.716463930154,4957.191736397804,
2025-05-30 07:00:00,4563.849999999999,4189.80404175846,4614.475414237641,4923.203912484919,HIGH,28.653333333333332,4189.80404175846,4923.203912484919,
2025-05-30 07:15:00,4563.943333333334,4207.370489391212,4633.057785873972,4943.870734152248,HIGH,28.968333333333334,4207.370489391212,4943.870734152247,
2025-05-30 07:30:00,4609.286666666667,4224.812225387298,4651.416269077906,4964.210122117667,HIGH,29.28333333333333,4224.812225387298,4964.210122117666,
2025-05-30 07:45:00,4653.79,4238.698470991348,4666.0561220969585,4980.415527184608,HIGH,29.598333333333333,4238.698470991348,4980.415527184608,
2025-05-30 08:00:00,4661.456666666666,4265.530975667083,4693.890857977651,5010.905356712909,HIGH,29.913333333333334,4265.530975667084,5010.905356712909,
2025-05-30 08:15:00,4649.1033333333335,4323.063267068356,4755.990849069618,5078.727441331114,HIGH,30.229166666666668,4323.063267068356,5078.727441331114,
2025-05-30 08:30:00,4674.493333333333,4363.914020043963,4800.988388912882,5127.840408657025,HIGH,30.545,4363.914020043963,5127.840408657024,
2025-05-30 08:45:00,4752.783333333333,4419.472894084348,4861.040512279649,5193.2639540133005,HIGH,30.860833333333332,4419.472894084348,5193.2639540133005,
2025-05-30 09:00:00,4860.033333333334,4511.349035504882,4958.290493901077,5299.113144378078,HIGH,31.176666666666666,4511.349035504882,5299.113144378078,
2025-05-30 09:15:00,5008.783333333334,4703.811656790392,5156.402829685045,5514.643343499644,HIGH,31.475833333333334,4703.811656790392,5514.643343499644,
2025-05-30 09:30:00,5217.626666666667,4920.965388387408,5379.846817185286,5757.680012796091,HIGH,31.775000000000002,4920.965388387408,5757.6800127960905,
2025-05-30 09:45:00,5345.46,5052.358990706642,5515.555278193997,5905.0950430405055,HIGH,32.07416666666666,5052.3589907066425,5905.0950430405055,
2025-05-30 10:00:00,5440.653333333333,5145.737117225434,5612.429602420565,6010.144473065045,HIGH,32.373333333333335,5145.737117225434,6010.144473065045,
2025-05-30 10:15:00,5528.37,5279.946204416789,5753.011219111913,6162.782575706615,HIGH,33.0375,5279.946204416789,6162.782575706615,
2025-05-30 10:30:00,5555.04,5380.312140618771,5859.065378666129,6277.750831585556,HIGH,33.70166666666666,5380.312140618771,6277.750831585556,
2025-05-30 10:45:00,5594.240000000001,5487.224645297346,5971.961766104289,6400.104180816601,HIGH,34.36583333333333,5487.224645297346,6400.104180816601,
2025-05-30 11:00:00,5619.156666666667,5556.283472195791,6046.257261251501,6480.358677462722,HIGH,35.029999999999994,5556.283472195791,6480.358677462722,
2025-05-30 11:15:00,5659.876666666667,5635.439341468555,6126.389792021932,6566.744990883966,HIGH,35.184999999999995,5635.439341468555,6566.744990883965,
2025-05-30 11:30:00,5617.906666666667,5680.611566473076,6171.913844841201,6615.388227127834,HIGH,35.339999999999996,5680.611566473076,6615.388227127834,
2025-05-30 11:45:00,5610.126666666666,5737.410025703876,6229.540973528628,6677.161657394219,HIGH,35.495,5737.410025703876,6677.161657394219,
2025-05-30 12:00:00,5617.206666666666,5769.717130968716,6262.305209326718,6711.813921810736,HIGH,35.65,5769.717130968717,6711.813921810735,
2025-05-30 12:15:00,5662.400000000001,5843.062197150265,6337.670227562646,6792.830546649391,HIGH,35.685833333333335,5843.062197150266,6792.830546649391,
2025-05-30 12:30:00,5635.236666666667,5893.473920233908,6389.790788540894,6848.498226948334,HIGH,35.721666666666664,5893.473920233909,6848.498226948334,
2025-05-30 12:45:00,5579.740000000001,5895.431529281492,6391.329997246081,6848.7912776322355,HIGH,35.7575,5895.431529281492,6848.7912776322355,
2025-05-30 13:00:00,5389.183333333333,5814.434736788909,6306.973822487113,6755.2579522759415,HIGH,35.79333333333334,5814.434736788909,6755.2579522759415,
2025-05-30 13:15:00,5281.93,5808.012789681767,6298.959316796092,6745.1029488400445,HIGH,35.770833333333336,5808.012789681768,6745.1029488400445,
2025-05-30 13:30:00,5318.806666666666,5854.641383220821,6345.530551532259,6794.377253328459,HIGH,35.748333333333335,5854.641383220821,6794.377253328459,
2025-05-30 13:45:00,5404.900000000001,6002.638665980166,6496.163777840126,6956.9660172087815,HIGH,35.725833333333334,6002.638665980166,6956.9660172087815,
2025-05-30 14:00:00,5477.836666666667,6113.799553570013,6609.3622514624585,7078.784785549297,HIGH,35.70333333333333,6113.799553570014,7078.784785549297,
2025-05-30 14:15:00,5525.509999999999,6244.328416590183,6741.124527371045,7220.7931386568725,HIGH,35.735,6244.328416590184,7220.793138656872,
2025-05-30 14:30:00,5595.54,6345.535893672793,6846.603999194875,7333.698979037835,HIGH,35.766666666666666,6345.5358936727935,7333.698979037835,
2025-05-30 14:45:00,5678.650000000001,6417.681862641048,6921.333267416837,7413.31218331983,HIGH,35.79833333333334,6417.681862641048,7413.31218331983,
2025-05-30 15:00:00,5770.66,6478.002363586164,6983.799050642399,7479.651498180587,HIGH,35.830000000000005,6478.002363586164,7479.651498180586,
2025-05-30 15:15:00,5814.91,6553.256280567535,7067.524650049704,7568.871531592576,HIGH,35.70583333333333,6553.256280567535,7568.871531592576,
2025-05-30 15:30:00,5839.323333333334,6491.7410318059665,7006.190938284977,7500.901876929225,HIGH,35.58166666666667,6491.7410318059665,7500.901876929225,
2025-05-30 15:45:00,5863.503333333334,6412.534183926893,6927.021579551065,7413.543532355139,HIGH,35.4575,6412.534183926893,7413.543532355139,
2025-05-30 16:00:00,5849.616666666666,6327.32928005477,6841.983836039115,7319.833853220316,HIGH,35.33333333333333,6327.32928005477,7319.833853220315,
2025-05-30 16:15:00,5840.45,6286.230855183906,6799.136557004191,7271.9987557359555,HIGH,35.589999999999996,6286.230855183906,7271.9987557359555,
2025-05-30 16:30:00,5782.03,6216.440464686448,6727.171912815414,7192.503658485197,HIGH,35.846666666666664,6216.440464686448,7192.503658485196,
2025-05-30 16:45:00,5752.566666666667,6108.317255476743,6616.21052655038,7070.59435406967,HIGH,36.10333333333333,6108.317255476744,7070.594354069669,
2025-05-30 17:00:00,5704.293333333334,5965.99119091611,6470.4712000346735,6910.8693276313425,HIGH,36.36,5965.991190916111,6910.8693276313425,
2025-05-30 17:15:00,5714.833333333333,5828.725027683888,6320.798767504161,6746.590297652115,HIGH,35.9675,5828.725027683888,6746.590297652114,
2025-05-30 17:30:00,5632.096666666667,5625.262928631573,6103.569910564792,6508.807429624393,HIGH,35.574999999999996,5625.262928631573,6508.807429624393,
2025-05-30 17:45:00,5559.243333333333,5430.710827558894,5895.66922950719,6281.251495495369,HIGH,35.1825,5430.710827558894,6281.251495495369,
2025-05-30 18:00:00,5493.72,5334.868967424933,5789.025212556153,6164.035771837814,HIGH,34.79,5334.868967424933,6164.035771837814,
2025-05-30 18:15:00,5434.626666666666,5249.331326346147,5699.937088436933,6066.255733740085,HIGH,34.50166666666666,5249.331326346147,6066.255733740084,
2025-05-30 18:30:00,5381.443333333333,5190.367012627162,5638.2188568879565,5998.358512944002,HIGH,34.21333333333333,5190.367012627162,5998.358512944002,
2025-05-30 18:45:00,5335.580000000001,5191.242197377485,5637.914314078555,5997.419984588544,HIGH,33.925,5191.242197377485,5997.419984588544,
2025-05-30 19:00:00,5302.09,5155.162124773085,5599.903744547769,5955.500583483506,HIGH,33.63666666666666,5155.162124773085,5955.500583483505,
2025-05-30 19:15:00,5328.296666666666,5201.72492743304,5648.058220066902,6007.548546678075,HIGH,33.455000000000005,5201.72492743304,6007.548546678075,
2025-05-30 19:30:00,5355.466666666667,5231.224027423762,5678.838225761903,6040.759326523186,HIGH,33.27333333333333,5231.224027423762,6040.759326523186,
2025-05-30 19:45:00,5361.673333333333,5252.551680692031,5701.330236893291,6065.028871565771,HIGH,33.09166666666666,5252.551680692031,6065.028871565771,
2025-05-30 20:00:00,5324.573333333333,5232.289744891352,5681.300891296343,6043.07745392397,HIGH,32.91,5232.289744891352,6043.07745392397,
2025-05-30 20:15:00,5326.54,5213.518478362103,5663.917571237963,6024.1307550897145,HIGH,32.06166666666667,5213.518478362103,6024.1307550897145,
2025-05-30 20:30:00,5335.143333333333,5180.530926171759,5632.001964752717,5989.442935392849,HIGH,31.21333333333333,5180.530926171759,5989.442935392849,
2025-05-30 20:45:00,5341.330000000001,5134.4716964236295,5586.707247454255,5940.269127914584,HIGH,30.365,5134.4716964236295,5940.269127914583,
2025-05-30 21:00:00,5309.080000000001,5091.91597197858,5544.9851706370655,5895.068759926369,HIGH,29.516666666666666,5091.915971978581,5895.068759926368,
2025-05-30 21:15:00,5409.683333333333,5186.33921230154,5641.679041996019,6000.620942325244,HIGH,29.302500000000002,5186.33921230154,6000.620942325244,
2025-05-30 21:30:00,5538.986666666667,5313.387513699085,5771.724424610806,6142.572635398685,HIGH,29.088333333333335,5313.387513699085,6142.572635398685,
2025-05-30 21:45:00,5618.829999999999,5413.5774548440195,5874.200891446086,6254.579397720629,HIGH,28.874166666666664,5413.5774548440195,6254.579397720628,
2025-05-30 22:00:00,5658.443333333334,5453.938376169562,5915.333406689383,6299.857794072965,HIGH,28.66,5453.938376169563,6299.857794072965,
2025-05-30 22:15:00,5773.503333333334,5591.598266451537,6057.417299797862,6455.195869227214,HIGH,28.805833333333336,5591.598266451537,6455.195869227213,
2025-05-30 22:30:00,5883.41,5753.014910658645,6223.701692251143,6636.957731226983,HIGH,28.951666666666668,5753.014910658645,6636.957731226983,
2025-05-30 22:45:00,5957.383333333334,5857.063301684023,6331.110074138471,6754.6696960163235,HIGH,29.0975,5857.063301684023,6754.6696960163235,
2025-05-30 23:00:00,6006.7733333333335,5916.588270777131,6392.777553484907,6822.632275287037,HIGH,29.243333333333332,5916.588270777131,6822.632275287037,
2025-05-30 23:15:00,6043.296666666666,5948.872495300822,6426.742964494852,6860.4986522983745,HIGH,29.176666666666666,5948.872495300822,6860.4986522983745,
2025-05-30 23:30:00,6020.283333333333,5932.548967965028,6410.755651235926,6844.02093367658,HIGH,29.11,5932.548967965028,6844.020933676579,
2025-05-30 23:45:00,5986.625,5893.328583690038,6371.12583486755,6801.846581546958,HIGH,29.043333333333337,5893.328583690038,6801.846581546958,
2025-05-31 00:00:00,5963.303333333333,5768.041602438534,6197.649145925651,6690.700127486814,HIGH,28.976666666666667,5768.041602438534,6690.700127486814,
2025-05-31 00:15:00,5888.086666666667,5679.955715895712,6108.6292228491275,6594.864427053339,HIGH,28.807499999999997,5679.955715895713,6594.864427053339,
2025-05-31 00:30:00,5810.566666666667,5585.428546871469,6012.778546170427,6491.625758142097,HIGH,28.638333333333332,5585.428546871469,6491.625758142096,
2025-05-31 00:45:00,5728.099999999999,5495.700037615401,5921.594988866661,6393.500195322804,HIGH,28.469166666666666,5495.700037615401,6393.500195322803,
2025-05-31 01:00:00,5644.580000000001,5399.906017536496,5823.946180997126,6288.359341229367,HIGH,28.3,5399.906017536496,6288.359341229367,
2025-05-31 01:15:00,5547.723333333332,5316.064040399093,5737.193285596853,6195.065815534935,HIGH,28.234166666666667,5316.064040399093,6195.065815534935,
2025-05-31 01:30:00,5472.683333333333,5228.351122282018,5646.207183658875,6097.176905370384,HIGH,28.168333333333337,5228.351122282018,6097.176905370383,
2025-05-31 01:45:00,5401.71,5163.834730304575,5578.6951878480695,6024.860381791044,HIGH,28.1025,5163.834730304575,6024.860381791044,
2025-05-31 02:00:00,5317.873333333334,5091.743331859975,5503.1473304609435,5943.796342133879,HIGH,28.03666666666667,5091.743331859975,5943.796342133879,
2025-05-31 02:15:00,5237.63,5021.82452716434,5429.89972947048,5865.248047452994,HIGH,27.97833333333333,5021.82452716434,5865.248047452994,
2025-05-31 02:30:00,5173.426666666666,4954.074770622002,5358.587263995565,5788.7995555391035,HIGH,27.919999999999998,4954.074770622002,5788.7995555391035,
2025-05-31 02:45:00,5101.240000000001,4886.034146806497,5286.690453118133,5711.701637772778,HIGH,27.861666666666668,4886.034146806497,5711.701637772778,
2025-05-31 03:00:00,5016.2733333333335,4807.1473902210555,5203.402618636032,5622.180361362988,HIGH,27.803333333333335,4807.1473902210555,5622.180361362987,
2025-05-31 03:15:00,4956.259999999999,4753.876387433062,5147.494304139241,5562.502600820482,HIGH,27.778333333333332,4753.876387433062,5562.502600820482,
2025-05-31 03:30:00,4910.506666666667,4687.7667028697615,5078.159225918721,5488.173906732819,HIGH,27.753333333333334,4687.7667028697615,5488.173906732819,
2025-05-31 03:45:00,4850.67,4630.089676476735,5017.180027833426,5422.910433828818,HIGH,27.728333333333335,4630.089676476735,5422.910433828818,
2025-05-31 04:00:00,4791.953333333334,4556.61607523708,4939.754781399322,5339.697871584609,HIGH,27.703333333333333,4556.616075237081,5339.697871584609,
2025-05-31 04:15:00,4730.616666666666,4504.980917896234,4881.906843563697,5277.671371457166,HIGH,27.78333333333333,4504.980917896234,5277.671371457166,
2025-05-31 04:30:00,4671.693333333333,4467.705733570328,4838.502460021821,5231.32508697542,HIGH,27.863333333333333,4467.705733570328,5231.32508697542,
2025-05-31 04:45:00,4615.99,4428.221505649085,4792.586032197071,5182.189929732243,HIGH,27.94333333333333,4428.221505649085,5182.189929732243,
2025-05-31 05:00:00,4571.013333333333,4401.329812878582,4759.321817947278,5146.775571988852,HIGH,28.023333333333333,4401.329812878582,5146.775571988852,
2025-05-31 05:15:00,4496.7266666666665,4344.010465248865,4702.221079465424,5085.610183216744,HIGH,28.321666666666665,4344.010465248865,5085.610183216744,
2025-05-31 05:30:00,4431.866666666667,4289.3770972784505,4647.652095781655,5027.136749144874,HIGH,28.619999999999997,4289.3770972784505,5027.136749144874,
2025-05-31 05:45:00,4376.626666666667,4250.02044607266,4608.518504486166,4985.403913929516,HIGH,28.918333333333333,4250.02044607266,4985.403913929516,
2025-05-31 06:00:00,4379.556666666666,4226.157112919962,4585.0555647480705,4960.664747623899,HIGH,29.216666666666665,4226.157112919962,4960.664747623898,
2025-05-31 06:15:00,4452.156666666667,4225.681506393857,4584.641539641363,4960.925800656801,HIGH,29.500833333333333,4225.6815063938575,4960.925800656801,
2025-05-31 06:30:00,4468.593333333333,4224.054240691273,4582.8855973324025,4959.6485088256995,HIGH,29.784999999999997,4224.054240691273,4959.6485088256995,
2025-05-31 06:45:00,4438.346666666667,4196.052701365422,4553.979337267069,4928.725345114291,HIGH,30.069166666666664,4196.052701365422,4928.72534511429,
2025-05-31 07:00:00,4438.53,4202.744833418604,4560.46357908646,4936.261446959298,HIGH,30.35333333333333,4202.744833418605,4936.261446959298,
2025-05-31 07:15:00,4446.41,4207.907605040067,4569.940157637605,4947.139856382206,HIGH,30.879166666666666,4207.907605040067,4947.139856382206,
2025-05-31 07:30:00,4461.123333333333,4243.14981303979,4610.117365174899,4991.367640200056,HIGH,31.404999999999998,4243.14981303979,4991.367640200056,
2025-05-31 07:45:00,4475.99,4275.296158070359,4647.046532071434,5031.973913264274,HIGH,31.930833333333332,4275.296158070359,5031.973913264274,
2025-05-31 08:00:00,4453.69,4289.095908988061,4665.131393606074,5051.97392587537,HIGH,32.45666666666667,4289.095908988061,5051.973925875369,
2025-05-31 08:15:00,4490.68,4294.898395513742,4677.142791800004,5065.351758025424,HIGH,32.985,4294.898395513742,5065.351758025424,
2025-05-31 08:30:00,4493.97,4325.340464359053,4714.358368868027,5106.092404890618,HIGH,33.513333333333335,4325.340464359053,5106.092404890618,
2025-05-31 08:45:00,4522.423333333333,4391.789651440484,4788.435508047305,5186.891435552467,HIGH,34.041666666666664,4391.789651440485,5186.891435552467,
2025-05-31 09:00:00,4561.376666666667,4484.865092524246,4889.7883612824535,5297.31089342202,HIGH,34.57,4484.865092524246,5297.31089342202,
2025-05-31 09:15:00,4680.7733333333335,4645.899573595383,5052.84802658056,5474.56648543194,HIGH,34.99,4645.899573595383,5474.56648543194,
2025-05-31 09:30:00,4850.703333333334,4853.629098105491,5263.768070872417,5703.8623379075125,HIGH,35.410000000000004,4853.629098105491,5703.8623379075125,
2025-05-31 09:45:00,4983.526666666667,4989.512119342752,5401.198054875999,5853.049868000937,HIGH,35.830000000000005,4989.512119342753,5853.049868000936,
2025-05-31 10:00:00,5068.446666666667,5099.408374213741,5512.109496440168,5973.283483549813,HIGH,36.25,5099.408374213741,5973.283483549813,
2025-05-31 10:15:00,5159.1033333333335,5211.150948478709,5620.345125456808,6090.364519277645,HIGH,36.57416666666667,5211.150948478709,6090.364519277645,
2025-05-31 10:30:00,5244.973333333333,5269.974663438677,5674.52263307834,6148.506809416783,HIGH,36.89833333333333,5269.974663438677,6148.506809416783,
2025-05-31 10:45:00,5279.453333333334,5340.865773908257,5741.194867428114,6220.189765726534,HIGH,37.2225,5340.865773908257,6220.189765726533,
2025-05-31 11:00:00,5349.046666666666,5393.815326122822,5789.65323337486,6271.975344153361,HIGH,37.54666666666667,5393.815326122822,6271.975344153361,
2025-05-31 11:15:00,5403.99,5451.581924336064,5844.292647842308,6330.4718478420855,HIGH,37.7725,5451.581924336064,6330.4718478420855,
2025-05-31 11:30:00,5466.849999999999,5459.286641282124,5847.861881155195,6333.298474972057,HIGH,37.998333333333335,5459.286641282124,6333.298474972057,
2025-05-31 11:45:00,5513.686666666667,5483.6243687778515,5868.660378353424,6354.837716305484,HIGH,38.22416666666667,5483.6243687778515,6354.837716305484,
2025-05-31 12:00:00,5598.323333333334,5517.172180192455,5899.101200368992,6386.831983498696,HIGH,38.45,5517.172180192455,6386.831983498696,
2025-05-31 12:15:00,5676.156666666667,5571.110249627332,5956.033848998989,6447.826872280152,HIGH,38.595,5571.110249627332,6447.826872280151,
2025-05-31 12:30:00,5679.703333333334,5567.276467946288,5954.052633390951,6444.6288223683905,HIGH,38.74,5567.276467946288,6444.62882236839,
2025-05-31 12:45:00,5713.606666666667,5532.463330818227,5920.599192726804,6407.126898799156,HIGH,38.885,5532.463330818227,6407.126898799155,
2025-05-31 13:00:00,5646.026666666668,5380.110344426282,5767.057652766064,6238.823633195097,HIGH,39.029999999999994,5380.110344426282,6238.823633195096,
2025-05-31 13:15:00,5664.47,5317.542148087465,5697.080439250192,6161.1952085163575,HIGH,38.969166666666666,5317.542148087465,6161.1952085163575,
2025-05-31 13:30:00,5737.193333333334,5370.792273522312,5745.95375985278,6212.980470021844,HIGH,38.90833333333333,5370.792273522312,6212.980470021844,
2025-05-31 13:45:00,5850.813333333333,5466.100870785911,5838.164305021027,6311.950902707221,HIGH,38.847500000000004,5466.100870785911,6311.95090270722,
2025-05-31 14:00:00,5950.636666666666,5554.801657737573,5925.71602762645,6406.235703531217,HIGH,38.78666666666667,5554.801657737573,6406.235703531216,
2025-05-31 14:15:00,6068.71,5613.297350616913,5990.891323843893,6476.448522175213,HIGH,38.70333333333333,5613.297350616913,6476.448522175213,
2025-05-31 14:30:00,6150.2266666666665,5672.863117546565,6056.839062183909,6547.379635312157,HIGH,38.620000000000005,5672.863117546565,6547.379635312157,
2025-05-31 14:45:00,6228.043333333334,5736.796691094947,6126.327724977671,6621.918978626432,HIGH,38.53666666666667,5736.796691094947,6621.918978626431,
2025-05-31 15:00:00,6288.079999999999,5784.121751890022,6179.097972126764,6678.2704933990035,HIGH,38.45333333333334,5784.121751890022,6678.2704933990035,
2025-05-31 15:15:00,6311.150000000001,5804.54692870577,6199.341796454535,6699.715316464056,HIGH,38.395833333333336,5804.54692870577,6699.715316464056,
2025-05-31 15:30:00,6306.55,5794.654842315292,6187.995006742452,6686.904790341304,HIGH,38.33833333333334,5794.654842315292,6686.904790341304,
2025-05-31 15:45:00,6237.776666666668,5784.082060389132,6176.750194556665,6674.165990011339,HIGH,38.280833333333334,5784.082060389132,6674.165990011339,
2025-05-31 16:00:00,6071.093333333333,5745.396507684231,6140.413045169564,6634.415541708986,HIGH,38.223333333333336,5745.396507684232,6634.415541708986,
2025-05-31 16:15:00,5802.533333333333,5709.316414639068,6101.534485851396,6592.20708897284,HIGH,37.93916666666667,5709.316414639068,6592.20708897284,
2025-05-31 16:30:00,5551.853333333333,5623.6476391166725,6010.597445724523,6493.574335900636,HIGH,37.655,5623.6476391166725,6493.574335900636,
2025-05-31 16:45:00,5340.596666666667,5547.630485177357,5927.190620100536,6403.563112353154,HIGH,37.37083333333333,5547.630485177357,6403.563112353154,
2025-05-31 17:00:00,5228.926666666666,5460.800561231639,5842.035438570289,6313.236281785427,HIGH,37.086666666666666,5460.800561231639,6313.236281785427,
2025-05-31 17:15:00,5148.556666666666,5413.857105182236,5795.518187274718,6263.547044673806,HIGH,36.05083333333334,5413.857105182236,6263.547044673806,
2025-05-31 17:30:00,5155.6033333333335,5296.337714485464,5677.405048603871,6135.892077649949,HIGH,35.015,5296.337714485464,6135.892077649949,
2025-05-31 17:45:00,5106.96,5174.022726592557,5549.717230532699,5996.835185501463,HIGH,33.979166666666664,5174.022726592557,5996.835185501463,
2025-05-31 18:00:00,5109.406666666667,5074.692682703862,5440.579949827722,5876.942636610004,HIGH,32.943333333333335,5074.692682703862,5876.942636610004,
2025-05-31 18:15:00,5051.733333333334,4994.747289691314,5356.85807789944,5784.993668748822,HIGH,32.399166666666666,4994.747289691314,5784.993668748821,
2025-05-31 18:30:00,5044.099999999999,4934.864025569424,5293.8396078867045,5715.667708006344,HIGH,31.855,4934.8640255694245,5715.667708006344,
2025-05-31 18:45:00,5026.713333333333,4885.374573460326,5241.609859759956,5658.169836676379,HIGH,31.31083333333333,4885.374573460327,5658.1698366763785,
2025-05-31 19:00:00,5016.286666666667,4844.508314277757,5198.339581946743,5610.50983188771,HIGH,30.766666666666666,4844.508314277757,5610.50983188771,
2025-05-31 19:15:00,5055.486666666667,4869.731846878403,5224.645845481152,5638.765086135181,HIGH,30.555833333333332,4869.731846878403,5638.765086135181,
2025-05-31 19:30:00,5052.433333333333,4896.556757746,5252.687882600521,5668.9942174375265,HIGH,30.344999999999995,4896.556757746,5668.9942174375265,
2025-05-31 19:45:00,5079.286666666667,4906.594543189588,5263.620762382635,5680.675865215711,HIGH,30.134166666666665,4906.594543189588,5680.675865215711,
2025-05-31 20:00:00,5065.400000000001,4875.361521187144,5232.358670006034,5646.491983196891,HIGH,29.923333333333332,4875.361521187144,5646.49198319689,
2025-05-31 20:15:00,5105.513333333333,4888.643813842253,5247.07464486233,5662.475865687361,HIGH,29.944999999999997,4888.643813842253,5662.475865687361,
2025-05-31 20:30:00,5121.046666666666,4908.234496733888,5268.272523031276,5685.6030858045915,HIGH,29.966666666666665,4908.234496733888,5685.6030858045915,
2025-05-31 20:45:00,5131.86,4925.709120493064,5287.3082004835105,5706.459536365075,HIGH,29.988333333333333,4925.709120493064,5706.459536365075,
2025-05-31 21:00:00,5162.736666666667,4914.236851902883,5276.692178271895,5695.108110727856,HIGH,30.009999999999998,4914.236851902883,5695.108110727856,
2025-05-31 21:15:00,5239.2266666666665,5012.86548061861,5380.207334158088,5808.178133156187,HIGH,30.048333333333336,5012.86548061861,5808.178133156187,
2025-05-31 21:30:00,5327.383333333334,5139.21823998885,5512.0561836127,5952.183261397499,HIGH,30.08666666666667,5139.21823998885,5952.183261397498,
2025-05-31 21:45:00,5447.429999999999,5230.337869482969,5607.761609277495,6056.905817271766,HIGH,30.125,5230.337869482969,6056.905817271766,
2025-05-31 22:00:00,5509.990000000001,5297.965880943513,5679.327132738322,6135.415227340042,HIGH,30.163333333333334,5297.965880943513,6135.415227340042,
2025-05-31 22:15:00,5615.669999999999,5420.524971107358,5806.309442488483,6274.3204539002745,HIGH,30.0575,5420.524971107359,6274.320453900274,
2025-05-31 22:30:00,5675.21,5535.036245043468,5924.929141933879,6404.18823181242,HIGH,29.951666666666668,5535.036245043468,6404.18823181242,
2025-05-31 22:45:00,5763.473333333332,5617.218046964226,6010.308787303014,6497.923676283937,HIGH,29.84583333333333,5617.218046964226,6497.923676283937,
2025-05-31 23:00:00,5772.889999999999,5668.985125696068,6064.3927215608,6557.640552733865,HIGH,29.740000000000002,5668.985125696068,6557.640552733865,
2025-05-31 23:15:00,5782.516666666666,5706.663671581068,6102.498586033416,6600.084172618302,HIGH,29.668333333333333,5706.663671581068,6600.084172618301,
2025-05-31 23:30:00,5772.783333333333,5694.192797127465,6087.276108081664,6584.761739735279,HIGH,29.596666666666668,5694.192797127465,6584.761739735279,
2025-05-31 23:45:00,5723.385,5662.414898147715,6052.086576992833,6547.745239389807,HIGH,29.525000000000002,5662.414898147715,6547.745239389807,
2025-06-01 00:00:00,5673.986666666667,5515.8779827164935,5897.280716556227,6380.781713146956,HIGH,29.453333333333333,5515.8779827164935,6380.781713146956,
2025-06-01 00:15:00,5622.38,5432.144550652748,5806.916135924784,6284.11106793853,HIGH,29.231666666666666,5432.144550652748,6284.111067938529,
2025-06-01 00:30:00,5549.996666666667,5340.52078761108,5711.650283714923,6181.656105563521,HIGH,29.01,5340.52078761108,6181.656105563521,
2025-06-01 00:45:00,5482.2733333333335,5233.3691754844895,5601.549969026035,6062.891848984215,HIGH,28.788333333333334,5233.3691754844895,6062.891848984215,
2025-06-01 01:00:00,5408.16,5121.72711003855,5486.597026421015,5938.868447646148,HIGH,28.566666666666666,5121.72711003855,5938.868447646148,
2025-06-01 01:15:00,5321.383333333334,5000.581766013076,5363.088562565004,5805.599217234837,HIGH,28.425,5000.581766013076,5805.599217234837,
2025-06-01 01:30:00,5267.326666666667,4877.9301043505875,5237.767911817736,5670.371093423859,HIGH,28.283333333333335,4877.9301043505875,5670.371093423859,
2025-06-01 01:45:00,5205.28,4763.91870159973,5121.017932768077,5544.485511946186,HIGH,28.141666666666666,4763.918701599731,5544.485511946186,
2025-06-01 02:00:00,5140.1033333333335,4637.000194777367,4990.7728239263,5403.907269780527,HIGH,28.0,4637.000194777368,5403.907269780527,
2025-06-01 02:15:00,5076.2,4547.710033699697,4899.129343717797,5305.376977085037,HIGH,28.0925,4547.710033699697,5305.376977085036,
2025-06-01 02:30:00,5014.993333333333,4478.283616198977,4827.537713211722,5228.675593960684,HIGH,28.185,4478.283616198977,5228.675593960683,
2025-06-01 02:45:00,4939.516666666667,4425.421800249633,4772.619209323355,5170.11817682882,HIGH,28.277499999999996,4425.421800249633,5170.118176828819,
2025-06-01 03:00:00,4878.893333333333,4353.0332684132,4697.422066669752,5089.4587856639555,HIGH,28.369999999999997,4353.0332684132,5089.4587856639555,
2025-06-01 03:15:00,4812.763333333333,4291.045720636433,4632.589317449569,5020.062313217724,HIGH,28.144166666666663,4291.045720636433,5020.062313217724,
2025-06-01 03:30:00,4727.363333333334,4234.493985546319,4573.040145946997,4956.3904742762115,HIGH,27.918333333333333,4234.493985546319,4956.3904742762115,
2025-06-01 03:45:00,4659.973333333333,4170.350151824952,4505.439907077211,4883.916686110605,HIGH,27.692500000000003,4170.350151824952,4883.916686110605,
2025-06-01 04:00:00,4595.94,4109.88637669738,4441.334771311897,4815.209728101069,HIGH,27.46666666666667,4109.88637669738,4815.209728101069,
2025-06-01 04:15:00,4544.72,4047.0474088116052,4375.968893746968,4745.136768373366,HIGH,27.320833333333333,4047.0474088116052,4745.136768373366,
2025-06-01 04:30:00,4510.293333333333,3989.8240462763,4316.093649505448,4680.994290856764,HIGH,27.175,3989.8240462763006,4680.994290856763,
2025-06-01 04:45:00,4462.753333333333,3933.8177322662964,4257.214165452476,4617.882940626796,HIGH,27.02916666666667,3933.817732266297,4617.882940626796,
2025-06-01 05:00:00,4413.0,3889.1700930997367,4209.723607079493,4567.116669026535,HIGH,26.883333333333333,3889.1700930997367,4567.1166690265345,
2025-06-01 05:15:00,4346.293333333334,3832.690684441155,4156.357808761127,4510.120870307245,HIGH,27.1075,3832.6906844411556,4510.120870307244,
2025-06-01 05:30:00,4289.436666666667,3779.849418549057,4106.498637453059,4456.8786623992855,HIGH,27.331666666666667,3779.849418549057,4456.8786623992855,
2025-06-01 05:45:00,4243.556666666666,3731.484026832293,4061.0164156789183,4408.334405994101,HIGH,27.555833333333332,3731.4840268322932,4408.334405994101,
2025-06-01 06:00:00,4203.623333333334,3725.297267185815,4058.5266046369793,4406.537221862896,HIGH,27.78,3725.297267185815,4406.537221862895,
2025-06-01 06:15:00,4170.93,3762.526014028503,4100.309893111349,4452.878960124695,HIGH,27.996666666666666,3762.526014028503,4452.878960124695,
2025-06-01 06:30:00,4136.66,3768.2768624224177,4109.70174382915,4463.86941697591,HIGH,28.213333333333335,3768.2768624224177,4463.86941697591,
2025-06-01 06:45:00,4095.2999999999997,3727.3110997956846,4071.115774327394,4422.532845953458,HIGH,28.43,3727.3110997956846,4422.532845953458,
2025-06-01 07:00:00,4037.036666666667,3722.261347402447,4069.171798365664,4421.018415249217,HIGH,28.646666666666665,3722.261347402447,4421.018415249217,
2025-06-01 07:15:00,4054.5433333333335,3719.714521783142,4070.3955345816566,4422.896697169981,HIGH,29.150833333333335,3719.7145217831426,4422.896697169981,
2025-06-01 07:30:00,4043.066666666667,3738.3807537305443,4093.242057698605,4448.23858092216,HIGH,29.654999999999998,3738.3807537305447,4448.23858092216,
2025-06-01 07:45:00,4008.5166666666664,3756.3700046399595,4115.317112477937,4472.655941849802,HIGH,30.159166666666664,3756.3700046399595,4472.655941849802,
2025-06-01 08:00:00,4006.293333333333,3745.1693881853716,4107.445976407226,4464.377085930259,HIGH,30.663333333333334,3745.1693881853716,4464.3770859302585,
2025-06-01 08:15:00,3972.9133333333334,3764.535298687557,4130.828688896728,4490.048823244703,HIGH,31.015,3764.535298687557,4490.048823244703,
2025-06-01 08:30:00,3969.5633333333335,3763.7880292884192,4133.595463958882,4493.185255838033,HIGH,31.366666666666667,3763.7880292884192,4493.185255838033,
2025-06-01 08:45:00,3971.44,3788.021069068284,4161.934002506309,4524.08547837443,HIGH,31.718333333333334,3788.0210690682843,4524.08547837443,
2025-06-01 09:00:00,4017.6966666666667,3817.8898956522544,4196.057164939669,4561.202324927373,HIGH,32.07,3817.8898956522544,4561.2023249273725,
2025-06-01 09:15:00,4139.826666666667,3927.7573829179964,4310.682584700802,4685.853588896681,HIGH,32.413333333333334,3927.7573829179964,4685.85358889668,
2025-06-01 09:30:00,4191.98,4082.8676650454113,4471.6814987270545,4860.925895447313,HIGH,32.75666666666667,4082.8676650454113,4860.925895447313,
2025-06-01 09:45:00,4230.956666666666,4204.200530681808,4598.167387563357,4998.335881712613,HIGH,33.1,4204.200530681808,4998.335881712612,
2025-06-01 10:00:00,4260.073333333333,4289.0690581181825,4682.536890427481,5088.762253127166,HIGH,33.44333333333333,4289.0690581181825,5088.762253127166,
2025-06-01 10:15:00,4288.633333333333,4397.297307081541,4790.100215250068,5204.4535585281255,HIGH,33.98916666666666,4397.297307081541,5204.4535585281255,
2025-06-01 10:30:00,4371.756666666667,4477.898860103411,4869.500800533744,5289.4061964067,HIGH,34.535,4477.898860103411,5289.4061964067,
2025-06-01 10:45:00,4441.54,4529.034294411973,4918.87202335747,5341.590755465565,HIGH,35.08083333333333,4529.034294411973,5341.590755465564,
2025-06-01 11:00:00,4527.616666666667,4600.495916151778,4989.209809798908,5416.545438043579,HIGH,35.626666666666665,4600.495916151779,5416.545438043579,
2025-06-01 11:15:00,4550.81,4653.66878929379,5040.88371888537,5471.221470733498,HIGH,35.91,4653.66878929379,5471.221470733497,
2025-06-01 11:30:00,4600.836666666666,4703.544673687658,5089.367682755953,5522.369217160651,HIGH,36.193333333333335,4703.544673687659,5522.369217160651,
2025-06-01 11:45:00,4682.343333333333,4742.8150888138425,5127.192792523905,5561.859409521469,HIGH,36.47666666666667,4742.8150888138425,5561.859409521469,
2025-06-01 12:00:00,4793.913333333333,4813.815593195797,5197.717334926388,5636.913824588013,HIGH,36.76,4813.815593195797,5636.913824588013,
2025-06-01 12:15:00,4877.913333333334,4887.489831403578,5270.8742407454,5715.108887965212,HIGH,36.98416666666667,4887.489831403579,5715.108887965212,
2025-06-01 12:30:00,4891.313333333333,4899.25568434579,5280.882091772418,5724.498888954297,HIGH,37.208333333333336,4899.25568434579,5724.4988889542965,
2025-06-01 12:45:00,4952.94,4927.137941294771,5307.636711798334,5752.095514265092,HIGH,37.4325,4927.137941294772,5752.095514265091,
2025-06-01 13:00:00,4917.473333333333,4854.405901782197,5231.6324600296375,5667.7623311256375,HIGH,37.656666666666666,4854.405901782197,5667.7623311256375,
2025-06-01 13:15:00,4943.283333333333,4857.086294692714,5230.2568710362,5664.904994174887,HIGH,37.6325,4857.086294692714,5664.904994174887,
2025-06-01 13:30:00,5060.06,4923.441762805092,5294.344952341315,5733.323033813348,HIGH,37.608333333333334,4923.441762805093,5733.323033813348,
2025-06-01 13:45:00,5197.623333333333,5027.675597468433,5397.490457357896,5844.265540307404,HIGH,37.58416666666667,5027.675597468433,5844.265540307404,
2025-06-01 14:00:00,5283.846666666667,5120.94920457593,5489.694524305803,5943.289278271149,HIGH,37.56,5120.94920457593,5943.289278271149,
2025-06-01 14:15:00,5399.8533333333335,5214.92543954371,5588.473765801869,6049.450639987877,HIGH,37.51416666666667,5214.92543954371,6049.450639987877,
2025-06-01 14:30:00,5482.46,5290.358494510666,5671.334418457608,6137.890997916839,HIGH,37.468333333333334,5290.358494510666,6137.890997916839,
2025-06-01 14:45:00,5572.170000000001,5362.078112759413,5750.496190286563,6222.342279660317,HIGH,37.42250000000001,5362.078112759413,6222.342279660316,
2025-06-01 15:00:00,5640.4766666666665,5419.180373062698,5814.096785175369,6289.990582409935,HIGH,37.37666666666667,5419.180373062698,6289.990582409934,
2025-06-01 15:15:00,5672.89,5450.094508992191,5845.383698078461,6322.5916978029845,HIGH,37.333333333333336,5450.094508992192,6322.5916978029845,
2025-06-01 15:30:00,5665.849999999999,5457.001528648429,5851.2291582711305,6327.677940971762,HIGH,37.29,5457.001528648429,6327.677940971762,
2025-06-01 15:45:00,5634.5199999999995,5418.3561728800905,5810.71371523589,6282.3114822053985,HIGH,37.24666666666667,5418.3561728800905,6282.3114822053985,
2025-06-01 16:00:00,5578.983333333334,5307.360774329136,5696.395404708017,6156.613018248131,HIGH,37.20333333333333,5307.360774329136,6156.61301824813,
2025-06-01 16:15:00,5473.163333333333,5119.721955373447,5493.45035067072,5934.0735620138,HIGH,36.58583333333333,5119.721955373447,5934.0735620138,
2025-06-01 16:30:00,5089.543333333334,4940.680340253513,5299.566448218123,5721.4505213933035,HIGH,35.968333333333334,4940.680340253513,5721.4505213933035,
2025-06-01 16:45:00,4564.926666666666,4784.926229405785,5129.775772342825,5535.118267074098,HIGH,35.350833333333334,4784.926229405785,5535.118267074098,
2025-06-01 17:00:00,4286.626666666667,4698.902677998667,5031.619384580377,5426.853237109377,HIGH,34.73333333333333,4698.902677998667,5426.853237109377,
2025-06-01 17:15:00,4126.87,4682.909263704404,4993.174699094741,5383.241178417749,HIGH,34.4175,4682.909263704404,5383.241178417748,
2025-06-01 17:30:00,4180.793333333334,4714.92984820567,5004.107432546744,5393.466269706941,HIGH,34.10166666666667,4714.92984820567,5393.46626970694,
2025-06-01 17:45:00,4270.996666666667,4708.240154890468,4975.612321760205,5360.822975380701,HIGH,33.78583333333333,4708.240154890468,5360.822975380701,
2025-06-01 18:00:00,4319.993333333333,4741.387115723805,4988.096152322237,5372.877434624763,HIGH,33.47,4741.387115723806,5372.877434624763,
2025-06-01 18:15:00,4363.256666666667,4669.487044816049,4922.673873778595,5301.214566169619,HIGH,33.25666666666667,4669.487044816049,5301.214566169618,
2025-06-01 18:30:00,4405.09,4634.272968549324,4894.975342359608,5270.7098655146365,HIGH,33.04333333333334,4634.272968549325,5270.7098655146365,
2025-06-01 18:45:00,4448.099999999999,4597.016053239955,4865.332267448546,5238.1667247228315,HIGH,32.83,4597.016053239955,5238.166724722831,
2025-06-01 19:00:00,4496.59,4572.718339176037,4849.088085036322,5220.2959824707295,HIGH,32.61666666666667,4572.718339176038,5220.2959824707295,
2025-06-01 19:15:00,4520.12,4585.68343653525,4866.796631329377,5239.328899106058,HIGH,32.06333333333333,4585.68343653525,5239.328899106058,
2025-06-01 19:30:00,4551.746666666667,4572.422400148095,4857.749752596351,5229.308769559685,HIGH,31.51,4572.422400148095,5229.308769559684,
2025-06-01 19:45:00,4563.203333333334,4575.522514775711,4865.532579877526,5237.700588147956,HIGH,30.956666666666667,4575.522514775711,5237.700588147956,
2025-06-01 20:00:00,4536.033333333333,4544.966203535684,4838.916419698379,5208.716706450882,HIGH,30.403333333333332,4544.966203535684,5208.716706450881,
2025-06-01 20:15:00,4569.736666666667,4575.780736892059,4871.582779471494,5244.248563123992,HIGH,30.116666666666667,4575.780736892059,5244.248563123992,
2025-06-01 20:30:00,4585.253333333333,4592.977534291741,4890.329677941978,5264.706665665765,HIGH,29.83,4592.977534291741,5264.706665665764,
2025-06-01 20:45:00,4605.52,4606.177502805992,4904.988749554688,5280.7969912459175,HIGH,29.54333333333333,4606.177502805992,5280.7969912459175,
2025-06-01 21:00:00,4621.863333333334,4627.0013868904925,4927.439143765302,5305.45490231816,HIGH,29.256666666666664,4627.0013868904925,5305.45490231816,
2025-06-01 21:15:00,4711.246666666667,4703.566549063355,5009.08336124441,5394.733026512281,HIGH,29.124166666666664,4703.5665490633555,5394.733026512281,
2025-06-01 21:30:00,4801.443333333334,4798.6463747369335,5109.632159202159,5504.677949733857,HIGH,28.991666666666667,4798.6463747369335,5504.677949733857,
2025-06-01 21:45:00,4881.55,4908.115488793296,5224.843447082325,5630.66795479605,HIGH,28.859166666666663,4908.115488793296,5630.66795479605,
2025-06-01 22:00:00,4938.07,4964.896499385782,5286.022010693039,5697.891522482733,HIGH,28.726666666666667,4964.896499385783,5697.891522482733,
2025-06-01 22:15:00,5029.786666666667,5069.534527204014,5396.812066955767,5819.240059856988,HIGH,28.729999999999997,5069.534527204015,5819.240059856988,
2025-06-01 22:30:00,5128.403333333333,5143.467408411131,5476.041804845542,5906.288838024655,HIGH,28.73333333333333,5143.467408411132,5906.288838024655,
2025-06-01 22:45:00,5220.736666666667,5225.365719060715,5563.287424148283,6002.1330080100215,HIGH,28.736666666666665,5225.365719060715,6002.1330080100215,
2025-06-01 23:00:00,5288.599999999999,5249.475083734871,5591.210233910604,6033.437091964874,HIGH,28.74,5249.475083734871,6033.437091964873,
2025-06-01 23:15:00,5319.456666666667,5272.145981127824,5616.411153025071,6061.797274546478,HIGH,28.794166666666666,5272.145981127825,6061.797274546478,
2025-06-01 23:30:00,5342.056666666666,5267.952781788189,5613.921589513183,6060.056948854898,HIGH,28.848333333333336,5267.952781788189,6060.056948854898,
2025-06-01 23:45:00,5309.778333333334,5232.977754861036,5579.716495569961,6023.828460649556,HIGH,28.9025,5232.977754861037,6023.828460649556,
2025-06-02 00:00:00,5277.5,5443.367325974525,5842.030374581587,6233.812974189206,HIGH,28.956666666666667,5443.367325974525,6233.812974189205,
2025-06-02 00:15:00,5223.383333333334,5385.014082006908,5781.655362675057,6169.107690528943,HIGH,28.711666666666666,5385.014082006908,6169.107690528942,
2025-06-02 00:30:00,5153.916666666667,5311.293799431126,5705.310961616069,6087.047461726943,HIGH,28.466666666666665,5311.293799431126,6087.047461726942,
2025-06-02 00:45:00,5088.150000000001,5236.996126118204,5628.129410537876,6004.106188110962,HIGH,28.221666666666668,5236.996126118204,6004.106188110962,
2025-06-02 01:00:00,5005.846666666667,5158.48176056505,5546.375521828694,5916.211005934943,HIGH,27.976666666666667,5158.48176056505,5916.211005934943,
2025-06-02 01:15:00,4916.79,5070.909156974294,5457.95925095172,5821.182743261834,HIGH,27.865,5070.909156974294,5821.182743261834,
2025-06-02 01:30:00,4858.8966666666665,5006.701250003096,5393.194981519943,5751.926095392063,HIGH,27.753333333333334,5006.701250003097,5751.926095392062,
2025-06-02 01:45:00,4803.68,4938.0592367023555,5323.615194728653,5677.434426237592,HIGH,27.64166666666667,4938.0592367023555,5677.434426237592,
2025-06-02 02:00:00,4733.906666666667,4868.047769534125,5252.353101487484,5601.114264310657,HIGH,27.53,4868.047769534125,5601.114264310656,
2025-06-02 02:15:00,4671.6033333333335,4778.621576698809,5162.007829479146,5504.048840293707,HIGH,27.1,4778.621576698809,5504.048840293707,
2025-06-02 02:30:00,4612.71,4697.761707198435,5080.147543281363,5416.21600784245,HIGH,26.67,4697.761707198435,5416.21600784245,
2025-06-02 02:45:00,4550.03,4602.0007946737705,4982.744283009253,5311.443798741644,HIGH,26.24,4602.0007946737705,5311.443798741643,
2025-06-02 03:00:00,4489.34,4522.876876260292,4902.088599020524,5224.891174126233,HIGH,25.81,4522.876876260292,5224.891174126233,
2025-06-02 03:15:00,4425.616666666667,4454.035601002519,4829.879289732137,5147.448845811051,HIGH,25.664166666666667,4454.035601002519,5147.448845811051,
2025-06-02 03:30:00,4365.886666666666,4379.056999100184,4751.104399275682,5062.827413668122,HIGH,25.518333333333334,4379.056999100184,5062.827413668122,
2025-06-02 03:45:00,4310.406666666667,4309.059053796591,4677.151057091327,4983.4223143238205,HIGH,25.3725,4309.059053796591,4983.4223143238205,
2025-06-02 04:00:00,4260.883333333334,4242.96184421151,4606.918758289046,4908.030094160936,HIGH,25.226666666666667,4242.96184421151,4908.030094160936,
2025-06-02 04:15:00,4230.153333333333,4204.0161212745525,4564.93786670148,4863.385050997311,HIGH,25.460833333333333,4204.0161212745525,4863.385050997311,
2025-06-02 04:30:00,4189.516666666666,4176.219046691969,4534.112614603603,4830.839683340422,HIGH,25.695,4176.219046691969,4830.839683340422,
2025-06-02 04:45:00,4184.42,4140.260764212873,4494.681194709791,4788.868940716095,HIGH,25.929166666666667,4140.260764212873,4788.868940716095,
2025-06-02 05:00:00,4165.82,4105.787277752477,4456.529329506477,4748.234168893363,HIGH,26.16333333333333,4105.787277752477,4748.234168893363,
2025-06-02 05:15:00,4116.333333333333,4040.5317362998276,4395.974942886037,4683.47389499042,HIGH,26.41333333333333,4040.5317362998276,4683.47389499042,
2025-06-02 05:30:00,4087.146666666667,3980.6643674292227,4340.71895132999,4624.418447809627,HIGH,26.66333333333333,3980.6643674292227,4624.418447809627,
2025-06-02 05:45:00,4042.5399999999995,3936.812504365807,4301.654761335035,4582.927329285579,HIGH,26.913333333333334,3936.812504365807,4582.927329285579,
2025-06-02 06:00:00,4025.226666666667,3901.426492702418,4271.066151054572,4550.5944444269,HIGH,27.163333333333334,3901.4264927024183,4550.5944444269,
2025-06-02 06:15:00,4029.5933333333337,3891.4478299396633,4264.8755035437525,4544.70533291251,HIGH,27.398333333333333,3891.4478299396637,4544.70533291251,
2025-06-02 06:30:00,4044.5333333333333,3867.577871252955,4244.299461547078,4523.073526133097,HIGH,27.63333333333333,3867.5778712529554,4523.073526133097,
2025-06-02 06:45:00,4047.736666666666,3835.4698298819717,4215.141841171211,4492.017209835873,HIGH,27.868333333333332,3835.469829881972,4492.017209835873,
2025-06-02 07:00:00,4088.153333333333,3800.3703949630826,4182.790868363891,4457.402330979708,HIGH,28.10333333333333,3800.3703949630826,4457.402330979708,
2025-06-02 07:15:00,4079.41,3822.765475710612,4209.1920047252015,4486.686028786722,HIGH,28.651666666666664,3822.765475710612,4486.686028786722,
2025-06-02 07:30:00,4086.6233333333334,3822.0467813828845,4211.831899692151,4490.010108949237,HIGH,29.2,3822.046781382885,4490.010108949237,
2025-06-02 07:45:00,4109.113333333334,3807.926984163548,4200.672733962196,4478.222614573205,HIGH,29.748333333333335,3807.926984163548,4478.222614573204,
2025-06-02 08:00:00,4155.453333333334,3814.5431947707484,4210.683985478643,4489.40490382874,HIGH,30.296666666666667,3814.543194770749,4489.40490382874,
2025-06-02 08:15:00,4183.943333333333,3815.576323912412,4211.343597612054,4490.190599653086,HIGH,30.642500000000002,3815.576323912412,4490.190599653086,
2025-06-02 08:30:00,4232.9800000000005,3831.349884833203,4227.072143183492,4507.301825084923,HIGH,30.988333333333337,3831.349884833203,4507.301825084923,
2025-06-02 08:45:00,4256.05,3845.2735157613283,4240.902311443715,4522.261849468178,HIGH,31.334166666666665,3845.273515761329,4522.261849468178,
2025-06-02 09:00:00,4390.41,3909.6450633980644,4306.398003495048,4593.4028106656615,HIGH,31.68,3909.6450633980644,4593.4028106656615,
2025-06-02 09:15:00,4549.29,4044.161622210777,4441.5885515145055,4740.283366390366,HIGH,32.03666666666666,4044.161622210777,4740.283366390366,
2025-06-02 09:30:00,4709.533333333334,4140.86260921481,4538.113283781663,4844.977132361142,HIGH,32.39333333333333,4140.86260921481,4844.977132361142,
2025-06-02 09:45:00,4861.5633333333335,4220.181029519389,4616.910858074961,4930.288392128226,HIGH,32.75,4220.181029519389,4930.288392128226,
2025-06-02 10:00:00,4972.34,4286.0898516504885,4682.0670237801905,5000.668939707646,HIGH,33.10666666666667,4286.089851650489,5000.668939707646,
2025-06-02 10:15:00,5085.22,4336.247446893265,4727.967613218267,5049.892659735893,HIGH,33.18666666666667,4336.247446893265,5049.892659735893,
2025-06-02 10:30:00,5195.083333333333,4419.419162908539,4807.792564260621,5135.990582709218,HIGH,33.266666666666666,4419.419162908539,5135.990582709218,
2025-06-02 10:45:00,5230.363333333334,4488.421737156188,4873.249962928649,5206.376142415784,HIGH,33.346666666666664,4488.421737156189,5206.376142415783,
2025-06-02 11:00:00,5223.75,4564.4150265746985,4946.020401731557,5284.66313475931,HIGH,33.42666666666667,4564.4150265746985,5284.663134759309,
2025-06-02 11:15:00,5262.62,4592.090844216789,4975.6013073089935,5316.075393620828,HIGH,33.611666666666665,4592.090844216789,5316.0753936208275,
2025-06-02 11:30:00,5278.236666666667,4641.715015428341,5027.83971179816,5372.107240086083,HIGH,33.79666666666667,4641.715015428341,5372.107240086083,
2025-06-02 11:45:00,5387.183333333333,4702.645924049371,5091.854075334595,5440.913050264638,HIGH,33.98166666666667,4702.645924049371,5440.913050264638,
2025-06-02 12:00:00,5338.966666666666,4791.4640888215035,5184.6333867711055,5540.998428175361,HIGH,34.166666666666664,4791.4640888215035,5540.998428175361,
2025-06-02 12:15:00,5253.1866666666665,4869.638523116081,5266.0210668632835,5628.612073145588,HIGH,34.49083333333333,4869.638523116082,5628.612073145588,
2025-06-02 12:30:00,5317.803333333333,4890.784501398456,5289.2560078060205,5652.861644856432,HIGH,34.815,4890.784501398456,5652.861644856432,
2025-06-02 12:45:00,5375.656666666667,4933.585398980685,5334.908326717298,5701.493135639047,HIGH,35.13916666666667,4933.585398980685,5701.493135639047,
2025-06-02 13:00:00,5394.033333333333,4900.9690555074485,5305.730571289327,5669.065880594426,HIGH,35.46333333333333,4900.9690555074485,5669.065880594425,
2025-06-02 13:15:00,5394.83,4935.404877393639,5332.859724638736,5697.162085020586,HIGH,35.512499999999996,4935.404877393639,5697.162085020586,
2025-06-02 13:30:00,5449.373333333334,5055.1665769343,5447.315323876777,5820.277006981654,HIGH,35.56166666666667,5055.1665769343,5820.277006981654,
2025-06-02 13:45:00,5567.05,5197.657668677661,5585.3180692023525,5969.025699138429,HIGH,35.61083333333333,5197.657668677662,5969.0256991384285,
2025-06-02 14:00:00,5618.206666666666,5303.635965088599,5686.217379540652,6077.365200821241,HIGH,35.66,5303.635965088599,6077.365200821241,
2025-06-02 14:15:00,5725.756666666667,5412.63866425742,5800.559139738166,6200.703386033798,HIGH,35.719166666666666,5412.63866425742,6200.703386033798,
2025-06-02 14:30:00,5819.610000000001,5487.510007268893,5880.241154869161,6286.304659548063,HIGH,35.77833333333333,5487.510007268893,6286.304659548063,
2025-06-02 14:45:00,5711.349999999999,5564.239408833335,5962.112084219066,6374.302734803497,HIGH,35.8375,5564.239408833335,6374.302734803497,
2025-06-02 15:00:00,5626.37,5614.799698365666,6019.302371245282,6435.833481072469,HIGH,35.89666666666667,5614.799698365666,6435.833481072469,
2025-06-02 15:15:00,5600.093333333333,5654.035121628327,6060.641859985711,6480.005493880072,HIGH,35.84916666666667,5654.035121628327,6480.005493880072,
2025-06-02 15:30:00,5526.456666666668,5647.75249233341,6052.478314408599,6470.747649987447,HIGH,35.80166666666666,5647.75249233341,6470.747649987447,
2025-06-02 15:45:00,5688.616666666666,5604.442992762601,6001.829026970468,6415.94338654075,HIGH,35.75416666666666,5604.442992762601,6415.94338654075,
2025-06-02 16:00:00,5723.400000000001,5530.084031595791,5923.439722943469,6333.5752128709555,HIGH,35.70666666666666,5530.084031595791,6333.5752128709555,
2025-06-02 16:15:00,5676.566666666667,5419.147707519059,5819.4397905333535,6221.2662160559485,HIGH,35.56083333333333,5419.147707519059,6221.2662160559485,
2025-06-02 16:30:00,5631.553333333333,5115.763007475936,5510.825206409934,5884.148727466276,HIGH,35.415000000000006,5115.763007475936,5884.148727466276,
2025-06-02 16:45:00,5569.556666666666,4724.993422687579,5112.991921633467,5449.925304809596,HIGH,35.26916666666667,4724.993422687579,5449.925304809596,
2025-06-02 17:00:00,5497.763333333333,4506.648898193947,4891.93669127912,5208.270697353698,HIGH,35.123333333333335,4506.648898193947,5208.270697353698,
2025-06-02 17:15:00,5421.803333333333,4441.313700575333,4793.270401021196,5098.7322370550755,HIGH,34.7025,4441.313700575333,5098.7322370550755,
2025-06-02 17:30:00,5360.799999999999,4525.222745809851,4847.62611666612,5155.899910859612,HIGH,34.281666666666666,4525.222745809851,5155.899910859611,
2025-06-02 17:45:00,5288.736666666667,4627.025665888604,4920.508150661458,5233.311298277517,HIGH,33.86083333333333,4627.025665888605,5233.311298277517,
2025-06-02 18:00:00,5231.55,4708.6477844109395,4972.920253041045,5288.502599463114,HIGH,33.44,4708.6477844109395,5288.502599463114,
2025-06-02 18:15:00,5180.766666666666,4703.491823921891,4973.31833544046,5288.428663162957,HIGH,33.21083333333333,4703.491823921892,5288.428663162957,
2025-06-02 18:30:00,5158.44,4708.095478449968,4983.871590764506,5299.490709667403,HIGH,32.98166666666666,4708.095478449968,5299.490709667403,
2025-06-02 18:45:00,5002.84,4711.280452480202,4993.11934733236,5309.2102359306955,HIGH,32.7525,4711.280452480202,5309.2102359306955,
2025-06-02 19:00:00,5059.196666666667,4729.404821739701,5017.793418040416,5335.810023466797,HIGH,32.52333333333333,4729.404821739701,5335.810023466797,
2025-06-02 19:15:00,5000.7266666666665,4743.807613653426,5036.255205766966,5355.637660440179,HIGH,32.160000000000004,4743.807613653426,5355.637660440179,
2025-06-02 19:30:00,5009.893333333333,4755.490335261079,5052.028251889246,5372.620876192907,HIGH,31.796666666666667,4755.490335261079,5372.6208761929065,
2025-06-02 19:45:00,5013.423333333333,4757.484867479136,5057.9603864443825,5378.971730092993,HIGH,31.433333333333334,4757.484867479136,5378.971730092993,
2025-06-02 20:00:00,4949.806666666666,4724.189950873842,5027.821562960397,5346.126107280934,HIGH,31.07,4724.189950873842,5346.126107280934,
2025-06-02 20:15:00,4932.886666666666,4742.755719921947,5052.618849235912,5373.254679375323,HIGH,30.764999999999997,4742.755719921947,5373.254679375323,
2025-06-02 20:30:00,4939.7266666666665,4746.014698417245,5061.767335634089,5383.426247148025,HIGH,30.46,4746.014698417246,5383.426247148025,
2025-06-02 20:45:00,4917.916666666667,4750.628707704444,5072.307496789021,5395.197216746131,HIGH,30.155,4750.628707704444,5395.197216746131,
2025-06-02 21:00:00,4915.786666666667,4753.379649875103,5080.9257331692725,5404.95804273755,HIGH,29.85,4753.379649875103,5404.95804273755,
2025-06-02 21:15:00,5013.92,4826.10590882559,5161.155087079359,5492.784839386382,HIGH,29.62333333333333,4826.10590882559,5492.784839386382,
2025-06-02 21:30:00,5056.913333333333,4906.0439800756285,5248.716597088596,5588.676061684655,HIGH,29.39666666666667,4906.0439800756285,5588.676061684655,
2025-06-02 21:45:00,5146.650000000001,4979.911107131463,5329.992387575578,5677.799759893667,HIGH,29.17,4979.911107131463,5677.799759893667,
2025-06-02 22:00:00,5202.929999999999,5030.1969318801375,5387.0364526136755,5740.610316757358,HIGH,28.943333333333335,5030.196931880138,5740.610316757357,
2025-06-02 22:15:00,5296.39,5104.204375085723,5465.746642181914,5826.998310557732,HIGH,28.543333333333337,5104.204375085723,5826.998310557732,
2025-06-02 22:30:00,5398.203333333334,5173.406493966103,5539.414046830621,5907.9641464807855,HIGH,28.143333333333334,5173.406493966103,5907.9641464807855,
2025-06-02 22:45:00,5475.703333333334,5241.149988864872,5611.448515646328,5987.217809548624,HIGH,27.743333333333332,5241.149988864872,5987.217809548624,
2025-06-02 23:00:00,5546.756666666667,5280.1026292689585,5653.849871338732,6034.2634742677255,HIGH,27.343333333333334,5280.1026292689585,6034.2634742677255,
2025-06-02 23:15:00,5580.490000000001,5301.402412219707,5677.883208048117,6061.445937961226,HIGH,27.294166666666666,5301.402412219707,6061.445937961226,
2025-06-02 23:30:00,5566.7733333333335,5305.270506023382,5681.917125905006,6067.181467609143,HIGH,27.245,5305.270506023382,6067.181467609143,
2025-06-02 23:45:00,5549.68,5267.863690999286,5643.492171938243,6026.729332969628,HIGH,27.195833333333333,5267.863690999286,6026.729332969628,
2025-06-03 00:00:00,5511.349999999999,5151.729480591641,5526.64404373614,5900.581272054093,HIGH,27.14666666666667,5151.729480591641,5900.581272054093,
2025-06-03 00:15:00,5463.436666666666,5096.03899975167,5470.792157296292,5840.865572771963,HIGH,27.105833333333333,5096.03899975167,5840.865572771963,
2025-06-03 00:30:00,5385.733333333334,5026.379350958607,5400.402091596096,5765.353516319918,HIGH,27.064999999999998,5026.379350958608,5765.353516319918,
2025-06-03 00:45:00,5316.096666666666,4959.217337178025,5332.323241038647,5692.388985593663,HIGH,27.024166666666666,4959.217337178025,5692.388985593663,
2025-06-03 01:00:00,5237.066666666667,4880.899680610169,5252.567608223849,5606.733804127097,HIGH,26.983333333333334,4880.899680610169,5606.733804127097,
2025-06-03 01:15:00,5163.803333333333,4793.226980317354,5161.892626860859,5509.169125724991,HIGH,26.895833333333336,4793.226980317355,5509.169125724991,
2025-06-03 01:30:00,5074.136666666666,4734.189343101826,5100.2657117234285,5443.252378177558,HIGH,26.808333333333334,4734.189343101827,5443.252378177558,
2025-06-03 01:45:00,4983.25,4675.0709860758825,5038.280494082333,5376.954517567024,HIGH,26.72083333333333,4675.0709860758825,5376.954517567024,
2025-06-03 02:00:00,4910.676666666666,4607.417811471162,4967.276712243239,5300.83897744948,HIGH,26.633333333333333,4607.417811471163,5300.83897744948,
2025-06-03 02:15:00,4848.32,4545.409181694213,4902.487315046608,5231.514448956538,HIGH,26.589166666666667,4545.409181694214,5231.514448956538,
2025-06-03 02:30:00,4771.713333333333,4488.572185383185,4842.707250384922,5167.637524642428,HIGH,26.545,4488.572185383185,5167.637524642427,
2025-06-03 02:45:00,4696.893333333333,4425.183991021133,4775.933200555677,5096.1310749834365,HIGH,26.500833333333333,4425.183991021133,5096.1310749834365,
2025-06-03 03:00:00,4645.983333333334,4365.924835829525,4713.100457147666,5028.898178356967,HIGH,26.456666666666667,4365.924835829525,5028.898178356967,
2025-06-03 03:15:00,4598.5199999999995,4301.528260103521,4644.723111385872,4955.603299598197,HIGH,26.313333333333336,4301.528260103521,4955.603299598197,
2025-06-03 03:30:00,4541.639999999999,4235.19632601398,4574.082369746406,4879.814397993247,HIGH,26.169999999999998,4235.19632601398,4879.814397993247,
2025-06-03 03:45:00,4480.606666666667,4175.143328458676,4509.592420311346,4810.689376200072,HIGH,26.026666666666664,4175.1433284586765,4810.689376200072,
2025-06-03 04:00:00,4406.833333333333,4119.688447183473,4449.537527357276,4746.354794052244,HIGH,25.883333333333333,4119.688447183473,4746.354794052244,
2025-06-03 04:15:00,4360.033333333334,4087.483200803989,4411.223533084674,4705.587984018386,HIGH,25.819166666666664,4087.483200803989,4705.587984018386,
2025-06-03 04:30:00,4304.293333333334,4050.9193248486954,4368.18805154986,4659.630654028666,HIGH,25.755,4050.919324848696,4659.630654028666,
2025-06-03 04:45:00,4257.063333333333,4037.635018033073,4348.737042280454,4639.30356507962,HIGH,25.69083333333333,4037.635018033073,4639.30356507962,
2025-06-03 05:00:00,4210.333333333333,4013.1934414968855,4317.6220084962315,4606.216885566275,HIGH,25.626666666666665,4013.1934414968855,4606.216885566275,
2025-06-03 05:15:00,4142.776666666667,3942.7954398997435,4257.911822325032,4542.5932044301135,HIGH,26.034166666666664,3942.7954398997435,4542.5932044301135,
2025-06-03 05:30:00,4088.4933333333333,3887.39648946907,4213.340129407543,4495.3902196896925,HIGH,26.441666666666663,3887.39648946907,4495.3902196896925,
2025-06-03 05:45:00,4046.226666666667,3822.6610017661897,4159.003548346901,4437.4847212760815,HIGH,26.849166666666665,3822.6610017661897,4437.484721276081,
2025-06-03 06:00:00,3997.9733333333334,3785.4290724103726,4132.6343035569,4409.963984855757,HIGH,27.256666666666668,3785.4290724103726,4409.963984855757,
2025-06-03 06:15:00,4014.4300000000003,3787.1588777659526,4133.759547281145,4411.87574228185,HIGH,27.494166666666665,3787.1588777659526,4411.87574228185,
2025-06-03 06:30:00,4042.0166666666664,3796.64166604895,4142.659891760796,4422.1775899435115,HIGH,27.731666666666662,3796.64166604895,4422.1775899435115,
2025-06-03 06:45:00,4000.623333333333,3789.339630051512,4134.228076344052,4413.525542373683,HIGH,27.969166666666666,3789.3396300515124,4413.525542373683,
2025-06-03 07:00:00,3965.11,3812.4872809847625,4156.841559268068,4438.600832488566,HIGH,28.206666666666663,3812.4872809847625,4438.600832488565,
2025-06-03 07:15:00,3892.353333333333,3810.3140941508354,4155.213505846261,4437.258495628799,HIGH,28.5325,3810.3140941508354,4437.258495628799,
2025-06-03 07:30:00,3890.896666666666,3818.372092902144,4163.964449525035,4447.13527037078,HIGH,28.858333333333334,3818.3720929021442,4447.13527037078,
2025-06-03 07:45:00,3911.1800000000003,3829.422645686912,4175.700978406615,4460.178954641976,HIGH,29.184166666666666,3829.422645686912,4460.178954641976,
2025-06-03 08:00:00,3905.376666666667,3859.8367597139704,4207.202745077802,4494.662181724241,HIGH,29.51,3859.8367597139704,4494.662181724241,
2025-06-03 08:15:00,3905.81,3885.4814793471182,4234.85778991842,4524.90981078151,HIGH,29.928333333333335,3885.4814793471187,4524.90981078151,
2025-06-03 08:30:00,3958.5633333333335,3935.128254618805,4287.064281930704,4581.8094295478595,HIGH,30.346666666666668,3935.128254618805,4581.809429547859,
2025-06-03 08:45:00,3995.6,3959.5814253800063,4313.4719751107805,4610.530281560959,HIGH,30.765,3959.5814253800067,4610.530281560958,
2025-06-03 09:00:00,4091.2000000000003,4073.111515215992,4431.095496760101,4738.502363217458,HIGH,31.183333333333334,4073.111515215992,4738.502363217457,
2025-06-03 09:15:00,4268.94,4225.9248268321735,4589.331628376287,4910.632924667879,HIGH,31.57,4225.9248268321735,4910.632924667879,
2025-06-03 09:30:00,4493.643333333333,4379.003983704036,4747.891603698463,5083.03644639271,HIGH,31.956666666666667,4379.003983704036,5083.03644639271,
2025-06-03 09:45:00,4521.813333333333,4508.729847167778,4882.6112924125155,5229.40026312555,HIGH,32.343333333333334,4508.729847167778,5229.40026312555,
2025-06-03 10:00:00,4767.973333333333,4611.43635917248,4989.75522642374,5345.658860864019,HIGH,32.73,4611.43635917248,5345.658860864019,
2025-06-03 10:15:00,4845.143333333333,4673.3990947245675,5054.929930539368,5416.127695085461,HIGH,32.2375,4673.3990947245675,5416.127695085461,
2025-06-03 10:30:00,4937.509999999999,4732.262816801951,5117.054563194185,5483.205564328096,HIGH,31.745,4732.262816801951,5483.205564328096,
2025-06-03 10:45:00,4993.686666666667,4739.444417613671,5126.403978827576,5492.745112787397,HIGH,31.2525,4739.444417613671,5492.745112787397,
2025-06-03 11:00:00,5064.246666666667,4717.903147937161,5106.501079358959,5470.366411828819,HIGH,30.76,4717.903147937161,5470.366411828819,
2025-06-03 11:15:00,5090.1866666666665,4772.298058977599,5162.719586972446,5530.761466946408,HIGH,31.27166666666667,4772.298058977599,5530.761466946408,
2025-06-03 11:30:00,4909.803333333333,4808.44884661435,5200.444525318671,5570.962584939509,HIGH,31.783333333333335,4808.44884661435,5570.962584939509,
2025-06-03 11:45:00,5102.7733333333335,4914.641817035791,5310.081709380279,5689.426099605735,HIGH,32.295,4914.641817035792,5689.426099605735,
2025-06-03 12:00:00,5133.736666666667,4914.140356416851,5310.692378801333,5689.114240853052,HIGH,32.806666666666665,4914.140356416851,5689.114240853052,
2025-06-03 12:15:00,5142.836666666666,4892.681185382555,5288.6327061983775,5664.022570289722,HIGH,33.2525,4892.681185382555,5664.022570289722,
2025-06-03 12:30:00,5174.18,4965.758093876965,5363.5996465353865,5744.557184187991,HIGH,33.69833333333334,4965.758093876965,5744.557184187991,
2025-06-03 12:45:00,5149.756666666667,5037.7784567029385,5437.730831077139,5824.151048001544,HIGH,34.14416666666666,5037.7784567029385,5824.151048001544,
2025-06-03 13:00:00,5035.433333333333,5052.190698236858,5455.570207668985,5842.939571029799,HIGH,34.59,5052.190698236858,5842.939571029798,
2025-06-03 13:15:00,5007.733333333334,5057.460715068779,5457.924118406093,5844.182000015925,HIGH,34.64333333333333,5057.46071506878,5844.182000015925,
2025-06-03 13:30:00,5015.143333333333,5126.092817401189,5525.421244931094,5916.350830539748,HIGH,34.696666666666665,5126.092817401189,5916.350830539747,
2025-06-03 13:45:00,5080.933333333333,5248.653184764646,5648.408483977989,6048.939330618502,HIGH,34.75,5248.653184764646,6048.939330618501,
2025-06-03 14:00:00,5105.86,5320.483473907977,5719.735922730172,6125.266754342216,HIGH,34.803333333333335,5320.483473907977,6125.266754342216,
2025-06-03 14:15:00,5135.516666666666,5427.544965166454,5829.320362038489,6242.861985996696,HIGH,34.721666666666664,5427.544965166455,6242.861985996696,
2025-06-03 14:30:00,5178.986666666667,5527.48431077367,5933.930262537011,6354.760236933369,HIGH,34.64,5527.48431077367,6354.760236933369,
2025-06-03 14:45:00,5198.990000000001,5475.976255993367,5879.114704008059,6293.714990303843,HIGH,34.55833333333333,5475.976255993367,6293.714990303843,
2025-06-03 15:00:00,5170.416666666667,5410.366890819351,5810.147729009609,6217.277377950578,HIGH,34.47666666666667,5410.366890819351,6217.277377950578,
2025-06-03 15:15:00,5163.453333333334,5384.934133926981,5785.475197923942,6189.20257517143,HIGH,34.21666666666667,5384.934133926981,6189.20257517143,
2025-06-03 15:30:00,5207.973333333333,5327.1041660303445,5727.914661030543,6125.341908995687,HIGH,33.95666666666666,5327.1041660303445,6125.341908995686,
2025-06-03 15:45:00,5258.55,5427.280389803678,5832.40666301986,6237.990837491402,HIGH,33.696666666666665,5427.280389803678,6237.990837491401,
2025-06-03 16:00:00,5284.946666666667,5427.1193648736,5834.441096295826,6239.102783172081,HIGH,33.43666666666667,5427.1193648736,6239.10278317208,
2025-06-03 16:15:00,5290.496666666667,5341.404992683552,5744.835665660758,6140.309705859697,HIGH,32.5675,5341.404992683553,6140.309705859697,
2025-06-03 16:30:00,5292.136666666666,5227.8756489088255,5627.0107802354,6010.834453417353,HIGH,31.698333333333338,5227.8756489088255,6010.834453417353,
2025-06-03 16:45:00,5255.8966666666665,5078.283398361699,5472.513202108978,5841.475884228245,HIGH,30.82916666666667,5078.283398361699,5841.475884228245,
2025-06-03 17:00:00,5238.62,4954.856526348534,5345.0457009412285,5701.610541001982,HIGH,29.96,4954.856526348534,5701.610541001982,
2025-06-03 17:15:00,5235.403333333333,4890.687184860584,5270.572821578758,5619.2366253002965,HIGH,29.645833333333332,4890.687184860584,5619.2366253002965,
2025-06-03 17:30:00,5178.27,4856.985331020939,5227.51236544079,5571.135974235525,HIGH,29.331666666666667,4856.985331020939,5571.135974235525,
2025-06-03 17:45:00,5088.400000000001,4819.076883312108,5180.350662414566,5518.637611926036,HIGH,29.0175,4819.076883312108,5518.637611926036,
2025-06-03 18:00:00,5062.96,4788.003494097327,5140.379216508748,5474.04111663521,HIGH,28.703333333333333,4788.003494097327,5474.04111663521,
2025-06-03 18:15:00,4990.376666666667,4750.037225915258,5102.87201191026,5432.534953459543,HIGH,28.620833333333334,4750.037225915258,5432.534953459543,
2025-06-03 18:30:00,4977.333333333333,4734.736959506032,5088.734184518559,5416.555045238561,HIGH,28.53833333333333,4734.736959506033,5416.555045238561,
2025-06-03 18:45:00,4923.996666666667,4633.851791332825,4987.117271407985,5305.389556531314,HIGH,28.455833333333334,4633.851791332825,5305.389556531314,
2025-06-03 19:00:00,4921.586666666666,4678.291528282186,5034.421878785726,5356.480646055631,HIGH,28.373333333333335,4678.291528282187,5356.480646055631,
2025-06-03 19:15:00,4917.033333333334,4650.449481215305,5006.396947745709,5325.569214252948,HIGH,28.184166666666666,4650.449481215305,5325.569214252948,
2025-06-03 19:30:00,4916.556666666666,4674.648789645411,5031.750761768297,5352.870869852873,HIGH,27.995,4674.648789645412,5352.870869852873,
2025-06-03 19:45:00,4932.566666666667,4685.189430719417,5043.1984902954955,5365.1131880581,HIGH,27.805833333333332,4685.189430719417,5365.1131880581,
2025-06-03 20:00:00,4902.54,4646.6787394113235,5004.485156086224,5322.814901604576,HIGH,27.616666666666667,4646.6787394113235,5322.814901604576,
2025-06-03 20:15:00,4943.6033333333335,4652.620183875986,5010.966461248981,5329.8056667081,HIGH,27.439166666666665,4652.620183875987,5329.8056667081,
2025-06-03 20:30:00,4963.903333333333,4672.0036205152055,5031.233408180461,5351.893542654818,HIGH,27.26166666666667,4672.0036205152055,5351.893542654817,
2025-06-03 20:45:00,4978.736666666667,4672.684274905614,5032.355837672548,5353.216901395658,HIGH,27.08416666666667,4672.684274905614,5353.216901395658,
2025-06-03 21:00:00,4983.6866666666665,4684.661863333945,5045.030209778241,5367.203161874917,HIGH,26.906666666666666,4684.661863333945,5367.203161874916,
2025-06-03 21:15:00,5024.676666666666,4781.5341700086365,5146.74715531519,5478.314932731212,HIGH,26.835,4781.5341700086365,5478.314932731212,
2025-06-03 21:30:00,5099.813333333333,4847.174073440645,5216.435146265741,5554.626868718491,HIGH,26.763333333333335,4847.174073440645,5554.626868718491,
2025-06-03 21:45:00,5179.633333333333,4948.920588116011,5323.020908489937,5671.1981141416,HIGH,26.691666666666666,4948.920588116011,5671.1981141416,
2025-06-03 22:00:00,5233.243333333333,5014.783339527531,5392.7790704219,5747.739307000683,HIGH,26.62,5014.783339527531,5747.739307000682,
2025-06-03 22:15:00,5296.97,5098.54906472201,5480.761534998753,5844.199251079259,HIGH,26.348333333333333,5098.549064722011,5844.199251079259,
2025-06-03 22:30:00,5358.056666666666,5188.158507609183,5574.604236493028,5947.1104311029385,HIGH,26.076666666666668,5188.158507609183,5947.1104311029385,
2025-06-03 22:45:00,5355.0,5256.199689091783,5646.224749563574,6025.887736455623,HIGH,25.805,5256.199689091783,6025.887736455623,
2025-06-03 23:00:00,5347.166666666667,5309.9132250546345,5703.0203062465225,6088.583130276284,HIGH,25.53333333333333,5309.9132250546345,6088.583130276284,
2025-06-03 23:15:00,5303.953333333334,5333.852038531798,5729.878752343024,6118.76114010037,HIGH,25.458333333333336,5333.852038531798,6118.76114010037,
2025-06-03 23:30:00,5283.986666666667,5323.509884906342,5721.4529529685515,6110.569031794794,HIGH,25.383333333333333,5323.509884906342,6110.569031794794,
2025-06-03 23:45:00,5281.695,5299.090753269398,5698.4148836630175,6086.514216432125,HIGH,25.308333333333334,5299.090753269398,6086.514216432125,
2025-06-04 00:00:00,5242.413333333333,5185.9404870712,5584.316860593418,5963.340554570864,HIGH,25.233333333333334,5185.940487071201,5963.340554570863,
2025-06-04 00:15:00,5172.13,5132.1687787534065,5530.429509430479,5905.7642347534,HIGH,25.16416666666667,5132.1687787534065,5905.7642347534,
2025-06-04 00:30:00,5100.883333333334,5054.269770057912,5451.603574965023,5821.065514862348,HIGH,25.095,5054.269770057912,5821.065514862347,
2025-06-04 00:45:00,5040.856666666667,4980.734248911207,5376.99920879086,5740.994695808849,HIGH,25.02583333333333,4980.734248911207,5740.994695808849,
2025-06-04 01:00:00,4957.12,4899.024984270991,5293.7710779980125,5651.557963075347,HIGH,24.956666666666667,4899.024984270991,5651.557963075347,
2025-06-04 01:15:00,4894.323333333333,4825.335288562532,5217.4125960979045,5569.583956582676,HIGH,24.91916666666667,4825.335288562532,5569.583956582676,
2025-06-04 01:30:00,4826.8966666666665,4747.725301811877,5136.770380597804,5482.959541634957,HIGH,24.881666666666668,4747.725301811877,5482.959541634957,
2025-06-04 01:45:00,4749.986666666667,4670.760169770723,5056.51274207763,5396.763009589032,HIGH,24.844166666666663,4670.760169770724,5396.763009589032,
2025-06-04 02:00:00,4672.61,4602.385605176364,4984.770365086335,5319.84313914467,HIGH,24.806666666666665,4602.385605176364,5319.84313914467,
2025-06-04 02:15:00,4608.13,4539.447105249941,4920.107033560612,5250.694235892289,HIGH,24.741666666666667,4539.447105249941,5250.694235892288,
2025-06-04 02:30:00,4551.48,4464.7370741166405,4843.105775153997,5168.1017664749415,HIGH,24.676666666666666,4464.737074116641,5168.1017664749415,
2025-06-04 02:45:00,4487.5233333333335,4393.165572606068,4769.031359410483,5088.683555988251,HIGH,24.611666666666668,4393.165572606069,5088.683555988251,
2025-06-04 03:00:00,4424.95,4337.617973450508,4711.07680594618,5026.801349261282,HIGH,24.546666666666667,4337.617973450508,5026.801349261282,
2025-06-04 03:15:00,4383.116666666666,4287.442584483407,4657.259822470413,4969.362709094392,HIGH,24.53416666666667,4287.442584483407,4969.362709094392,
2025-06-04 03:30:00,4325.403333333333,4232.347901499693,4598.124340551797,4906.103038535459,HIGH,24.52166666666667,4232.347901499693,4906.103038535459,
2025-06-04 03:45:00,4273.083333333333,4175.257888542095,4536.6680429435455,4840.2816644280765,HIGH,24.509166666666665,4175.257888542095,4840.2816644280765,
2025-06-04 04:00:00,4217.673333333333,4111.766004177302,4468.384464250216,4766.986041214362,HIGH,24.496666666666666,4111.766004177303,4766.986041214362,
2025-06-04 04:15:00,4173.123333333333,4058.0472719949207,4409.840742597786,4704.252951902649,HIGH,24.23,4058.047271994921,4704.252951902648,
2025-06-04 04:30:00,4142.886666666666,4000.1765473745654,4346.787099119955,4636.559737454791,HIGH,23.963333333333335,4000.1765473745654,4636.559737454791,
2025-06-04 04:45:00,4106.916666666667,3951.8938012246504,4293.299792586221,4579.231010771585,HIGH,23.696666666666665,3951.8938012246504,4579.231010771585,
2025-06-04 05:00:00,4079.5466666666666,3905.883507017307,4241.898482272988,4524.116469941149,HIGH,23.43,3905.8835070173072,4524.116469941148,
2025-06-04 05:15:00,4031.5333333333333,3839.633520071108,4174.57599534894,4451.781254573817,HIGH,23.743333333333332,3839.633520071108,4451.781254573817,
2025-06-04 05:30:00,3979.876666666667,3786.9945016635697,4120.970813258363,4394.319061016068,HIGH,24.056666666666665,3786.99450166357,4394.319061016068,
2025-06-04 05:45:00,3940.9833333333336,3744.2125690379908,4077.2521342895093,4347.55472435539,HIGH,24.37,3744.2125690379908,4347.55472435539,
2025-06-04 06:00:00,3937.08,3713.5111005976764,4045.709856391975,4313.978816850209,HIGH,24.683333333333334,3713.5111005976764,4313.978816850209,
2025-06-04 06:15:00,3955.7966666666666,3724.469641954615,4056.283941615876,4326.180365305689,HIGH,24.898333333333333,3724.469641954615,4326.180365305689,
2025-06-04 06:30:00,3964.6733333333336,3744.020179514122,4075.492151350098,4347.707481105512,HIGH,25.113333333333333,3744.020179514122,4347.707481105512,
2025-06-04 06:45:00,3961.94,3712.6966919711263,4042.465972391887,4312.272164777106,HIGH,25.328333333333337,3712.6966919711263,4312.272164777106,
2025-06-04 07:00:00,3967.14,3698.313959056927,4026.6539712253857,4295.502091996563,HIGH,25.543333333333333,3698.3139590569276,4295.502091996563,
2025-06-04 07:15:00,3979.1366666666668,3662.1975564426602,3993.148124429527,4259.547068431148,HIGH,25.973333333333333,3662.1975564426607,4259.547068431148,
2025-06-04 07:30:00,3985.903333333333,3666.6340929474695,4001.066202565179,4268.619091537013,HIGH,26.403333333333336,3666.63409294747,4268.619091537013,
2025-06-04 07:45:00,3992.736666666666,3688.9687957313663,4027.230977234976,4297.477378669829,HIGH,26.833333333333336,3688.9687957313668,4297.477378669829,
2025-06-04 08:00:00,3909.4666666666667,3696.4971685965875,4038.176146093596,4309.6767041715575,HIGH,27.263333333333335,3696.4971685965875,4309.6767041715575,
2025-06-04 08:15:00,3942.42,3709.6033851110765,4054.7904997163305,4327.9649168951055,HIGH,27.6825,3709.6033851110765,4327.9649168951055,
2025-06-04 08:30:00,3938.6666666666665,3756.568093963602,4106.047813380017,4383.894779657956,HIGH,28.101666666666667,3756.568093963602,4383.894779657956,
2025-06-04 08:45:00,3951.6666666666665,3797.436036714154,4151.058626515402,4432.938333975675,HIGH,28.520833333333336,3797.4360367141544,4432.938333975675,
2025-06-04 09:00:00,4035.9166666666665,3895.5872109277907,4254.733300560411,4545.784016182247,HIGH,28.94,3895.5872109277907,4545.784016182247,
2025-06-04 09:15:00,4197.8533333333335,4071.278064239667,4436.03323252101,4743.01828274603,HIGH,29.3,4071.2780642396674,4743.01828274603,
2025-06-04 09:30:00,4312.343333333333,4275.351427144002,4646.444255409549,4971.874829840677,HIGH,29.66,4275.351427144002,4971.874829840677,
2025-06-04 09:45:00,4470.673333333333,4342.185794801651,4716.413114077342,5047.712194690826,HIGH,30.02,4342.185794801651,5047.712194690826,
2025-06-04 10:00:00,4684.57,4547.312107090342,4928.060191135464,5277.761964467544,HIGH,30.380000000000003,4547.312107090342,5277.761964467544,
2025-06-04 10:15:00,4772.386666666666,4639.724183594428,5023.332340224081,5380.968584972103,HIGH,30.905833333333334,4639.724183594428,5380.968584972103,
2025-06-04 10:30:00,4807.41,4748.418456556356,5135.397869945135,5502.393765363798,HIGH,31.43166666666667,4748.418456556357,5502.393765363798,
2025-06-04 10:45:00,4875.48,4819.87464631102,5209.476711237271,5582.385336735454,HIGH,31.957500000000003,4819.87464631102,5582.385336735454,
2025-06-04 11:00:00,4958.73,4892.774991492801,5285.189747383711,5664.094076649106,HIGH,32.483333333333334,4892.774991492802,5664.094076649106,
2025-06-04 11:15:00,4998.363333333334,4933.931402815485,5322.463450663547,5703.666536112833,HIGH,32.70666666666667,4933.931402815485,5703.666536112833,
2025-06-04 11:30:00,5010.653333333333,4837.706787377961,5219.2652643070205,5590.210633537716,HIGH,32.93,4837.706787377961,5590.210633537716,
2025-06-04 11:45:00,5035.150000000001,5003.279443532588,5384.307774347246,5768.818865204104,HIGH,33.15333333333333,5003.279443532588,5768.818865204104,
2025-06-04 12:00:00,5057.933333333333,5033.726436785786,5411.214452560312,5796.951668913763,HIGH,33.376666666666665,5033.726436785786,5796.951668913763,
2025-06-04 12:15:00,5084.966666666666,5051.799666198565,5426.395689060719,5812.30033968504,HIGH,33.56,5051.799666198565,5812.30033968504,
2025-06-04 12:30:00,5123.913333333333,5095.488520117397,5468.039329545784,5856.430851677911,HIGH,33.74333333333333,5095.488520117397,5856.430851677911,
2025-06-04 12:45:00,5122.98,5107.800028912653,5477.803263238158,5865.813742288482,HIGH,33.92666666666667,5107.800028912653,5865.813742288481,
2025-06-04 13:00:00,5041.166666666667,5026.372671136928,5393.065329498795,5772.5196155905,HIGH,34.11,5026.372671136928,5772.5196155905,
2025-06-04 13:15:00,4969.056666666666,5002.440426463683,5369.972439411779,5746.4264015355,HIGH,34.17666666666667,5002.440426463683,5746.4264015355,
2025-06-04 13:30:00,5030.87,5031.55222229762,5401.458634584521,5779.755247925625,HIGH,34.24333333333333,5031.552222297621,5779.755247925625,
2025-06-04 13:45:00,5121.116666666667,5120.893964508808,5494.886918824248,5880.529968128411,HIGH,34.309999999999995,5120.8939645088085,5880.529968128411,
2025-06-04 14:00:00,5182.206666666666,5165.65839258001,5543.563708049979,5932.697213897695,HIGH,34.376666666666665,5165.65839258001,5932.697213897694,
2025-06-04 14:15:00,5241.86,5222.873262174959,5599.880840661468,5992.995112074965,HIGH,34.38666666666667,5222.873262174959,5992.995112074965,
2025-06-04 14:30:00,5350.41,5281.3159567734065,5652.36252533399,6049.667626811884,HIGH,34.39666666666667,5281.315956773407,6049.667626811884,
2025-06-04 14:45:00,5386.863333333334,5303.059176914044,5671.107801463727,6068.679030063059,HIGH,34.406666666666666,5303.059176914044,6068.679030063058,
2025-06-04 15:00:00,5499.05,5287.21480670943,5651.655233027426,6046.111500684319,HIGH,34.416666666666664,5287.21480670943,6046.111500684319,
2025-06-04 15:15:00,5499.05,5281.013208581861,5646.672524144558,6039.478919777554,HIGH,34.35666666666666,5281.013208581861,6039.478919777554,
2025-06-04 15:30:00,5499.05,5295.435083950714,5663.087038111113,6056.177104627614,HIGH,34.29666666666667,5295.435083950714,6056.177104627614,
2025-06-04 15:45:00,5499.05,5337.34272085371,5707.920746519847,6103.858134769189,HIGH,34.236666666666665,5337.34272085371,6103.858134769188,
2025-06-04 16:00:00,5499.05,5344.43047016232,5718.099164263121,6114.819404494743,HIGH,34.17666666666667,5344.43047016232,6114.819404494743,
2025-06-04 16:15:00,5499.05,5305.371421914008,5681.746161235113,6075.152141050783,HIGH,33.714166666666664,5305.371421914008,6075.152141050783,
2025-06-04 16:30:00,5499.05,5269.710098322039,5648.830907242724,6039.319809451701,HIGH,33.251666666666665,5269.710098322039,6039.319809451701,
2025-06-04 16:45:00,5499.05,5204.005858186732,5587.937882326941,5972.71504119764,HIGH,32.78916666666667,5204.005858186732,5972.715041197639,
2025-06-04 17:00:00,5499.05,5148.535529585029,5543.242680759139,5924.9812715926955,HIGH,32.32666666666667,5148.535529585029,5924.981271592695,
2025-06-04 17:15:00,5499.05,5135.5865334146865,5522.289865991025,5900.929060856331,HIGH,32.057500000000005,5135.5865334146865,5900.929060856331,
2025-06-04 17:30:00,5499.05,5084.123557057511,5462.122797523091,5834.237643881186,HIGH,31.788333333333334,5084.123557057511,5834.237643881186,
2025-06-04 17:45:00,5499.05,5012.680670417699,5381.704971909737,5745.561694485499,HIGH,31.519166666666667,5012.680670417699,5745.561694485499,
2025-06-04 18:00:00,5499.05,4986.749325073441,5348.076320939379,5707.91084433882,HIGH,31.25,4986.749325073441,5707.91084433882,
2025-06-04 18:15:00,5499.05,4921.103192321171,5281.150973328775,5634.329975525419,HIGH,31.140833333333333,4921.103192321171,5634.329975525419,
2025-06-04 18:30:00,5499.05,4909.503541428922,5269.723907954119,5621.263748207542,HIGH,31.03166666666667,4909.503541428922,5621.263748207542,
2025-06-04 18:45:00,5499.05,4849.520044119307,5208.906057960364,5554.4901109278335,HIGH,30.922500000000003,4849.520044119307,5554.4901109278335,
2025-06-04 19:00:00,5499.05,4854.754653828134,5214.992381960304,5560.656138663901,HIGH,30.813333333333333,4854.754653828134,5560.656138663901,
2025-06-04 19:15:00,5499.05,4849.666661663347,5212.06104578518,5557.135538153241,HIGH,30.649166666666666,4849.666661663348,5557.135538153241,
2025-06-04 19:30:00,5499.05,4852.957157487474,5217.804227090082,5563.145108735116,HIGH,30.485,4852.957157487474,5563.145108735116,
2025-06-04 19:45:00,5499.05,4846.5203970134,5213.666498172854,5558.4787589179095,HIGH,30.320833333333333,4846.5203970134,5558.478758917909,
2025-06-04 20:00:00,5499.05,4762.720521534717,5130.380687437299,5467.704932574324,HIGH,30.156666666666666,4762.720521534717,5467.704932574324,
2025-06-04 20:15:00,5499.05,4745.201446466758,5114.638794705529,5450.558528453301,HIGH,29.953333333333333,4745.201446466759,5450.558528453301,
2025-06-04 20:30:00,5499.05,4738.1435550437145,5109.630642882684,5445.18571428766,HIGH,29.75,4738.1435550437145,5445.18571428766,
2025-06-04 20:45:00,5499.05,4751.564196772103,5125.59376400717,5462.73448983974,HIGH,29.546666666666667,4751.564196772103,5462.73448983974,
2025-06-04 21:00:00,5499.05,4764.343360453386,5140.885684344866,5479.6351605569025,HIGH,29.343333333333334,4764.343360453386,5479.6351605569025,
2025-06-04 21:15:00,5499.05,4820.327826583646,5200.380242620122,5544.753960008422,HIGH,29.145000000000003,4820.327826583646,5544.753960008422,
2025-06-04 21:30:00,5499.05,4896.5523596588755,5280.545935717464,5632.463336660285,HIGH,28.94666666666667,4896.5523596588755,5632.463336660284,
2025-06-04 21:45:00,5499.05,4983.1613878694625,5371.273811108068,5731.752559000613,HIGH,28.74833333333333,4983.1613878694625,5731.752559000612,
2025-06-04 22:00:00,5499.05,5045.078519162909,5436.632878740951,5803.490357044044,HIGH,28.55,5045.078519162909,5803.490357044044,
2025-06-04 22:15:00,5499.05,5134.0665775251055,5526.727889499368,5902.1358454344445,HIGH,28.374166666666667,5134.0665775251055,5902.1358454344445,
2025-06-04 22:30:00,5499.05,5217.528830027512,5611.042450307776,5994.555858523521,HIGH,28.198333333333338,5217.528830027512,5994.555858523521,
2025-06-04 22:45:00,5499.05,5246.170907669359,5639.089850579303,6025.767012811707,HIGH,28.0225,5246.17090766936,6025.767012811707,
2025-06-04 23:00:00,5499.05,5261.063319891155,5652.904059397367,6041.540687746246,HIGH,27.846666666666668,5261.063319891155,6041.540687746245,
2025-06-04 23:15:00,5499.05,5240.304977202254,5630.085007553651,6017.6010066120225,HIGH,27.64666666666667,5240.304977202254,6017.6010066120225,
2025-06-04 23:30:00,5499.05,5217.468872067435,5604.785570859645,5991.038287062045,HIGH,27.446666666666665,5217.468872067435,5991.038287062045,
2025-06-04 23:45:00,5499.05,5205.881882452992,5589.751223518027,5975.853154980007,HIGH,27.246666666666666,5205.881882452992,5975.853154980007,
2025-06-05 00:00:00,5499.05,5088.191504460236,5465.395266975496,5841.729396098781,HIGH,27.046666666666667,5088.191504460236,5841.729396098781,
2025-06-05 00:15:00,5499.05,5020.318570418219,5392.499658208088,5763.972124953448,HIGH,26.855,5020.318570418219,5763.972124953447,
2025-06-05 00:30:00,5499.05,4946.973471365245,5316.245490947557,5682.242480401208,HIGH,26.66333333333333,4946.973471365245,5682.242480401208,
2025-06-05 00:45:00,5499.05,4872.040641411933,5239.491747971167,5599.8054296172195,HIGH,26.471666666666664,4872.040641411933,5599.8054296172195,
2025-06-05 01:00:00,5499.05,4780.767821312824,5145.753228613136,5498.897321010617,HIGH,26.279999999999998,4780.767821312825,5498.897321010617,
2025-06-05 01:15:00,5499.05,4714.112224841271,5078.03409364436,5426.382685322935,HIGH,26.169166666666662,4714.112224841271,5426.382685322934,
2025-06-05 01:30:00,5499.05,4639.401863338378,5001.7981438169945,5344.607814508546,HIGH,26.058333333333334,4639.401863338378,5344.607814508546,
2025-06-05 01:45:00,5499.05,4561.91764877901,4922.446526969772,5259.449059903608,HIGH,25.9475,4561.91764877901,5259.449059903608,
2025-06-05 02:00:00,5499.05,4484.999183610882,4843.393961559457,5174.619511817723,HIGH,25.836666666666666,4484.999183610882,5174.619511817722,
2025-06-05 02:15:00,5499.05,4422.287297707054,4778.603277724979,5105.319141968986,HIGH,25.7725,4422.287297707054,5105.319141968985,
2025-06-05 02:30:00,5499.05,4359.754420450625,4713.710227426741,5035.899734663306,HIGH,25.708333333333336,4359.754420450625,5035.899734663306,
2025-06-05 02:45:00,5499.05,4295.646304429689,4646.917827954443,4964.39886203109,HIGH,25.644166666666663,4295.646304429689,4964.39886203109,
2025-06-05 03:00:00,5499.05,4228.340317480164,4576.565077883632,4889.002235843901,HIGH,25.58,4228.340317480164,4889.002235843901,
2025-06-05 03:15:00,5499.05,4182.300883069248,4528.060804783069,4837.387478447643,HIGH,25.519166666666667,4182.300883069248,4837.387478447643,
2025-06-05 03:30:00,5499.05,4125.358467598494,4468.111635166654,4773.280041448554,HIGH,25.458333333333332,4125.358467598494,4773.280041448553,
2025-06-05 03:45:00,5499.05,4071.364293114438,4410.903125066089,4712.12284881196,HIGH,25.397499999999997,4071.364293114438,4712.12284881196,
2025-06-05 04:00:00,5499.05,4011.0061818786407,4346.9061732780265,4643.5337031838335,HIGH,25.336666666666666,4011.0061818786407,4643.5337031838335,
2025-06-05 04:15:00,5499.05,3955.364433714981,4288.190427079723,4580.677178576618,HIGH,25.105833333333333,3955.364433714981,4580.677178576618,
2025-06-05 04:30:00,5499.05,3906.064224393213,4235.708561221401,4524.560532388919,HIGH,24.874999999999996,3906.0642243932134,4524.560532388919,
2025-06-05 04:45:00,5499.05,3852.9639349327867,4179.085668290386,4463.881050727181,HIGH,24.644166666666667,3852.963934932787,4463.881050727181,
2025-06-05 05:00:00,5499.05,3808.61694502639,4131.184187508453,4412.641724715744,HIGH,24.413333333333334,3808.61694502639,4412.641724715744,
2025-06-05 05:15:00,5499.05,3758.789103900681,4083.909854554203,4362.25397368434,HIGH,24.848333333333333,3758.789103900681,4362.25397368434,
2025-06-05 05:30:00,5499.05,3707.7495977824565,4035.176672860178,4310.212408987049,HIGH,25.28333333333333,3707.7495977824565,4310.212408987049,
2025-06-05 05:45:00,5499.05,3670.60134824144,4000.4603801198296,4273.36669251022,HIGH,25.718333333333334,3670.60134824144,4273.366692510219,
2025-06-05 06:00:00,5499.05,3661.297441474282,3994.060335790838,4267.285703445265,HIGH,26.153333333333336,3661.297441474282,4267.285703445265,
2025-06-05 06:15:00,5499.05,3685.3010260114497,4016.193733282601,4292.011446702589,HIGH,26.435833333333335,3685.3010260114497,4292.011446702589,
2025-06-05 06:30:00,5499.05,3705.6890628906153,4034.462561311681,4312.451676080473,HIGH,26.718333333333334,3705.689062890616,4312.451676080473,
2025-06-05 06:45:00,5499.05,3698.5201457001876,4024.3701841908783,4301.9273768686735,HIGH,27.000833333333333,3698.520145700188,4301.9273768686735,
2025-06-05 07:00:00,5499.05,3705.3463583297003,4028.476106855063,4306.784029213974,HIGH,27.283333333333335,3705.3463583297007,4306.784029213974,
2025-06-05 07:15:00,5499.05,3716.5832400777026,4039.499839123052,4319.181150810522,HIGH,27.730833333333333,3716.583240077703,4319.181150810521,
2025-06-05 07:30:00,5499.05,3730.8245989525108,4053.5035029231763,4334.739799540413,HIGH,28.17833333333333,3730.824598952511,4334.739799540413,
2025-06-05 07:45:00,5499.05,3747.9786233484942,4070.410958071552,4353.376284269088,HIGH,28.62583333333333,3747.9786233484942,4353.376284269088,
2025-06-05 08:00:00,5499.05,3703.7663806297123,4024.4284149806867,4303.440736712297,HIGH,29.07333333333333,3703.7663806297123,4303.440736712297,
2025-06-05 08:15:00,5499.05,3747.5603574850775,4067.071866319364,4349.882945661878,HIGH,29.455833333333334,3747.5603574850775,4349.882945661878,
2025-06-05 08:30:00,5499.05,3769.000812340478,4086.8056059378805,4371.291929045498,HIGH,29.838333333333335,3769.000812340478,4371.291929045498,
2025-06-05 08:45:00,5499.05,3804.497855341124,4120.926857090024,4408.285048876395,HIGH,30.22083333333333,3804.497855341124,4408.285048876394,
2025-06-05 09:00:00,5499.05,3897.188914825819,4213.620626394109,4508.980824307542,HIGH,30.60333333333333,3897.1889148258197,4508.980824307542,
2025-06-05 09:15:00,5499.05,4051.10210839463,4377.654696196163,4687.591480715685,HIGH,30.947499999999998,4051.1021083946302,4687.591480715685,
2025-06-05 09:30:00,5499.05,4182.583007714092,4518.773119216178,4841.16728577287,HIGH,31.291666666666668,4182.583007714092,4841.16728577287,
2025-06-05 09:45:00,5499.05,4304.9271566812,4650.606863458568,4984.554446826545,HIGH,31.635833333333334,4304.9271566812,4984.554446826545,
2025-06-05 10:00:00,5499.05,4484.631116944653,4841.256460107913,5191.916873131983,HIGH,31.98,4484.631116944653,5191.916873131983,
2025-06-05 10:15:00,5499.05,4567.626725381697,4929.762526853206,5287.857467249616,HIGH,32.26166666666666,4567.626725381697,5287.857467249616,
2025-06-05 10:30:00,5499.05,4610.619978167727,4977.435034671997,5339.2608679965715,HIGH,32.54333333333333,4610.619978167728,5339.260867996571,
2025-06-05 10:45:00,5499.05,4674.891573021758,5047.032896997222,5414.4748911957695,HIGH,32.825,4674.891573021759,5414.4748911957695,
2025-06-05 11:00:00,5499.05,4741.461543991102,5120.3571434033865,5493.945388675287,HIGH,33.10666666666667,4741.461543991103,5493.945388675287,
2025-06-05 11:15:00,5499.05,4788.1438194070115,5170.475924308504,5547.761739188563,HIGH,33.41416666666667,4788.143819407012,5547.761739188563,
2025-06-05 11:30:00,5499.05,4783.18082458441,5167.903371235945,5544.1427772664065,HIGH,33.72166666666667,4783.18082458441,5544.142777266406,
2025-06-05 11:45:00,5499.05,4833.60024167762,5222.233657244869,5602.440964005377,HIGH,34.02916666666666,4833.60024167762,5602.440964005377,
2025-06-05 12:00:00,5499.05,4859.931454391653,5247.243433628665,5627.71999467835,HIGH,34.336666666666666,4859.931454391653,5627.71999467835,
2025-06-05 12:15:00,5499.05,4886.942726832778,5273.11921136641,5653.953865507467,HIGH,34.5475,4886.942726832778,5653.953865507467,
2025-06-05 12:30:00,5499.05,4922.654515551484,5308.138859263942,5690.109689390956,HIGH,34.75833333333334,4922.654515551484,5690.109689390956,
2025-06-05 12:45:00,5499.05,4913.768555200713,5297.743089581534,5676.777499068317,HIGH,34.969166666666666,4913.768555200713,5676.777499068317,
2025-06-05 13:00:00,5499.05,4827.003808778038,5207.866200773347,5576.86497944637,HIGH,35.18,4827.003808778038,5576.86497944637,
2025-06-05 13:15:00,5499.05,4826.958457333728,5181.418851460379,5545.912134923979,HIGH,35.137499999999996,4826.958457333728,5545.912134923978,
2025-06-05 13:30:00,5499.05,4927.403012730676,5258.128038397047,5627.282208527979,HIGH,35.095000000000006,4927.403012730676,5627.282208527979,
2025-06-05 13:45:00,5499.05,5074.666345422928,5383.048288725922,5761.145065153801,HIGH,35.0525,5074.666345422928,5761.145065153801,
2025-06-05 14:00:00,5499.05,5192.837101543161,5478.462295161678,5862.872074526841,HIGH,35.01,5192.837101543161,5862.872074526841,
2025-06-05 14:15:00,5499.05,5252.853051412719,5542.289600241911,5931.187224126367,HIGH,35.02583333333334,5252.853051412719,5931.187224126367,
2025-06-05 14:30:00,5499.05,5340.577829048619,5634.772233535268,6030.715594494275,HIGH,35.041666666666664,5340.577829048619,6030.715594494275,
2025-06-05 14:45:00,5499.05,5373.247330328051,5672.601090618018,6070.537161005954,HIGH,35.0575,5373.247330328051,6070.537161005954,
2025-06-05 15:00:00,5499.05,5458.653442924827,5768.8439222042725,6173.405699948327,HIGH,35.07333333333333,5458.653442924827,6173.405699948326,
2025-06-05 15:15:00,5499.05,5458.818280986404,5773.973199906864,6177.912874220305,HIGH,35.026666666666664,5458.818280986404,6177.912874220305,
2025-06-05 15:30:00,5499.05,5445.201649729178,5765.274199218196,6167.39023356996,HIGH,34.98,5445.201649729178,6167.39023356996,
2025-06-05 15:45:00,5499.05,5429.127540588902,5754.337006825042,6154.464536143885,HIGH,34.93333333333333,5429.127540588902,6154.464536143885,
2025-06-05 16:00:00,5499.05,5408.378013681559,5738.885612822257,6136.66221000529,HIGH,34.88666666666666,5408.378013681559,6136.662210005289,
2025-06-05 16:15:00,5499.05,5387.48109097912,5718.518497495845,6113.371916554497,HIGH,34.589999999999996,5387.48109097912,6113.371916554497,
2025-06-05 16:30:00,5499.05,5360.465404490444,5692.1455900736755,6083.590132845787,HIGH,34.29333333333334,5360.465404490445,6083.590132845787,
2025-06-05 16:45:00,5499.05,5325.113970950169,5657.488442865219,6044.840065534989,HIGH,33.99666666666667,5325.113970950169,6044.840065534989,
2025-06-05 17:00:00,5499.05,5285.699219760211,5618.911721553965,6001.879045546025,HIGH,33.7,5285.699219760211,6001.879045546024,
2025-06-05 17:15:00,5499.05,5237.6212288389415,5576.366928133073,5954.824359896127,HIGH,33.36666666666667,5237.6212288389415,5954.824359896127,
2025-06-05 17:30:00,5499.05,5173.040206777573,5517.143791538893,5889.672080858447,HIGH,33.03333333333333,5173.040206777573,5889.672080858447,
2025-06-05 17:45:00,5499.05,5101.380754258944,5450.879078120739,5816.92007045569,HIGH,32.699999999999996,5101.380754258944,5816.92007045569,
2025-06-05 18:00:00,5499.05,5057.668337627958,5413.420120208361,5775.609210844067,HIGH,32.36666666666667,5057.668337627958,5775.609210844067,
2025-06-05 18:15:00,5499.05,5037.954342910613,5391.006795289439,5750.4124878848,HIGH,32.15333333333333,5037.954342910614,5750.4124878848,
2025-06-05 18:30:00,5499.05,5032.675596508695,5383.535790520906,5741.5649523946195,HIGH,31.94,5032.675596508695,5741.5649523946195,
2025-06-05 18:45:00,5499.05,5031.361471952451,5380.270981184976,5737.3771331726675,HIGH,31.726666666666663,5031.361471952451,5737.3771331726675,
2025-06-05 19:00:00,5499.05,5030.302451718273,5377.397974513731,5733.696988032001,HIGH,31.513333333333332,5030.302451718274,5733.696988032001,
2025-06-05 19:15:00,5499.05,5038.488794753557,5385.541969085896,5742.147966519069,HIGH,31.298333333333332,5038.488794753557,5742.147966519069,
2025-06-05 19:30:00,5499.05,5045.3043879921925,5392.378723878517,5749.258979658053,HIGH,31.083333333333332,5045.3043879921925,5749.258979658053,
2025-06-05 19:45:00,5499.05,5052.624324566571,5399.810191894606,5757.102029252951,HIGH,30.868333333333332,5052.624324566571,5757.102029252951,
2025-06-05 20:00:00,5499.05,5047.45330886511,5394.512942919119,5751.168309149052,HIGH,30.653333333333332,5047.45330886511,5751.168309149052,
2025-06-05 20:15:00,5499.05,5061.04996114342,5408.113290563196,5765.886153707792,HIGH,30.570833333333336,5061.04996114342,5765.886153707792,
2025-06-05 20:30:00,5499.05,5071.883647542589,5418.907833418698,5777.633019179755,HIGH,30.488333333333333,5071.883647542589,5777.633019179755,
2025-06-05 20:45:00,5499.05,5080.452604573552,5427.387959534289,5786.943351803237,HIGH,30.405833333333334,5080.452604573552,5786.943351803237,
2025-06-05 21:00:00,5499.05,5088.001145240323,5434.8089088612005,5795.183073617498,HIGH,30.323333333333334,5088.001145240323,5795.183073617498,
2025-06-05 21:15:00,5499.05,5112.229276196669,5460.711629632828,5823.682012965549,HIGH,30.250833333333333,5112.229276196669,5823.682012965549,
2025-06-05 21:30:00,5499.05,5148.617794239216,5499.013104876488,5865.76290500471,HIGH,30.178333333333335,5148.617794239216,5865.76290500471,
2025-06-05 21:45:00,5499.05,5181.317819453537,5533.468133466295,5903.732641788866,HIGH,30.105833333333333,5181.317819453537,5903.732641788866,
2025-06-05 22:00:00,5499.05,5201.576275200199,5555.096852249562,5927.809738044368,HIGH,30.03333333333333,5201.576275200199,5927.809738044368,
2025-06-05 22:15:00,5499.05,5230.591036157148,5587.741283392253,5964.032108066803,HIGH,29.930833333333336,5230.591036157148,5964.032108066803,
2025-06-05 22:30:00,5499.05,5261.917068970187,5622.6292567271885,6002.767132469552,HIGH,29.828333333333333,5261.917068970187,6002.767132469552,
2025-06-05 22:45:00,5499.05,5279.258095957763,5643.0591579819375,6025.823407065642,HIGH,29.72583333333333,5279.258095957763,6025.823407065642,
2025-06-05 23:00:00,5499.05,5287.158471688552,5653.667652001827,6038.246636553047,HIGH,29.623333333333335,5287.158471688552,6038.246636553047,
2025-06-05 23:15:00,5499.05,5278.923186138627,5647.9440173844405,6032.9555312857765,HIGH,29.351666666666667,5278.923186138627,6032.9555312857765,
2025-06-05 23:30:00,5499.05,5265.4880687882005,5636.710858131014,6021.718987185345,HIGH,29.080000000000002,5265.488068788201,6021.718987185345,
2025-06-05 23:45:00,5499.05,5249.633108813341,5622.800587195294,6007.617126690683,HIGH,28.808333333333334,5249.633108813341,6007.617126690683,
2025-06-06 00:00:00,5849.0,5151.571203165433,5524.510153390966,5901.670713846268,HIGH,28.536666666666665,5151.571203165433,5901.670713846268,
2025-06-06 00:15:00,5849.0,5129.814733077429,5501.964120074089,5878.173978321153,HIGH,28.394166666666663,5129.81473307743,5878.173978321153,
2025-06-06 00:30:00,5849.0,5107.074186266379,5478.174693356293,5853.358911136334,HIGH,28.251666666666665,5107.074186266379,5853.358911136334,
2025-06-06 00:45:00,5849.0,5086.266937297592,5456.118685160671,5830.4621489962965,HIGH,28.10916666666667,5086.266937297593,5830.462148996296,
2025-06-06 01:00:00,5849.0,5060.6202919818725,5428.852783724653,5801.917180059694,HIGH,27.96666666666667,5060.620291981873,5801.917180059694,
2025-06-06 01:15:00,5849.0,5038.645631828008,5406.520855025796,5778.816444766564,HIGH,27.930833333333336,5038.645631828009,5778.816444766564,
2025-06-06 01:30:00,5849.0,5017.940650846183,5385.218943812146,5756.851977432723,HIGH,27.895,5017.940650846184,5756.851977432723,
2025-06-06 01:45:00,5849.0,4999.304219028836,5365.759259168466,5736.902773810927,HIGH,27.859166666666663,4999.304219028836,5736.902773810927,
2025-06-06 02:00:00,5849.0,4978.0885133214515,5343.37859382586,5713.776160813858,HIGH,27.82333333333333,4978.088513321452,5713.776160813857,
2025-06-06 02:15:00,5849.0,4957.066505204083,5320.912720937215,5690.554741997324,HIGH,27.73333333333333,4957.066505204083,5690.554741997324,
2025-06-06 02:30:00,5849.0,4937.122899936052,5299.265326352564,5668.217085932851,HIGH,27.643333333333334,4937.122899936052,5668.217085932851,
2025-06-06 02:45:00,5849.0,4915.414658383167,5275.524667939678,5643.58679142934,HIGH,27.553333333333335,4915.414658383168,5643.58679142934,
2025-06-06 03:00:00,5849.0,4893.445856604414,5251.231024537301,5618.335765358149,HIGH,27.463333333333335,4893.445856604414,5618.335765358149,
2025-06-06 03:15:00,5849.0,4880.020847546678,5235.040918107818,5601.8728047927,HIGH,27.401666666666667,4880.020847546679,5601.8728047927,
2025-06-06 03:30:00,5849.0,4863.161173969486,5215.05235116942,5581.24413556936,HIGH,27.340000000000003,4863.161173969486,5581.24413556936,
2025-06-06 03:45:00,5849.0,4846.4239650708,5194.911272629433,5560.415046554419,HIGH,27.278333333333332,4846.4239650708,5560.415046554419,
2025-06-06 04:00:00,5849.0,4827.392950885857,5172.148956566688,5536.692091046011,HIGH,27.216666666666665,4827.392950885857,5536.692091046011,
2025-06-06 04:15:00,5849.0,4806.003442067424,5147.064881841552,5510.409346470079,HIGH,27.036666666666665,4806.003442067424,5510.409346470079,
2025-06-06 04:30:00,5849.0,4789.2363746921565,5126.454589557765,5488.949733210977,HIGH,26.856666666666666,4789.2363746921565,5488.949733210977,
2025-06-06 04:45:00,5849.0,4768.760129800867,5101.796340852895,5463.028638443408,HIGH,26.676666666666666,4768.760129800868,5463.028638443408,
2025-06-06 05:00:00,5849.0,4753.272955520711,5082.005498434917,5442.350685866933,HIGH,26.496666666666666,4753.272955520712,5442.350685866933,
2025-06-06 05:15:00,5849.0,4732.709748039526,5065.412503255031,5425.400480025198,HIGH,26.8575,4732.709748039526,5425.400480025198,
2025-06-06 05:30:00,5849.0,4714.037461306296,5050.5372417943845,5410.255759701721,HIGH,27.218333333333334,4714.037461306296,5410.255759701721,
2025-06-06 05:45:00,5849.0,4699.179378269342,5039.36147853731,5399.071246193252,HIGH,27.579166666666666,4699.179378269342,5399.071246193252,
2025-06-06 06:00:00,5849.0,4690.746667745252,5034.572150654122,5394.769887580353,HIGH,27.94,4690.746667745252,5394.769887580353,
2025-06-06 06:15:00,5849.0,4705.6872256824945,5051.37945009223,5413.836087433732,HIGH,28.49416666666667,4705.6872256824945,5413.836087433731,
2025-06-06 06:30:00,5849.0,4718.898391816157,5066.253320768772,5430.7197861699815,HIGH,29.048333333333336,4718.898391816157,5430.7197861699815,
2025-06-06 06:45:00,5849.0,4729.266835224929,5078.069652445113,5444.194655813369,HIGH,29.6025,4729.26683522493,5444.194655813369,
2025-06-06 07:00:00,5849.0,4742.9026174267265,5093.100634895371,5461.089280176321,HIGH,30.156666666666666,4742.9026174267265,5461.089280176321,
2025-06-06 07:15:00,5849.0,4754.937391877557,5107.816258254382,5477.60911137376,HIGH,30.72083333333333,4754.937391877557,5477.60911137376,
2025-06-06 07:30:00,5849.0,4770.58688747009,5126.136611489746,5497.970875275718,HIGH,31.285,4770.58688747009,5497.970875275718,
2025-06-06 07:45:00,4137.0,4789.053859987117,5147.263297227159,5521.304342465752,HIGH,31.84916666666667,4789.053859987117,5521.304342465752,
2025-06-06 08:00:00,4137.0,4785.103355580916,5145.377704173476,5519.4926249753835,HIGH,32.413333333333334,4785.103355580917,5519.4926249753835,
2025-06-06 08:15:00,4137.0,4797.644497028475,5159.976021362713,5535.534253874013,HIGH,32.920833333333334,4797.644497028475,5535.534253874013,
2025-06-06 08:30:00,4137.0,4808.436299766621,5172.760220216803,5549.515764288712,HIGH,33.428333333333335,4808.436299766621,5549.515764288712,
2025-06-06 08:45:00,4137.0,4815.1912865047625,5181.406998486782,5558.907754905944,HIGH,33.935833333333335,4815.1912865047625,5558.907754905944,
2025-06-06 09:00:00,4137.0,4823.114653303742,5191.26444617857,5569.535331852143,HIGH,34.443333333333335,4823.114653303742,5569.535331852143,
2025-06-06 09:15:00,4137.0,4848.698642638579,5219.236834182624,5599.808640164882,HIGH,34.76833333333333,4848.698642638579,5599.808640164882,
2025-06-06 09:30:00,4137.0,4869.137934869147,5241.993482012619,5624.322300361093,HIGH,35.093333333333334,4869.137934869147,5624.322300361093,
2025-06-06 09:45:00,4137.0,4870.2242522265815,5245.005569429245,5627.256502534124,HIGH,35.41833333333334,4870.224252226582,5627.256502534124,
2025-06-06 10:00:00,4137.0,4897.767268654729,5275.193357316192,5659.709835672202,HIGH,35.74333333333333,4897.76726865473,5659.709835672202,
2025-06-06 10:15:00,4137.0,4918.937652759758,5297.884069604628,5683.888031147461,HIGH,36.02916666666667,4918.937652759759,5683.88803114746,
2025-06-06 10:30:00,4137.0,4919.552447191734,5299.651794617935,5685.21165133551,HIGH,36.315,4919.552447191734,5685.2116513355095,
2025-06-06 10:45:00,4137.0,4922.398900893001,5303.843927655652,5689.109357816042,HIGH,36.600833333333334,4922.398900893002,5689.109357816042,
2025-06-06 11:00:00,4137.0,4938.440686897338,5321.701698176322,5707.8264772179855,HIGH,36.88666666666666,4938.440686897339,5707.826477217985,
2025-06-06 11:15:00,4137.0,4954.890854325182,5339.429850526592,5726.318304611568,HIGH,37.137499999999996,4954.890854325182,5726.318304611568,
2025-06-06 11:30:00,4137.0,4956.805820266815,5342.461813372949,5728.751542502432,HIGH,37.388333333333335,4956.805820266815,5728.751542502432,
2025-06-06 11:45:00,4137.0,4963.012019741392,5350.086911512612,5736.136647034497,HIGH,37.63916666666667,4963.012019741393,5736.136647034497,
2025-06-06 12:00:00,4137.0,4968.829822533789,5357.526929955761,5743.274731168881,HIGH,37.89,4968.829822533789,5743.27473116888,
2025-06-06 12:15:00,4137.0,4980.908529137782,5369.80501389849,5755.576887064162,HIGH,38.02083333333333,4980.908529137782,5755.576887064162,
2025-06-06 12:30:00,4137.0,4983.194618731494,5372.29277319434,5757.181652586647,HIGH,38.151666666666664,4983.194618731494,5757.181652586647,
2025-06-06 12:45:00,4137.0,4979.00875625455,5368.400212765132,5751.807636357909,HIGH,38.282500000000006,4979.00875625455,5751.807636357909,
2025-06-06 13:00:00,4137.0,4943.214382273655,5333.61794991349,5713.03026826378,HIGH,38.413333333333334,4943.214382273656,5713.03026826378,
2025-06-06 13:15:00,4601.413333333333,4898.953355901348,5287.0268190404795,5660.7079656163505,HIGH,38.29083333333333,4898.953355901349,5660.7079656163505,
2025-06-06 13:30:00,5585.150000000001,4886.308640587229,5273.075992294984,5643.916384640031,HIGH,38.16833333333334,4886.308640587229,5643.91638464003,
2025-06-06 13:45:00,5713.95,4893.2793320205665,5279.484057579857,5649.28656430163,HIGH,38.045833333333334,4893.2793320205665,5649.28656430163,
2025-06-06 14:00:00,5805.496666666666,4894.033481508164,5279.80750738232,5648.027056584432,HIGH,37.92333333333333,4894.033481508165,5648.027056584432,
2025-06-06 14:15:00,5897.123333333334,4893.522165776929,5278.953918710459,5645.645112043677,HIGH,37.916666666666664,4893.522165776929,5645.645112043677,
2025-06-06 14:30:00,6006.099999999999,4911.354552919672,5297.167174983872,5664.0345273173925,HIGH,37.91,4911.354552919672,5664.0345273173925,
2025-06-06 14:45:00,6058.389999999999,4907.958108301797,5293.931832466734,5659.079486070018,HIGH,37.903333333333336,4907.958108301798,5659.079486070018,
2025-06-06 15:00:00,6081.263333333333,4936.745093642303,5323.933705615122,5690.33831271555,HIGH,37.89666666666667,4936.745093642304,5690.33831271555,
2025-06-06 15:15:00,6096.673333333333,4936.513895732257,5323.626306771191,5688.746026159259,HIGH,37.72833333333334,4936.513895732257,5688.746026159258,
2025-06-06 15:30:00,6126.25,4937.319172517934,5324.661981747551,5688.645531471885,HIGH,37.56,4937.319172517934,5688.645531471885,
2025-06-06 15:45:00,6083.63,4935.621193882329,5323.412595686189,5686.09093929181,HIGH,37.391666666666666,4935.621193882329,5686.09093929181,
2025-06-06 16:00:00,6075.186666666667,4925.5244864111055,5313.836895919295,5674.508327263186,HIGH,37.223333333333336,4925.5244864111055,5674.5083272631855,
2025-06-06 16:15:00,6013.209999999999,4927.409852365755,5313.5610874775,5672.982453545985,HIGH,37.115,4927.409852365755,5672.982453545985,
2025-06-06 16:30:00,5957.150000000001,4925.367663732057,5309.522956511556,5667.408228560283,HIGH,37.00666666666666,4925.367663732057,5667.408228560283,
2025-06-06 16:45:00,5916.586666666667,4925.376969138466,5307.835562713894,5664.447212843217,HIGH,36.89833333333333,4925.376969138466,5664.447212843217,
2025-06-06 17:00:00,5877.0233333333335,4925.147684153661,5306.144541876971,5661.53971189274,HIGH,36.79,4925.147684153661,5661.53971189274,
2025-06-06 17:15:00,5816.18,4921.606265516425,5298.417386307001,5652.018046679059,HIGH,36.38,4921.606265516425,5652.018046679059,
2025-06-06 17:30:00,5742.083333333333,4903.882780556751,5276.388207428687,5626.98660107352,HIGH,35.97,4903.882780556751,5626.98660107352,
2025-06-06 17:45:00,5639.566666666667,4889.9645660200395,5258.460729043223,5606.490456209943,HIGH,35.56,4889.9645660200395,5606.490456209943,
2025-06-06 18:00:00,5570.813333333333,4874.594595557449,5239.239052704422,5584.656604422526,HIGH,35.15,4874.59459555745,5584.656604422526,
2025-06-06 18:15:00,5453.153333333333,4861.8284664289295,5223.939300077528,5567.206563673991,HIGH,34.8175,4861.8284664289295,5567.206563673991,
2025-06-06 18:30:00,5348.490000000001,4849.882093671536,5209.641645960423,5550.924805138556,HIGH,34.485,4849.882093671536,5550.924805138555,
2025-06-06 18:45:00,5332.1466666666665,4842.617281165693,5200.284224674017,5540.1021298026735,HIGH,34.152499999999996,4842.617281165693,5540.1021298026735,
2025-06-06 19:00:00,5284.093333333333,4834.9823622464055,5190.678484030943,5529.090035488227,HIGH,33.82,4834.9823622464055,5529.090035488226,
2025-06-06 19:15:00,5278.026666666667,4837.231623866153,5192.743797702745,5530.921328778824,HIGH,33.50416666666667,4837.231623866153,5530.921328778824,
2025-06-06 19:30:00,5276.676666666666,4839.14427542705,5194.560675581757,5532.565694558324,HIGH,33.18833333333333,4839.14427542705,5532.565694558324,
2025-06-06 19:45:00,5288.21,4837.87313827115,5193.196172624432,5530.829929309065,HIGH,32.872499999999995,4837.87313827115,5530.829929309065,
2025-06-06 20:00:00,5267.373333333333,4829.414133316966,5184.532515801004,5521.230190119518,HIGH,32.556666666666665,4829.414133316966,5521.230190119518,
2025-06-06 20:15:00,5297.593333333333,4823.24361877183,5182.206702335123,5518.757799545132,HIGH,32.30083333333334,4823.24361877183,5518.757799545132,
2025-06-06 20:30:00,5288.72,4816.806141201486,5179.630616641792,5516.0974055560355,HIGH,32.045,4816.806141201486,5516.0974055560355,
2025-06-06 20:45:00,5319.09,4811.281029725825,5177.992983448031,5514.542854227817,HIGH,31.789166666666667,4811.281029725825,5514.542854227817,
2025-06-06 21:00:00,5335.626666666666,4800.420832874058,5170.878599530109,5507.106952842118,HIGH,31.533333333333335,4800.420832874058,5507.106952842117,
2025-06-06 21:15:00,5444.836666666667,4818.561674586313,5190.908220193093,5529.222864429829,HIGH,31.3575,4818.5616745863135,5529.222864429828,
2025-06-06 21:30:00,5512.586666666667,4841.615889123778,5215.916739663395,5556.840503819608,HIGH,31.18166666666667,4841.615889123778,5556.840503819607,
2025-06-06 21:45:00,5624.8533333333335,4858.637507717453,5234.678802468228,5577.733376382122,HIGH,31.00583333333333,4858.637507717453,5577.733376382122,
2025-06-06 22:00:00,5715.736666666667,4868.269803612965,5245.787298400664,5590.366726914476,HIGH,30.83,4868.269803612965,5590.366726914476,
2025-06-06 22:15:00,5824.633333333334,4887.52267956554,5265.20268371454,5612.067643269072,HIGH,30.576666666666664,4887.52267956554,5612.067643269072,
2025-06-06 22:30:00,5938.296666666666,4908.069091954019,5285.819602794751,5635.1464665374415,HIGH,30.323333333333334,4908.069091954019,5635.146466537441,
2025-06-06 22:45:00,6019.27,4920.414049059835,5297.899938108678,5648.995042425109,HIGH,30.07,4920.414049059835,5648.995042425109,
2025-06-06 23:00:00,6084.026666666668,4931.671839273906,5308.71158128584,5661.524482332157,HIGH,29.816666666666666,4931.671839273906,5661.524482332157,
2025-06-06 23:15:00,6109.56,4938.711821294981,5317.190045293106,5671.648346843213,HIGH,29.6725,4938.711821294981,5671.6483468432125,
2025-06-06 23:30:00,6101.236666666667,4936.98702366115,5316.509012747718,5671.85195208556,HIGH,29.528333333333332,4936.9870236611505,5671.85195208556,
2025-06-06 23:45:00,6077.835,4932.529946932038,5312.830980434461,5668.8418827192345,HIGH,29.38416666666667,4932.529946932038,5668.8418827192345,
2025-06-07 00:00:00,6022.706666666666,5119.521928596976,5476.788500611222,5922.72143057654,HIGH,29.240000000000002,5119.521928596977,5922.72143057654,
2025-06-07 00:15:00,5963.626666666667,5104.888521044015,5463.332270379208,5909.187392629878,HIGH,29.124166666666667,5104.888521044016,5909.187392629878,
2025-06-07 00:30:00,5892.580000000001,5089.604197882929,5448.973753759011,5894.706488655552,HIGH,29.008333333333336,5089.604197882929,5894.706488655552,
2025-06-07 00:45:00,5814.733333333334,5073.595111729568,5433.627200033878,5879.180223788787,HIGH,28.892500000000002,5073.595111729568,5879.180223788786,
2025-06-07 01:00:00,5747.09,5057.129380750106,5417.558033281655,5862.892401529717,HIGH,28.776666666666667,5057.129380750106,5862.892401529717,
2025-06-07 01:15:00,5683.326666666667,5042.7189738589595,5402.252023245725,5847.417333827591,HIGH,28.662499999999998,5042.7189738589595,5847.417333827591,
2025-06-07 01:30:00,5577.013333333333,5029.5677063443345,5387.965239525193,5833.0667824978245,HIGH,28.548333333333336,5029.5677063443345,5833.0667824978245,
2025-06-07 01:45:00,5487.2733333333335,5017.64777797603,5374.663504884419,5819.798028354104,HIGH,28.434166666666666,5017.64777797603,5819.798028354104,
2025-06-07 02:00:00,5400.766666666666,5004.182350236667,5359.499219602179,5804.504495462992,HIGH,28.32,5004.182350236667,5804.504495462992,
2025-06-07 02:15:00,5325.863333333334,4993.039950171153,5346.429841413614,5791.490302203321,HIGH,28.254166666666666,4993.039950171154,5791.490302203321,
2025-06-07 02:30:00,5257.5,4983.736031851819,5334.957148319486,5780.207339107628,HIGH,28.188333333333333,4983.736031851819,5780.207339107628,
2025-06-07 02:45:00,5195.466666666666,4973.568583159692,5322.313788699313,5767.636446292392,HIGH,28.122500000000002,4973.568583159692,5767.636446292392,
2025-06-07 03:00:00,5127.596666666667,4961.196757818402,5307.12726761419,5752.277519172431,HIGH,28.05666666666667,4961.196757818403,5752.277519172431,
2025-06-07 03:15:00,5058.456666666666,4950.684212775907,5293.919087512364,5739.0618772097705,HIGH,27.969166666666666,4950.684212775907,5739.0618772097705,
2025-06-07 03:30:00,4985.546666666666,4942.648093447375,5282.9645167297695,5728.271232320619,HIGH,27.881666666666664,4942.648093447375,5728.271232320618,
2025-06-07 03:45:00,4927.013333333333,4931.577982913121,5268.625696939042,5713.760804702473,HIGH,27.79416666666667,4931.577982913122,5713.760804702472,
2025-06-07 04:00:00,4855.349999999999,4920.894981485896,5254.410493869145,5699.345657627953,HIGH,27.706666666666667,4920.894981485896,5699.345657627953,
2025-06-07 04:15:00,4845.953333333334,4898.410462330198,5227.486550634356,5671.0337359384985,HIGH,27.350833333333334,4898.410462330199,5671.0337359384985,
2025-06-07 04:30:00,4808.16,4875.55478509156,5199.923692887833,5641.977217157506,HIGH,26.995,4875.55478509156,5641.977217157506,
2025-06-07 04:45:00,4763.18,4854.50078784443,5173.955170265697,5614.603673935285,HIGH,26.639166666666668,4854.50078784443,5614.603673935285,
2025-06-07 05:00:00,4700.366666666666,4834.222712438671,5148.54042149649,5587.775725980051,HIGH,26.283333333333335,4834.222712438671,5587.775725980051,
2025-06-07 05:15:00,4635.69,4813.880069518567,5136.126333218671,5575.5169297830835,HIGH,26.686666666666667,4813.880069518567,5575.516929783083,
2025-06-07 05:30:00,4585.073333333334,4793.176835031257,5123.12476774092,5562.553243770234,HIGH,27.090000000000003,4793.176835031258,5562.553243770234,
2025-06-07 05:45:00,4518.32,4773.859615384531,5111.336599268778,5550.8423996741785,HIGH,27.493333333333332,4773.859615384531,5550.8423996741785,
2025-06-07 06:00:00,4474.363333333334,4764.951445861547,5110.013554554865,5550.456403262212,HIGH,27.896666666666665,4764.951445861547,5550.456403262212,
2025-06-07 06:15:00,4459.266666666666,4783.9565040781035,5131.341663747003,5574.458546095641,HIGH,28.42,4783.956504078104,5574.458546095641,
2025-06-07 06:30:00,4430.556666666666,4794.938025044638,5144.29208326357,5589.260385878619,HIGH,28.943333333333335,4794.938025044638,5589.260385878619,
2025-06-07 06:45:00,4397.13,4798.66128916201,5149.664119097584,5595.730195448319,HIGH,29.46666666666667,4798.66128916201,5595.730195448319,
2025-06-07 07:00:00,4377.616666666666,4808.56706781736,5161.235508437683,5608.8701018456595,HIGH,29.990000000000002,4808.56706781736,5608.8701018456595,
2025-06-07 07:15:00,4350.849999999999,4831.247470062828,5187.928771219132,5638.471925405708,HIGH,30.817500000000003,4831.247470062828,5638.471925405707,
2025-06-07 07:30:00,4333.25,4852.602795040306,5213.169151197735,5666.407940051535,HIGH,31.645,4852.602795040306,5666.407940051534,
2025-06-07 07:45:00,4323.796666666666,3959.280891551625,4301.8388951820125,4674.333877203209,HIGH,32.472500000000004,3959.280891551625,4674.333877203208,
2025-06-07 08:00:00,4285.29,3979.013331037258,4325.279197841246,4700.140406899995,HIGH,33.300000000000004,3979.013331037258,4700.140406899995,
2025-06-07 08:15:00,4294.176666666667,4004.0116621807547,4351.913066737261,4729.26319517209,HIGH,33.93,4004.0116621807547,4729.26319517209,
2025-06-07 08:30:00,4304.406666666667,4024.870072821189,4374.285220091226,4753.660430919048,HIGH,34.559999999999995,4024.870072821189,4753.660430919048,
2025-06-07 08:45:00,4321.286666666667,4048.562931500342,4399.555096654838,4781.129420422773,HIGH,35.19,4048.562931500342,4781.129420422773,
2025-06-07 09:00:00,4334.636666666666,4074.61695377676,4427.256874082727,4811.163917637042,HIGH,35.82,4074.61695377676,4811.163917637042,
2025-06-07 09:15:00,4496.383333333333,4106.124738678768,4460.575598112406,4847.233827580155,HIGH,36.27583333333334,4106.124738678768,4847.233827580154,
2025-06-07 09:30:00,4650.04,4144.211264181459,4500.6816238460115,4890.61540536076,HIGH,36.73166666666666,4144.211264181459,4890.615405360759,
2025-06-07 09:45:00,4751.836666666667,4176.488362610942,4534.909650793503,4927.518214599087,HIGH,37.18749999999999,4176.488362610942,4927.518214599087,
2025-06-07 10:00:00,4862.953333333334,4205.025869474745,4565.3969055699035,4960.272107470153,HIGH,37.64333333333333,4205.025869474745,4960.272107470153,
2025-06-07 10:15:00,4963.056666666666,4229.524946572606,4588.261360517164,4984.5244896800405,HIGH,37.901666666666664,4229.524946572606,4984.52448968004,
2025-06-07 10:30:00,5034.593333333333,4252.462223685758,4609.649620059443,5007.099858375036,HIGH,38.16,4252.462223685758,5007.099858375036,
2025-06-07 10:45:00,5090.83,4267.900365831927,4623.499413794789,5021.3997409805015,HIGH,38.41833333333334,4267.900365831927,5021.3997409805015,
2025-06-07 11:00:00,5138.86,4287.844856528558,4642.118628861775,5040.831054636523,HIGH,38.67666666666667,4287.844856528558,5040.831054636523,
2025-06-07 11:15:00,5211.823333333333,4301.5544652889475,4654.16589154269,5053.034152422471,HIGH,38.84250000000001,4301.5544652889475,5053.0341524224705,
2025-06-07 11:30:00,5265.18,4320.251394249798,4671.505098854612,5070.945744355393,HIGH,39.00833333333333,4320.251394249798,5070.945744355393,
2025-06-07 11:45:00,5327.8,4333.311916362955,4683.273026700505,5082.740152420692,HIGH,39.174166666666665,4333.311916362956,5082.740152420692,
2025-06-07 12:00:00,5386.240000000001,4351.752063344596,4700.761463804948,5100.718728108052,HIGH,39.339999999999996,4351.752063344596,5100.718728108052,
2025-06-07 12:15:00,5449.31,4366.81347464992,4716.09339000289,5116.346519071295,HIGH,39.445,4366.813474649921,5116.346519071295,
2025-06-07 12:30:00,5504.093333333333,4370.238999780212,4719.747760390729,5119.221724398445,HIGH,39.550000000000004,4370.238999780212,5119.221724398444,
2025-06-07 12:45:00,5533.88,4375.755608338544,4725.78907508308,5124.665700948673,HIGH,39.655,4375.755608338545,5124.665700948673,
2025-06-07 13:00:00,5492.906666666667,4364.566089394943,4714.980898085428,5111.735207951608,HIGH,39.76,4364.566089394944,5111.735207951608,
2025-06-07 13:15:00,5518.293333333334,4674.302212864733,5030.774782388385,5454.102735812685,HIGH,39.64416666666667,4674.302212864733,5454.102735812685,
2025-06-07 13:30:00,5536.8,5347.809208340338,5719.285423251762,6202.344336926905,HIGH,39.52833333333333,5347.809208340338,6202.344336926904,
2025-06-07 13:45:00,5699.086666666666,5441.487923001607,5814.41452723881,6304.384200363781,HIGH,39.412499999999994,5441.487923001607,6304.384200363781,
2025-06-07 14:00:00,5764.579999999999,5510.74799838886,5884.822798108565,6379.499530217899,HIGH,39.29666666666667,5510.74799838886,6379.499530217899,
2025-06-07 14:15:00,5850.983333333334,5597.333358382986,5975.418808289734,6476.473833783947,HIGH,39.29666666666667,5597.333358382986,6476.473833783947,
2025-06-07 14:30:00,5948.506666666667,5692.667097426058,6078.274163803264,6586.379619988327,HIGH,39.29666666666667,5692.667097426058,6586.379619988327,
2025-06-07 14:45:00,6044.7300000000005,5747.4513887834955,6137.089388291896,6648.7360696744345,HIGH,39.29666666666667,5747.4513887834955,6648.7360696744345,
2025-06-07 15:00:00,6073.2300000000005,5772.404718102538,6164.190124383204,6676.780138629109,HIGH,39.29666666666667,5772.404718102538,6676.7801386291085,
2025-06-07 15:15:00,6103.48,5780.919894075217,6173.960989190587,6686.0678584527195,HIGH,39.104166666666664,5780.919894075217,6686.067858452719,
2025-06-07 15:30:00,6106.806666666666,5794.283943448322,6189.680534256773,6701.763585658432,HIGH,38.91166666666666,5794.283943448322,6701.763585658432,
2025-06-07 15:45:00,6057.456666666666,5747.558444309895,6142.68909170211,6649.408661091538,HIGH,38.719166666666666,5747.558444309895,6649.408661091538,
2025-06-07 16:00:00,6023.546666666666,5709.83104885565,6105.183082690016,6607.42271439882,HIGH,38.526666666666664,5709.831048855651,6607.42271439882,
2025-06-07 16:15:00,5970.173333333333,5630.136055558266,6024.256190783942,6518.170027459782,HIGH,38.38,5630.136055558267,6518.170027459782,
2025-06-07 16:30:00,5916.223333333332,5555.035089061725,5948.29179759262,6434.370322015666,HIGH,38.233333333333334,5555.035089061725,6434.370322015666,
2025-06-07 16:45:00,5847.21,5494.6113251099805,5887.604973420021,6367.26114933195,HIGH,38.086666666666666,5494.611325109981,6367.26114933195,
2025-06-07 17:00:00,5789.876666666667,5447.154022867543,5840.434515008274,6314.928767346274,HIGH,37.94,5447.154022867543,6314.928767346273,
2025-06-07 17:15:00,5751.526666666668,5366.620346268042,5758.191287868836,6224.412438162257,HIGH,37.28666666666667,5366.620346268042,6224.412438162257,
2025-06-07 17:30:00,5667.813333333334,5289.277171039043,5679.432941125795,6137.756271683456,HIGH,36.63333333333333,5289.277171039043,6137.756271683456,
2025-06-07 17:45:00,5578.150000000001,5184.134100074569,5572.417345008861,6020.396500513466,HIGH,35.98,5184.134100074569,6020.396500513466,
2025-06-07 18:00:00,5496.95,5107.716273951376,5495.004273647085,5935.345562069489,HIGH,35.32666666666667,5107.716273951376,5935.345562069488,
2025-06-07 18:15:00,5423.706666666666,5010.787688328235,5392.456675380867,5822.844253387486,HIGH,34.82833333333333,5010.787688328236,5822.844253387486,
2025-06-07 18:30:00,5373.663333333333,4931.940861258248,5308.584876829096,5730.7578924614845,HIGH,34.33,4931.940861258248,5730.7578924614845,
2025-06-07 18:45:00,5305.21,4910.620458551224,5283.758526056861,5703.0512089098775,HIGH,33.83166666666666,4910.620458551224,5703.051208909877,
2025-06-07 19:00:00,5308.793333333333,4871.4824795559025,5240.820263623092,5655.701649375696,HIGH,33.33333333333333,4871.4824795559025,5655.701649375696,
2025-06-07 19:15:00,5332.416666666667,4872.2147392503075,5241.332394849852,5655.841526550301,HIGH,33.0625,4872.2147392503075,5655.8415265503,
2025-06-07 19:30:00,5375.963333333333,4873.712730065354,5242.7247223177255,5657.0235568136195,HIGH,32.791666666666664,4873.712730065354,5657.0235568136195,
2025-06-07 19:45:00,5433.599999999999,4885.40065145496,5254.628351655356,5669.736791335426,HIGH,32.52083333333333,4885.40065145496,5669.736791335425,
2025-06-07 20:00:00,5500.696666666667,4869.833113679072,5238.686623390997,5652.211230316095,HIGH,32.25,4869.833113679073,5652.211230316095,
2025-06-07 20:15:00,5558.580000000001,4898.5945465249,5268.532174015522,5684.645665246196,HIGH,32.0575,4898.5945465249,5684.645665246196,
2025-06-07 20:30:00,5634.613333333334,4899.429935899492,5269.808702464365,5686.052970166923,HIGH,31.865000000000002,4899.429935899492,5686.052970166923,
2025-06-07 20:45:00,5711.616666666666,4926.105267546968,5297.545782673579,5716.359690964303,HIGH,31.6725,4926.105267546968,5716.359690964303,
2025-06-07 21:00:00,5767.813333333333,4945.456008159146,5317.769156758282,5738.5668167049025,HIGH,31.48,4945.456008159147,5738.5668167049025,
2025-06-07 21:15:00,5879.573333333334,5033.060000585935,5408.918625369209,5838.1322625506255,HIGH,31.304166666666667,5033.060000585935,5838.1322625506255,
2025-06-07 21:30:00,5969.406666666667,5095.265936457725,5474.01263534138,5909.403012280942,HIGH,31.128333333333334,5095.265936457725,5909.403012280942,
2025-06-07 21:45:00,6096.66,5193.033690304156,5575.446629990481,6020.325641687641,HIGH,30.9525,5193.033690304157,6020.32564168764,
2025-06-07 22:00:00,6186.766666666666,5274.7231763358495,5660.330881173377,6113.300810271457,HIGH,30.776666666666667,5274.72317633585,6113.300810271457,
2025-06-07 22:15:00,6291.25,5376.350302763928,5765.163257365873,6228.059193214298,HIGH,30.694166666666668,5376.350302763928,6228.059193214297,
2025-06-07 22:30:00,6422.896666666667,5471.936033078335,5863.687296518841,6336.017231668046,HIGH,30.611666666666665,5471.936033078336,6336.017231668046,
2025-06-07 22:45:00,6477.723333333332,5548.781835670771,5942.884936733348,6422.9949110081925,HIGH,30.529166666666665,5548.781835670771,6422.9949110081925,
2025-06-07 23:00:00,6533.486666666667,5602.741050854661,5998.494547773244,6484.347690106328,HIGH,30.446666666666665,5602.741050854661,6484.347690106328,
2025-06-07 23:15:00,6548.986666666667,5620.893227715303,6018.709603720531,6507.265486411208,HIGH,30.274166666666666,5620.893227715303,6507.265486411208,
2025-06-07 23:30:00,6540.669999999999,5612.66658558821,6011.731028668138,6500.623846002979,HIGH,30.101666666666667,5612.66658558821,6500.623846002978,
2025-06-07 23:45:00,6533.47,5587.5703352074825,5987.280949167486,6475.005791350692,HIGH,29.929166666666667,5587.5703352074825,6475.005791350691,
2025-06-08 00:00:00,6475.37,5507.849416891977,5906.6908222929205,6388.29667800147,HIGH,29.756666666666668,5507.849416891977,6388.29667800147,
2025-06-08 00:15:00,6408.41,5457.768384981948,5855.863428069243,6334.027092351424,HIGH,29.610833333333332,5457.768384981948,6334.027092351424,
2025-06-08 00:30:00,6329.473333333332,5392.498624205834,5789.249207125334,6262.60137209927,HIGH,29.465,5392.498624205835,6262.60137209927,
2025-06-08 00:45:00,6254.513333333333,5316.428691232183,5711.331241203743,6178.896482203136,HIGH,29.31916666666667,5316.428691232183,6178.896482203136,
2025-06-08 01:00:00,6170.296666666666,5245.116450318741,5638.02936115785,6100.243879509349,HIGH,29.173333333333336,5245.116450318742,6100.243879509349,
2025-06-08 01:15:00,6079.4766666666665,5176.1121746142135,5566.827417681554,6023.898124695493,HIGH,29.054166666666667,5176.1121746142135,6023.898124695493,
2025-06-08 01:30:00,5995.046666666666,5073.903911938156,5461.359628068981,5910.251432509452,HIGH,28.935,5073.903911938156,5910.251432509451,
2025-06-08 01:45:00,5905.593333333333,4983.539744710961,5367.742758242883,5809.519473740691,HIGH,28.815833333333334,4983.539744710962,5809.519473740691,
2025-06-08 02:00:00,5818.889999999999,4893.695010092495,5274.377518415192,5709.065079531224,HIGH,28.696666666666665,4893.695010092495,5709.065079531224,
2025-06-08 02:15:00,5739.09,4825.046422946068,5202.789800761737,5632.3371781640435,HIGH,28.63,4825.046422946068,5632.3371781640435,
2025-06-08 02:30:00,5680.446666666667,4764.601060252971,5139.315310123208,5564.437022930392,HIGH,28.563333333333333,4764.601060252971,5564.437022930392,
2025-06-08 02:45:00,5610.2266666666665,4717.073263812508,5088.779928954601,5510.614487973486,HIGH,28.496666666666666,4717.073263812508,5510.614487973486,
2025-06-08 03:00:00,5535.223333333332,4662.7805988780765,5031.032126674251,5448.919093653757,HIGH,28.43,4662.7805988780765,5448.919093653756,
2025-06-08 03:15:00,5455.696666666667,4607.227745197395,4972.428168025872,5386.2929959814865,HIGH,28.368333333333332,4607.227745197395,5386.2929959814865,
2025-06-08 03:30:00,5391.12,4546.295552001006,4908.034693343184,5317.332929628658,HIGH,28.30666666666667,4546.295552001006,5317.332929628658,
2025-06-08 03:45:00,5311.993333333333,4497.312233127704,4855.597176758895,5261.3585703658255,HIGH,28.245,4497.3122331277045,5261.3585703658255,
2025-06-08 04:00:00,5249.150000000001,4442.065593633986,4796.474234314745,5198.064442376497,HIGH,28.183333333333337,4442.065593633987,5198.064442376497,
2025-06-08 04:15:00,5186.73,4429.815861777769,4781.107291454985,5182.376437009664,HIGH,28.130833333333335,4429.815861777769,5182.376437009664,
2025-06-08 04:30:00,5139.150000000001,4400.627310365511,4748.138633624553,5147.4713401188255,HIGH,28.078333333333337,4400.627310365512,5147.4713401188255,
2025-06-08 04:45:00,5087.633333333333,4364.417158086259,4707.730594673222,5104.4114992752,HIGH,28.025833333333335,4364.41715808626,5104.4114992752,
2025-06-08 05:00:00,5026.75,4316.691735552257,4655.291992354535,5048.192906954596,HIGH,27.973333333333336,4316.691735552257,5048.192906954596,
2025-06-08 05:15:00,4932.6033333333335,4269.151564502527,4611.797374760799,5001.972386591704,HIGH,28.416666666666668,4269.151564502528,5001.972386591704,
2025-06-08 05:30:00,4852.2300000000005,4229.710449514713,4576.376690324817,4964.4792547090165,HIGH,28.86,4229.710449514713,4964.4792547090165,
2025-06-08 05:45:00,4769.98,4179.205779307558,4529.422910393437,4914.358030853207,HIGH,29.303333333333335,4179.205779307558,4914.358030853207,
2025-06-08 06:00:00,4718.07,4149.559808589933,4503.63312788725,4887.212731089838,HIGH,29.746666666666666,4149.559808589933,4887.212731089837,
2025-06-08 06:15:00,4690.333333333333,4146.864792779012,4503.462358104877,4887.828148514936,HIGH,30.321666666666662,4146.864792779012,4887.828148514936,
2025-06-08 06:30:00,4651.0633333333335,4137.959202112046,4496.770100222428,4881.2646669231835,HIGH,30.896666666666665,4137.959202112046,4881.264666923183,
2025-06-08 06:45:00,4610.693333333334,4119.630638183112,4480.28311372424,4863.955554867546,HIGH,31.471666666666668,4119.630638183112,4863.955554867546,
2025-06-08 07:00:00,4550.843333333333,4113.536311134126,4476.191536746826,4860.0640463682685,HIGH,32.04666666666667,4113.536311134126,4860.0640463682685,
2025-06-08 07:15:00,4538.963333333333,4109.817673162554,4477.293626105603,4861.848194517353,HIGH,32.84583333333333,4109.817673162554,4861.848194517353,
2025-06-08 07:30:00,4517.806666666666,4114.901890005704,4487.312316083181,4873.258904091513,HIGH,33.644999999999996,4114.901890005705,4873.258904091513,
2025-06-08 07:45:00,4479.25,3918.866197618994,4291.336042551857,4660.256647341485,HIGH,34.44416666666666,3918.866197618994,4660.2566473414845,
2025-06-08 08:00:00,4456.813333333333,3910.3588067578253,4287.300478785207,4656.1930704209735,HIGH,35.24333333333333,3910.3588067578253,4656.1930704209735,
2025-06-08 08:15:00,4431.596666666667,3917.4334866326053,4299.176927842191,4669.372823336885,HIGH,35.79333333333333,3917.4334866326053,4669.372823336884,
2025-06-08 08:30:00,4355.743333333333,3928.3534933283604,4314.967356955012,4686.730358514808,HIGH,36.343333333333334,3928.3534933283604,4686.730358514808,
2025-06-08 08:45:00,4345.19,3944.9831513630793,4336.599286221507,4710.365421362869,HIGH,36.89333333333333,3944.9831513630793,4710.365421362869,
2025-06-08 09:00:00,4408.743333333333,3961.837802246051,4358.475997897418,4734.184219313914,HIGH,37.443333333333335,3961.8378022460515,4734.184219313914,
2025-06-08 09:15:00,4492.313333333333,4100.920214708038,4500.856892802641,4888.9845240794775,HIGH,37.89416666666667,4100.920214708039,4888.9845240794775,
2025-06-08 09:30:00,4441.636666666666,4228.008411569422,4631.009167913964,5030.388152865888,HIGH,38.345,4228.008411569422,5030.388152865888,
2025-06-08 09:45:00,4409.783333333333,4318.069538500811,4723.321260110903,5130.506185676765,HIGH,38.79583333333333,4318.069538500811,5130.506185676765,
2025-06-08 10:00:00,4507.59,4410.848033628892,4814.850752405765,5228.914019286309,HIGH,39.24666666666666,4410.848033628892,5228.914019286309,
2025-06-08 10:15:00,4592.936666666667,4491.158856030382,4893.775847366432,5313.470732252573,HIGH,39.55083333333333,4491.158856030382,5313.470732252573,
2025-06-08 10:30:00,4688.706666666667,4550.732679420835,4951.59221909843,5374.970603426402,HIGH,39.855,4550.732679420835,5374.970603426401,
2025-06-08 10:45:00,4886.45,4599.483253954156,4998.46673096496,5424.488691431396,HIGH,40.159166666666664,4599.483253954156,5424.488691431396,
2025-06-08 11:00:00,5020.656666666667,4642.890240137603,5040.025806113319,5468.155797256987,HIGH,40.46333333333333,4642.890240137603,5468.155797256987,
2025-06-08 11:15:00,5103.323333333334,4689.321622133773,5084.962356101232,5515.3375003835135,HIGH,40.6375,4689.321622133773,5515.3375003835135,
2025-06-08 11:30:00,5168.7266666666665,4726.424831369316,5120.53393302754,5552.266310200424,HIGH,40.81166666666667,4726.424831369316,5552.266310200424,
2025-06-08 11:45:00,5200.796666666666,4770.86940185596,5163.821518559203,5597.5477965666505,HIGH,40.98583333333333,4770.86940185596,5597.5477965666505,
2025-06-08 12:00:00,5266.296666666666,4818.343948201532,5210.423925174149,5646.393655460879,HIGH,41.160000000000004,4818.343948201532,5646.393655460879,
2025-06-08 12:15:00,5379.76,4875.169114251516,5266.164991483488,5705.780208378283,HIGH,41.288333333333334,4875.169114251516,5705.780208378283,
2025-06-08 12:30:00,5416.1033333333335,4917.579717837626,5307.383554220838,5749.316026753148,HIGH,41.41666666666667,4917.579717837627,5749.316026753148,
2025-06-08 12:45:00,5493.0233333333335,4948.199992030624,5336.776576528165,5779.943216509847,HIGH,41.545,4948.199992030625,5779.943216509847,
2025-06-08 13:00:00,5470.266666666666,4887.300254287917,5272.7219103952275,5708.780479087037,HIGH,41.67333333333334,4887.300254287917,5708.780479087037,
2025-06-08 13:15:00,5520.389999999999,4962.697127976733,5345.078349227835,5786.191781217181,HIGH,41.52583333333333,4962.697127976733,5786.191781217181,
2025-06-08 13:30:00,5640.540000000001,5108.05645953169,5489.335795198374,5941.888721550662,HIGH,41.37833333333333,5108.05645953169,5941.888721550662,
2025-06-08 13:45:00,5760.91,5254.827678216405,5635.3144593533525,6099.450990503864,HIGH,41.23083333333334,5254.827678216405,6099.450990503864,
2025-06-08 14:00:00,5849.086666666667,5324.593327358946,5702.73116101166,6171.455720958289,HIGH,41.08333333333333,5324.593327358947,6171.455720958289,
2025-06-08 14:15:00,5952.156666666667,5411.920742788097,5791.286970819137,6266.585200035823,HIGH,41.0775,5411.920742788097,6266.585200035823,
2025-06-08 14:30:00,6035.150000000001,5505.364660697796,5886.390806257409,6368.853041201562,HIGH,41.071666666666665,5505.364660697796,6368.853041201562,
2025-06-08 14:45:00,6090.88,5591.19268310012,5973.983647901398,6462.954481575792,HIGH,41.06583333333333,5591.19268310012,6462.954481575791,
2025-06-08 15:00:00,6158.823333333334,5624.398146207839,6007.9850917848735,6498.713405596463,HIGH,41.06,5624.398146207839,6498.713405596463,
2025-06-08 15:15:00,6179.5233333333335,5650.193658371856,6033.606398299571,6525.331926616744,HIGH,40.910000000000004,5650.193658371856,6525.331926616744,
2025-06-08 15:30:00,6201.553333333333,5653.212712191583,6035.362535992157,6526.10743293046,HIGH,40.76,5653.212712191584,6526.10743293046,
2025-06-08 15:45:00,6184.933333333333,5610.10952863028,5991.001688059891,6476.5788869515345,HIGH,40.61,5610.10952863028,6476.578886951534,
2025-06-08 16:00:00,6122.993333333333,5579.264557164912,5959.464135718672,6441.054251548851,HIGH,40.46,5579.264557164912,6441.054251548851,
2025-06-08 16:15:00,6072.216666666667,5523.708695411885,5900.736496467296,6375.8870976683265,HIGH,40.244166666666665,5523.708695411885,6375.8870976683265,
2025-06-08 16:30:00,6021.493333333333,5436.642002738189,5810.005396786543,6275.916985461126,HIGH,40.028333333333336,5436.64200273819,6275.916985461126,
2025-06-08 16:45:00,5943.889999999999,5323.00152723245,5692.317044099806,6146.643673045746,HIGH,39.8125,5323.00152723245,6146.643673045746,
2025-06-08 17:00:00,5849.426666666666,5246.773128925018,5613.17370097553,6059.403351411445,HIGH,39.596666666666664,5246.773128925019,6059.403351411445,
2025-06-08 17:15:00,5785.763333333333,5184.411354813596,5545.582694610618,5984.702715876425,HIGH,39.02083333333333,5184.411354813596,5984.702715876425,
2025-06-08 17:30:00,5691.356666666667,5113.206622146794,5469.156110508359,5900.445260701522,HIGH,38.445,5113.206622146794,5900.445260701521,
2025-06-08 17:45:00,5590.43,5036.83140680922,5387.641401953231,5810.715384338694,HIGH,37.86916666666667,5036.831406809221,5810.715384338694,
2025-06-08 18:00:00,5520.02,4967.256576592704,5313.281450185026,5728.848715121461,HIGH,37.29333333333333,4967.256576592704,5728.848715121461,
2025-06-08 18:15:00,5458.2266666666665,4895.189218877523,5238.703618057468,5646.895948844257,HIGH,36.81916666666667,4895.189218877524,5646.895948844256,
2025-06-08 18:30:00,5409.58,4841.621606867763,5183.229541796759,5585.824174692419,HIGH,36.34499999999999,4841.621606867763,5585.824174692419,
2025-06-08 18:45:00,5391.966666666666,4786.914385011838,5126.735693270951,5523.721036527948,HIGH,35.87083333333333,4786.914385011838,5523.721036527948,
2025-06-08 19:00:00,5406.386666666666,4779.71144038501,5119.009713831345,5514.807122274897,HIGH,35.39666666666666,4779.711440385011,5514.807122274897,
2025-06-08 19:15:00,5448.25,4795.742446963244,5136.26358053295,5533.2170937423825,HIGH,35.081666666666656,4795.742446963244,5533.2170937423825,
2025-06-08 19:30:00,5525.900000000001,4826.34722732111,5168.535008168524,5568.06481239348,HIGH,34.766666666666666,4826.347227321111,5568.06481239348,
2025-06-08 19:45:00,5614.153333333333,4865.013908540422,5209.138954418723,5612.071039730338,HIGH,34.45166666666666,4865.013908540422,5612.071039730337,
2025-06-08 20:00:00,5671.676666666666,4901.739788319354,5247.815955775613,5654.063630197145,HIGH,34.13666666666666,4901.739788319354,5654.063630197145,
2025-06-08 20:15:00,5789.073333333334,4953.112453177808,5301.890129888729,5712.921382555966,HIGH,34.0,4953.112453177808,5712.921382555966,
2025-06-08 20:30:00,5872.78,5010.7818871749905,5362.434309053332,5778.909515331822,HIGH,33.86333333333333,5010.7818871749905,5778.909515331822,
2025-06-08 20:45:00,5966.706666666666,5073.509014035274,5428.161133594329,5850.625417995562,HIGH,33.72666666666667,5073.509014035274,5850.625417995562,
2025-06-08 21:00:00,6068.393333333333,5119.061696611568,5476.289479607741,5903.259405641886,HIGH,33.589999999999996,5119.061696611568,5903.259405641886,
2025-06-08 21:15:00,6222.373333333333,5217.066683149272,5578.447377281509,6014.825813705026,HIGH,33.32,5217.066683149272,6014.825813705026,
2025-06-08 21:30:00,6349.81,5298.387386022235,5663.471412826805,6107.813146741617,HIGH,33.050000000000004,5298.387386022235,6107.813146741616,
2025-06-08 21:45:00,6512.06,5407.796314090314,5777.183594964561,6232.119505645711,HIGH,32.779999999999994,5407.796314090314,6232.119505645711,
2025-06-08 22:00:00,6572.266666666666,5490.199970394787,5866.9857745593,6329.921954270857,HIGH,32.51,5490.199970394787,6329.921954270856,
2025-06-08 22:15:00,6583.763333333333,5598.520755714244,5985.288473874984,6458.668340759072,HIGH,32.409166666666664,5598.520755714245,6458.668340759072,
2025-06-08 22:30:00,6563.843333333333,5728.56734874994,6127.058851929376,6612.850090165248,HIGH,32.30833333333333,5728.56734874994,6612.850090165248,
2025-06-08 22:45:00,6825.643333333333,5794.374213356238,6199.109673456828,6691.711732986727,HIGH,32.2075,5794.374213356239,6691.711732986727,
2025-06-08 23:00:00,7006.193333333334,5856.075136584008,6266.847463772992,6765.9323888266335,HIGH,32.10666666666667,5856.075136584008,6765.932388826633,
2025-06-08 23:15:00,7049.886666666666,5876.169756829811,6289.460298422338,6791.339950674569,HIGH,31.965,5876.169756829811,6791.339950674569,
2025-06-08 23:30:00,7038.756666666667,5871.206465831339,6285.463534394797,6787.932723407749,HIGH,31.82333333333333,5871.206465831339,6787.932723407749,
2025-06-08 23:45:00,6623.92,5857.791770625862,6272.614244264099,6774.935151719416,HIGH,31.68166666666667,5857.791770625862,6774.935151719415,
2025-06-09 00:00:00,6597.763333333333,6052.6015647869,6518.258026240059,6966.740365143026,HIGH,31.54,6052.601564786901,6966.740365143025,
2025-06-09 00:15:00,6675.183333333333,5994.752177367039,6457.680145709164,6901.788597701049,HIGH,31.4175,5994.752177367039,6901.788597701048,
2025-06-09 00:30:00,6885.579999999999,5925.017496561702,6384.697660926641,6823.363936868927,HIGH,31.294999999999998,5925.017496561702,6823.363936868927,
2025-06-09 00:45:00,6798.703333333334,5856.642199964004,6312.860993182486,6746.217682901777,HIGH,31.1725,5856.642199964004,6746.217682901777,
2025-06-09 01:00:00,6707.466666666667,5781.452434510305,6233.792254178565,6661.221069710775,HIGH,31.049999999999997,5781.4524345103055,6661.221069710775,
2025-06-09 01:15:00,6519.006666666667,5697.688608093981,6147.119373395293,6568.014679956583,HIGH,30.904999999999998,5697.688608093981,6568.014679956583,
2025-06-09 01:30:00,6481.186666666666,5615.923198063856,6062.222627705369,6476.757080445114,HIGH,30.759999999999998,5615.923198063856,6476.757080445114,
2025-06-09 01:45:00,6419.71,5533.311493319637,5976.1837456346475,6384.264772559656,HIGH,30.615,5533.311493319637,6384.264772559656,
2025-06-09 02:00:00,6332.413333333333,5452.105914460727,5891.304334487461,6293.038668254248,HIGH,30.47,5452.105914460727,6293.038668254248,
2025-06-09 02:15:00,6253.849999999999,5378.788702335785,5814.577273997231,6210.701241207333,HIGH,30.39666666666667,5378.788702335785,6210.701241207333,
2025-06-09 02:30:00,6164.360000000001,5323.013239203304,5755.5246890177,6147.60376257347,HIGH,30.323333333333334,5323.013239203305,6147.60376257347,
2025-06-09 02:45:00,6088.276666666668,5257.6586868908635,5686.378012490785,6073.500741882155,HIGH,30.25,5257.6586868908635,6073.500741882155,
2025-06-09 03:00:00,6009.133333333334,5191.798774368285,5616.427712506649,5998.504044261871,HIGH,30.17666666666667,5191.798774368285,5998.50404426187,
2025-06-09 03:15:00,5886.813333333333,5115.103718122715,5536.177309430795,5912.304962568641,HIGH,30.06416666666667,5115.103718122715,5912.304962568641,
2025-06-09 03:30:00,5819.1466666666665,5051.322980029861,5468.867352011209,5840.168845701622,HIGH,29.951666666666668,5051.322980029861,5840.168845701622,
2025-06-09 03:45:00,5763.056666666666,4977.147233853994,5390.636568338286,5756.105611382849,HIGH,29.839166666666667,4977.147233853994,5756.105611382849,
2025-06-09 04:00:00,5676.650000000001,4913.831957951242,5323.252552380266,5683.815172032046,HIGH,29.72666666666667,4913.831957951242,5683.815172032046,
2025-06-09 04:15:00,5596.636666666666,4858.402089603675,5264.753739334992,5621.194887689005,HIGH,29.602500000000003,4858.402089603676,5621.194887689004,
2025-06-09 04:30:00,5513.080000000001,4808.436620448897,5211.590747186214,5564.336494780961,HIGH,29.478333333333335,4808.436620448897,5564.3364947809605,
2025-06-09 04:45:00,5442.576666666667,4758.74137940892,5158.454113133851,5507.453550010756,HIGH,29.354166666666668,4758.741379408921,5507.453550010756,
2025-06-09 05:00:00,5372.763333333333,4699.9885813737465,5095.803245473452,5440.152137573536,HIGH,29.23,4699.9885813737465,5440.152137573536,
2025-06-09 05:15:00,5266.259999999999,4629.0741186885825,5026.580003625671,5365.849238736659,HIGH,29.69833333333333,4629.0741186885825,5365.849238736659,
2025-06-09 05:30:00,5170.223333333334,4568.130111627099,4967.346727406292,5302.360288275102,HIGH,30.166666666666668,4568.130111627099,5302.360288275102,
2025-06-09 05:45:00,5074.33,4505.421806957874,4906.101400742921,5236.611666557812,HIGH,30.635,4505.421806957874,5236.611666557812,
2025-06-09 06:00:00,5000.046666666666,4468.414358319592,4870.977713555573,5199.237842509514,HIGH,31.10333333333333,4468.414358319592,5199.237842509514,
2025-06-09 06:15:00,4973.413333333333,4453.505702713493,4857.583266318771,5185.427111704105,HIGH,31.44333333333333,4453.505702713493,5185.427111704105,
2025-06-09 06:30:00,4926.183333333333,4427.431371072195,4832.594050561943,5158.912678089055,HIGH,31.78333333333333,4427.431371072195,5158.912678089055,
2025-06-09 06:45:00,4913.796666666666,4399.758059178853,4805.820701555232,5130.3761545985235,HIGH,32.12333333333333,4399.758059178853,5130.376154598523,
2025-06-09 07:00:00,4881.79,4366.094346559471,4772.783466570724,5094.937256660394,HIGH,32.46333333333333,4366.094346559471,5094.937256660394,
2025-06-09 07:15:00,4888.373333333333,4359.304211555998,4769.662690407221,5092.084363387752,HIGH,32.9525,4359.304211555999,5092.084363387752,
2025-06-09 07:30:00,4871.316666666667,4347.38025908744,4761.189452730373,5083.319018897157,HIGH,33.44166666666666,4347.38025908744,5083.319018897156,
2025-06-09 07:45:00,4885.32,4323.956960967799,4740.864268537145,5061.562507753855,HIGH,33.93083333333333,4323.956960967799,5061.562507753855,
2025-06-09 08:00:00,4855.663333333334,4312.993058200669,4733.235491779048,5053.547581193369,HIGH,34.42,4312.993058200669,5053.547581193369,
2025-06-09 08:15:00,4867.389999999999,4303.21560917997,4726.779775164209,5046.725260888154,HIGH,34.869166666666665,4303.21560917997,5046.725260888154,
2025-06-09 08:30:00,4901.7266666666665,4261.61072153355,4687.7144771434205,5004.306554222855,HIGH,35.318333333333335,4261.61072153355,5004.306554222855,
2025-06-09 08:45:00,4968.349999999999,4259.436939867235,4689.016391139238,5005.763885079229,HIGH,35.7675,4259.436939867235,5005.763885079229,
2025-06-09 09:00:00,5007.953333333333,4327.315306255834,4762.055621497384,5085.260340459992,HIGH,36.21666666666666,4327.315306255834,5085.260340459992,
2025-06-09 09:15:00,5239.246666666667,4437.091706337145,4876.947152722651,5210.214179784576,HIGH,36.6975,4437.091706337145,5210.214179784576,
2025-06-09 09:30:00,5449.759999999999,4455.92044477934,4898.773577189855,5233.740386272352,HIGH,37.178333333333335,4455.920444779341,5233.740386272352,
2025-06-09 09:45:00,5587.0,4479.761953266117,4925.802309559637,5262.854281293283,HIGH,37.65916666666667,4479.761953266117,5262.854281293283,
2025-06-09 10:00:00,5696.706666666666,4586.9838648815185,5038.288077691738,5384.955697672956,HIGH,38.14,4586.9838648815185,5384.955697672956,
2025-06-09 10:15:00,5802.98,4681.7217273602,5136.660224945584,5491.563776837539,HIGH,38.57,4681.7217273602,5491.563776837539,
2025-06-09 10:30:00,5961.596666666667,4778.160994860069,5236.897209290886,5600.133227808012,HIGH,39.0,4778.160994860069,5600.133227808012,
2025-06-09 10:45:00,6020.22,4933.377050035272,5397.452332265497,5774.323053852268,HIGH,39.43000000000001,4933.377050035272,5774.323053852268,
2025-06-09 11:00:00,6091.433333333333,5035.920998758332,5504.234714521033,5889.891880140369,HIGH,39.86000000000001,5035.920998758333,5889.891880140369,
2025-06-09 11:15:00,6150.2699999999995,5113.8878779555325,5584.946753180663,5976.973177297583,HIGH,40.23416666666667,5113.8878779555325,5976.973177297583,
2025-06-09 11:30:00,6275.2733333333335,5174.214958779523,5647.7839607649585,6044.534343393949,HIGH,40.608333333333334,5174.214958779524,6044.534343393949,
2025-06-09 11:45:00,6323.203333333334,5218.853560453339,5691.105288413853,6090.009918560578,HIGH,40.9825,5218.853560453339,6090.009918560578,
2025-06-09 12:00:00,6405.05,5267.32776682965,5738.566280250146,6139.948120625724,HIGH,41.35666666666666,5267.32776682965,6139.948120625724,
2025-06-09 12:15:00,6448.650000000001,5344.707146445409,5815.6266396356605,6222.289150275707,HIGH,41.63166666666666,5344.707146445409,6222.289150275707,
2025-06-09 12:30:00,6490.240000000001,5385.992383931489,5855.967857468511,6264.607300429251,HIGH,41.906666666666666,5385.992383931489,6264.607300429251,
2025-06-09 12:45:00,6605.376666666666,5449.727780726869,5919.540659766041,6332.194040756028,HIGH,42.18166666666667,5449.727780726869,6332.194040756028,
2025-06-09 13:00:00,6605.43,5427.046374215588,5894.8906938581495,6303.680793496811,HIGH,42.45666666666666,5427.046374215589,6303.680793496811,
2025-06-09 13:15:00,6605.863333333334,5460.444528298381,5927.5910271557095,6337.916708954178,HIGH,42.45416666666667,5460.444528298382,6337.916708954178,
2025-06-09 13:30:00,6711.183333333334,5553.506613256899,6021.64822057063,6438.955683567623,HIGH,42.45166666666667,5553.506613256899,6438.955683567623,
2025-06-09 13:45:00,6771.813333333333,5671.872047782777,6141.8879063612385,6568.498321219847,HIGH,42.44916666666666,5671.872047782778,6568.498321219847,
2025-06-09 14:00:00,6803.803333333333,5749.272557661091,6220.465844495475,6652.667764629676,HIGH,42.446666666666665,5749.272557661092,6652.667764629676,
2025-06-09 14:15:00,6971.836666666667,5851.567554324725,6324.705583663842,6764.889827053683,HIGH,42.493333333333325,5851.567554324725,6764.889827053683,
2025-06-09 14:30:00,7118.330000000001,5937.258322408925,6412.230727611082,6858.917250967796,HIGH,42.54,5937.258322408925,6858.917250967795,
2025-06-09 14:45:00,7175.513333333333,5979.28388394452,6455.335790089389,6904.58426731493,HIGH,42.58666666666667,5979.283883944521,6904.58426731493,
2025-06-09 15:00:00,7266.363333333334,6025.832734661388,6503.358232664995,6955.624842719833,HIGH,42.63333333333333,6025.832734661388,6955.6248427198325,
2025-06-09 15:15:00,7296.456666666666,6045.93110496891,6521.7090360832535,6974.274664253236,HIGH,42.516666666666666,6045.931104968911,6974.274664253235,
2025-06-09 15:30:00,7314.596666666667,6056.633134773168,6530.721275316781,6982.783970887871,HIGH,42.400000000000006,6056.633134773168,6982.783970887871,
2025-06-09 15:45:00,7269.69,6062.08786743632,6534.638966354731,6985.779647731042,HIGH,42.28333333333334,6062.087867436321,6985.779647731042,
2025-06-09 16:00:00,7250.3,6023.452170050041,6493.6873948399,6939.952023235392,HIGH,42.16666666666667,6023.452170050041,6939.952023235392,
2025-06-09 16:15:00,7192.283333333333,5982.454619850756,6449.865283101031,6891.016992974685,HIGH,42.05916666666667,5982.454619850756,6891.016992974685,
2025-06-09 16:30:00,7105.986666666667,5941.777879171839,6406.630536497316,6842.770422520038,HIGH,41.951666666666675,5941.777879171839,6842.770422520038,
2025-06-09 16:45:00,7010.326666666667,5879.6098080320635,6341.642205827525,6770.887448784616,HIGH,41.844166666666666,5879.609808032064,6770.887448784615,
2025-06-09 17:00:00,6913.373333333333,5803.506995518784,6262.627443720559,6683.787151914041,HIGH,41.736666666666665,5803.506995518784,6683.787151914041,
2025-06-09 17:15:00,6827.446666666667,5717.76320578473,6179.721666198067,6592.715443833688,HIGH,41.071666666666665,5717.76320578473,6592.715443833688,
2025-06-09 17:30:00,6747.846666666667,5603.132039738641,6067.457833503869,6469.737932461588,HIGH,40.40666666666667,5603.132039738641,6469.737932461587,
2025-06-09 17:45:00,6567.920000000001,5481.0797801676235,5947.801588398494,6338.7786296720615,HIGH,39.741666666666674,5481.0797801676235,6338.7786296720615,
2025-06-09 18:00:00,6397.943333333334,5381.46627697378,5851.311446735755,6233.1188950034275,HIGH,39.07666666666667,5381.46627697378,6233.1188950034275,
2025-06-09 18:15:00,6295.883333333334,5309.614971203993,5776.236077237195,6150.598750597207,HIGH,38.51416666666667,5309.614971203993,6150.598750597207,
2025-06-09 18:30:00,6167.453333333334,5252.373749008978,5716.282032972045,6084.622730245427,HIGH,37.95166666666667,5252.373749008978,6084.622730245427,
2025-06-09 18:45:00,6082.803333333333,5197.52861793878,5658.9282439363615,6021.557556832595,HIGH,37.38916666666667,5197.52861793878,6021.557556832595,
2025-06-09 19:00:00,5992.663333333333,5201.706942206955,5662.13623467463,6024.525179360689,HIGH,36.82666666666667,5201.706942206956,6024.5251793606885,
2025-06-09 19:15:00,5931.763333333333,5224.045980852985,5683.332982552345,6047.139490252909,HIGH,36.38666666666666,5224.045980852985,6047.139490252909,
2025-06-09 19:30:00,5888.873333333333,5278.363932193278,5737.3675431146075,6105.5978074570385,HIGH,35.946666666666665,5278.363932193279,6105.5978074570385,
2025-06-09 19:45:00,5977.7,5341.668701587111,5800.681598773121,6174.245890999628,HIGH,35.50666666666667,5341.668701587111,6174.245890999628,
2025-06-09 20:00:00,5975.423333333333,5376.046250601752,5834.438664084794,6210.791210464387,HIGH,35.06666666666666,5376.046250601752,6210.791210464387,
2025-06-09 20:15:00,5992.906666666667,5461.667490121645,5920.703273267162,6304.602116422158,HIGH,34.72916666666667,5461.667490121645,6304.602116422158,
2025-06-09 20:30:00,6036.163333333333,5530.251987603309,5989.547871716727,6379.527168942468,HIGH,34.391666666666666,5530.251987603309,6379.527168942468,
2025-06-09 20:45:00,6128.37,5601.083969203686,6060.697883275691,6457.046684609147,HIGH,34.05416666666666,5601.083969203686,6457.046684609147,
2025-06-09 21:00:00,6172.38,5676.683116434176,6136.7143339615695,6539.948586851954,HIGH,33.71666666666667,5676.683116434176,6539.948586851954,
2025-06-09 21:15:00,6341.456666666668,5813.014028069683,6276.315375250798,6692.226689276159,HIGH,33.525,5813.014028069683,6692.226689276159,
2025-06-09 21:30:00,6539.876666666667,5924.9760476550955,6390.9146679957485,6817.357586171832,HIGH,33.333333333333336,5924.9760476550955,6817.357586171832,
2025-06-09 21:45:00,6689.466666666667,6069.16598282612,6538.440529404361,6978.423151753083,HIGH,33.141666666666666,6069.16598282612,6978.423151753083,
2025-06-09 22:00:00,6831.266666666666,6136.251319476497,6608.088893518825,7054.592150864635,HIGH,32.949999999999996,6136.251319476498,7054.592150864635,
2025-06-09 22:15:00,6957.323333333334,6170.243765459527,6643.524681388674,7093.67149225342,HIGH,32.6675,6170.243765459528,7093.671492253419,
2025-06-09 22:30:00,7096.44,6185.2134715531665,6658.791260720835,7110.936573939988,HIGH,32.385,6185.213471553167,7110.936573939988,
2025-06-09 22:45:00,7216.110000000001,6397.35335975611,6887.781690097775,7359.317796694594,HIGH,32.1025,6397.35335975611,7359.317796694593,
2025-06-09 23:00:00,7299.0,6547.067925891086,7049.662053640927,7535.108458197177,HIGH,31.82,6547.067925891086,7535.108458197177,
2025-06-09 23:15:00,7327.263333333333,6582.319081302715,7088.471788630349,7577.931288105113,HIGH,31.578333333333333,6582.319081302715,7577.931288105113,
2025-06-09 23:30:00,7320.096666666667,6566.824613106735,7072.973936505377,7561.973812898167,HIGH,31.336666666666666,6566.824613106735,7561.973812898166,
2025-06-09 23:45:00,7297.7,6276.492658645752,6775.884163986443,7239.4127167917095,HIGH,31.095,6276.492658645753,7239.4127167917095,
2025-06-10 00:00:00,7214.393333333333,6164.906893623614,6661.591100073773,7115.962755914979,HIGH,30.85333333333333,6164.906893623614,7115.9627559149785,
2025-06-10 00:15:00,7136.863333333334,6194.275861254085,6692.4679602043925,7150.681905949143,HIGH,30.6325,6194.275861254085,7150.681905949143,
2025-06-10 00:30:00,7046.186666666666,6308.917655548363,6810.4155588188405,7280.256838586066,HIGH,30.411666666666665,6308.917655548363,7280.256838586065,
2025-06-10 00:45:00,6977.06,6222.262383589885,6722.0191644910465,7185.153717128645,HIGH,30.190833333333334,6222.262383589886,7185.1537171286445,
2025-06-10 01:00:00,6879.41,6130.863200075107,6628.510639027243,7084.508851833614,HIGH,29.970000000000002,6130.863200075107,7084.508851833614,
2025-06-10 01:15:00,6781.123333333333,5981.925995303393,6471.875654079118,6914.998692054903,HIGH,29.765833333333333,5981.925995303394,6914.998692054903,
2025-06-10 01:30:00,6701.56,5935.312811841125,6419.735176397656,6859.297658474463,HIGH,29.56166666666667,5935.312811841125,6859.297658474463,
2025-06-10 01:45:00,6617.923333333333,5871.0452430584155,6349.243598504614,6783.621350106948,HIGH,29.3575,5871.0452430584155,6783.621350106947,
2025-06-10 02:00:00,6522.990000000001,5792.514300629676,6263.8682741943185,6691.740177159244,HIGH,29.153333333333336,5792.514300629676,6691.740177159244,
2025-06-10 02:15:00,6422.953333333334,5719.675999633519,6186.55343363278,6608.724317760913,HIGH,29.028333333333336,5719.6759996335195,6608.724317760913,
2025-06-10 02:30:00,6333.713333333333,5641.703512545966,6103.6963120908795,6519.6653524793055,HIGH,28.903333333333336,5641.703512545967,6519.6653524793055,
2025-06-10 02:45:00,6240.09,5570.457885488016,6027.439945355407,6437.781537477473,HIGH,28.778333333333336,5570.4578854880165,6437.781537477473,
2025-06-10 03:00:00,6151.576666666667,5499.267073719249,5950.953490856475,6355.628626077195,HIGH,28.653333333333336,5499.267073719249,6355.628626077195,
2025-06-10 03:15:00,6085.69,5398.481338340145,5844.600361254757,6240.952548328185,HIGH,28.5425,5398.481338340146,6240.952548328185,
2025-06-10 03:30:00,6000.313333333333,5334.575168662286,5775.724496387535,6167.060038227436,HIGH,28.43166666666667,5334.575168662286,6167.060038227436,
2025-06-10 03:45:00,5908.59,5276.541219830835,5712.583007861361,6099.377930947083,HIGH,28.320833333333336,5276.541219830835,6099.377930947083,
2025-06-10 04:00:00,5802.896666666667,5198.660142714684,5628.848311785315,6009.230476799491,HIGH,28.21,5198.660142714684,6009.23047679949,
2025-06-10 04:15:00,5727.03,5126.347831858429,5552.345667554198,5926.978455478752,HIGH,28.140000000000004,5126.347831858429,5926.978455478752,
2025-06-10 04:30:00,5666.670000000001,5052.256981821936,5473.763161652819,5842.412645208808,HIGH,28.07,5052.256981821936,5842.412645208808,
2025-06-10 04:45:00,5570.28,4987.927999372126,5404.9250290699265,5768.4052043649,HIGH,28.0,4987.927999372127,5768.405204364899,
2025-06-10 05:00:00,5458.553333333333,4922.592657173611,5334.815881306025,5692.956163020898,HIGH,27.93,4922.592657173612,5692.956163020898,
2025-06-10 05:15:00,5357.37,4827.163246087572,5243.36797778845,5594.552840597568,HIGH,28.375833333333333,4827.163246087573,5594.552840597568,
2025-06-10 05:30:00,5253.006666666667,4742.524343583536,5162.74965113351,5507.877803417895,HIGH,28.821666666666665,4742.524343583537,5507.877803417894,
2025-06-10 05:45:00,5144.356666666667,4658.933464096194,5082.99866854999,5422.0787564131315,HIGH,29.267500000000002,4658.933464096194,5422.0787564131315,
2025-06-10 06:00:00,5085.09,4595.584392561733,5023.780078982196,5358.567816122678,HIGH,29.713333333333335,4595.584392561733,5358.567816122678,
2025-06-10 06:15:00,5057.63,4583.598403390166,5012.299890582183,5346.803374034849,HIGH,30.099999999999998,4583.598403390167,5346.803374034849,
2025-06-10 06:30:00,5018.743333333333,4558.231871764842,4986.957242644782,5319.865712986777,HIGH,30.486666666666668,4558.231871764842,5319.865712986777,
2025-06-10 06:45:00,4950.41,4545.113791579002,4974.008154611936,5306.345473864037,HIGH,30.873333333333335,4545.113791579002,5306.345473864037,
2025-06-10 07:00:00,4945.996666666667,4520.463547213202,4949.121246002127,5279.743943932156,HIGH,31.259999999999998,4520.463547213202,5279.743943932156,
2025-06-10 07:15:00,4929.3,4522.002702242465,4954.169042489864,5285.773848659188,HIGH,31.801666666666666,4522.002702242466,5285.773848659187,
2025-06-10 07:30:00,4918.266666666666,4515.709162298291,4951.101131685025,5282.882126743726,HIGH,32.343333333333334,4515.709162298291,5282.882126743726,
2025-06-10 07:45:00,4931.543333333334,4530.534976496818,4969.577930658987,5303.368206198803,HIGH,32.885,4530.534976496818,5303.368206198803,
2025-06-10 08:00:00,4948.566666666667,4516.833888254409,4958.787315429779,5291.897256764522,HIGH,33.42666666666667,4516.833888254409,5291.897256764522,
2025-06-10 08:15:00,4963.116666666666,4532.601919072591,4977.767596589733,5312.749185339616,HIGH,33.97833333333333,4532.601919072591,5312.749185339616,
2025-06-10 08:30:00,5003.026666666667,4564.594810279166,5013.3366434425825,5351.581741271791,HIGH,34.53,4564.594810279166,5351.58174127179,
2025-06-10 08:45:00,5051.836666666667,4613.38829625877,5066.102653057928,5409.057926823326,HIGH,35.08166666666667,4613.38829625877,5409.057926823326,
2025-06-10 09:00:00,5125.02,4672.517847121308,5129.465666343893,5477.991419319604,HIGH,35.63333333333333,4672.517847121308,5477.991419319604,
2025-06-10 09:15:00,5257.406666666667,4875.892242088548,5340.906248258991,5708.112761576139,HIGH,36.14083333333333,4875.892242088548,5708.112761576139,
2025-06-10 09:30:00,5471.363333333334,5056.496686220595,5529.08547369134,5912.822774521188,HIGH,36.64833333333333,5056.496686220595,5912.822774521188,
2025-06-10 09:45:00,5611.266666666666,5144.279504405497,5622.299259156539,6014.037770622084,HIGH,37.155833333333334,5144.279504405497,6014.037770622083,
2025-06-10 10:00:00,5723.066666666667,5257.256093931189,5741.39569651598,6143.363767427911,HIGH,37.663333333333334,5257.256093931189,6143.363767427911,
2025-06-10 10:15:00,5808.7266666666665,5348.245324697111,5835.9298071319545,6245.792223623026,HIGH,38.15583333333334,5348.245324697111,6245.792223623026,
2025-06-10 10:30:00,5915.596666666667,5461.683475543007,5953.571098457552,6373.314969750906,HIGH,38.64833333333333,5461.683475543007,6373.314969750906,
2025-06-10 10:45:00,6032.153333333333,5544.87561858381,6040.384537864349,6467.200081815608,HIGH,39.14083333333333,5544.87561858381,6467.200081815608,
2025-06-10 11:00:00,6102.36,5628.988297540142,6128.296064280303,6562.218540829365,HIGH,39.63333333333333,5628.988297540142,6562.218540829364,
2025-06-10 11:15:00,6171.516666666666,5689.434621124236,6190.710310721471,6629.360757258933,HIGH,39.97833333333333,5689.434621124236,6629.360757258933,
2025-06-10 11:30:00,6196.716666666667,5766.492858798572,6270.3183424299195,6715.172575609034,HIGH,40.32333333333333,5766.492858798572,6715.172575609034,
2025-06-10 11:45:00,6230.823333333334,5831.751656805722,6338.045073423493,6787.995595190998,HIGH,40.66833333333334,5831.751656805722,6787.995595190998,
2025-06-10 12:00:00,6281.456666666666,5902.404402607215,6411.5069782034825,6867.018752069963,HIGH,41.013333333333335,5902.404402607215,6867.018752069963,
2025-06-10 12:15:00,6354.43,5952.08451451559,6462.642632635862,6921.649592966472,HIGH,41.27083333333333,5952.08451451559,6921.649592966472,
2025-06-10 12:30:00,6465.66,5993.058125979377,6503.88238752254,6965.207161309118,HIGH,41.52833333333333,5993.058125979377,6965.207161309118,
2025-06-10 12:45:00,6508.796666666666,6079.641214732533,6590.847799589185,7058.268460201088,HIGH,41.785833333333336,6079.641214732533,7058.268460201088,
2025-06-10 13:00:00,6457.21,6059.738599695079,6569.04289937533,7032.85349027646,HIGH,42.04333333333334,6059.738599695079,7032.85349027646,
2025-06-10 13:15:00,6476.493939393939,6057.363279584217,6565.226505036815,7027.217783399623,HIGH,42.096666666666664,6057.363279584217,7027.217783399623,
2025-06-10 13:30:00,6495.777878787879,6143.813725457438,6652.624316148476,7120.89979307661,HIGH,42.15,6143.813725457438,7120.89979307661,
2025-06-10 13:45:00,6515.061818181818,6211.391330348383,6720.9748262491,7193.830208174952,HIGH,42.20333333333333,6211.391330348383,7193.830208174952,
2025-06-10 14:00:00,6534.3457575757575,6249.767874538216,6759.708020979331,7234.50381915077,HIGH,42.25666666666667,6249.767874538216,7234.50381915077,
2025-06-11 00:00:00,7305.703333333334,6500.997094274688,7015.67647099876,7497.525147149615,HIGH,32.2,6500.997094274688,7497.525147149614,
2025-06-11 00:15:00,7253.926666666666,6446.131499517518,6956.356691235632,7433.879552311802,HIGH,31.95,6446.131499517518,7433.879552311802,
2025-06-11 00:30:00,7166.48,6396.870718150383,6902.539553317148,7376.262060078874,HIGH,31.7,6396.870718150383,7376.262060078874,
2025-06-11 00:45:00,7074.1466666666665,6328.272816726076,6828.678116221075,7296.846932239619,HIGH,31.45,6328.272816726076,7296.846932239619,
2025-06-11 01:00:00,6970.7266666666665,6237.140682376177,6731.489927176173,7192.054333415647,HIGH,31.2,6237.140682376177,7192.054333415646,
2025-06-11 01:15:00,6892.596666666667,6137.213968837057,6627.190560920845,7079.614356374761,HIGH,31.071666666666665,6137.213968837058,7079.614356374761,
2025-06-11 01:30:00,6804.37,6068.773074011455,6554.858007093917,7002.0008256177825,HIGH,30.943333333333335,6068.773074011455,7002.0008256177825,
2025-06-11 01:45:00,6724.843333333333,5993.738638096254,6475.498998594542,6916.744562225462,HIGH,30.815000000000005,5993.738638096254,6916.744562225462,
2025-06-11 02:00:00,6627.82,5907.290322848396,6384.173698475327,6818.460543341318,HIGH,30.686666666666667,5907.2903228483965,6818.460543341317,
2025-06-11 02:15:00,6550.66,5820.713116111821,6293.511021214779,6720.9344458468495,HIGH,30.611666666666668,5820.713116111821,6720.934445846849,
2025-06-11 02:30:00,6478.353333333333,5740.588165258733,6209.168841771475,6630.283811889455,HIGH,30.53666666666667,5740.588165258733,6630.283811889455,
2025-06-11 02:45:00,6397.026666666668,5658.628351235485,6122.661496702314,6537.262238415354,HIGH,30.461666666666666,5658.628351235486,6537.262238415354,
2025-06-11 03:00:00,6302.136666666666,5579.7152942322255,6038.987363457678,6447.307502648795,HIGH,30.386666666666667,5579.715294232226,6447.307502648794,
2025-06-11 03:15:00,6210.196666666667,5513.162652733948,5968.043158641804,6371.20453376738,HIGH,30.32916666666667,5513.162652733949,6371.20453376738,
2025-06-11 03:30:00,6144.81,5438.196168845277,5888.202561975807,6285.3842075751545,HIGH,30.271666666666665,5438.196168845277,6285.384207575154,
2025-06-11 03:45:00,6061.62,5360.6441025625345,5805.436819670514,6196.3440623506895,HIGH,30.214166666666667,5360.6441025625345,6196.3440623506895,
2025-06-11 04:00:00,5973.253333333334,5270.411480323256,5709.415365005878,6092.829104568661,HIGH,30.156666666666666,5270.411480323256,6092.829104568661,
2025-06-11 04:15:00,5892.453333333334,5208.418972684098,5642.759909301672,6021.275114507951,HIGH,30.261666666666667,5208.418972684098,6021.275114507951,
2025-06-11 04:30:00,5830.099999999999,5158.833258548658,5588.548245018034,5963.223597766104,HIGH,30.366666666666667,5158.833258548658,5963.223597766104,
2025-06-11 04:45:00,5773.603333333333,5084.616810186231,5508.868088146838,5877.3836296540885,HIGH,30.47166666666667,5084.616810186231,5877.3836296540885,
2025-06-11 05:00:00,5693.746666666666,5001.906709061027,5420.251051024808,5781.753931842135,HIGH,30.576666666666668,5001.906709061027,5781.753931842134,
2025-06-11 05:15:00,5601.493333333333,4904.862804846673,5324.993922216455,5679.125682634823,HIGH,30.825000000000003,4904.862804846673,5679.125682634823,
2025-06-11 05:30:00,5482.68,4807.379128734575,5229.068247425509,5575.704259684693,HIGH,31.073333333333334,4807.379128734575,5575.704259684693,
2025-06-11 05:45:00,5353.916666666667,4708.214803301273,5131.216165490054,5470.116431055861,HIGH,31.32166666666667,4708.214803301273,5470.116431055861,
2025-06-11 06:00:00,5282.733333333334,4652.381197594861,5077.536059252074,5412.560221277295,HIGH,31.57,4652.381197594861,5412.560221277294,
2025-06-11 06:15:00,5239.12,4624.18102767981,5051.251837040382,5384.738081721115,HIGH,31.733333333333334,4624.18102767981,5384.738081721115,
2025-06-11 06:30:00,5207.5,4586.015211437688,5014.6014967441415,5345.550240022327,HIGH,31.89666666666667,4586.015211437689,5345.550240022327,
2025-06-11 06:45:00,5129.4766666666665,4528.819325118147,4958.320201607068,5284.905114756182,HIGH,32.06,4528.819325118147,5284.905114756182,
2025-06-11 07:00:00,5102.4766666666665,4514.4101105450145,4945.715426907717,5271.742731562501,HIGH,32.223333333333336,4514.4101105450145,5271.742731562501,
2025-06-11 07:15:00,5094.893333333333,4509.046837195278,4943.336800912077,5269.672480236544,HIGH,32.665,4509.046837195278,5269.672480236544,
2025-06-11 07:30:00,5072.596666666667,4505.276893915845,4942.493303512651,5269.1903652436085,HIGH,33.10666666666667,4505.276893915845,5269.1903652436085,
2025-06-11 07:45:00,5052.84,4522.08446711144,4962.639755387485,5291.481917276986,HIGH,33.54833333333333,4522.08446711144,5291.481917276985,
2025-06-11 08:00:00,5053.586666666667,4523.335711496136,4966.798715073583,5296.27827919987,HIGH,33.99,4523.335711496137,5296.27827919987,
2025-06-11 08:15:00,5081.026666666667,4539.249854005709,4986.287963770398,5317.697253461199,HIGH,34.467499999999994,4539.249854005709,5317.697253461199,
2025-06-11 08:30:00,5103.990000000001,4572.4066578259435,5023.408053650329,5358.231675579201,HIGH,34.945,4572.406657825944,5358.231675579201,
2025-06-11 08:45:00,5128.136666666666,4623.945283781309,5079.344045952229,5419.172753057421,HIGH,35.4225,4623.945283781309,5419.172753057421,
2025-06-11 09:00:00,5238.08,4698.432002144129,5158.789866503429,5505.633207049294,HIGH,35.9,4698.432002144129,5505.633207049293,
2025-06-11 09:15:00,5450.5,4859.49988164983,5325.477437582694,5686.96738843299,HIGH,36.50083333333333,4859.49988164983,5686.96738843299,
2025-06-11 09:30:00,5597.1033333333335,5066.442451821695,5539.185469456411,5919.4271591289635,HIGH,37.10166666666666,5066.442451821695,5919.427159128963,
2025-06-11 09:45:00,5736.1033333333335,5219.554834856009,5697.849446599389,6091.866312641449,HIGH,37.70249999999999,5219.554834856009,6091.866312641449,
2025-06-11 10:00:00,5862.8533333333335,5355.55024819632,5839.076222764897,6245.241134995172,HIGH,38.30333333333333,5355.55024819632,6245.241134995172,
2025-06-11 10:15:00,5984.503333333334,5446.706260945379,5933.78109311692,6347.855548590485,HIGH,38.719166666666666,5446.706260945379,6347.855548590485,
2025-06-11 10:30:00,6067.9800000000005,5554.81960878129,6045.9705847972755,6469.441283383626,HIGH,39.135,5554.81960878129,6469.441283383626,
2025-06-11 10:45:00,6157.833333333333,5658.227517527802,6153.481936238754,6585.866427428891,HIGH,39.55083333333333,5658.227517527802,6585.86642742889,
2025-06-11 11:00:00,6221.653333333333,5732.979391527296,6231.809402352914,6670.447842100005,HIGH,39.96666666666666,5732.979391527296,6670.447842100005,
2025-06-11 11:15:00,6106.266666666666,5793.124738133692,6294.274864590088,6737.658612442302,HIGH,40.23499999999999,5793.1247381336925,6737.658612442302,
2025-06-11 11:30:00,6190.623333333333,5830.269451532828,6333.376804923051,6779.372065879738,HIGH,40.50333333333333,5830.269451532828,6779.372065879738,
2025-06-11 11:45:00,6268.5,5863.909487770975,6369.090037263133,6817.345156392755,HIGH,40.77166666666667,5863.909487770975,6817.345156392755,
2025-06-11 12:00:00,6523.993333333333,5910.179839612493,6417.947398684338,6869.586738585833,HIGH,41.04,5910.179839612493,6869.586738585833,
2025-06-11 12:15:00,6587.259999999999,5977.887729029605,6486.4626801636105,6943.10565849562,HIGH,41.31583333333333,5977.887729029605,6943.10565849562,
2025-06-11 12:30:00,6689.599999999999,6070.285965820804,6580.493020621477,7044.374760651083,HIGH,41.59166666666667,6070.285965820804,7044.374760651082,
2025-06-11 12:45:00,6740.656666666667,6120.128240113274,6631.198426711868,7098.432385402045,HIGH,41.86750000000001,6120.128240113274,7098.432385402045,
2025-06-11 13:00:00,6675.376666666667,6074.930075619497,6584.851755275886,7046.774902253088,HIGH,42.14333333333334,6074.930075619498,7046.774902253088,
2025-06-11 13:15:00,6746.443333333334,6073.947959282702,6583.679388004923,7044.279452677298,HIGH,42.16916666666667,6073.947959282702,7044.279452677298,
2025-06-11 13:30:00,6834.736666666667,6109.532598635852,6620.2158376753,7082.834336641007,HIGH,42.195,6109.532598635852,7082.834336641006,
2025-06-11 13:45:00,7014.5199999999995,6148.912311333138,6660.913530773065,7125.9117373947865,HIGH,42.22083333333333,6148.912311333138,7125.911737394786,
2025-06-11 14:00:00,7140.22,6177.696624833763,6691.956511844649,7158.667297952623,HIGH,42.24666666666666,6177.696624833764,7158.667297952623,
2025-06-11 14:15:00,7306.993333333333,6170.788424864606,7031.898865015941,7850.03623665054,LOW,42.285000000000004,6510.013749772708,7527.739696309637,
2025-06-11 14:30:00,7392.59,6307.054717874854,7173.587055573134,8010.687761293193,LOW,42.32333333333333,6648.415941816601,7680.920816615594,
2025-06-11 14:45:00,7456.2266666666665,6362.584335655991,7231.791586194177,8075.617583456853,LOW,42.361666666666665,6704.999313140731,7743.201281504889,
2025-06-11 15:00:00,7547.696666666667,6450.18332430568,7327.398222977226,8184.225984807545,LOW,42.400000000000006,6795.752829842956,7846.687775601662,
2025-06-11 15:15:00,7599.063333333333,6479.542649126063,7356.423770735183,8215.569928881305,LOW,42.33583333333334,6824.980666729656,7877.118412035863,
2025-06-11 15:30:00,7627.656666666667,6495.932841792331,7371.413872169124,8230.650217001896,LOW,42.27166666666667,6840.819308304401,7892.163172067773,
2025-06-11 15:45:00,7609.3,6462.682752011003,7335.245210552087,8187.115706280837,LOW,42.2075,6806.4194781029455,7851.530359478602,
2025-06-11 16:00:00,7586.366666666666,6447.768151753584,7318.60203030376,8166.038910720908,LOW,42.14333333333334,6790.823922091533,7832.200139647485,
2025-06-11 16:15:00,7503.463333333333,6397.987364685209,7265.543142186836,8103.250542667745,LOW,41.9275,6739.75176188282,7773.24459702375,
2025-06-11 16:30:00,7523.083333333333,6328.52955991193,7192.454621703912,8017.571732881373,LOW,41.71166666666667,6668.863675163318,7692.5255981751,
2025-06-11 16:45:00,7449.633333333334,6248.66680836787,7108.964769240833,7920.052022855487,LOW,41.49583333333333,6587.572065681462,7600.532801734563,
2025-06-11 17:00:00,7366.9766666666665,6167.383266661105,7024.400665826341,7821.395124243473,LOW,41.28,6504.996181483773,7507.4276103215725,
2025-06-11 17:15:00,7245.946666666667,6079.8590201050665,6937.947911073363,7720.821187854619,LOW,40.87583333333333,6417.894037759244,7412.416563668063,
2025-06-11 17:30:00,7107.106666666667,5995.658297587685,6855.3173714941595,7624.7382202164445,LOW,40.47166666666667,6334.311872156903,7321.633037386453,
2025-06-11 17:45:00,7003.753333333334,5833.22232163724,6691.6690500854065,7435.853075995432,LOW,40.0675,6171.398305571367,7142.689671849058,
2025-06-11 18:00:00,6878.006666666667,5676.640757786363,6534.431248665322,7254.438103338456,LOW,39.663333333333334,6014.558223890195,6970.799039376312,
2025-06-11 18:15:00,6738.053333333333,5590.064619434994,6442.465353324727,7147.729034734037,LOW,39.285833333333336,5925.85884793701,6869.8978875121875,
2025-06-11 18:30:00,6637.22,5483.344918913291,6329.823548081339,7017.434833822291,LOW,38.90833333333333,5816.806197070401,6746.557660651612,
2025-06-11 18:45:00,6603.56,5408.8716216461935,6250.963503946146,6926.013888832276,LOW,38.530833333333334,5740.604787400721,6660.08494933168,
2025-06-11 19:00:00,6556.363333333334,5331.149958241744,6168.9441562200855,6831.103346500384,LOW,38.15333333333333,5661.190096839272,6570.252756389963,
2025-06-11 19:15:00,6565.2733333333335,5276.381719248797,6115.202305729119,6768.9065756081945,LOW,37.85583333333334,5606.826192710741,6511.386711716437,
2025-06-11 19:30:00,6652.3,5236.610314454985,6077.217979341028,6724.919300062791,LOW,37.55833333333333,5567.7587885010025,6469.764234323915,
2025-06-11 19:45:00,6722.866666666666,5299.472963357587,6146.101513669059,6803.6327291998405,LOW,37.26083333333333,5632.993301359076,6544.605280657412,
2025-06-11 20:00:00,6819.336666666666,5288.700140568029,6138.507006271253,6794.7772119595165,LOW,36.96333333333334,5623.472542208694,6536.2465248702,
2025-06-11 20:15:00,6982.936666666667,5290.3419253197835,6140.881720958595,6797.389480847314,LOW,36.49666666666666,5625.403056935073,6538.7652118002425,
2025-06-11 20:30:00,7114.643333333333,5315.6536678163375,6167.911178136309,6828.416548642993,LOW,36.03,5651.391474912084,6568.217463291875,
2025-06-11 20:45:00,7276.063333333334,5378.30881610389,6233.7839900792615,6904.129517317537,LOW,35.56333333333333,5715.314187669946,6640.0540065873065,
2025-06-11 21:00:00,7385.856666666667,5402.32410271087,6259.448246758155,6933.865960342359,LOW,35.096666666666664,5739.979068547679,6668.186254991006,
2025-06-11 21:15:00,7613.216666666667,5549.119690656434,6406.722114080213,7102.993955107927,LOW,34.83333333333333,5886.963069580953,6828.705048036403,
2025-06-11 21:30:00,7685.793333333332,5720.794070381032,6579.782655167296,7301.826922811383,LOW,34.57,6059.183512872591,7017.385241618257,
2025-06-11 21:45:00,7887.196666666667,5852.131643712299,6710.7767485593995,7452.544048880259,LOW,34.306666666666665,6190.385775924793,7160.332688147799,
2025-06-11 22:00:00,7989.136666666666,5975.143278733242,6832.964596598774,7593.2858322206175,LOW,34.04333333333333,6313.072888801482,7293.765345460497,
2025-06-11 22:15:00,8070.233333333334,6066.402399156973,6930.988124040805,7706.750648715335,LOW,33.62833333333333,6406.996775626361,7401.147229904156,
2025-06-11 22:30:00,8143.7733333333335,6166.408529452481,7037.902398238493,7830.526392126243,LOW,33.21333333333333,6509.724295943941,7518.280576352281,
2025-06-11 22:45:00,8180.7699999999995,6249.535200497464,7127.028665035129,7934.011007352593,LOW,32.79833333333333,6595.2144441032115,7616.108872500258,
2025-06-11 23:00:00,8177.803333333333,6300.832820253287,7182.792826907853,7999.337352870478,LOW,32.38333333333333,6648.271610753571,7677.668297188232,
2025-06-11 23:15:00,8110.706666666666,6329.824333239378,7208.447366811991,8029.9971631353355,LOW,32.205,6675.948558586165,7706.356334280685,
2025-06-11 23:30:00,8099.343333333333,6327.811384722013,7201.546937921139,8023.411110254676,LOW,32.026666666666664,6672.010239012578,7699.646436305101,
2025-06-11 23:45:00,8070.17,6315.673074642884,7183.781962669902,8004.4476446873205,LOW,31.848333333333333,6657.65536386565,7681.155103286519,
2025-06-12 00:00:00,8007.013333333333,6501.522947109253,7100.657251628559,7665.163750816177,MEDIUM,31.669999999999998,6579.670899872642,7591.532468313443,
2025-06-12 00:15:00,7960.663333333333,6460.201454485895,7054.982630768519,7615.925725893167,MEDIUM,31.541666666666664,6537.781607914063,7542.759235224734,
2025-06-12 00:30:00,7851.170000000001,6392.702728088706,6982.138024615038,7536.777941680257,MEDIUM,31.41333333333333,6469.585592853011,7464.43360467175,
2025-06-12 00:45:00,7764.686666666667,6324.156967100675,6907.933660763425,7456.166431691603,MEDIUM,31.284999999999997,6400.301753230599,7384.657809396624,
2025-06-12 01:00:00,7682.133333333334,6243.743432193509,6821.24045875386,7361.817020607614,MEDIUM,31.156666666666666,6319.069131310077,7291.307034278863,
2025-06-12 01:15:00,7606.59,6177.482698593502,6751.274570343077,7286.01816914795,MEDIUM,31.045833333333334,6252.325116647795,7216.2690040864445,
2025-06-12 01:30:00,7490.77,6105.520896954174,6675.1391366799835,7203.435082924975,MEDIUM,30.935,6179.818928222758,7134.526916023454,
2025-06-12 01:45:00,7418.193333333334,6040.766310627342,6606.091159767576,7128.675297158023,MEDIUM,30.824166666666667,6114.504334428242,7060.512148802746,
2025-06-12 02:00:00,7319.143333333333,5962.313391171158,6522.644412883415,7038.047093026746,MEDIUM,30.713333333333335,6035.400046177105,6970.820656486311,
2025-06-12 02:15:00,7234.596666666667,5897.057565167007,6452.845558896557,6962.476027896111,MEDIUM,30.632500000000004,5969.551651305645,6896.002488461386,
2025-06-12 02:30:00,7165.93,5835.974851378867,6387.005015642696,6891.259713470287,MEDIUM,30.55166666666667,5907.848351065454,6825.487361579731,
2025-06-12 02:45:00,7062.93,5769.167720323821,6314.951779676217,6813.179800661371,MEDIUM,30.470833333333335,5840.356945456743,6748.193537054611,
2025-06-12 03:00:00,6985.406666666667,5692.2308685764565,6232.159668711691,6723.240575178926,MEDIUM,30.39,5762.656364246271,6659.186543900591,
2025-06-12 03:15:00,6915.966666666667,5621.1839562217265,6155.9206169558765,6640.527015464561,MEDIUM,30.359166666666667,5690.932216317485,6577.317485224297,
2025-06-12 03:30:00,6847.013333333333,5567.89208792059,6097.600009544575,6577.532296903097,MEDIUM,30.328333333333337,5636.9844255237185,6514.932433334593,
2025-06-12 03:45:00,6763.846666666667,5500.442188479437,6024.410928103547,6498.107826417192,MEDIUM,30.297500000000003,5568.785937126061,6436.321274463238,
2025-06-12 04:00:00,6671.400000000001,5427.551346437484,5945.3163769775765,6412.128220714471,MEDIUM,30.26666666666667,5495.085915638366,6351.239719357485,
2025-06-12 04:15:00,6573.54,5356.915993330739,5869.476238405162,6329.729409274649,MEDIUM,30.134166666666665,5423.7716774708815,6269.696386987324,
2025-06-12 04:30:00,6518.46,5299.299155640262,5806.714153866721,6261.691053033827,MEDIUM,30.001666666666665,5365.483720626322,6202.3462400989865,
2025-06-12 04:45:00,6446.363333333334,5241.447417015739,5743.4218067801285,6193.006917490924,MEDIUM,29.86916666666667,5306.92233741979,6134.365381311254,
2025-06-12 05:00:00,6364.150000000001,5166.650345250086,5662.439944010413,6104.756654353612,MEDIUM,29.736666666666665,5231.318553784042,6047.063170395803,
2025-06-12 05:15:00,6258.043333333332,5083.347508729911,5585.3103580787,6021.137911722523,MEDIUM,30.181666666666665,5148.820923862362,5964.290839508111,
2025-06-12 05:30:00,6140.240000000001,4980.730600025662,5488.083131335382,5915.289632265913,MEDIUM,30.626666666666665,5046.9070171530175,5859.567045188017,
2025-06-12 05:45:00,6019.889999999999,4873.371590911909,5385.745898497393,5803.729506026289,MEDIUM,31.071666666666665,4940.2030223361035,5749.209905044258,
2025-06-12 06:00:00,5925.64,4812.509897501076,5330.96406288585,5744.5096609178945,MEDIUM,31.516666666666666,4880.134353855612,5690.5689307398015,
2025-06-12 06:15:00,5884.203333333334,4783.761861996681,5302.753155258266,5714.274163949336,MEDIUM,31.862499999999997,4851.456378509061,5660.597510641805,
2025-06-12 06:30:00,5839.676666666666,4762.201914404022,5281.740313071011,5691.884910573652,MEDIUM,32.208333333333336,4829.967792491021,5638.387789160263,
2025-06-12 06:45:00,5796.6033333333335,4702.687154270086,5221.558237556255,5626.226396762915,MEDIUM,32.55416666666667,4770.365991220456,5573.443593388133,
2025-06-12 07:00:00,5761.526666666668,4686.834525837769,5206.089391737381,5609.764375053216,MEDIUM,32.9,4754.563421389893,5557.111116359846,
2025-06-12 07:15:00,5745.133333333334,4689.731839098397,5212.243993057838,5617.132288916457,MEDIUM,33.44583333333333,4757.885598310499,5564.320772065332,
2025-06-12 07:30:00,5751.28,4681.149705934326,5206.492134804875,5611.278951241649,MEDIUM,33.99166666666666,4749.672631439181,5558.480670836852,
2025-06-12 07:45:00,5751.683333333333,4675.781178155197,5203.95192366581,5608.868921165245,MEDIUM,34.5375,4744.673014526146,5556.05366062184,
2025-06-12 08:00:00,5745.43,4686.612195262151,5217.987751234126,5624.633965021569,MEDIUM,35.083333333333336,4755.92205038893,5571.593154527554,
2025-06-12 08:15:00,5799.856666666667,4712.555975430275,5247.918979950579,5657.838421261498,MEDIUM,35.6425,4782.38593254162,5604.37066804703,
2025-06-12 08:30:00,5853.536666666667,4735.763528218466,5275.012052159005,5687.817010186738,MEDIUM,36.20166666666666,4806.10029221071,5633.972885226599,
2025-06-12 08:45:00,5902.889999999999,4770.313158500773,5313.754410508024,5730.540745655718,MEDIUM,36.76083333333334,4841.196800066937,5676.1773106364535,
2025-06-12 09:00:00,6023.106666666667,4867.896530257557,5417.282223168836,5844.585489511454,MEDIUM,37.32,4939.555533680767,5788.850280858069,
2025-06-12 09:15:00,6236.889999999999,5044.849389787943,5601.1581809852,6047.064286075425,MEDIUM,37.76416666666666,5117.411406031064,5988.902620194091,
2025-06-12 09:30:00,6463.036666666667,5188.653544155572,5751.032602667898,6211.969816919379,MEDIUM,38.208333333333336,5262.00733439631,6151.847571582229,
2025-06-12 09:45:00,6606.833333333333,5312.48664422523,5880.467016614761,6354.254028519623,MEDIUM,38.6525,5386.571040623865,6292.455722618988,
2025-06-12 10:00:00,6781.59,5421.185756212971,5994.452437837784,6479.421541440223,MEDIUM,39.096666666666664,5495.959671207512,6416.164701839905,
2025-06-12 10:15:00,6920.776666666668,5524.258407762865,6101.534185265304,6596.851344056301,MEDIUM,39.45583333333334,5599.555248306661,6532.244758127041,
2025-06-12 10:30:00,7048.506666666667,5600.806453079249,6181.502999165333,6684.313343945995,MEDIUM,39.815,5676.549480829608,6618.729385931126,
2025-06-12 10:45:00,7159.836666666666,5683.37385174274,6267.817883359102,6778.69492752926,MEDIUM,40.174166666666665,5759.605681953571,6712.058791333152,
2025-06-12 11:00:00,7233.606666666667,5739.38542653974,6327.025546465966,6843.123016623076,MEDIUM,40.53333333333334,5816.034137834466,6775.805955298235,
2025-06-12 11:15:00,7344.329999999999,5674.5307401135915,6260.993062039506,6769.3811335662895,MEDIUM,40.799166666666665,5751.025825582189,6703.069645975839,
2025-06-12 11:30:00,7428.623333333333,5736.9953674141125,6325.998776713707,6840.02665104472,MEDIUM,41.065,5813.821899061886,6772.979537001544,
2025-06-12 11:45:00,7516.296666666666,5797.200607329106,6388.913225207477,6908.3092927572425,MEDIUM,41.33083333333334,5874.380514008893,6840.561979598577,
2025-06-12 12:00:00,7572.163333333333,5978.252570482358,6576.246167929234,7113.692412662172,MEDIUM,41.596666666666664,6056.251735366734,7043.590728566571,
2025-06-12 12:15:00,7693.236666666667,6033.106641446716,6632.922540941336,7174.95534443242,MEDIUM,41.76833333333333,6111.343497902537,7104.255413542278,
2025-06-12 12:30:00,7774.139999999999,6117.916706994922,6720.651674197966,7270.408213705705,MEDIUM,41.94,6196.53431141271,7198.7008389873035,
2025-06-12 12:45:00,7873.896666666667,6156.18049695352,6760.837201881338,7313.416170561661,MEDIUM,42.111666666666665,6235.048762813671,7241.340652907706,
2025-06-12 13:00:00,7784.62,6100.762299769512,6705.0564447476,7250.606488903103,MEDIUM,42.28333333333334,6179.583275201437,7179.447787491516,
2025-06-12 13:15:00,7777.303333333333,6146.96315668283,6750.994668775125,7299.484589608931,MEDIUM,42.30916666666667,6225.7498756513905,7227.942426021912,
2025-06-12 13:30:00,7895.756666666667,6206.622567512011,6811.073456428232,7363.933779739379,MEDIUM,42.334999999999994,6285.463987805431,7291.821563655316,
2025-06-12 13:45:00,8012.053333333333,6334.36265955304,6941.4250579171985,7505.83778851626,MEDIUM,42.36083333333333,6413.544711513583,7432.21873669899,
2025-06-12 14:00:00,8085.69,6423.771157611318,7032.713326891244,7604.676249827733,MEDIUM,42.38666666666666,6503.198397082613,7530.072390314277,
2025-06-12 14:15:00,8208.163333333334,6598.4842371393115,7210.834748442026,7799.509763257439,MEDIUM,42.424166666666665,6678.356042961405,7722.7260656728195,
2025-06-12 14:30:00,8267.356666666667,6685.667948869768,7303.084704169019,7899.164993208702,MEDIUM,42.461666666666666,6766.200569126192,7821.415390290483,
2025-06-12 14:45:00,8299.096666666666,6746.039038971322,7368.018008694985,7968.736360104041,MEDIUM,42.49916666666667,6827.166730674409,7890.381792528946,
2025-06-12 15:00:00,8356.636666666667,6830.66635109887,7459.797976615512,8067.699125712293,MEDIUM,42.53666666666667,6912.726997905389,7988.407671482278,
2025-06-12 15:15:00,8358.97,6881.212137160227,7512.51856545295,8123.882019956681,MEDIUM,42.440000000000005,6963.556453894061,8044.138960673585,
2025-06-12 15:30:00,8315.339999999998,6903.585647927756,7535.3137930527555,8147.293799880746,MEDIUM,42.34333333333334,6985.984971204931,8067.470320729269,
2025-06-12 15:45:00,8292.849999999999,6883.99697784626,7513.676594849113,8121.995431120915,MEDIUM,42.24666666666666,6966.129101803154,8042.649495955027,
2025-06-12 16:00:00,8202.986666666666,6864.929756201954,7492.889958208191,8097.679917987479,MEDIUM,42.15,6946.83760863755,8018.794271059745,
2025-06-12 16:15:00,8005.256666666667,6801.076114342792,7424.31775054976,8020.665280008236,MEDIUM,41.905833333333334,6882.368501674136,7942.880819644087,
2025-06-12 16:30:00,7930.579999999999,6800.391683788023,7420.952358359297,8015.587537843496,MEDIUM,41.66166666666667,6881.334380471233,7938.026427475991,
2025-06-12 16:45:00,7837.346666666667,6733.637141059748,7349.987104327256,7936.052310499975,MEDIUM,41.4175,6814.030614529423,7859.609022738316,
2025-06-12 17:00:00,7738.126666666667,6657.49879338721,7269.657492239978,7846.260364355028,MEDIUM,41.17333333333333,6737.345580194093,7771.051294079152,
2025-06-12 17:15:00,7643.633333333334,6548.026721043804,7157.415820155126,7721.434274453617,MEDIUM,40.79750000000001,6627.512255710499,7647.866649979901,
2025-06-12 17:30:00,7493.349999999999,6421.5748698931775,7027.978913626605,7577.727908374496,MEDIUM,40.42166666666667,6500.671049510582,7506.021517755206,
2025-06-12 17:45:00,7326.46,6306.014943637622,6909.971117699939,7446.699255959395,MEDIUM,40.04583333333333,6384.791835906621,7376.691237925552,
2025-06-12 18:00:00,7184.13,6184.661579683483,6786.232217184872,7309.435344822115,MEDIUM,39.67,6263.127315009751,7241.191458608561,
2025-06-12 18:15:00,7114.136666666666,6073.900226135613,6667.360756454606,7177.402273909688,MEDIUM,39.2625,6151.308121394612,7110.875119459025,
2025-06-12 18:30:00,7022.173333333333,5987.929530821131,6574.150223150222,7073.7450807334,MEDIUM,38.855000000000004,6064.393099385796,7008.580534092116,
2025-06-12 18:45:00,6974.196666666667,5956.258269779766,6536.903446837588,7031.870596542047,MEDIUM,38.447500000000005,6031.99459722209,6967.3096639719,
2025-06-12 19:00:00,6910.213333333333,5911.275360954296,6486.129351934086,6975.1774193624005,MEDIUM,38.040000000000006,5986.256316299487,6911.388541002186,
2025-06-12 19:15:00,6937.583333333333,5911.385479912428,6483.47972593665,6971.687913052156,MEDIUM,37.6875,5986.006468524283,6908.00858429796,
2025-06-12 19:30:00,7006.59,5965.079306287261,6535.999782069723,7029.1108855469565,MEDIUM,37.335,6039.547194432799,6964.7920459629695,
2025-06-12 19:45:00,7137.43,6022.792872688237,6592.740641510282,7091.283714550103,MEDIUM,36.9825,6097.133886012853,7026.256357197082,
2025-06-12 20:00:00,7182.09,6084.984219388196,6654.151951322954,7158.702543674326,MEDIUM,36.63,6159.223488770991,7092.891596845887,
2025-06-12 20:15:00,7258.766666666666,6188.6132176109895,6762.337246878395,7277.927244853735,MEDIUM,36.295,6263.446786645869,7210.6763755526035,
2025-06-12 20:30:00,7329.88,6273.097342111699,6850.8772988187575,7375.593230008233,MEDIUM,35.959999999999994,6348.459945160445,7307.152021592215,
2025-06-12 20:45:00,7433.75,6381.886050497102,6964.395935725009,7500.890814085431,MEDIUM,35.625,6457.8656007442205,7430.913221255811,
2025-06-12 21:00:00,7533.599999999999,6450.871234734416,7036.998770429783,7581.180108438359,MEDIUM,35.29,6527.3226524338115,7510.199933915501,
2025-06-12 21:15:00,7660.3,6626.985049231827,7218.39656049062,7781.449126332937,MEDIUM,35.034166666666664,6704.125681135149,7708.007487310027,
2025-06-12 21:30:00,7836.593333333333,6707.590333731622,7304.923432875385,7876.7602313392335,MEDIUM,34.77833333333333,6785.503346663418,7802.172822843949,
2025-06-12 21:45:00,7962.666666666667,6877.2390631345415,7491.060770327933,8080.811489850387,MEDIUM,34.5225,6957.3027640728105,8003.887482956154,
2025-06-12 22:00:00,8075.703333333334,6968.45104004147,7590.810091738635,8190.52107294468,MEDIUM,34.266666666666666,7049.628307654144,8112.297901483022,
2025-06-12 22:15:00,8226.676666666666,7041.251425334487,7671.985605142487,8280.065952499268,MEDIUM,33.946666666666665,7123.521100961618,8200.751124583167,
2025-06-12 22:30:00,8281.36,7112.142322623175,7750.624938186476,8366.955832121594,MEDIUM,33.626666666666665,7195.4226637836055,8286.564845956143,
2025-06-12 22:45:00,8341.39,7150.046518381479,7793.11777946717,8414.370167088704,MEDIUM,33.306666666666665,7233.92537852309,8333.337246964154,
2025-06-12 23:00:00,8392.566666666668,7150.810794665052,7795.152102918743,8417.555079694881,MEDIUM,32.98666666666667,7234.8553131329245,8336.37208272408,
2025-06-12 23:15:00,8378.460000000001,7108.303863509833,7752.526776894166,8371.576778061954,MEDIUM,32.807500000000005,7192.332939168659,8290.83112573572,
2025-06-12 23:30:00,8349.279999999999,7096.732275181794,7741.474024785115,8360.465113702568,MEDIUM,32.62833333333334,7180.829025130053,8279.727145582901,
2025-06-12 23:45:00,8305.81,7069.371892252964,7713.967562751271,8331.273264749261,MEDIUM,32.44916666666666,7153.449588404917,8250.755129706045,
2025-06-13 00:00:00,8209.493333333334,7072.967588517723,7631.87946033892,8162.389160785056,HIGH,32.269999999999996,7072.967588517723,8162.389160785056,
2025-06-13 00:15:00,8136.8533333333335,7025.676822157603,7584.268250621596,8111.634780856346,HIGH,32.06916666666667,7025.676822157603,8111.634780856346,
2025-06-13 00:30:00,8047.326666666667,6930.81499861557,7487.715566830271,8007.618846107003,HIGH,31.868333333333332,6930.81499861557,8007.618846107003,
2025-06-13 00:45:00,7950.556666666666,6851.502657449357,7406.837232309241,7920.702893876715,HIGH,31.6675,6851.502657449357,7920.702893876715,
2025-06-13 01:00:00,7843.0,6773.292197342181,7326.83198151305,7834.763098462179,HIGH,31.46666666666667,6773.292197342181,7834.763098462178,
2025-06-13 01:15:00,7756.123333333334,6704.784726925604,7256.8574342972925,7759.779538311676,HIGH,31.3275,6704.784726925605,7759.779538311675,
2025-06-13 01:30:00,7684.39,6607.544677375956,7157.195091930753,7652.4805395894855,HIGH,31.188333333333333,6607.544677375956,7652.4805395894855,
2025-06-13 01:45:00,7595.846666666667,6542.064135338476,7089.774064303888,7580.301420077607,HIGH,31.049166666666668,6542.064135338476,7580.301420077607,
2025-06-13 02:00:00,7492.603333333333,6455.962347830808,7000.9597830929415,7484.828580864689,HIGH,30.91,6455.962347830808,7484.828580864689,
2025-06-13 02:15:00,7409.096666666667,6385.687919543975,6927.707447962397,7406.287910600524,HIGH,30.8275,6385.687919543976,7406.287910600523,
2025-06-13 02:30:00,7335.593333333333,6326.887164889867,6865.916789290366,7340.221448848184,HIGH,30.744999999999997,6326.887164889868,7340.221448848183,
2025-06-13 02:45:00,7257.150000000001,6243.373988489159,6778.537776285374,7246.276188541943,HIGH,30.662499999999998,6243.373988489159,7246.276188541943,
2025-06-13 03:00:00,7161.696666666667,6174.971037713675,6706.343157625478,7168.848207154173,HIGH,30.58,6174.971037713675,7168.848207154172,
2025-06-13 03:15:00,7069.93,6116.440030909059,6643.971274695793,7102.0932790951165,HIGH,30.544166666666666,6116.440030909059,7102.0932790951165,
2025-06-13 03:30:00,6959.306666666666,6059.69087193653,6583.141857510093,7036.988912557715,HIGH,30.50833333333333,6059.69087193653,7036.988912557715,
2025-06-13 03:45:00,6867.13,5992.000911656673,6510.8328036697885,6959.348883885667,HIGH,30.4725,5992.000911656674,6959.348883885667,
2025-06-13 04:00:00,6727.32,5916.083259249475,6429.827102171463,6872.198865387791,HIGH,30.436666666666667,5916.083259249476,6872.198865387791,
2025-06-13 04:15:00,6488.253333333334,5837.766461905461,6346.098651117709,6782.039598731404,HIGH,30.39666666666667,5837.766461905461,6782.039598731404,
2025-06-13 04:30:00,6503.016666666666,5791.98526775342,6295.422873599371,6727.825883766905,HIGH,30.356666666666666,5791.985267753421,6727.825883766905,
2025-06-13 04:45:00,6482.966666666667,5734.841621955638,6232.863334822269,6660.617493639485,HIGH,30.316666666666666,5734.841621955638,6660.617493639485,
2025-06-13 05:00:00,6445.62,5668.769579911695,6160.921803672056,6583.134646586778,HIGH,30.276666666666667,5668.769579911695,6583.134646586778,
2025-06-13 05:15:00,6270.91,5587.652722981443,6079.815355999152,6495.839813704526,HIGH,30.666666666666664,5587.652722981443,6495.839813704526,
2025-06-13 05:30:00,6188.663333333333,5496.202791112977,5987.911103870588,6396.7210417761835,HIGH,31.056666666666665,5496.202791112977,6396.7210417761835,
2025-06-13 05:45:00,6063.193333333334,5402.761283884394,5893.762102967699,6295.089190045453,HIGH,31.446666666666665,5402.761283884394,6295.089190045453,
2025-06-13 06:00:00,5876.136666666666,5334.172917571396,5824.866808406686,6220.88695655847,HIGH,31.836666666666666,5334.172917571397,6220.88695655847,
2025-06-13 06:15:00,5782.043333333334,5297.754445907789,5788.730793503547,6182.285092426259,HIGH,32.04083333333333,5297.754445907789,6182.285092426258,
2025-06-13 06:30:00,5899.916666666667,5260.564499903176,5751.642113647914,6142.568779238635,HIGH,32.245,5260.5644999031765,6142.568779238635,
2025-06-13 06:45:00,5861.426666666666,5217.2828185958315,5708.169393213328,6095.821075810782,HIGH,32.44916666666667,5217.282818595832,6095.821075810782,
2025-06-13 07:00:00,5854.063333333333,5187.905425583504,5678.801964467012,6064.353038096754,HIGH,32.653333333333336,5187.905425583505,6064.353038096754,
2025-06-13 07:15:00,5831.360000000001,5172.675899218948,5665.96240408815,6050.87804641224,HIGH,32.957499999999996,5172.675899218949,6050.878046412239,
2025-06-13 07:30:00,5810.9766666666665,5173.481913762029,5669.444630097695,6055.093865521976,HIGH,33.26166666666666,5173.48191376203,6055.093865521976,
2025-06-13 07:45:00,5812.88,4970.924329970656,5464.6346914734295,5832.395065641572,HIGH,33.56583333333334,4970.924329970656,5832.395065641572,
2025-06-13 08:00:00,5846.183333333333,4958.992188976746,5454.936470753645,5822.088174339657,HIGH,33.87,4958.992188976747,5822.088174339657,
2025-06-13 08:15:00,5883.133333333334,4999.4814441053095,5499.227577811302,5870.503599379163,HIGH,34.3575,4999.48144410531,5870.503599379163,
2025-06-13 08:30:00,5931.553333333333,5040.85016577126,5544.396068826953,5919.789952682909,HIGH,34.845,5040.85016577126,5919.789952682908,
2025-06-13 08:45:00,5998.740000000001,5066.6533971879835,5573.623505947709,5951.632626220487,HIGH,35.332499999999996,5066.6533971879835,5951.632626220487,
2025-06-13 09:00:00,6098.333333333333,5133.7225863095055,5645.115517989593,6029.418600629982,HIGH,35.82,5133.7225863095055,6029.418600629982,
2025-06-13 09:15:00,6312.663333333333,5296.318787965549,5813.367861726443,6212.456819874367,HIGH,36.36416666666666,5296.318787965549,6212.456819874367,
2025-06-13 09:30:00,6573.893333333333,5464.304853774733,5987.1902759977675,6401.481141873098,HIGH,36.90833333333334,5464.304853774733,6401.481141873098,
2025-06-13 09:45:00,6720.483333333334,5594.969422637916,6122.871058249753,6548.891589736896,HIGH,37.45250000000001,5594.969422637916,6548.891589736896,
2025-06-13 10:00:00,6886.93,5745.316534776603,6278.791821454947,6718.2681680765145,HIGH,37.99666666666667,5745.3165347766035,6718.2681680765145,
2025-06-13 10:15:00,6870.483333333334,5855.7567688563595,6393.240842118696,6842.383966869989,HIGH,38.22166666666667,5855.75676885636,6842.383966869988,
2025-06-13 10:30:00,7151.349999999999,5950.450343179826,6491.690498477972,6949.007017165009,HIGH,38.446666666666665,5950.450343179826,6949.007017165008,
2025-06-13 10:45:00,7289.12,6035.279194947913,6580.179682140857,7044.717015192129,HIGH,38.67166666666667,6035.279194947914,7044.717015192129,
2025-06-13 11:00:00,7321.88,6090.587413168941,6638.599760981445,7107.619279568088,HIGH,38.89666666666667,6090.587413168941,7107.619279568088,
2025-06-13 11:15:00,7404.806666666666,6143.328453949258,6691.687469185819,7164.5537736692895,HIGH,38.833333333333336,6143.328453949258,7164.5537736692895,
2025-06-13 11:30:00,7527.37,6197.257581741755,6746.177277061825,7222.960719671424,HIGH,38.77,6197.257581741755,7222.960719671424,
2025-06-13 11:45:00,7564.7733333333335,6254.6042658638835,6804.365705812833,7285.345405863654,HIGH,38.70666666666666,6254.604265863884,7285.3454058636535,
2025-06-13 12:00:00,7680.813333333334,6312.227825282227,6863.050193592833,7348.224831920317,HIGH,38.64333333333333,6312.227825282227,7348.224831920317,
2025-06-13 12:15:00,7823.416666666667,6414.597245116663,6966.6943124538775,7459.986285643341,HIGH,38.9625,6414.597245116663,7459.986285643341,
2025-06-13 12:30:00,7897.593333333333,6490.053597177296,7043.019332885442,7541.961509453721,HIGH,39.28166666666666,6490.053597177297,7541.961509453721,
2025-06-13 12:45:00,7949.353333333333,6570.440598637695,7124.638587286179,7629.671543743139,HIGH,39.60083333333333,6570.440598637695,7629.671543743139,
2025-06-13 13:00:00,7842.713333333333,6500.8932714111515,7053.002654125229,7550.461267623304,HIGH,39.919999999999995,6500.8932714111515,7550.461267623304,
2025-06-13 13:15:00,7884.080000000001,6543.233780251557,7097.264270559067,7597.481778668061,HIGH,39.873333333333335,6543.233780251557,7597.481778668061,
2025-06-13 13:30:00,7978.876666666667,6741.635506577341,7301.579110516631,7818.785716155084,HIGH,39.82666666666667,6741.635506577342,7818.785716155083,
2025-06-13 13:45:00,8128.606666666667,6852.520206160071,7416.565298795953,7942.801648578114,HIGH,39.78,6852.520206160071,7942.801648578114,
2025-06-13 14:00:00,8256.953333333333,6923.463770485363,7491.54674388285,8023.379320625693,HIGH,39.733333333333334,6923.463770485363,8023.379320625693,
2025-06-13 14:15:00,8323.956666666667,7039.115195367552,7613.225080825647,8154.594381813203,HIGH,39.779166666666676,7039.115195367552,8154.594381813203,
2025-06-13 14:30:00,8374.573333333334,7107.824997965831,7688.704297985211,8235.283269513087,HIGH,39.825,7107.824997965832,8235.283269513087,
2025-06-13 14:45:00,8389.246666666666,7147.572274539988,7733.455833534655,8282.715191544465,HIGH,39.87083333333333,7147.572274539989,8282.715191544465,
2025-06-13 15:00:00,8384.516666666668,7208.211991248876,7802.685278234004,8356.967406321017,HIGH,39.916666666666664,7208.211991248876,8356.967406321017,
2025-06-13 15:15:00,8349.563333333334,7227.165654081061,7820.064252741072,8374.817571329157,HIGH,39.83416666666667,7227.165654081061,8374.817571329155,
2025-06-13 15:30:00,8220.686666666666,7211.743384645518,7800.891643471057,8352.582450493397,HIGH,39.751666666666665,7211.743384645518,8352.582450493397,
2025-06-13 15:45:00,8198.99,7196.815508149141,7782.503115484154,8331.235529008627,HIGH,39.66916666666667,7196.815508149141,8331.235529008627,
2025-06-13 16:00:00,8116.69,7137.538533083138,7718.980487176014,8260.776897781296,HIGH,39.586666666666666,7137.538533083138,8260.776897781296,
2025-06-13 16:15:00,8017.836666666667,6999.589482931577,7567.629045866414,8094.448459995418,HIGH,39.29833333333333,6999.589482931577,8094.448459995417,
2025-06-13 16:30:00,7935.53,6955.2519027662265,7512.380613872297,8032.825045177197,HIGH,39.01,6955.2519027662265,8032.825045177196,
2025-06-13 16:45:00,7827.2266666666665,6890.328426994284,7436.305627301836,7948.574762451165,HIGH,38.721666666666664,6890.328426994284,7948.574762451165,
2025-06-13 17:00:00,7669.433333333333,6819.012030659,7353.925902648908,7857.516082807639,HIGH,38.43333333333334,6819.012030659,7857.516082807639,
2025-06-13 17:15:00,7530.28,6701.441483488638,7241.309267661077,7734.191481830809,HIGH,38.00916666666667,6701.441483488638,7734.191481830809,
2025-06-13 17:30:00,7385.576666666667,6537.229240301279,7081.156816993307,7559.1654912971035,HIGH,37.585,6537.229240301279,7559.1654912971035,
2025-06-13 17:45:00,7231.146666666667,6363.546238647839,6911.513404432233,7373.872388374432,HIGH,37.160833333333336,6363.54623864784,7373.872388374432,
2025-06-13 18:00:00,7042.923333333333,6208.6558062578415,6761.302946580246,7209.813453560255,HIGH,36.73666666666667,6208.6558062578415,7209.813453560254,
2025-06-13 18:15:00,6912.34,6130.000599781316,6678.183289998414,7118.494738586197,HIGH,36.4775,6130.000599781316,7118.494738586197,
2025-06-13 18:30:00,6785.933333333333,6043.010107566652,6586.692341919292,7018.136681492318,HIGH,36.218333333333334,6043.010107566652,7018.136681492318,
2025-06-13 18:45:00,6712.743333333333,6004.743841734829,6545.234711079778,6972.344089100434,HIGH,35.95916666666667,6004.743841734829,6972.344089100434,
2025-06-13 19:00:00,6612.87,5951.107880549342,6488.171431512026,6909.637941759593,HIGH,35.699999999999996,5951.107880549342,6909.637941759593,
2025-06-13 19:15:00,6602.443333333334,5971.496171328921,6509.167761552801,6932.097897054416,HIGH,35.479166666666664,5971.496171328921,6932.097897054416,
2025-06-13 19:30:00,6603.626666666667,6030.174697527514,6569.46375214879,6997.438812795184,HIGH,35.25833333333333,6030.174697527515,6997.438812795184,
2025-06-13 19:45:00,6650.71,6129.43545782209,6671.388205051358,7108.1975291919425,HIGH,35.0375,6129.43545782209,7108.1975291919425,
2025-06-13 20:00:00,6658.243333333333,6167.111499779326,6710.319287810717,7150.441254583749,HIGH,34.81666666666666,6167.111499779326,7150.441254583749,
2025-06-13 20:15:00,6703.373333333333,6239.018374894006,6785.776784495894,7232.598231086162,HIGH,34.589166666666664,6239.018374894006,7232.598231086162,
2025-06-13 20:30:00,6783.246666666666,6299.22665981263,6849.279737295553,7301.821249072691,HIGH,34.36166666666667,6299.22665981263,7301.821249072691,
2025-06-13 20:45:00,6858.213333333333,6389.724375345139,6943.798850563267,7404.904742089571,HIGH,34.134166666666665,6389.724375345139,7404.904742089571,
2025-06-13 21:00:00,6896.329999999999,6467.713240784639,7025.496353988965,7494.108331420385,HIGH,33.906666666666666,6467.71324078464,7494.108331420384,
2025-06-13 21:15:00,7025.256666666667,6600.287233796905,7161.969616245577,7643.005841398588,HIGH,33.719166666666666,6600.287233796906,7643.005841398587,
2025-06-13 21:30:00,7214.22,6744.9643826692245,7310.783036782434,7805.421492798695,HIGH,33.531666666666666,6744.964382669225,7805.421492798695,
2025-06-13 21:45:00,7365.706666666666,6873.1972565698925,7442.690002917938,7949.503636862981,HIGH,33.34416666666666,6873.1972565698925,7949.50363686298,
2025-06-13 22:00:00,7468.243333333333,6976.099134687447,7548.573819911776,8065.32177868069,HIGH,33.156666666666666,6976.099134687447,8065.32177868069,
2025-06-13 22:15:00,7561.84,7110.295125783554,7687.1111997845055,8216.797699931718,HIGH,33.041666666666664,7110.295125783554,8216.797699931716,
2025-06-13 22:30:00,7667.29,7178.264433264359,7757.71953506573,8294.36830897714,HIGH,32.92666666666666,7178.264433264359,8294.36830897714,
2025-06-13 22:45:00,7771.8533333333335,7239.7110448041185,7821.510084358905,8364.580441901911,HIGH,32.81166666666667,7239.7110448041185,8364.580441901911,
2025-06-13 23:00:00,7849.993333333333,7289.502472205018,7874.877359226407,8423.268624217662,HIGH,32.696666666666665,7289.502472205018,8423.268624217662,
2025-06-13 23:15:00,7846.833333333333,7274.270640194829,7860.193455009302,8408.155883373402,HIGH,32.490833333333335,7274.270640194829,8408.155883373402,
2025-06-13 23:30:00,7825.150000000001,7248.14355896327,7834.168772940522,8380.747467317213,HIGH,32.285000000000004,7248.14355896327,8380.747467317213,
2025-06-13 23:45:00,7798.58,7207.78444035144,7793.373063403523,8337.303457201671,HIGH,32.079166666666666,7207.78444035144,8337.303457201671,
2025-06-14 00:00:00,7755.143333333333,7054.2343054831035,7590.959144187992,8194.644351299947,HIGH,31.873333333333335,7054.2343054831035,8194.644351299947,
2025-06-14 00:15:00,7651.343333333333,6987.556930001858,7522.420841180088,8121.062021249289,HIGH,31.693333333333335,6987.556930001858,8121.062021249289,
2025-06-14 00:30:00,7571.3966666666665,6900.282981576325,7432.558890207714,8024.293956716754,HIGH,31.513333333333335,6900.282981576326,8024.293956716754,
2025-06-14 00:45:00,7499.87,6809.622584250266,7338.983734971518,7923.512823495421,HIGH,31.333333333333336,6809.622584250267,7923.512823495421,
2025-06-14 01:00:00,7407.423333333333,6713.10637881537,7239.158033296568,7815.950211854167,HIGH,31.153333333333336,6713.10637881537,7815.950211854167,
2025-06-14 01:15:00,7277.19,6631.366943007749,7154.9171959490905,7725.4050979766935,HIGH,31.013333333333332,6631.366943007749,7725.4050979766935,
2025-06-14 01:30:00,7180.139999999999,6551.239229708545,7072.056577162132,7636.3776211272325,HIGH,30.873333333333335,6551.239229708545,7636.377621127232,
2025-06-14 01:45:00,7101.856666666667,6466.80265998466,6984.508678132715,7542.254773249323,HIGH,30.733333333333334,6466.802659984661,7542.254773249323,
2025-06-14 02:00:00,6992.853333333333,6368.786914782311,6882.777548990632,7432.689923242368,HIGH,30.593333333333334,6368.786914782311,7432.6899232423675,
2025-06-14 02:15:00,6927.546666666666,6288.173467044149,6798.939608632775,7342.621525932236,HIGH,30.48833333333333,6288.173467044149,7342.621525932236,
2025-06-14 02:30:00,6843.643333333333,6217.7455646680155,6725.244494583288,7263.591108952459,HIGH,30.383333333333333,6217.7455646680155,7263.591108952459,
2025-06-14 02:45:00,6762.693333333334,6140.069869335579,6643.842186661551,7176.154482149406,HIGH,30.278333333333336,6140.06986933558,7176.154482149406,
2025-06-14 03:00:00,6676.963333333333,6052.341295144609,6551.861028164771,7077.178953358751,HIGH,30.173333333333332,6052.341295144609,7077.178953358751,
2025-06-14 03:15:00,6610.32,5971.794820012525,6467.307978722246,6986.281508675173,HIGH,30.141666666666666,5971.794820012526,6986.281508675173,
2025-06-14 03:30:00,6536.43,5878.703293330536,6369.628798866873,6881.060520205866,HIGH,30.11,5878.703293330536,6881.060520205866,
2025-06-14 03:45:00,6462.643333333333,5797.294870232059,6283.63346773402,6788.528911640301,HIGH,30.078333333333337,5797.294870232059,6788.528911640301,
2025-06-14 04:00:00,6371.81,5680.814690044765,6161.457192611547,6656.556906875574,HIGH,30.046666666666667,5680.814690044765,6656.556906875574,
2025-06-14 04:15:00,6279.873333333334,5501.39208687207,5974.570931754559,6454.071536458641,HIGH,29.975833333333334,5501.39208687207,6454.071536458641,
2025-06-14 04:30:00,6220.63,5496.4633456130505,5966.081309850463,6445.811336624736,HIGH,29.905,5496.4633456130505,6445.811336624735,
2025-06-14 04:45:00,6147.2,5465.031079395436,5930.205738538894,6407.6745744087975,HIGH,29.83416666666667,5465.031079395436,6407.6745744087975,
2025-06-14 05:00:00,6072.823333333334,5419.007952611138,5879.150660670885,6352.9498607044,HIGH,29.763333333333332,5419.007952611138,6352.9498607044,
2025-06-14 05:15:00,5965.96,5280.708518374784,5741.6540568028095,6204.322811372078,HIGH,30.22,5280.708518374784,6204.322811372078,
2025-06-14 05:30:00,5853.990000000001,5206.162655594543,5669.213262551247,6126.476429881706,HIGH,30.676666666666666,5206.162655594543,6126.476429881706,
2025-06-14 05:45:00,5742.716666666667,5100.616684891457,5564.827333006288,6013.7732393831575,HIGH,31.133333333333333,5100.616684891458,6013.7732393831575,
2025-06-14 06:00:00,5674.626666666667,4962.165980026936,5426.559708500216,5864.101198610406,HIGH,31.59,4962.165980026936,5864.101198610405,
2025-06-14 06:15:00,5647.6033333333335,4899.121348213254,5362.803128030706,5795.407750973585,HIGH,31.9,4899.121348213254,5795.407750973585,
2025-06-14 06:30:00,5590.326666666667,4975.25132061329,5441.3776773306745,5881.635946710295,HIGH,32.21,4975.251320613291,5881.635946710295,
2025-06-14 06:45:00,5521.193333333334,4942.037087555954,5407.85314286533,5845.709040681936,HIGH,32.519999999999996,4942.037087555954,5845.709040681935,
2025-06-14 07:00:00,5472.576666666667,4934.187738494128,5400.167831175857,5837.840054595612,HIGH,32.83,4934.187738494129,5837.840054595612,
2025-06-14 07:15:00,5464.466666666667,4922.7526954530085,5390.135139369154,5827.383403879537,HIGH,33.31333333333333,4922.752695453009,5827.383403879537,
2025-06-14 07:30:00,5382.096666666667,4917.124728562661,5385.9518201492065,5823.213102405872,HIGH,33.79666666666667,4917.124728562661,5823.213102405872,
2025-06-14 07:45:00,5356.62,4926.723375955098,5397.27992891011,5835.850356741469,HIGH,34.28,4926.723375955098,5835.850356741469,
2025-06-14 08:00:00,5347.193333333334,4944.864338201461,5417.293942176267,5857.861756850299,HIGH,34.763333333333335,4944.864338201461,5857.861756850299,
2025-06-14 08:15:00,5319.68,4985.496877652902,5461.0130087314665,5905.628669829848,HIGH,35.22583333333333,4985.496877652902,5905.628669829848,
2025-06-14 08:30:00,5400.886666666666,5032.2781792288315,5511.0044276141125,5960.1416331331875,HIGH,35.68833333333333,5032.2781792288315,5960.1416331331875,
2025-06-14 08:45:00,5397.87,5093.537337397033,5575.814673736479,6030.708435808076,HIGH,36.15083333333334,5093.537337397034,6030.708435808076,
2025-06-14 09:00:00,5372.276666666667,5185.484609652833,5672.059369426686,6135.424529823507,HIGH,36.61333333333334,5185.484609652834,6135.424529823507,
2025-06-14 09:15:00,5506.91,5383.545383500988,5876.981487037693,6358.408922944443,HIGH,36.98166666666667,5383.545383500988,6358.408922944443,
2025-06-14 09:30:00,5660.283333333333,5616.822989844165,6118.012017187563,6620.635681782815,HIGH,37.35,5616.822989844165,6620.635681782815,
2025-06-14 09:45:00,5735.356666666667,5754.395388719561,6261.124752385177,6776.152308374534,HIGH,37.718333333333334,5754.395388719561,6776.152308374534,
2025-06-14 10:00:00,5922.473333333332,5907.738940664938,6420.472791612761,6949.273971155348,HIGH,38.086666666666666,5907.738940664938,6949.273971155347,
2025-06-14 10:15:00,6117.126666666667,5920.073557389461,6433.39826117148,6962.792254780226,HIGH,38.135,5920.073557389461,6962.792254780226,
2025-06-14 10:30:00,6241.943333333334,6129.757445579368,6648.502638947419,7196.413989555324,HIGH,38.18333333333334,6129.757445579369,7196.413989555324,
2025-06-14 10:45:00,6384.143333333333,6235.56120914694,6757.388873146974,7314.2980416179635,HIGH,38.23166666666667,6235.56120914694,7314.2980416179635,
2025-06-14 11:00:00,6519.8,6266.4521946436225,6789.731254641969,7348.763346619027,HIGH,38.28,6266.452194643623,7348.763346619027,
2025-06-14 11:15:00,6598.253333333334,6351.161467850134,6874.112153799657,7439.725014812946,HIGH,38.443333333333335,6351.161467850134,7439.725014812946,
2025-06-14 11:30:00,6766.330000000001,6457.800306188491,6981.131315326929,7555.285322010837,HIGH,38.60666666666667,6457.800306188492,7555.285322010837,
2025-06-14 11:45:00,6845.766666666666,6507.082183154035,7029.625106826885,7607.061425945472,HIGH,38.769999999999996,6507.082183154036,7607.061425945472,
2025-06-14 12:00:00,6934.349999999999,6607.616811443584,7130.806608825958,7716.168992757173,HIGH,38.93333333333334,6607.616811443585,7716.168992757173,
2025-06-14 12:15:00,7056.41,6751.838237801897,7269.754112556371,7866.107464624333,HIGH,39.1275,6751.838237801897,7866.107464624332,
2025-06-14 12:30:00,7150.849999999999,6839.577846606451,7351.108552931592,7953.2913503282,HIGH,39.321666666666665,6839.577846606451,7953.2913503282,
2025-06-14 12:45:00,7262.283333333333,6912.840493700029,7417.886744336031,8024.571085045555,HIGH,39.51583333333333,6912.840493700029,8024.571085045555,
2025-06-14 13:00:00,7211.446666666667,6842.092700539006,7337.474921443094,7935.535484730697,HIGH,39.71,6842.092700539006,7935.535484730697,
2025-06-14 13:15:00,7229.126666666667,6868.483515612995,7364.328330426146,7963.560113314826,HIGH,39.715833333333336,6868.483515612995,7963.560113314826,
2025-06-14 13:30:00,7358.526666666668,6948.496574074399,7446.352817696946,8051.651482916727,HIGH,39.72166666666667,6948.4965740744,8051.651482916727,
2025-06-14 13:45:00,7587.783333333333,7084.709944251893,7586.193652523733,8202.695792674718,HIGH,39.727500000000006,7084.709944251893,8202.695792674718,
2025-06-14 14:00:00,7641.763333333333,7189.391589964915,7694.0309218494795,8318.884671252137,HIGH,39.733333333333334,7189.3915899649155,8318.884671252137,
2025-06-14 14:15:00,7692.793333333332,7261.71842615718,7769.3846148461735,8399.713720818827,HIGH,39.75833333333333,7261.71842615718,8399.713720818827,
2025-06-14 14:30:00,7795.046666666666,7314.901579659763,7825.4236924911565,8459.516709227999,HIGH,39.78333333333333,7314.901579659763,8459.516709227999,
2025-06-14 14:45:00,7881.87,7340.183547044975,7853.182681232832,8488.535746477279,HIGH,39.80833333333334,7340.183547044975,8488.535746477279,
2025-06-14 15:00:00,7917.740000000001,7348.864250638328,7867.883462264034,8504.135655906777,HIGH,39.833333333333336,7348.864250638328,8504.135655906777,
2025-06-14 15:15:00,7901.673333333333,7326.76859315604,7850.280406546595,8484.54224703641,HIGH,39.75416666666666,7326.76859315604,8484.54224703641,
2025-06-14 15:30:00,7893.096666666667,7230.981519786279,7757.51027270445,8383.121053220242,HIGH,39.675,7230.98151978628,8383.121053220242,
2025-06-14 15:45:00,7797.086666666666,7201.272846427213,7732.672406813658,8355.712452771375,HIGH,39.59583333333333,7201.272846427213,8355.712452771373,
2025-06-14 16:00:00,7751.133333333334,7122.842831616725,7664.311896466743,8282.251573900605,HIGH,39.516666666666666,7122.842831616725,8282.251573900605,
2025-06-14 16:15:00,7643.126666666667,7003.518487906127,7542.091751360211,8148.004962912117,HIGH,39.23833333333334,7003.518487906127,8148.004962912117,
2025-06-14 16:30:00,7581.73,6910.963532539667,7447.538349232142,8043.9362617563,HIGH,38.96,6910.963532539667,8043.9362617563,
2025-06-14 16:45:00,7512.423333333333,6798.970752516841,7333.333844988117,7918.52076074999,HIGH,38.681666666666665,6798.9707525168415,7918.52076074999,
2025-06-14 17:00:00,7372.97,6659.4149953480855,7191.1496398976915,7762.692822328865,HIGH,38.403333333333336,6659.4149953480855,7762.692822328865,
2025-06-14 17:15:00,7279.886666666666,6558.7962938837,7077.561227355283,7637.658180597899,HIGH,38.04666666666667,6558.7962938837,7637.658180597899,
2025-06-14 17:30:00,7166.706666666666,6446.668233378266,6952.407242896478,7500.093754804388,HIGH,37.69,6446.668233378266,7500.093754804388,
2025-06-14 17:45:00,7086.403333333333,6322.019652803028,6814.639798078589,7348.861814921487,HIGH,37.33333333333333,6322.019652803028,7348.861814921487,
2025-06-14 18:00:00,6955.616666666666,6180.798889068523,6660.097105647437,7179.433300715818,HIGH,36.97666666666667,6180.798889068523,7179.433300715818,
2025-06-14 18:15:00,6811.826666666667,6069.861509730879,6546.081572351755,7054.545646759851,HIGH,36.73833333333334,6069.861509730879,7054.545646759851,
2025-06-14 18:30:00,6748.38,5964.746734278254,6438.190303071384,6936.404314681598,HIGH,36.5,5964.746734278255,6936.404314681598,
2025-06-14 18:45:00,6659.286666666667,5898.546899420374,6370.289113622713,6861.891358966028,HIGH,36.26166666666666,5898.546899420374,6861.891358966028,
2025-06-14 19:00:00,6652.420000000001,5821.23031403799,6291.136653075808,6775.206766755464,HIGH,36.02333333333333,5821.230314037991,6775.206766755464,
2025-06-14 19:15:00,6695.71,5818.312759649015,6289.7087774927895,6773.297875455898,HIGH,35.802499999999995,5818.312759649015,6773.297875455898,
2025-06-14 19:30:00,6774.086666666667,5828.392697987077,6301.684587463331,6786.069220600401,HIGH,35.58166666666666,5828.392697987077,6786.0692206004005,
2025-06-14 19:45:00,6812.29,5880.394934730083,6356.660884604188,6845.752501860305,HIGH,35.36083333333333,5880.394934730083,6845.752501860305,
2025-06-14 20:00:00,6901.0233333333335,5894.299387459134,6372.6909096770005,6863.10808862834,HIGH,35.13999999999999,5894.299387459134,6863.10808862834,
2025-06-14 20:15:00,6982.346666666667,5940.053718465602,6421.731494746373,6916.509820907314,HIGH,34.9475,5940.053718465602,6916.509820907313,
2025-06-14 20:30:00,7069.836666666667,6009.604541440115,6495.159176360343,6996.553651238254,HIGH,34.754999999999995,6009.604541440115,6996.553651238254,
2025-06-14 20:45:00,7174.863333333334,6079.571634781985,6569.0173828556835,7077.15019091214,HIGH,34.5625,6079.571634781985,7077.15019091214,
2025-06-14 21:00:00,7265.586666666667,6122.673754997258,6615.355462716031,7127.860138011465,HIGH,34.37,6122.673754997258,7127.860138011465,
2025-06-14 21:15:00,7372.43,6242.629444783442,6740.346959334183,7264.305121592289,HIGH,34.236666666666665,6242.629444783442,7264.305121592288,
2025-06-14 21:30:00,7483.79,6407.3619805430135,6911.131572367293,7450.698527337218,HIGH,34.10333333333333,6407.3619805430135,7450.698527337218,
2025-06-14 21:45:00,7625.123333333333,6546.71456217661,7055.860935756826,7608.795385174996,HIGH,33.97,6546.71456217661,7608.795385174995,
2025-06-14 22:00:00,7701.69,6643.774353378873,7157.200816288227,7719.716298503695,HIGH,33.836666666666666,6643.774353378873,7719.716298503695,
2025-06-14 22:15:00,7762.7,6749.755473317566,7267.569142042838,7840.541671753999,HIGH,33.836666666666666,6749.755473317566,7840.541671753999,
2025-06-14 22:30:00,7792.150000000001,6853.037800018003,7375.051454764312,7958.293612313011,HIGH,33.836666666666666,6853.037800018003,7958.293612313011,
2025-06-14 22:45:00,7838.416666666667,6948.854463381281,7474.750524314445,8067.635693609398,HIGH,33.836666666666666,6948.854463381282,8067.635693609398,
2025-06-14 23:00:00,7938.963333333333,7021.178586493086,7550.076578018219,8150.521293140074,HIGH,33.836666666666666,7021.178586493086,8150.521293140074,
2025-06-14 23:15:00,7922.830000000001,7016.292871277607,7546.704287802239,8147.7524628922,HIGH,33.656666666666666,7016.292871277607,8147.7524628922,
2025-06-14 23:30:00,7905.916666666667,6993.13139591638,7524.434683508967,8124.4588873744,HIGH,33.47666666666667,6993.13139591638,8124.4588873744,
2025-06-14 23:45:00,7868.844999999999,6962.868893784751,7494.695137072172,8093.08060175287,HIGH,33.29666666666667,6962.868893784751,8093.08060175287,
2025-06-15 00:00:00,7778.443333333334,6834.401887869766,7364.196327644762,7952.0209191788945,HIGH,33.11666666666667,6834.401887869766,7952.020919178894,
2025-06-15 00:15:00,7761.670000000001,6742.163643001816,7271.284383511305,7851.95958662512,HIGH,32.99666666666666,6742.163643001816,7851.959586625119,
2025-06-15 00:30:00,7697.13,6661.572431643704,7190.061408386867,7764.663268684241,HIGH,32.87666666666667,6661.5724316437045,7764.663268684241,
2025-06-15 00:45:00,7640.329999999999,6586.47799719979,7114.220319888261,7683.258438570963,HIGH,32.75666666666667,6586.47799719979,7683.258438570963,
2025-06-15 01:00:00,7569.509999999999,6494.358832058198,7020.693383383239,7582.619083440089,HIGH,32.63666666666666,6494.358832058198,7582.619083440089,
2025-06-15 01:15:00,7472.933333333333,6376.67099285453,6900.7248858932335,7453.20487738902,HIGH,32.50083333333333,6376.67099285453,7453.20487738902,
2025-06-15 01:30:00,7418.716666666667,6285.7698984224435,6807.912053902517,7353.37777727373,HIGH,32.364999999999995,6285.769898422444,7353.37777727373,
2025-06-15 01:45:00,7368.4800000000005,6204.5261740374235,6724.711262861369,7264.027270897674,HIGH,32.229166666666664,6204.526174037424,7264.027270897674,
2025-06-15 02:00:00,7298.243333333333,6100.684359618007,6618.093225898086,7149.178916599736,HIGH,32.093333333333334,6100.684359618007,7149.178916599736,
2025-06-15 02:15:00,7196.95,6030.100973842785,6545.243306796891,7071.102037296989,HIGH,31.966666666666665,6030.100973842785,7071.102037296988,
2025-06-15 02:30:00,7098.143333333333,5950.538721093459,6462.914730133307,6982.6953369148705,HIGH,31.84,5950.538721093459,6982.6953369148705,
2025-06-15 02:45:00,6906.213333333333,5870.1680044838795,6379.471866793403,6893.062104485291,HIGH,31.71333333333333,5870.1680044838795,6893.062104485291,
2025-06-15 03:00:00,6774.643333333333,5784.655030749362,6290.477893017373,6797.3651804821475,HIGH,31.586666666666666,5784.655030749362,6797.365180482147,
2025-06-15 03:15:00,6559.36,5704.527153065665,6206.712795658282,6707.33859573386,HIGH,31.311666666666664,5704.527153065665,6707.33859573386,
2025-06-15 03:30:00,6337.303333333333,5617.834360892625,6115.94433130954,6609.656158275979,HIGH,31.036666666666665,5617.834360892625,6609.656158275978,
2025-06-15 03:45:00,5794.91,5532.567990232409,6026.358411584467,6513.227177628288,HIGH,30.761666666666667,5532.567990232409,6513.227177628288,
2025-06-15 04:00:00,5552.150000000001,5432.044593117871,5920.878860140506,6399.450689504499,HIGH,30.486666666666665,5432.044593117872,6399.450689504499,
2025-06-15 04:15:00,5225.546666666666,5328.5566169182175,5811.738268300176,6281.630374338039,HIGH,30.383333333333333,5328.5566169182175,6281.630374338038,
2025-06-15 04:30:00,5105.096666666667,5279.852294760938,5758.429017207194,6224.561585812592,HIGH,30.28,5279.852294760938,6224.561585812591,
2025-06-15 04:45:00,5067.003333333333,5216.124952891935,5689.488132183711,6150.416687739033,HIGH,30.176666666666666,5216.124952891935,6150.416687739033,
2025-06-15 05:00:00,5056.596666666667,5148.404878387991,5616.218634052833,6071.500464170465,HIGH,30.073333333333334,5148.404878387992,6071.5004641704645,
2025-06-15 05:15:00,5031.599999999999,5048.71737697652,5513.942405260687,5961.075054363371,HIGH,30.40416666666667,5048.717376976521,5961.075054363371,
2025-06-15 05:30:00,5133.316666666667,4958.491141643892,5421.134808373478,5860.895860361291,HIGH,30.735000000000003,4958.491141643893,5860.895860361291,
2025-06-15 05:45:00,5168.303333333333,4871.076566917378,5331.000255931264,5763.5590647447425,HIGH,31.065833333333334,4871.076566917379,5763.5590647447425,
2025-06-15 06:00:00,5184.253333333333,4814.729449658061,5272.481937929705,5700.580682246684,HIGH,31.396666666666665,4814.729449658061,5700.580682246683,
2025-06-15 06:15:00,5169.393333333333,4766.33250359565,5223.722390746243,5648.219008042598,HIGH,31.256666666666668,4766.33250359565,5648.219008042598,
2025-06-15 06:30:00,5143.7,4726.512226225987,5183.581275001932,5605.165811423974,HIGH,31.116666666666664,4726.512226225988,5605.1658114239735,
2025-06-15 06:45:00,5103.993333333333,4661.776748901936,5117.783714100001,5534.093570601878,HIGH,30.976666666666667,4661.776748901936,5534.093570601877,
2025-06-15 07:00:00,5066.486666666667,4607.715717797878,5062.784571027199,5474.699808938372,HIGH,30.836666666666666,4607.715717797878,5474.699808938372,
2025-06-15 07:15:00,5039.759999999999,4598.272672566305,5055.869499447047,5467.676587208609,HIGH,31.168333333333333,4598.272672566305,5467.676587208609,
2025-06-15 07:30:00,5039.4766666666665,4549.603549597023,5008.696605139014,5416.728966159535,HIGH,31.5,4549.603549597023,5416.728966159534,
2025-06-15 07:45:00,5024.0233333333335,4528.6602281295545,4989.832431841966,5396.525156600033,HIGH,31.831666666666667,4528.6602281295545,5396.525156600033,
2025-06-15 08:00:00,5027.123333333333,4523.103850524916,4986.66203656823,5393.3270690301515,HIGH,32.163333333333334,4523.103850524916,5393.3270690301515,
2025-06-15 08:15:00,5041.34,4509.60513741398,4975.3181904182475,5381.14323460759,HIGH,32.5475,4509.60513741398,5381.14323460759,
2025-06-15 08:30:00,5038.316666666667,4562.191691430479,5031.612688182512,5442.533032468184,HIGH,32.931666666666665,4562.191691430479,5442.533032468184,
2025-06-15 08:45:00,5037.29,4567.688532370084,5039.69005601562,5451.330494753975,HIGH,33.31583333333333,4567.688532370085,5451.330494753975,
2025-06-15 09:00:00,4996.763333333333,4572.840583072561,5047.428833837243,5459.676399413625,HIGH,33.7,4572.840583072561,5459.676399413625,
2025-06-15 09:15:00,4993.75,4708.648477896445,5188.613340283408,5613.250516193018,HIGH,34.0975,4708.648477896446,5613.250516193018,
2025-06-15 09:30:00,5041.416666666667,4843.49913720121,5328.8694391651115,5765.733891263913,HIGH,34.495000000000005,4843.49913720121,5765.733891263913,
2025-06-15 09:45:00,5091.97,4913.161586273256,5402.452571192046,5845.5327606037445,HIGH,34.8925,4913.161586273257,5845.5327606037445,
2025-06-15 10:00:00,5160.889999999999,5076.132062311372,5571.657136802886,6029.388183365932,HIGH,35.29,5076.132062311372,6029.388183365932,
2025-06-15 10:15:00,5233.003333333333,5245.94890696213,5746.898901130511,6219.70729697077,HIGH,36.13166666666667,5245.94890696213,6219.70729697077,
2025-06-15 10:30:00,5321.64,5408.037096205971,5914.350535032455,6401.473520061563,HIGH,36.973333333333336,5408.037096205971,6401.473520061562,
2025-06-15 10:45:00,5389.67,5576.689362388526,6088.662322857563,6590.644357966171,HIGH,37.815,5576.689362388526,6590.644357966171,
2025-06-15 11:00:00,5481.223333333332,5721.470941218456,6238.689703360112,6753.306999410785,HIGH,38.656666666666666,5721.470941218456,6753.306999410785,
2025-06-15 11:15:00,5564.073333333334,5792.305833593419,6312.099657199998,6832.4363241619885,HIGH,38.824999999999996,5792.305833593419,6832.4363241619885,
2025-06-15 11:30:00,5646.18,5928.286996743282,6452.395298159549,6984.349745815201,HIGH,38.99333333333333,5928.286996743282,6984.3497458152,
2025-06-15 11:45:00,5719.143333333333,5991.738076157389,6518.6305675226395,7055.561343162034,HIGH,39.16166666666667,5991.738076157389,7055.561343162034,
2025-06-15 12:00:00,5807.363333333334,6078.5437504250585,6612.642805530174,7157.759331816375,HIGH,39.33,6078.5437504250585,7157.7593318163745,
2025-06-15 12:15:00,5892.579999999999,6189.338655581963,6723.915651264794,7277.357768645945,HIGH,39.37166666666667,6189.338655581963,7277.357768645944,
2025-06-15 12:30:00,5935.103333333333,6260.761523954493,6795.113282953159,7353.278562097198,HIGH,39.41333333333333,6260.761523954493,7353.278562097197,
2025-06-15 12:45:00,6011.753333333334,6348.715050740988,6883.481818021722,7447.867862329731,HIGH,39.455,6348.715050740989,7447.867862329731,
2025-06-15 13:00:00,5946.84,6290.962385188552,6822.924142994784,7380.251109821489,HIGH,39.49666666666666,6290.962385188552,7380.251109821489,
2025-06-15 13:15:00,5915.663333333333,6304.075720668567,6835.130725642576,7391.907085727887,HIGH,39.402499999999996,6304.075720668567,7391.907085727886,
2025-06-15 13:30:00,5975.1466666666665,6412.704430277348,6945.400669144341,7510.339510333783,HIGH,39.30833333333333,6412.704430277348,7510.3395103337825,
2025-06-15 13:45:00,5992.1033333333335,6597.0226848802595,7133.44101199932,7713.454843070203,HIGH,39.21416666666667,6597.0226848802595,7713.4548430702025,
2025-06-15 14:00:00,6062.41,6653.163197034866,7190.526762325538,7773.95704858516,HIGH,39.12,6653.163197034866,7773.957048585159,
2025-06-15 14:15:00,6141.099999999999,6711.535525116285,7250.126110011087,7837.251024978895,HIGH,39.17416666666667,6711.5355251162855,7837.251024978895,
2025-06-15 14:30:00,6225.763333333333,6798.817829313987,7339.610581666676,7933.0974700634115,HIGH,39.22833333333333,6798.817829313987,7933.0974700634115,
2025-06-15 14:45:00,6287.82,6868.327223510372,7410.950320524262,8009.230521188433,HIGH,39.2825,6868.327223510372,8009.230521188433,
2025-06-15 15:00:00,6312.903333333333,6899.074649067969,7441.391570975416,8041.0554667665265,HIGH,39.336666666666666,6899.074649067969,8041.0554667665265,
2025-06-15 15:15:00,6311.32,6878.987413165278,7412.928300036918,8009.653577474099,HIGH,39.2025,6878.987413165279,8009.653577474099,
2025-06-15 15:30:00,6360.650000000001,6858.631139600656,7389.784671553386,7983.32276235404,HIGH,39.068333333333335,6858.631139600656,7983.322762354039,
2025-06-15 15:45:00,6334.063333333334,6781.282592694084,7305.5631205553045,7890.937163190591,HIGH,38.93416666666666,6781.282592694084,7890.937163190591,
2025-06-15 16:00:00,6271.7266666666665,6723.056439909924,7240.372162202993,7819.431241655242,HIGH,38.8,6723.056439909924,7819.431241655241,
2025-06-15 16:15:00,6210.666666666667,6598.544224677254,7096.541622464784,7661.793258493308,HIGH,37.696666666666665,6598.5442246772545,7661.793258493308,
2025-06-15 16:30:00,6145.893333333333,6496.5569072364215,6979.230378676283,7532.631431299352,HIGH,36.593333333333334,6496.5569072364215,7532.631431299352,
2025-06-15 16:45:00,6025.22,6377.155502183153,6845.221936881127,7385.214920290438,HIGH,35.49,6377.155502183154,7385.214920290438,
2025-06-15 17:00:00,5976.236666666667,6215.967342903815,6668.670779853104,7191.526845136715,HIGH,34.38666666666667,6215.967342903815,7191.526845136715,
2025-06-15 17:15:00,5878.173333333333,6106.147583923993,6561.833562999611,7074.419352741121,HIGH,34.20583333333333,6106.147583923993,7074.419352741121,
2025-06-15 17:30:00,5797.416666666667,5990.396843944674,6449.142196675007,6951.001816919404,HIGH,34.025000000000006,5990.396843944674,6951.001816919404,
2025-06-15 17:45:00,5711.9766666666665,5897.514386948549,6360.0701965518665,6853.37432524183,HIGH,33.844166666666666,5897.514386948549,6853.374325241829,
2025-06-15 18:00:00,5653.47,5768.0713733522725,6233.757852354688,6715.263763485864,HIGH,33.663333333333334,5768.071373352273,6715.263763485864,
2025-06-15 18:15:00,5596.650000000001,5667.180646466399,6128.950471091214,6600.365449972311,HIGH,33.72166666666667,5667.180646466399,6600.365449972311,
2025-06-15 18:30:00,5552.686666666667,5622.953996354217,6082.321396657084,6548.900325484226,HIGH,33.78,5622.953996354217,6548.900325484226,
2025-06-15 18:45:00,5553.259999999999,5571.294302054524,6028.229017108814,6489.386827913134,HIGH,33.83833333333334,5571.294302054524,6489.386827913134,
2025-06-15 19:00:00,5516.09,5576.478569226881,6032.466942505297,6493.476049571379,HIGH,33.89666666666667,5576.478569226881,6493.476049571379,
2025-06-15 19:15:00,5550.8,5612.432966329498,6070.838115066283,6534.908332804716,HIGH,33.75000000000001,5612.432966329499,6534.908332804716,
2025-06-15 19:30:00,5633.513333333333,5678.261890610344,6139.892525168235,6609.838289417468,HIGH,33.60333333333333,5678.261890610345,6609.838289417468,
2025-06-15 19:45:00,5735.73,5722.369034991376,6186.785431870524,6660.718756234474,HIGH,33.45666666666666,5722.369034991376,6660.718756234474,
2025-06-15 20:00:00,5834.4766666666665,5790.530191364694,6258.366183820018,6738.569100070076,HIGH,33.31,5790.530191364694,6738.569100070076,
2025-06-15 20:15:00,5920.723333333332,5864.537514478906,6335.614853143102,6822.663884178323,HIGH,33.068333333333335,5864.537514478906,6822.663884178323,
2025-06-15 20:30:00,6011.07,5941.953060513286,6416.376089426519,6910.668397797202,HIGH,32.82666666666667,5941.953060513286,6910.668397797202,
2025-06-15 20:45:00,6098.643333333333,6032.164558289516,6510.242787560639,7013.028630654982,HIGH,32.585,6032.164558289517,7013.028630654982,
2025-06-15 21:00:00,6171.9766666666665,6108.951847027553,6590.350685582368,7100.488359360778,HIGH,32.343333333333334,6108.951847027553,7100.488359360777,
2025-06-15 21:15:00,6335.373333333334,6220.503116381291,6705.299831891655,7225.946101067036,HIGH,32.130833333333335,6220.503116381291,7225.946101067036,
2025-06-15 21:30:00,6454.666666666667,6339.159085953123,6827.471467593814,7359.3488413489995,HIGH,31.918333333333333,6339.159085953123,7359.3488413489995,
2025-06-15 21:45:00,6600.389999999999,6477.256315488884,6969.478054400936,7514.429475142509,HIGH,31.70583333333333,6477.256315488884,7514.429475142509,
2025-06-15 22:00:00,6711.663333333334,6552.274877389938,7046.8135376494265,7599.158473546443,HIGH,31.493333333333332,6552.274877389938,7599.158473546443,
2025-06-15 22:15:00,6822.829999999999,6594.141843997462,7091.897957590242,7648.90243504766,HIGH,30.995,6594.141843997462,7648.90243504766,
2025-06-15 22:30:00,6960.133333333334,6612.759689352949,7113.055910838875,7672.65990395252,HIGH,30.496666666666666,6612.759689352949,7672.659903952519,
2025-06-15 22:45:00,7070.203333333334,6675.314199841036,7179.058895725683,7745.319719545802,HIGH,29.99833333333333,6675.314199841036,7745.319719545802,
2025-06-15 23:00:00,7150.91,6762.47433840478,7271.150858010737,7846.304159041028,HIGH,29.5,6762.474338404781,7846.304159041028,
2025-06-15 23:15:00,7183.733333333334,6757.314968680545,7267.139015542336,7842.826076315241,HIGH,29.330833333333334,6757.314968680545,7842.826076315241,
2025-06-15 23:30:00,7203.073333333334,6742.507197307965,7253.062980129448,7828.442519697624,HIGH,29.16166666666667,6742.507197307965,7828.442519697624,
2025-06-15 23:45:00,7219.57,6663.292214976622,7172.844064993483,7742.079407582178,HIGH,28.9925,6663.292214976622,7742.079407582178,
2025-06-16 00:00:00,7143.706666666666,6837.5473870138485,7397.442996785775,7910.966773284183,HIGH,28.823333333333334,6837.5473870138485,7910.966773284183,
2025-06-16 00:15:00,7065.263333333333,6818.017520575399,7377.8954138090785,7890.760910809282,HIGH,28.633333333333333,6818.017520575399,7890.760910809281,
2025-06-16 00:30:00,6973.323333333334,6783.328795843078,7342.591587097977,7853.432218612373,HIGH,28.44333333333333,6783.328795843078,7853.432218612372,
2025-06-16 00:45:00,6885.906666666667,6720.303386317961,7278.029256713647,7784.271619542587,HIGH,28.25333333333333,6720.303386317961,7784.271619542587,
2025-06-16 01:00:00,6786.003333333334,6643.714900768188,7199.325293514139,7699.736146787313,HIGH,28.063333333333333,6643.714900768188,7699.7361467873125,
2025-06-16 01:15:00,6717.44,6535.35352815061,7087.468214667135,7579.104158315231,HIGH,27.900833333333335,6535.35352815061,7579.104158315231,
2025-06-16 01:30:00,6636.326666666667,6478.802049625034,7028.3867531433825,7515.959410463284,HIGH,27.738333333333333,6478.802049625034,7515.959410463284,
2025-06-16 01:45:00,6550.593333333333,6424.382921417677,6971.21284100186,7454.901062884159,HIGH,27.575833333333332,6424.382921417678,7454.901062884159,
2025-06-16 02:00:00,6458.013333333333,6348.74527680484,6892.034159419795,7369.883054665692,HIGH,27.413333333333334,6348.745276804841,7369.883054665691,
2025-06-16 02:15:00,6383.133333333334,6265.884430266568,6805.176477606536,7276.500598274928,HIGH,27.415,6265.884430266568,7276.500598274927,
2025-06-16 02:30:00,6295.933333333333,6181.26465230171,6716.232269354387,7180.838353660719,HIGH,27.416666666666668,6181.26465230171,7180.838353660719,
2025-06-16 02:45:00,6229.206666666666,6034.85915910113,6563.742214649299,7015.961590983671,HIGH,27.418333333333333,6034.85915910113,7015.96159098367,
2025-06-16 03:00:00,6158.556666666667,5928.576957712947,6452.046182497134,6895.490999488599,HIGH,27.419999999999998,5928.576957712947,6895.490999488598,
2025-06-16 03:15:00,6075.746666666666,5762.653378949195,6280.079784163001,6709.400393473409,HIGH,27.483333333333334,5762.653378949195,6709.400393473409,
2025-06-16 03:30:00,6007.703333333334,5597.795024467683,6108.922136540108,6524.161333104506,HIGH,27.546666666666667,5597.795024467683,6524.161333104506,
2025-06-16 03:45:00,5936.133333333334,5216.629098181706,5716.020081069896,6097.408216107437,HIGH,27.61,5216.629098181706,6097.408216107437,
2025-06-16 04:00:00,5866.546666666666,5034.142059980072,5526.262683334754,5891.840349962128,HIGH,27.673333333333336,5034.142059980072,5891.840349962128,
2025-06-16 04:15:00,5809.93,4808.551388427497,5292.46661602266,5638.282967124163,HIGH,27.64666666666667,4808.551388427497,5638.2829671241625,
2025-06-16 04:30:00,5744.393333333333,4730.939148117698,5209.919363555417,5549.386766841224,HIGH,27.62,4730.939148117698,5549.386766841224,
2025-06-16 04:45:00,5716.803333333333,4695.918648842442,5170.729350850875,5507.6533569201865,HIGH,27.593333333333334,4695.918648842442,5507.653356920186,
2025-06-16 05:00:00,5656.2,4673.763662768975,5144.471040303136,5479.945109642543,HIGH,27.566666666666666,4673.763662768975,5479.945109642543,
2025-06-16 05:15:00,5582.713333333333,4661.627566742231,5122.490671223695,5456.6296361541,HIGH,27.851666666666667,4661.627566742231,5456.629636154099,
2025-06-16 05:30:00,5496.59,4732.471127417069,5185.250739440719,5525.5313955431575,HIGH,28.136666666666667,4732.471127417069,5525.531395543157,
2025-06-16 05:45:00,5411.240000000001,4756.811230910585,5200.192567983036,5542.290530824134,HIGH,28.421666666666667,4756.811230910585,5542.290530824133,
2025-06-16 06:00:00,5310.7300000000005,4776.976273721942,5210.667578206345,5554.113624701022,HIGH,28.706666666666667,4776.976273721942,5554.113624701022,
2025-06-16 06:15:00,5338.543333333334,4757.850635381595,5191.8774598929585,5534.388666898031,HIGH,28.898333333333333,4757.850635381595,5534.388666898031,
2025-06-16 06:30:00,5352.2266666666665,4725.872602686171,5159.765626481299,5500.079360979864,HIGH,29.09,4725.872602686171,5500.079360979864,
2025-06-16 06:45:00,5291.586666666667,4686.323382584109,5119.755015430907,5457.0891157407505,HIGH,29.28166666666667,4686.32338258411,5457.08911574075,
2025-06-16 07:00:00,5251.669999999999,4650.363380638554,5083.288611345781,5417.877512005527,HIGH,29.473333333333336,4650.363380638554,5417.877512005527,
2025-06-16 07:15:00,5244.993333333333,4637.6665575002025,5067.651593014661,5401.164389381658,HIGH,29.725833333333334,4637.6665575002025,5401.164389381658,
2025-06-16 07:30:00,5198.599999999999,4632.131841386931,5059.251295652198,5392.248438775165,HIGH,29.978333333333335,4632.131841386932,5392.248438775165,
2025-06-16 07:45:00,5191.843333333333,4628.695957359178,5052.9215462621305,5385.502921898671,HIGH,30.230833333333333,4628.695957359178,5385.502921898671,
2025-06-16 08:00:00,5247.306666666666,4634.470890905627,5055.962147897951,5388.8769132473435,HIGH,30.483333333333334,4634.470890905627,5388.8769132473435,
2025-06-16 08:15:00,5298.57,4624.057035701104,5049.93296003985,5382.557422566988,HIGH,30.561666666666667,4624.057035701105,5382.557422566988,
2025-06-16 08:30:00,5350.52,4618.565778170966,5048.920716017737,5381.61684201296,HIGH,30.64,4618.565778170967,5381.61684201296,
2025-06-16 08:45:00,5415.346666666667,4606.90488722685,5041.587366268784,5373.708707931776,HIGH,30.718333333333334,4606.90488722685,5373.708707931776,
2025-06-16 09:00:00,5505.886666666666,4573.622286056484,5012.13105164396,5341.6258259192155,HIGH,30.796666666666663,4573.622286056484,5341.6258259192155,
2025-06-16 09:15:00,5640.063333333334,4615.38186993589,5057.742935614051,5391.146889950223,HIGH,31.025,4615.38186993589,5391.146889950223,
2025-06-16 09:30:00,5823.306666666666,4691.058313170776,5138.132254603707,5478.460884808805,HIGH,31.253333333333334,4691.058313170776,5478.460884808805,
2025-06-16 09:45:00,5909.256666666667,4750.550553892321,5202.021360810239,5547.728517118727,HIGH,31.481666666666666,4750.550553892321,5547.728517118726,
2025-06-16 10:00:00,5995.536666666667,4830.500723973059,5286.944327023919,5639.8268144157055,HIGH,31.71,4830.500723973059,5639.826814415705,
2025-06-16 10:15:00,6078.040000000001,4927.635827201518,5373.755417162719,5733.346483189429,HIGH,31.486666666666668,4927.635827201518,5733.346483189429,
2025-06-16 10:30:00,6133.583333333333,5033.507342254621,5469.634136218972,5836.671366077159,HIGH,31.263333333333332,5033.507342254621,5836.671366077159,
2025-06-16 10:45:00,6189.889999999999,5111.576591311954,5537.187028446208,5909.083320922559,HIGH,31.04,5111.576591311954,5909.083320922559,
2025-06-16 11:00:00,6226.790000000001,5203.920298490468,5619.510421142186,5997.517884789156,HIGH,30.816666666666666,5203.920298490468,5997.517884789155,
2025-06-16 11:15:00,6260.316666666667,5261.747488523445,5682.477407370052,6065.377054069961,HIGH,30.871666666666666,5261.747488523445,6065.37705406996,
2025-06-16 11:30:00,6320.823333333334,5336.317947626241,5762.772666663098,6152.052282520734,HIGH,30.926666666666666,5336.317947626242,6152.052282520734,
2025-06-16 11:45:00,6375.84,5390.4062871092365,5822.296863235679,6216.057758899006,HIGH,30.98166666666667,5390.406287109237,6216.057758899006,
2025-06-16 12:00:00,6391.3,5451.623522817364,5889.332560572734,6288.197793148986,HIGH,31.03666666666667,5451.623522817364,6288.197793148986,
2025-06-16 12:15:00,6332.586666666667,5503.7077405519285,5947.960853903713,6351.167038448799,HIGH,31.025,5503.7077405519285,6351.167038448799,
2025-06-16 12:30:00,6377.486666666667,5531.596230560934,5982.052197456199,6387.3798144931225,HIGH,31.013333333333335,5531.596230560934,6387.3798144931225,
2025-06-16 12:45:00,6374.126666666667,5593.187983568105,6050.896615861606,6461.408086958013,HIGH,31.001666666666665,5593.187983568106,6461.408086958013,
2025-06-16 13:00:00,6252.240000000001,5523.972849721889,5986.069478326441,6389.8426293129505,HIGH,30.99,5523.972849721889,6389.84262931295,
2025-06-16 13:15:00,6211.8,5498.765089421046,5960.093685103139,6360.336241954815,HIGH,30.955000000000002,5498.765089421046,6360.336241954815,
2025-06-16 13:30:00,6240.41,5563.743053607915,6026.724490865273,6431.663888098885,HIGH,30.92,5563.743053607915,6431.663888098885,
2025-06-16 13:45:00,6333.703333333334,5609.992135911384,6074.45538814201,6482.400450165855,HIGH,30.884999999999998,5609.992135911384,6482.400450165855,
2025-06-16 14:00:00,6373.38,5665.045739721682,6131.48098598771,6543.255404324858,HIGH,30.85,5665.045739721682,6543.255404324857,
2025-06-16 14:15:00,6470.23,5750.289550533153,6217.903497174713,6636.061720609498,HIGH,30.851666666666667,5750.2895505331535,6636.061720609498,
2025-06-16 14:30:00,6568.490000000001,5842.497947245846,6311.742344216063,6736.951989058052,HIGH,30.853333333333335,5842.497947245847,6736.951989058052,
2025-06-16 14:45:00,6622.103333333333,5896.297311975603,6366.542644199931,6795.342342415168,HIGH,30.855,5896.297311975603,6795.342342415168,
2025-06-16 15:00:00,6682.04,5925.309272647887,6398.076963591603,6828.805933806115,HIGH,30.856666666666666,5925.309272647887,6828.805933806115,
2025-06-16 15:15:00,6686.243333333333,5925.317877875652,6399.48210915719,6829.45719532319,HIGH,30.80333333333333,5925.317877875652,6829.45719532319,
2025-06-16 15:30:00,6728.506666666667,5957.058736471258,6433.658202017689,6865.825211691539,HIGH,30.75,5957.058736471258,6865.825211691539,
2025-06-16 15:45:00,6702.650000000001,5932.285928834382,6410.250673884779,6839.518983346939,HIGH,30.69666666666667,5932.285928834382,6839.518983346939,
2025-06-16 16:00:00,6695.836666666667,5891.5226907508595,6380.789229966371,6808.811893588733,HIGH,30.64333333333333,5891.52269075086,6808.811893588733,
2025-06-16 16:15:00,6658.3,5835.318164658242,6336.503350210743,6762.030721993893,HIGH,30.614166666666666,5835.318164658242,6762.030721993893,
2025-06-16 16:30:00,6640.433333333333,5779.332217541811,6292.700166846006,6715.824025913408,HIGH,30.585,5779.332217541811,6715.824025913407,
2025-06-16 16:45:00,6614.75,5676.856198535834,6191.807674718484,6605.413023804311,HIGH,30.555833333333336,5676.856198535834,6605.413023804311,
2025-06-16 17:00:00,6532.356666666667,5613.2858814273095,6128.8586479421965,6535.923336260551,HIGH,30.526666666666667,5613.2858814273095,6535.923336260551,
2025-06-16 17:15:00,6439.743333333333,5541.5170032421875,6045.526869575177,6443.863737381477,HIGH,30.305000000000003,5541.5170032421875,6443.863737381477,
2025-06-16 17:30:00,6358.236666666667,5480.466589063274,5973.387476267127,6364.057775935585,HIGH,30.083333333333332,5480.466589063274,6364.057775935585,
2025-06-16 17:45:00,6248.866666666666,5407.598967248716,5889.354709046731,6271.368474741709,HIGH,29.861666666666668,5407.598967248716,6271.368474741709,
2025-06-16 18:00:00,6144.643333333333,5351.407693108104,5826.849786793568,6203.107866535696,HIGH,29.64,5351.407693108104,6203.107866535695,
2025-06-16 18:15:00,6075.186666666666,5290.455453399926,5769.710607574139,6141.122886427607,HIGH,29.638333333333335,5290.455453399926,6141.122886427607,
2025-06-16 18:30:00,5984.843333333333,5246.326627407149,5729.958871687301,6098.14983361622,HIGH,29.636666666666667,5246.32662740715,6098.14983361622,
2025-06-16 18:45:00,5975.293333333334,5226.744188742984,5714.268376783764,6081.1977361306135,HIGH,29.634999999999998,5226.744188742984,6081.1977361306135,
2025-06-16 19:00:00,5929.936666666667,5200.236657519072,5688.574251450827,6052.780405469494,HIGH,29.633333333333333,5200.236657519072,6052.780405469493,
2025-06-16 19:15:00,5972.31,5221.819919964421,5713.669021885056,6079.805802668986,HIGH,29.615,5221.819919964421,6079.805802668986,
2025-06-16 19:30:00,6007.983333333334,5286.036118788993,5782.509727320685,6154.554154426845,HIGH,29.596666666666664,5286.036118788994,6154.554154426845,
2025-06-16 19:45:00,6047.826666666667,5373.867881188108,5875.607569183555,6255.802928111432,HIGH,29.578333333333333,5373.867881188108,6255.802928111432,
2025-06-16 20:00:00,6038.173333333333,5451.113026057025,5957.926447214027,6345.398213831555,HIGH,29.56,5451.113026057026,6345.398213831555,
2025-06-16 20:15:00,6077.133333333334,5522.844298065787,6035.3603791325,6429.784208233998,HIGH,29.555,5522.844298065787,6429.784208233998,
2025-06-16 20:30:00,6145.116666666666,5602.437459086484,6120.866764109177,6523.045649379877,HIGH,29.549999999999997,5602.4374590864845,6523.045649379877,
2025-06-16 20:45:00,6167.23,5686.437595201089,6210.889557064059,6621.309327701132,HIGH,29.544999999999998,5686.437595201089,6621.309327701131,
2025-06-16 21:00:00,6211.493333333333,5754.551304789531,6284.632608492898,6701.927195967581,HIGH,29.540000000000003,5754.551304789531,6701.927195967581,
2025-06-16 21:15:00,6325.72,5906.026876800644,6443.333221338495,6875.1325361114195,HIGH,29.520833333333336,5906.026876800644,6875.1325361114195,
2025-06-16 21:30:00,6460.843333333333,6028.495863436166,6572.283783255807,7016.019768105748,HIGH,29.50166666666667,6028.495863436166,7016.019768105748,
2025-06-16 21:45:00,6609.0233333333335,6169.343251966537,6719.981089027396,7177.399835612011,HIGH,29.4825,6169.343251966537,7177.39983561201,
2025-06-16 22:00:00,6685.886666666666,6276.369888835944,6832.963008968701,7301.050052692626,HIGH,29.463333333333335,6276.369888835944,7301.050052692625,
2025-06-16 22:15:00,6822.04,6382.35211821417,6944.051212781677,7422.684933142518,HIGH,29.425833333333337,6382.35211821417,7422.684933142517,
2025-06-16 22:30:00,6948.07,6504.233730948227,7071.295146958907,7561.982844773594,HIGH,29.388333333333335,6504.233730948227,7561.982844773593,
2025-06-16 22:45:00,7027.493333333333,6605.916562667486,7177.719035230945,7678.673815327564,HIGH,29.35083333333333,6605.916562667486,7678.673815327564,
2025-06-16 23:00:00,7068.503333333333,6688.173718148237,7263.298573058113,7772.840827677555,HIGH,29.313333333333333,6688.173718148237,7772.840827677555,
2025-06-16 23:15:00,7091.873333333333,6714.670936976123,7290.859887230302,7803.864463333989,HIGH,29.2225,6714.670936976123,7803.864463333988,
2025-06-16 23:30:00,7069.420000000001,6723.63956011149,7299.289565736942,7814.249462958739,HIGH,29.131666666666664,6723.639560111491,7814.249462958738,
2025-06-16 23:45:00,7040.15,6722.284578103382,7294.306145380602,7810.451431893457,HIGH,29.040833333333335,6722.284578103382,7810.451431893457,
2025-06-17 00:00:00,6947.579999999999,6574.227018125351,7142.55867394282,7646.356731326212,HIGH,28.95,6574.227018125351,7646.356731326211,
2025-06-17 00:15:00,6873.790000000001,6504.108607952301,7067.657207201656,7566.310041359933,HIGH,28.838333333333335,6504.108607952301,7566.310041359933,
2025-06-17 00:30:00,6770.670000000001,6416.520732035653,6975.017475069547,7466.927851504633,HIGH,28.726666666666667,6416.520732035653,7466.927851504633,
2025-06-17 00:45:00,6667.63,6334.743918887284,6887.386399858828,7373.128965452219,HIGH,28.615,6334.743918887284,7373.128965452219,
2025-06-17 01:00:00,6578.420000000001,6237.001083773822,6781.876604360475,7260.066039466774,HIGH,28.503333333333334,6237.001083773822,7260.066039466774,
2025-06-17 01:15:00,6478.776666666668,6161.724889482897,6700.846740391967,7173.372109900985,HIGH,28.39666666666667,6161.724889482898,7173.372109900985,
2025-06-17 01:30:00,6403.88,6084.37380768918,6617.619859187654,7084.272311601089,HIGH,28.290000000000003,6084.37380768918,7084.272311601088,
2025-06-17 01:45:00,6311.173333333333,6002.239383947826,6528.228438839087,6988.608582704772,HIGH,28.183333333333334,6002.239383947826,6988.608582704771,
2025-06-17 02:00:00,6226.383333333334,5912.007501362198,6429.8480144742225,6883.218496167569,HIGH,28.076666666666668,5912.007501362198,6883.218496167568,
2025-06-17 02:15:00,6133.173333333333,5833.020897226057,6348.035089043136,6795.368120574267,HIGH,27.984166666666667,5833.020897226057,6795.368120574267,
2025-06-17 02:30:00,6056.57,5746.310432187496,6258.028444035827,6698.5872217270335,HIGH,27.891666666666666,5746.310432187497,6698.5872217270335,
2025-06-17 02:45:00,5959.736666666667,5661.946094761295,6170.137340880882,6604.097075001208,HIGH,27.799166666666665,5661.946094761295,6604.097075001208,
2025-06-17 03:00:00,5883.990000000001,5583.77918383024,6088.3052625419905,6516.186677230714,HIGH,27.706666666666667,5583.779183830241,6516.186677230714,
2025-06-17 03:15:00,5789.400000000001,5493.447182371321,5993.014559657662,6413.570365159988,HIGH,27.6525,5493.447182371322,6413.570365159988,
2025-06-17 03:30:00,5715.573333333334,5409.361133365633,5903.836896103653,6317.581970521642,HIGH,27.598333333333333,5409.361133365634,6317.581970521641,
2025-06-17 03:45:00,5655.656666666667,5283.710479135585,5771.825413774543,6174.913200671496,HIGH,27.54416666666667,5283.710479135585,6174.913200671495,
2025-06-17 04:00:00,5589.22,5192.255389987535,5674.552336346199,6070.035225350581,HIGH,27.490000000000002,5192.255389987535,6070.035225350581,
2025-06-17 04:15:00,5532.360000000001,5130.548769457203,5596.330340544608,5985.463533309252,HIGH,27.455833333333334,5130.548769457203,5985.463533309252,
2025-06-17 04:30:00,5480.21,5088.017370072086,5537.48199091043,5921.940928339556,HIGH,27.42166666666667,5088.017370072087,5921.940928339556,
2025-06-17 04:45:00,5413.243333333333,5076.891498377642,5510.537876331482,5893.108788409894,HIGH,27.3875,5076.891498377642,5893.108788409894,
2025-06-17 05:00:00,5350.163333333333,5044.432936413962,5461.511632749456,5840.171739221526,HIGH,27.353333333333335,5044.432936413963,5840.171739221526,
2025-06-17 05:15:00,5284.330000000001,4992.706798538122,5403.6688227336535,5777.968196203295,HIGH,27.683333333333334,4992.706798538122,5777.968196203295,
2025-06-17 05:30:00,5210.326666666667,4947.830314137431,5352.620745017561,5723.0989915739565,HIGH,28.013333333333335,4947.830314137432,5723.0989915739565,
2025-06-17 05:45:00,5122.053333333333,4895.861690112124,5294.105705724981,5660.029715943657,HIGH,28.343333333333334,4895.861690112124,5660.029715943656,
2025-06-17 06:00:00,5084.323333333333,4836.887756491404,5228.226097719196,5588.868747921503,HIGH,28.673333333333336,4836.887756491405,5588.868747921503,
2025-06-17 06:15:00,5083.116666666667,4848.930416566469,5239.910157909645,5602.27905942524,HIGH,28.825,4848.930416566469,5602.27905942524,
2025-06-17 06:30:00,5051.2,4849.21847559235,5239.396478695266,5602.329032657555,HIGH,28.97666666666667,4849.21847559235,5602.329032657555,
2025-06-17 06:45:00,4946.856666666667,4790.0428389161925,5177.853876410472,5535.839323370314,HIGH,29.128333333333337,4790.042838916193,5535.839323370313,
2025-06-17 07:00:00,4971.56,4752.923683033264,5138.7631882310325,5493.718753937839,HIGH,29.28,4752.923683033264,5493.718753937839,
2025-06-17 07:15:00,4983.183333333333,4732.799695138153,5118.756206861345,5472.361759415042,HIGH,29.445000000000004,4732.799695138153,5472.361759415042,
2025-06-17 07:30:00,4977.62,4693.3372131468595,5078.853305586901,5429.2544834283635,HIGH,29.61,4693.3372131468595,5429.2544834283635,
2025-06-17 07:45:00,5012.246666666667,4683.121251422807,5068.816113255263,5418.586579223416,HIGH,29.775,4683.121251422807,5418.586579223416,
2025-06-17 08:00:00,5038.433333333333,4716.505199822514,5103.358544895441,5456.3810913052685,HIGH,29.94,4716.505199822515,5456.3810913052685,
2025-06-17 08:15:00,5133.143333333333,4758.1632893226815,5143.455796852677,5500.03770852147,HIGH,30.176666666666666,4758.163289322682,5500.03770852147,
2025-06-17 08:30:00,5150.503333333333,4803.863881250645,5187.668907113885,5548.091953468229,HIGH,30.413333333333334,4803.863881250645,5548.091953468229,
2025-06-17 08:45:00,5217.5,4858.600709387146,5241.1294414996255,5606.132778239655,HIGH,30.65,4858.600709387146,5606.132778239655,
2025-06-17 09:00:00,5328.423333333333,4931.986048195386,5313.697677307156,5684.899062181365,HIGH,30.886666666666667,4931.9860481953865,5684.899062181365,
2025-06-17 09:15:00,5503.650000000001,5034.946297936908,5415.1418134720525,5794.978646394719,HIGH,30.906666666666666,5034.946297936908,5794.978646394719,
2025-06-17 09:30:00,5704.123333333333,5188.625017448626,5568.5657137429935,5961.584502610337,HIGH,30.926666666666666,5188.625017448626,5961.584502610337,
2025-06-17 09:45:00,5828.8,5253.718150149773,5631.361242783167,6029.41841104578,HIGH,30.946666666666665,5253.718150149773,6029.41841104578,
2025-06-17 10:00:00,5962.7266666666665,5336.524114233326,5712.3800632239245,6117.022274471571,HIGH,30.96666666666667,5336.524114233327,6117.022274471571,
2025-06-17 10:15:00,6025.113333333334,5406.893065298282,5788.317697700216,6199.288622238212,HIGH,31.261666666666667,5406.893065298282,6199.288622238212,
2025-06-17 10:30:00,6125.003333333333,5464.673429440723,5851.489360792404,6267.583387298809,HIGH,31.55666666666667,5464.673429440723,6267.583387298808,
2025-06-17 10:45:00,6233.4766666666665,5520.219998446003,5912.513476344958,6333.473377767049,HIGH,31.851666666666667,5520.219998446003,6333.473377767049,
2025-06-17 11:00:00,6316.72,5561.240549666852,5958.820724658831,6383.274225596018,HIGH,32.14666666666667,5561.240549666852,6383.274225596018,
2025-06-17 11:15:00,6379.593333333333,5592.952503712385,5991.455915318178,6417.974262074125,HIGH,32.16333333333333,5592.952503712385,6417.974262074125,
2025-06-17 11:30:00,6452.496666666667,5626.743186127657,6026.405088817056,6455.139791477427,HIGH,32.18,5626.743186127658,6455.139791477427,
2025-06-17 11:45:00,6545.233333333334,5676.899727947115,6078.310003496786,6510.72006878268,HIGH,32.196666666666665,5676.899727947116,6510.72006878268,
2025-06-17 12:00:00,6638.873333333333,5695.21022667887,6097.821926714593,6530.978900791592,HIGH,32.21333333333333,5695.21022667887,6530.978900791592,
2025-06-17 12:15:00,6720.709999999999,5665.35797913946,6067.528373679654,6496.933312037138,HIGH,32.22,5665.35797913946,6496.9333120371375,
2025-06-17 12:30:00,6701.173333333333,5706.656564904739,6110.3184488716415,6542.440090711603,HIGH,32.22666666666667,5706.656564904739,6542.440090711603,
2025-06-17 12:45:00,6692.206666666666,5708.267451474546,6112.720261124157,6543.933427986005,HIGH,32.233333333333334,5708.267451474546,6543.933427986005,
2025-06-17 13:00:00,6731.28,5596.661856773197,5999.460454467207,6419.4458616021675,HIGH,32.24,5596.661856773197,6419.4458616021675,
2025-06-17 13:15:00,6741.7266666666665,5554.480141878358,5955.746506487428,6370.609838868628,HIGH,32.097500000000004,5554.480141878358,6370.609838868628,
2025-06-17 13:30:00,6846.553333333333,5572.067717548808,5973.497291144819,6388.694348495336,HIGH,31.955000000000002,5572.067717548808,6388.694348495335,
2025-06-17 13:45:00,6985.553333333333,5631.909836145089,6034.786047763687,6454.182643271989,HIGH,31.8125,5631.909836145089,6454.182643271989,
2025-06-17 14:00:00,6997.900000000001,5659.7032806692205,6063.846358857998,6484.635840231419,HIGH,31.67,5659.7032806692205,6484.635840231419,
2025-06-17 14:15:00,6953.7266666666665,5799.182347102134,6207.1801494416095,6639.522123118891,HIGH,31.981666666666666,5799.182347102134,6639.52212311889,
2025-06-17 14:30:00,6860.143333333333,5907.371486797091,6318.763392514285,6759.8396112577775,HIGH,32.29333333333334,5907.371486797091,6759.8396112577775,
2025-06-17 14:45:00,6552.420000000001,5971.052108759798,6385.063129949433,6830.85642266919,HIGH,32.605,5971.052108759798,6830.85642266919,
2025-06-17 15:00:00,6276.676666666666,6036.561495125088,6454.130255925799,6905.035907277338,HIGH,32.916666666666664,6036.561495125088,6905.035907277338,
2025-06-17 15:15:00,6048.490000000001,6041.657790728159,6460.909350078691,6911.382056680016,HIGH,32.91416666666667,6041.657790728159,6911.382056680016,
2025-06-17 15:30:00,5869.816666666667,6080.21910225648,6502.233480498059,6955.3769443189785,HIGH,32.91166666666666,6080.21910225648,6955.3769443189785,
2025-06-17 15:45:00,5727.836666666667,6056.583214324606,6480.154904339733,6930.3606014201605,HIGH,32.909166666666664,6056.583214324606,6930.36060142016,
2025-06-17 16:00:00,5687.413333333334,6043.120006321187,6468.155553949267,6916.229420751136,HIGH,32.906666666666666,6043.120006321187,6916.229420751136,
2025-06-17 16:15:00,5650.0,5994.522354836406,6419.731445865241,6862.450282130993,HIGH,32.6875,5994.522354836406,6862.4502821309925,
2025-06-17 16:30:00,5678.5199999999995,5955.480980158437,6381.3504362423655,6819.656899547106,HIGH,32.468333333333334,5955.480980158437,6819.656899547106,
2025-06-17 16:45:00,5733.186666666666,5901.471279002188,6327.894420283226,6760.500086693557,HIGH,32.24916666666667,5901.471279002188,6760.500086693557,
2025-06-17 17:00:00,5779.153333333333,5824.68231671694,6261.706071770507,6689.752968987864,HIGH,32.03,5824.68231671694,6689.752968987864,
2025-06-17 17:15:00,5814.996666666667,5728.968753215602,6177.090474158363,6599.025558982709,HIGH,31.665000000000003,5728.968753215602,6599.025558982709,
2025-06-17 17:30:00,5805.12,5641.153205601689,6100.779545754557,6517.407063043716,HIGH,31.3,5641.153205601689,6517.407063043716,
2025-06-17 17:45:00,5741.253333333334,5520.811676012043,5991.372564505688,6399.8155040833835,HIGH,30.935,5520.811676012043,6399.8155040833835,
2025-06-17 18:00:00,5721.02,5407.02432285732,5880.345091745141,6278.704526815611,HIGH,30.57,5407.02432285732,6278.704526815611,
2025-06-17 18:15:00,5657.79,5347.421244701528,5821.018975402048,6213.830257581448,HIGH,30.539166666666667,5347.421244701529,6213.830257581447,
2025-06-17 18:30:00,5599.763333333333,5275.31236673359,5749.051586661618,6135.266635835969,HIGH,30.508333333333336,5275.312366733591,6135.266635835969,
2025-06-17 18:45:00,5502.943333333334,5266.41898698427,5741.954404057013,6127.425854940015,HIGH,30.4775,5266.41898698427,6127.425854940015,
2025-06-17 19:00:00,5368.8533333333335,5230.07736075229,5705.667352599775,6087.617388502799,HIGH,30.446666666666665,5230.07736075229,6087.617388502799,
2025-06-17 19:15:00,5347.73,5261.035772751367,5739.836582255412,6124.669438054947,HIGH,30.396666666666665,5261.035772751367,6124.669438054947,
2025-06-17 19:30:00,5323.426666666667,5295.441775242937,5777.631829912072,6165.753841358445,HIGH,30.346666666666664,5295.441775242937,6165.753841358445,
2025-06-17 19:45:00,5326.363333333334,5351.271141622754,5837.439730312795,6230.894423231471,HIGH,30.296666666666667,5351.271141622754,6230.894423231471,
2025-06-17 20:00:00,5297.09,5359.569399096659,5848.034251126156,6242.395972116135,HIGH,30.246666666666666,5359.569399096659,6242.395972116135,
2025-06-17 20:15:00,5326.453333333334,5402.18121461263,5895.239883739752,6293.903008120276,HIGH,30.19333333333333,5402.18121461263,6293.903008120276,
2025-06-17 20:30:00,5291.606666666667,5466.914121245355,5965.117253710091,6370.184115542219,HIGH,30.14,5466.914121245356,6370.184115542219,
2025-06-17 20:45:00,5352.373333333333,5505.530765037118,6008.259814020552,6417.434875412457,HIGH,30.086666666666666,5505.530765037119,6417.434875412457,
2025-06-17 21:00:00,5322.303333333333,5551.560986147739,6059.28274094734,6473.415417507389,HIGH,30.033333333333335,5551.560986147739,6473.415417507389,
2025-06-17 21:15:00,5417.866666666667,5678.27211819182,6188.205884114547,6614.144621854576,HIGH,29.880000000000003,5678.2721181918205,6614.144621854576,
2025-06-17 21:30:00,5494.45,5819.127225786088,6331.558678833733,6770.667426379562,HIGH,29.726666666666667,5819.127225786089,6770.667426379562,
2025-06-17 21:45:00,5589.316666666667,5966.407167372196,6481.419556722321,6934.355161516022,HIGH,29.573333333333334,5966.407167372197,6934.355161516021,
2025-06-17 22:00:00,5665.2300000000005,6059.002118431376,6575.811995171468,7037.843420599677,HIGH,29.42,6059.002118431376,7037.843420599677,
2025-06-17 22:15:00,5744.4766666666665,6186.458192770301,6708.306935449,7182.987254635871,HIGH,29.302500000000002,6186.458192770301,7182.987254635871,
2025-06-17 22:30:00,5816.88,6311.396237088622,6838.100937116622,7325.259202079304,HIGH,29.185,6311.396237088622,7325.259202079304,
2025-06-17 22:45:00,5858.613333333334,6395.581967753769,6926.031158165065,7422.00757547082,HIGH,29.0675,6395.581967753769,7422.00757547082,
2025-06-17 23:00:00,5920.536666666667,6445.886862917141,6979.725686637124,7481.666195748449,HIGH,28.95,6445.886862917141,7481.666195748449,
2025-06-17 23:15:00,5937.636666666666,6465.025317822185,7001.55934105645,7506.477101784371,HIGH,28.808333333333334,6465.025317822186,7506.4771017843705,
2025-06-17 23:30:00,5909.173333333333,6448.070097374477,6985.64401095367,7490.103332632882,HIGH,28.666666666666668,6448.070097374477,7490.103332632882,
2025-06-17 23:45:00,5904.59,6419.77240012788,6954.15536879625,7457.351991411022,HIGH,28.525,6419.77240012788,7457.351991411021,
2025-06-18 00:00:00,5825.666666666667,6266.149064524876,6795.330725045816,7285.808756274118,HIGH,28.383333333333333,6266.149064524876,7285.808756274118,
2025-06-18 00:15:00,5745.926666666666,6194.0736992634165,6722.703174434186,7207.824354028446,HIGH,28.249166666666667,6194.0736992634165,7207.824354028446,
2025-06-18 00:30:00,5675.75,6096.146705368317,6623.371587008167,7100.794972342186,HIGH,28.115000000000002,6096.146705368318,7100.794972342186,
2025-06-18 00:45:00,5589.936666666666,5998.76067376883,6524.3478753330555,6994.131479225066,HIGH,27.980833333333333,5998.76067376883,6994.131479225066,
2025-06-18 01:00:00,5525.69,5906.638035859566,6430.458012155458,6893.084116949909,HIGH,27.846666666666664,5906.638035859566,6893.084116949909,
2025-06-18 01:15:00,5461.919999999999,5812.933184664305,6335.763239472485,6791.218564058342,HIGH,27.71833333333333,5812.933184664305,6791.218564058342,
2025-06-18 01:30:00,5391.46,5733.085412846065,6254.986094171902,6704.523889899788,HIGH,27.59,5733.085412846065,6704.523889899787,
2025-06-18 01:45:00,5322.316666666667,5641.000252725867,6161.404041142027,6603.893746114777,HIGH,27.46166666666667,5641.000252725867,6603.893746114776,
2025-06-18 02:00:00,5244.53,5551.345948165338,6070.030628528844,6505.672351780585,HIGH,27.333333333333336,5551.345948165338,6505.672351780584,
2025-06-18 02:15:00,5181.22,5460.55812861443,5977.572512827722,6406.280480599524,HIGH,27.214166666666667,5460.55812861443,6406.280480599523,
2025-06-18 02:30:00,5109.873333333333,5380.493141585094,5895.807324901691,6318.525650399557,HIGH,27.095000000000002,5380.493141585094,6318.525650399557,
2025-06-18 02:45:00,5039.25,5287.539414574549,5800.559459403534,6216.075107015769,HIGH,26.975833333333338,5287.539414574549,6216.075107015769,
2025-06-18 03:00:00,4981.77,5206.86318781886,5717.595702335619,6126.983430379984,HIGH,26.85666666666667,5206.86318781886,6126.983430379984,
2025-06-18 03:15:00,4916.0,5121.779739729128,5627.678730900606,6030.219113356854,HIGH,26.816666666666666,5121.779739729128,6030.219113356854,
2025-06-18 03:30:00,4851.793333333334,5054.672798931681,5555.885127551761,5953.161965132149,HIGH,26.776666666666667,5054.672798931682,5953.161965132149,
2025-06-18 03:45:00,4794.05,4994.682957259704,5491.100469189495,5883.7032253384305,HIGH,26.736666666666665,4994.682957259704,5883.7032253384305,
2025-06-18 04:00:00,4747.08,4929.575760959352,5420.803682266282,5808.2024379040895,HIGH,26.696666666666665,4929.575760959352,5808.2024379040895,
2025-06-18 04:15:00,4690.5199999999995,4865.736634052911,5352.257565396321,5734.589517306371,HIGH,26.507499999999997,4865.736634052911,5734.589517306371,
2025-06-18 04:30:00,4660.906666666667,4807.120556385501,5288.800163268921,5666.469389473071,HIGH,26.31833333333333,4807.120556385501,5666.469389473071,
2025-06-18 04:45:00,4617.099999999999,4743.4495978630375,5219.917006335677,5592.387357305889,HIGH,26.129166666666666,4743.4495978630375,5592.387357305888,
2025-06-18 05:00:00,4572.0,4676.424378218705,5147.358935363704,5514.245878111859,HIGH,25.94,4676.424378218705,5514.245878111859,
2025-06-18 05:15:00,4511.49,4614.659117757667,5084.628135721789,5446.911011475869,HIGH,26.23916666666667,4614.659117757667,5446.911011475868,
2025-06-18 05:30:00,4473.29,4542.599736302507,5011.139414620481,5367.795638387852,HIGH,26.538333333333334,4542.599736302508,5367.795638387852,
2025-06-18 05:45:00,4424.416666666667,4473.302940212934,4940.273492278384,5291.46794611953,HIGH,26.8375,4473.302940212934,5291.46794611953,
2025-06-18 06:00:00,4401.8533333333335,4439.38538218398,4905.438421005108,5254.306185709464,HIGH,27.136666666666667,4439.38538218398,5254.306185709464,
2025-06-18 06:15:00,4415.583333333333,4434.283737385229,4899.928655461095,5249.005196087822,HIGH,27.24,4434.283737385229,5249.005196087821,
2025-06-18 06:30:00,4421.206666666666,4413.06215723074,4877.751702914062,5225.476638513332,HIGH,27.343333333333334,4413.062157230741,5225.476638513332,
2025-06-18 06:45:00,4403.803333333333,4340.972202703557,4803.346147174398,5144.991949221513,HIGH,27.44666666666667,4340.972202703557,5144.991949221513,
2025-06-18 07:00:00,4432.046666666666,4346.341364095436,4808.116494382135,5150.648839459657,HIGH,27.55,4346.341364095437,5150.648839459657,
2025-06-18 07:15:00,4433.05,4354.795456857925,4814.134841627641,5157.518415990662,HIGH,27.685,4354.795456857925,5157.518415990662,
2025-06-18 07:30:00,4453.306666666666,4344.738997934592,4801.104957818216,5143.560844451755,HIGH,27.82,4344.738997934592,5143.560844451755,
2025-06-18 07:45:00,4465.826666666667,4366.902231872733,4820.984865758808,5165.357651720942,HIGH,27.955000000000002,4366.902231872733,5165.357651720942,
2025-06-18 08:00:00,4518.53,4388.132167599605,4839.849071619318,5185.963552485146,HIGH,28.09,4388.132167599605,5185.963552485146,
2025-06-18 08:15:00,4587.5233333333335,4453.655944159299,4909.053031677984,5261.48352160035,HIGH,28.23,4453.6559441593,5261.48352160035,
2025-06-18 08:30:00,4630.28,4464.242770113475,4921.986736127933,5275.640623547242,HIGH,28.37,4464.242770113475,5275.640623547242,
2025-06-18 08:45:00,4662.676666666667,4511.293389074797,4972.249569160609,5330.3652893086755,HIGH,28.51,4511.293389074797,5330.3652893086755,
2025-06-18 09:00:00,4755.7,4605.234998131562,5070.536166615748,5437.305014915815,HIGH,28.650000000000002,4605.234998131562,5437.305014915815,
2025-06-18 09:15:00,4950.553333333333,4769.0969034884265,5239.7250300271835,5621.350324450527,HIGH,28.85666666666667,4769.096903488427,5621.350324450526,
2025-06-18 09:30:00,5126.783333333333,4945.882548030904,5422.197522043188,5819.781803630029,HIGH,29.063333333333333,4945.882548030904,5819.781803630029,
2025-06-18 09:45:00,5293.316666666667,5061.231085457732,5541.837614189634,5949.711155596892,HIGH,29.27,5061.231085457732,5949.711155596892,
2025-06-18 10:00:00,5458.1033333333335,5184.650469795362,5669.8290517842715,6088.659910657639,HIGH,29.476666666666667,5184.650469795363,6088.659910657639,
2025-06-18 10:15:00,5550.400000000001,5255.743891517043,5742.555353681061,6167.288537486743,HIGH,29.685,5255.743891517043,6167.288537486742,
2025-06-18 10:30:00,5642.323333333334,5341.8712577264305,5830.797013411098,6262.743957018092,HIGH,29.893333333333334,5341.871257726431,6262.743957018092,
2025-06-18 10:45:00,5707.203333333334,5436.444706018524,5927.825718060474,6367.702376195702,HIGH,30.101666666666667,5436.444706018524,6367.702376195701,
2025-06-18 11:00:00,5750.330000000001,5509.332579005442,6002.807242391326,6448.588939744905,HIGH,30.310000000000002,5509.332579005442,6448.588939744905,
2025-06-18 11:15:00,5800.459999999999,5544.970041147205,6037.4702548172845,6485.26325168776,HIGH,30.464166666666667,5544.970041147205,6485.26325168776,
2025-06-18 11:30:00,5830.296666666666,5611.763990998611,6103.000919077106,6555.237098970427,HIGH,30.618333333333332,5611.763990998612,6555.237098970427,
2025-06-18 11:45:00,5829.936666666666,5691.380064418348,6181.859070526691,6639.674524546454,HIGH,30.7725,5691.380064418348,6639.6745245464535,
2025-06-18 12:00:00,5840.62,5787.611814290797,6277.941762825468,6742.824011356422,HIGH,30.926666666666666,5787.611814290798,6742.824011356422,
2025-06-18 12:15:00,5852.240000000001,5841.808448386651,6331.156523369164,6799.302072964867,HIGH,30.994166666666665,5841.808448386652,6799.302072964867,
2025-06-18 12:30:00,5906.633333333334,5844.601046591047,6331.977107392208,6798.687137623345,HIGH,31.061666666666667,5844.601046591047,6798.687137623344,
2025-06-18 12:45:00,5919.7699999999995,5840.887983961176,6326.382858972045,6791.055836170904,HIGH,31.129166666666666,5840.887983961176,6791.055836170904,
2025-06-18 13:00:00,5821.703333333334,5837.986963170893,6321.875096816801,6784.582350168286,HIGH,31.196666666666665,5837.986963170893,6784.582350168285,
2025-06-18 13:15:00,5835.093333333333,5838.4844621610255,6320.890093882007,6782.134925070285,HIGH,31.110833333333336,5838.4844621610255,6782.134925070285,
2025-06-18 13:30:00,5769.389999999999,5920.688341951623,6403.830113765545,6871.067294606322,HIGH,31.025000000000002,5920.688341951624,6871.067294606322,
2025-06-18 13:45:00,5932.703333333334,6046.087756348989,6531.2715399578365,7008.452629565291,HIGH,30.939166666666665,6046.087756348989,7008.45262956529,
2025-06-18 14:00:00,6127.916666666667,6071.223860039786,6556.338564997715,7034.34867368562,HIGH,30.85333333333333,6071.223860039786,7034.348673685619,
2025-06-18 14:15:00,6263.836666666667,6081.302814916186,6566.3278250534895,7043.774594434455,HIGH,31.034166666666664,6081.302814916186,7043.774594434454,
2025-06-18 14:30:00,6302.79,6051.385676018496,6535.65272834191,7008.92457966748,HIGH,31.215,6051.385676018496,7008.92457966748,
2025-06-18 14:45:00,6369.046666666666,5864.389663651031,6344.438965506344,6799.260986246658,HIGH,31.395833333333336,5864.389663651031,6799.260986246658,
2025-06-18 15:00:00,6402.433333333333,5707.616112815537,6184.454680782188,6623.624833962143,HIGH,31.576666666666668,5707.616112815537,6623.624833962143,
2025-06-18 15:15:00,6427.053333333333,5564.134900991801,6037.4807529472155,6462.3126564140985,HIGH,31.616666666666667,5564.134900991801,6462.3126564140985,
2025-06-18 15:30:00,6444.1466666666665,5456.455780776589,5927.444676353673,6341.254993277667,HIGH,31.656666666666666,5456.455780776589,6341.254993277667,
2025-06-18 15:45:00,6394.32,5360.425954672129,5829.613626782628,6233.522942588904,HIGH,31.696666666666665,5360.425954672129,6233.522942588904,
2025-06-18 16:00:00,6393.606666666667,5335.377845219673,5804.729933862878,6205.269921745833,HIGH,31.736666666666665,5335.377845219673,6205.269921745833,
2025-06-18 16:15:00,6349.613333333334,5299.081059805511,5767.158184540307,6163.1926574867075,HIGH,31.65,5299.081059805511,6163.1926574867075,
2025-06-18 16:30:00,6352.036666666667,5321.998074085642,5790.471389265636,6187.467944182875,HIGH,31.563333333333333,5321.998074085642,6187.467944182875,
2025-06-18 16:45:00,6307.606666666667,5350.973089115868,5820.237393117073,6218.823586764242,HIGH,31.476666666666667,5350.973089115868,6218.823586764242,
2025-06-18 17:00:00,6282.57,5366.2629616152,5836.232517310255,6235.240202168998,HIGH,31.39,5366.2629616152,6235.240202168998,
2025-06-18 17:15:00,6259.876666666667,5371.727452838102,5837.366691612419,6235.355747761826,HIGH,31.121666666666666,5371.727452838102,6235.355747761825,
2025-06-18 17:30:00,6148.756666666667,5345.247302817354,5806.01262999472,6200.156722354829,HIGH,30.85333333333333,5345.247302817354,6200.156722354829,
2025-06-18 17:45:00,6082.893333333333,5282.8006267493565,5738.039914430402,6125.1485203440825,HIGH,30.584999999999997,5282.8006267493565,6125.148520344082,
2025-06-18 18:00:00,6010.536666666667,5247.957493313031,5698.52126879635,6081.198483434618,HIGH,30.316666666666666,5247.957493313032,6081.198483434617,
2025-06-18 18:15:00,5909.013333333333,5184.393575182031,5633.727796658372,6009.939227605707,HIGH,30.1975,5184.393575182032,6009.939227605707,
2025-06-18 18:30:00,5828.62,5126.538813397963,5574.942435272056,5945.299802717991,HIGH,30.078333333333333,5126.538813397963,5945.299802717991,
2025-06-18 18:45:00,5751.723333333332,5059.786278778845,5507.19410632286,5870.978871922177,HIGH,29.95916666666667,5059.786278778845,5870.978871922177,
2025-06-18 19:00:00,5779.2266666666665,4961.988788594665,5407.791013232269,5762.266895014716,HIGH,29.84,4961.9887885946655,5762.266895014716,
2025-06-18 19:15:00,5796.543333333334,4962.135236727572,5407.703361282606,5761.753608142854,HIGH,29.75583333333333,4962.135236727572,5761.753608142853,
2025-06-18 19:30:00,5878.123333333334,4968.46158944335,5414.039207158231,5768.319131331474,HIGH,29.671666666666667,4968.46158944335,5768.319131331474,
2025-06-18 19:45:00,5945.683333333333,4991.930207730643,5438.004503199225,5794.167524258492,HIGH,29.587500000000002,4991.930207730643,5794.167524258492,
2025-06-18 20:00:00,5907.743333333333,4990.648097343104,5436.688909990358,5792.56982839534,HIGH,29.503333333333334,4990.648097343104,5792.56982839534,
2025-06-18 20:15:00,5962.556666666666,5042.408005205854,5490.440820700812,5851.051076025569,HIGH,29.445833333333333,5042.408005205854,5851.051076025569,
2025-06-18 20:30:00,5968.25,5050.181645153221,5499.180448186691,5860.5984777764525,HIGH,29.38833333333333,5050.181645153221,5860.5984777764525,
2025-06-18 20:45:00,5999.876666666667,5121.009658542483,5572.482623368686,5940.538379608612,HIGH,29.33083333333333,5121.009658542483,5940.538379608612,
2025-06-18 21:00:00,6023.953333333334,5126.582702177896,5578.959073267098,5947.787880971486,HIGH,29.27333333333333,5126.582702177897,5947.787880971486,
2025-06-18 21:15:00,6113.889999999999,5233.091002297002,5690.182459763818,6069.239388788716,HIGH,29.144166666666663,5233.091002297002,6069.239388788716,
2025-06-18 21:30:00,6201.110000000001,5311.207226957556,5772.284961320447,6159.0579503931185,HIGH,29.015,5311.207226957556,6159.0579503931185,
2025-06-18 21:45:00,6284.509999999999,5418.408628832955,5884.096338810565,6281.307112402193,HIGH,28.885833333333334,5418.408628832955,6281.307112402192,
2025-06-18 22:00:00,6348.38,5492.7394850096525,5962.165198859754,6366.885877933061,HIGH,28.756666666666668,5492.7394850096525,6366.885877933061,
2025-06-18 22:15:00,6384.893333333333,5586.862573550606,6058.955194664548,6472.873326493251,HIGH,28.83666666666667,5586.862573550606,6472.873326493251,
2025-06-18 22:30:00,6405.603333333333,5674.212405124766,6148.687537683872,6571.244425507955,HIGH,28.916666666666668,5674.212405124766,6571.2444255079545,
2025-06-18 22:45:00,6438.670000000001,5730.8689888429835,6206.855074758194,6635.307536764373,HIGH,28.996666666666663,5730.8689888429835,6635.307536764373,
2025-06-18 23:00:00,6464.673333333333,5791.9760798483585,6269.423667490624,6704.2258689706705,HIGH,29.076666666666664,5791.9760798483585,6704.22586897067,
2025-06-18 23:15:00,6480.610000000001,5798.790455349741,6276.5580686554395,6713.043419356231,HIGH,28.958333333333332,5798.790455349741,6713.043419356231,
2025-06-18 23:30:00,6437.546666666666,5775.089571547767,6251.925822781336,6687.369293867222,HIGH,28.84,5775.089571547767,6687.369293867221,
2025-06-18 23:45:00,6388.6900000000005,5763.702808940654,6239.058378789584,6674.648073971795,HIGH,28.721666666666668,5763.702808940654,6674.648073971795,
2025-06-19 00:00:00,6288.653333333333,5618.660511939244,6091.229586244172,6514.7032550505955,HIGH,28.603333333333335,5618.660511939244,6514.7032550505955,
2025-06-19 00:15:00,6202.153333333333,5550.551442705741,6022.662927882939,6441.1411655986085,HIGH,28.495833333333334,5550.551442705741,6441.1411655986085,
2025-06-19 00:30:00,6106.936666666667,5477.9904643343625,5949.302335848505,6362.394205139791,HIGH,28.388333333333335,5477.9904643343625,6362.39420513979,
2025-06-19 00:45:00,6025.110000000001,5397.346336743579,5867.419822855142,6274.397482169552,HIGH,28.280833333333334,5397.346336743579,6274.397482169552,
2025-06-19 01:00:00,5929.866666666666,5333.328649466495,5802.305213822861,6204.6863796870475,HIGH,28.173333333333336,5333.328649466496,6204.6863796870475,
2025-06-19 01:15:00,5841.03,5267.389700021637,5735.3198179236,6132.970786050782,HIGH,28.0475,5267.389700021637,6132.970786050782,
2025-06-19 01:30:00,5746.496666666666,5194.972207703038,5661.431422246516,6053.752402361028,HIGH,27.921666666666667,5194.972207703038,6053.752402361028,
2025-06-19 01:45:00,5632.71,5126.226050523133,5591.02626558423,5978.336345393582,HIGH,27.795833333333334,5126.226050523133,5978.336345393581,
2025-06-19 02:00:00,5552.983333333334,5049.2873347311515,5511.952966572365,5893.4842184098225,HIGH,27.669999999999998,5049.2873347311515,5893.4842184098225,
2025-06-19 02:15:00,5486.47,4986.12501392599,5446.341733877755,5823.277490726877,HIGH,27.60083333333333,4986.12501392599,5823.277490726876,
2025-06-19 02:30:00,5419.456666666667,4921.1269678097415,5378.565349324408,5750.705351716333,HIGH,27.531666666666663,4921.126967809742,5750.705351716333,
2025-06-19 02:45:00,5350.746666666667,4850.039982060038,5304.268262891574,5671.019092993668,HIGH,27.462500000000002,4850.039982060039,5671.019092993667,
2025-06-19 03:00:00,5294.41,4793.17032523131,5244.241378499193,5606.8545575146545,HIGH,27.393333333333334,4793.17032523131,5606.8545575146545,
2025-06-19 03:15:00,5229.143333333333,4736.954101433816,5184.2394861876355,5542.680549899976,HIGH,27.351666666666667,4736.954101433816,5542.680549899975,
2025-06-19 03:30:00,5171.026666666667,4690.285145150465,5133.730684683263,5488.815336719029,HIGH,27.310000000000002,4690.285145150465,5488.815336719029,
2025-06-19 03:45:00,5104.74,4646.6812164228795,5086.08211462531,5438.03058176633,HIGH,27.268333333333334,4646.6812164228795,5438.03058176633,
2025-06-19 04:00:00,5040.110000000001,4606.440740244258,5041.604490567869,5390.659649793047,HIGH,27.226666666666667,4606.440740244258,5390.659649793047,
2025-06-19 04:15:00,4996.17,4551.199459121942,4983.298762556123,5328.249635105389,HIGH,27.041666666666664,4551.199459121942,5328.249635105389,
2025-06-19 04:30:00,4949.16,4514.8114839053205,4944.03708778876,5286.529780704227,HIGH,26.85666666666667,4514.8114839053205,5286.529780704226,
2025-06-19 04:45:00,4899.54,4467.544018108428,4893.386131457086,5232.353739665365,HIGH,26.67166666666667,4467.544018108428,5232.353739665365,
2025-06-19 05:00:00,4836.723333333333,4418.831128805559,4841.0146245096375,5176.246553912528,HIGH,26.486666666666668,4418.831128805559,5176.246553912528,
2025-06-19 05:15:00,4771.723333333333,4370.008755017753,4794.769739305061,5126.979871767738,HIGH,26.866666666666667,4370.008755017753,5126.979871767737,
2025-06-19 05:30:00,4694.953333333334,4329.96891851043,4757.298569514582,5087.2026411755505,HIGH,27.24666666666667,4329.96891851043,5087.2026411755505,
2025-06-19 05:45:00,4631.509999999999,4282.656912906925,4712.176114970333,5039.024611590917,HIGH,27.62666666666667,4282.656912906925,5039.024611590916,
2025-06-19 06:00:00,4600.016666666666,4257.487087968626,4689.5317500731135,5015.253552894936,HIGH,28.006666666666668,4257.487087968626,5015.253552894936,
2025-06-19 06:15:00,4622.06,4270.503957085832,4701.135140968608,5028.537675824191,HIGH,28.31083333333333,4270.503957085832,5028.537675824191,
2025-06-19 06:30:00,4627.21,4273.932734376209,4702.758972960543,5030.877059666788,HIGH,28.615000000000002,4273.932734376209,5030.877059666787,
2025-06-19 06:45:00,4604.429999999999,4253.202228272372,4679.500304976843,5006.040225825027,HIGH,28.91916666666667,4253.202228272372,5006.040225825027,
2025-06-19 07:00:00,4620.876666666667,4279.663285949524,4704.42810620952,5033.597469533977,HIGH,29.223333333333333,4279.663285949524,5033.597469533977,
2025-06-19 07:15:00,4642.033333333334,4281.390186498244,4706.074415156891,5035.795354414625,HIGH,29.485833333333332,4281.390186498244,5035.795354414625,
2025-06-19 07:30:00,4677.863333333334,4296.852378261932,4721.687399808773,5053.119333897677,HIGH,29.748333333333335,4296.852378261932,5053.119333897676,
2025-06-19 07:45:00,4670.580000000001,4311.191279931907,4736.071962589337,5069.021168030498,HIGH,30.010833333333334,4311.191279931907,5069.021168030498,
2025-06-19 08:00:00,4703.830000000001,4351.157962487103,4776.635384539118,5113.346980446207,HIGH,30.273333333333333,4351.157962487103,5113.346980446207,
2025-06-19 08:15:00,4756.633333333334,4411.5994594263775,4839.198368211388,5181.583804837412,HIGH,30.465833333333332,4411.5994594263775,5181.583804837412,
2025-06-19 08:30:00,4794.206666666666,4444.927699650303,4873.9783857005405,5219.480428192841,HIGH,30.65833333333333,4444.927699650303,5219.48042819284,
2025-06-19 08:45:00,4899.163333333334,4476.569886456534,4907.027810912329,5255.408568448363,HIGH,30.850833333333334,4476.569886456534,5255.408568448363,
2025-06-19 09:00:00,4993.423333333333,4562.941358850951,4996.126239509696,5352.291256019497,HIGH,31.043333333333333,4562.941358850951,5352.291256019497,
2025-06-19 09:15:00,5160.599999999999,4733.556991608237,5171.87053574658,5543.462653833523,HIGH,31.1775,4733.556991608237,5543.462653833523,
2025-06-19 09:30:00,5357.443333333334,4895.960877460397,5339.2588928227215,5725.454725958395,HIGH,31.311666666666667,4895.960877460397,5725.454725958395,
2025-06-19 09:45:00,5508.62,5033.232524046467,5480.985589546172,5879.423616575273,HIGH,31.445833333333333,5033.232524046467,5879.423616575272,
2025-06-19 10:00:00,5649.403333333333,5174.05031555966,5626.431015520897,6037.366989955071,HIGH,31.58,5174.050315559661,6037.366989955071,
2025-06-19 10:15:00,5751.150000000001,5273.335251716284,5727.661828834478,6147.024257773337,HIGH,32.052499999999995,5273.335251716284,6147.024257773337,
2025-06-19 10:30:00,5836.473333333332,5375.643392701482,5832.11080399303,6260.11666843165,HIGH,32.525000000000006,5375.643392701483,6260.11666843165,
2025-06-19 10:45:00,5921.656666666667,5458.859099302582,5917.151513554702,6352.007377717466,HIGH,32.9975,5458.859099302582,6352.007377717466,
2025-06-19 11:00:00,5967.363333333334,5520.127988743117,5979.877570320118,6419.5349537719985,HIGH,33.47,5520.127988743118,6419.5349537719985,
2025-06-19 11:15:00,6012.93,5577.652379104645,6037.8627110681955,6481.802753279695,HIGH,33.67583333333333,5577.652379104645,6481.802753279694,
2025-06-19 11:30:00,6076.453333333334,5619.618943991392,6080.104648725632,6526.871765196605,HIGH,33.88166666666667,5619.618943991392,6526.871765196605,
2025-06-19 11:45:00,6092.29,5643.95317448678,6104.493276313414,6552.448458491812,HIGH,34.087500000000006,5643.95317448678,6552.448458491812,
2025-06-19 12:00:00,6146.136666666666,5672.417657700084,6133.323243463804,6582.816303253307,HIGH,34.29333333333334,5672.417657700084,6582.816303253307,
2025-06-19 12:15:00,6176.503333333334,5698.056080380975,6159.84381400376,6610.641310923266,HIGH,34.31583333333333,5698.056080380975,6610.641310923265,
2025-06-19 12:30:00,6230.540000000001,5736.267494578829,6199.473088538048,6652.705976799621,HIGH,34.33833333333334,5736.267494578829,6652.705976799621,
2025-06-19 12:45:00,6227.69,5749.985348846627,6214.2706198579335,6667.698255596841,HIGH,34.36083333333334,5749.985348846627,6667.698255596841,
2025-06-19 13:00:00,6175.873333333334,5671.865354354697,6135.295045500298,6580.546227752387,HIGH,34.38333333333333,5671.865354354697,6580.546227752386,
2025-06-19 13:15:00,6171.82,5677.092189272176,6140.120341989013,6584.569455787665,HIGH,34.34583333333334,5677.092189272176,6584.569455787665,
2025-06-19 13:30:00,6253.860000000001,5654.5443690854145,6116.778500968857,6557.904084586528,HIGH,34.30833333333334,5654.5443690854145,6557.904084586528,
2025-06-19 13:45:00,6361.43,5791.808062628553,6257.335338310684,6709.715341386575,HIGH,34.270833333333336,5791.808062628553,6709.715341386575,
2025-06-19 14:00:00,6484.403333333333,5927.721783109275,6394.600399009481,6858.247914674085,HIGH,34.233333333333334,5927.721783109275,6858.247914674085,
2025-06-19 14:15:00,6591.389999999999,6026.33852760675,6490.794338680215,6962.376784972767,HIGH,34.31583333333334,6026.338527606751,6962.376784972767,
2025-06-19 14:30:00,6654.670000000001,6030.362509942711,6479.809592860066,6951.296459382676,HIGH,34.39833333333333,6030.362509942712,6951.296459382676,
2025-06-19 14:45:00,6685.856666666667,6033.419256016036,6474.285466341613,6945.3042803183325,HIGH,34.48083333333333,6033.419256016036,6945.3042803183325,
2025-06-19 15:00:00,6733.09,6036.913158499869,6480.849340291926,6951.105698247342,HIGH,34.56333333333333,6036.9131584998695,6951.105698247342,
2025-06-19 15:15:00,6752.21,6012.027966420862,6457.8479724048,6924.783132012557,HIGH,34.20333333333333,6012.027966420862,6924.783132012557,
2025-06-19 15:30:00,6768.45,5982.10824492527,6429.600762405512,6892.8297791795585,HIGH,33.843333333333334,5982.108244925271,6892.8297791795585,
2025-06-19 15:45:00,6717.34,5912.392271844049,6360.038691504291,6816.038669485958,HIGH,33.48333333333333,5912.392271844049,6816.038669485958,
2025-06-19 16:00:00,6622.106666666667,5881.19319955945,6331.402470393566,6784.116070819309,HIGH,33.123333333333335,5881.1931995594505,6784.116070819309,
2025-06-19 16:15:00,6620.613333333334,5811.882312828563,6263.652481359509,6709.629961207668,HIGH,32.815,5811.882312828563,6709.629961207667,
2025-06-19 16:30:00,6594.68,5795.415478709997,6248.4393876811755,6692.013997676215,HIGH,32.50666666666667,5795.415478709997,6692.013997676214,
2025-06-19 16:45:00,6550.2300000000005,5748.237052590205,6202.032545014129,6640.481288629392,HIGH,32.19833333333333,5748.237052590205,6640.481288629392,
2025-06-19 17:00:00,6512.106666666667,5712.765297370296,6167.852231267957,6602.320737602006,HIGH,31.89,5712.765297370296,6602.3207376020055,
2025-06-19 17:15:00,6440.826666666667,5688.979008608956,6140.116107262757,6571.034859972962,HIGH,31.526666666666664,5688.979008608957,6571.034859972962,
2025-06-19 17:30:00,6387.743333333333,5593.3417029989105,6039.033604048906,6459.939881903031,HIGH,31.16333333333333,5593.3417029989105,6459.939881903031,
2025-06-19 17:45:00,6302.996666666666,5520.384834831143,5961.378141376508,6374.425505279831,HIGH,30.8,5520.384834831143,6374.425505279831,
2025-06-19 18:00:00,6192.516666666666,5451.226829727096,5887.804327085581,6293.427719891278,HIGH,30.436666666666667,5451.226829727097,6293.427719891277,
2025-06-19 18:15:00,6083.323333333334,5375.058984439521,5809.028210692749,6206.903020877853,HIGH,30.359166666666667,5375.058984439521,6206.903020877853,
2025-06-19 18:30:00,5994.9766666666665,5311.389308089236,5743.211135698639,6134.567718219607,HIGH,30.28166666666667,5311.389308089236,6134.567718219606,
2025-06-19 18:45:00,5977.923333333333,5250.691171653832,5680.583489186721,6065.784872336909,HIGH,30.204166666666666,5250.691171653832,6065.784872336909,
2025-06-19 19:00:00,5945.57,5254.739731536267,5684.377362815296,6069.41608128919,HIGH,30.126666666666665,5254.739731536267,6069.41608128919,
2025-06-19 19:15:00,5946.673333333333,5271.573699285724,5703.172083483326,6089.529602949195,HIGH,30.044166666666662,5271.573699285724,6089.529602949195,
2025-06-19 19:30:00,5903.753333333333,5336.6669486142355,5771.473272773799,6163.639301888095,HIGH,29.961666666666666,5336.6669486142355,6163.639301888094,
2025-06-19 19:45:00,5976.796666666666,5402.691338212744,5840.806151335565,6238.956904320908,HIGH,29.87916666666667,5402.691338212744,6238.956904320908,
2025-06-19 20:00:00,5962.283333333333,5383.148435045101,5822.591100549245,6219.019593923845,HIGH,29.796666666666667,5383.148435045101,6219.019593923845,
2025-06-19 20:15:00,6014.376666666667,5434.923742378957,5878.515004484476,6279.942822161389,HIGH,29.7125,5434.923742378957,6279.942822161388,
2025-06-19 20:30:00,6034.493333333333,5445.091535862824,5891.862112582273,6294.584450963692,HIGH,29.628333333333334,5445.0915358628245,6294.584450963692,
2025-06-19 20:45:00,6099.386666666666,5488.105531329089,5938.843131553855,6345.937285718548,HIGH,29.54416666666667,5488.10553132909,6345.937285718548,
2025-06-19 21:00:00,6124.4766666666665,5514.809998202229,5969.1112159415,6379.17256305769,HIGH,29.46,5514.809998202229,6379.17256305769,
2025-06-19 21:15:00,6239.53,5601.810344852113,6061.798868290324,6480.489770802681,HIGH,29.35666666666667,5601.810344852113,6480.489770802681,
2025-06-19 21:30:00,6384.670000000001,5690.498184722136,6156.162602562245,6583.711937841325,HIGH,29.253333333333337,5690.498184722136,6583.711937841325,
2025-06-19 21:45:00,6493.946666666667,5772.91121213544,6244.03188678814,6679.939273192085,HIGH,29.15,5772.911212135441,6679.939273192085,
2025-06-19 22:00:00,6585.733333333334,5838.270273637055,6314.352459035971,6757.131270731833,HIGH,29.046666666666667,5838.270273637056,6757.131270731832,
2025-06-19 22:15:00,6688.816666666667,5895.203925452426,6375.5816470217,6824.48244893159,HIGH,29.04083333333333,5895.203925452426,6824.48244893159,
2025-06-19 22:30:00,6783.793333333334,5929.3665999594905,6413.373915999528,6866.380252099759,HIGH,29.035000000000004,5929.3665999594905,6866.380252099759,
2025-06-19 22:45:00,6839.283333333333,5968.924074994928,6456.550127936333,6914.207265374913,HIGH,29.029166666666665,5968.924074994928,6914.207265374913,
2025-06-19 23:00:00,6886.263333333333,6006.490601445988,6498.5498760927,6960.6717122912205,HIGH,29.023333333333333,6006.490601445988,6960.6717122912205,
2025-06-19 23:15:00,6899.1033333333335,6018.663725178484,6514.152046459546,6978.479937964571,HIGH,28.905,6018.663725178484,6978.47993796457,
2025-06-19 23:30:00,6835.363333333334,5982.331466779565,6479.116277905356,6941.309565798001,HIGH,28.786666666666665,5982.331466779565,6941.309565798001,
2025-06-19 23:45:00,6770.135,5943.15860615459,6440.972602944155,6900.804741661792,HIGH,28.668333333333333,5943.15860615459,6900.804741661791,
2025-06-20 00:00:00,6704.906666666667,5798.400203621437,6294.51258899254,6742.388862700899,HIGH,28.55,5798.400203621438,6742.388862700899,
2025-06-20 00:15:00,6598.670000000001,5722.7442456697145,6218.578419578198,6660.816331553103,HIGH,28.465833333333332,5722.744245669715,6660.816331553103,
2025-06-20 00:30:00,6480.826666666667,5640.212525669976,6135.3686546506115,6571.356398962275,HIGH,28.381666666666668,5640.212525669976,6571.356398962275,
2025-06-20 00:45:00,6357.57,5563.983713412245,6058.366133409548,6488.686768268416,HIGH,28.2975,5563.983713412245,6488.686768268416,
2025-06-20 01:00:00,6240.343333333333,5479.807242671487,5972.971324691325,6396.90330256626,HIGH,28.21333333333333,5479.807242671487,6396.903302566259,
2025-06-20 01:15:00,6130.23,5402.683912819976,5894.534800737393,6312.717427283552,HIGH,28.136666666666663,5402.683912819976,6312.717427283551,
2025-06-20 01:30:00,6014.37,5322.52862367065,5812.724061653876,6224.871609413826,HIGH,28.06,5322.52862367065,6224.871609413825,
2025-06-20 01:45:00,5912.136666666666,5227.351927818481,5715.257997557681,6119.9862167007595,HIGH,27.983333333333334,5227.351927818481,6119.9862167007595,
2025-06-20 02:00:00,5801.876666666667,5152.480541880406,5638.301334249145,6037.439106588476,HIGH,27.906666666666666,5152.480541880406,6037.439106588476,
2025-06-20 02:15:00,5701.983333333334,5088.899503357511,5572.980139571351,5967.573790179942,HIGH,27.813333333333333,5088.899503357511,5967.573790179942,
2025-06-20 02:30:00,5592.406666666667,5025.067551711541,5507.116403018358,5897.1100851686,HIGH,27.72,5025.0675517115415,5897.1100851686,
2025-06-20 02:45:00,5508.123333333333,4959.458412513487,5439.146552021979,5824.339747394736,HIGH,27.626666666666665,4959.458412513487,5824.339747394736,
2025-06-20 03:00:00,5434.953333333334,4901.71218991061,5378.940937906677,5760.006134990775,HIGH,27.53333333333333,4901.7121899106105,5760.006134990775,
2025-06-20 03:15:00,5363.393333333333,4838.992474339923,5313.7179297585535,5690.197450359723,HIGH,27.496666666666666,4838.992474339923,5690.197450359722,
2025-06-20 03:30:00,5294.036666666667,4779.012142881535,5251.0177608899185,5623.106954304016,HIGH,27.459999999999997,4779.012142881535,5623.106954304016,
2025-06-20 03:45:00,5222.8533333333335,4716.278972072452,5185.221200344328,5552.610152233282,HIGH,27.423333333333332,4716.278972072453,5552.610152233281,
2025-06-20 04:00:00,5150.983333333334,4650.292634143671,5115.8211596477695,5478.14982117291,HIGH,27.386666666666667,4650.292634143671,5478.14982117291,
2025-06-20 04:15:00,5085.123333333333,4584.409517710787,5045.901046227802,5403.066177742064,HIGH,27.3075,4584.409517710787,5403.066177742064,
2025-06-20 04:30:00,5023.633333333334,4549.075488082277,5006.999711508666,5361.713173960778,HIGH,27.22833333333333,4549.075488082277,5361.713173960778,
2025-06-20 04:45:00,4962.93,4506.092226552601,4960.016395624458,5311.505634599312,HIGH,27.149166666666666,4506.0922265526015,5311.505634599312,
2025-06-20 05:00:00,4916.253333333333,4451.830743216898,4901.245218430834,5248.403646369678,HIGH,27.07,4451.830743216898,5248.403646369678,
2025-06-20 05:15:00,4868.636666666666,4395.9737622937,4840.610529013605,5183.210865490707,HIGH,27.386666666666667,4395.9737622937,5183.210865490707,
2025-06-20 05:30:00,4803.28,4345.31624905026,4785.081029143605,5123.512510471789,HIGH,27.703333333333333,4345.31624905026,5123.512510471788,
2025-06-20 05:45:00,4730.2733333333335,4297.220023475114,4731.968229382287,5066.377394784637,HIGH,28.02,4297.220023475114,5066.377394784637,
2025-06-20 06:00:00,4715.746666666667,4266.235307812682,4696.182866939201,5028.040188163028,HIGH,28.336666666666666,4266.235307812683,5028.040188163027,
2025-06-20 06:15:00,4723.88,4274.401888407379,4704.617145251597,5037.937046088044,HIGH,28.590833333333332,4274.401888407379,5037.937046088044,
2025-06-20 06:30:00,4716.286666666667,4294.812730809621,4725.42492027122,5061.231648723131,HIGH,28.845,4294.812730809621,5061.231648723131,
2025-06-20 06:45:00,4669.886666666666,4270.094105499463,4699.879871772315,5033.968845345353,HIGH,29.099166666666665,4270.094105499463,5033.968845345353,
2025-06-20 07:00:00,4710.736666666667,4286.099584704307,4715.899584218926,5051.889077363835,HIGH,29.35333333333333,4286.099584704307,5051.889077363835,
2025-06-20 07:15:00,4731.43,4294.68207724319,4725.2837332915715,5062.539032092973,HIGH,29.61583333333333,4294.68207724319,5062.539032092973,
2025-06-20 07:30:00,4706.326666666667,4317.213709900257,4748.853507271637,5088.553517167568,HIGH,29.87833333333333,4317.2137099002575,5088.553517167568,
2025-06-20 07:45:00,4734.873333333333,4212.532097117802,4642.09765662306,4972.558967070609,HIGH,30.140833333333333,4212.532097117802,4972.558967070608,
2025-06-20 08:00:00,4752.89,4233.112073205359,4663.530741010734,4996.077396336927,HIGH,30.403333333333332,4233.112073205359,4996.077396336927,
2025-06-20 08:15:00,4777.92,4277.348005848693,4708.782915265895,5045.43718464994,HIGH,30.598333333333333,4277.348005848693,5045.43718464994,
2025-06-20 08:30:00,4826.669999999999,4311.750055759957,4743.943610661579,5083.722806558612,HIGH,30.793333333333333,4311.750055759957,5083.722806558612,
2025-06-20 08:45:00,4931.363333333334,4392.949101321608,4827.013084328252,5174.097233744105,HIGH,30.988333333333333,4392.949101321608,5174.097233744105,
2025-06-20 09:00:00,5037.593333333333,4477.829213294337,4913.865841375814,5268.5088245777715,HIGH,31.18333333333333,4477.829213294338,5268.5088245777715,
2025-06-20 09:15:00,5225.56,4640.726856012765,5078.473733676365,5447.437656328726,HIGH,31.337500000000002,4640.726856012765,5447.437656328725,
2025-06-20 09:30:00,5434.11,4827.054777719867,5267.122375523544,5652.46716543165,HIGH,31.491666666666667,4827.054777719867,5652.467165431649,
2025-06-20 09:45:00,5591.41,4967.777996592233,5409.1486248723595,5806.6472498718185,HIGH,31.645833333333336,4967.777996592234,5806.647249871818,
2025-06-20 10:00:00,5703.056666666666,5103.543999059775,5546.187436839439,5955.320799182509,HIGH,31.8,5103.543999059775,5955.320799182509,
2025-06-20 10:15:00,5792.96,5180.728221135002,5622.634207218301,6037.911557950486,HIGH,31.875,5180.728221135003,6037.911557950486,
2025-06-20 10:30:00,5890.986666666667,5281.383603392634,5723.234778851681,6146.736376716632,HIGH,31.950000000000003,5281.383603392634,6146.736376716632,
2025-06-20 10:45:00,5959.486666666667,5362.095106802174,5803.555333460379,6233.410156562179,HIGH,32.025000000000006,5362.095106802175,6233.410156562179,
2025-06-20 11:00:00,6025.776666666668,5401.168778399443,5841.400589613002,6273.765854428006,HIGH,32.1,5401.168778399444,6273.765854428006,
2025-06-20 11:15:00,6048.493333333333,5456.818535311447,5896.747644715718,6333.135218138688,HIGH,32.3975,5456.818535311447,6333.135218138688,
2025-06-20 11:30:00,5981.259999999999,5527.034416546808,5967.193903200822,6408.8931835128615,HIGH,32.695,5527.034416546809,6408.893183512861,
2025-06-20 11:45:00,5979.02,5551.440422468704,5990.937275901479,6433.74163426278,HIGH,32.9925,5551.440422468704,6433.74163426278,
2025-06-20 12:00:00,6158.93,5612.3156521502715,6052.232244172772,6499.438314509616,HIGH,33.29,5612.3156521502715,6499.438314509616,
2025-06-20 12:15:00,6236.426666666666,5663.499559709221,6103.110704408863,6553.7251713716605,HIGH,33.61416666666667,5663.499559709221,6553.72517137166,
2025-06-20 12:30:00,6324.513333333333,5728.015160834409,6167.874665744329,6623.097618704221,HIGH,33.93833333333334,5728.015160834409,6623.097618704221,
2025-06-20 12:45:00,6064.556666666666,5746.493298846059,6185.749158253275,6641.376809611863,HIGH,34.262499999999996,5746.493298846059,6641.376809611862,
2025-06-20 13:00:00,6152.66,5700.162843044217,6137.5244481851,6587.648582075288,HIGH,34.586666666666666,5700.162843044217,6587.648582075288,
2025-06-20 13:15:00,6146.099999999999,5726.015898763359,6163.827272244262,6615.073623523685,HIGH,34.605000000000004,5726.015898763359,6615.073623523685,
2025-06-20 13:30:00,6173.803333333333,5835.417828558778,6275.941555891076,6735.932789774232,HIGH,34.62333333333334,5835.417828558778,6735.932789774231,
2025-06-20 13:45:00,6239.113333333334,5949.777235416903,6393.407210030758,6862.610521521206,HIGH,34.64166666666667,5949.777235416903,6862.610521521206,
2025-06-20 14:00:00,6304.25,6074.340011120196,6521.787820932477,7001.144518132026,HIGH,34.660000000000004,6074.340011120196,7001.144518132026,
2025-06-20 14:15:00,6373.263333333333,6189.098056756555,6644.091486386169,7132.288354304086,HIGH,34.76583333333333,6189.098056756555,7132.288354304085,
2025-06-20 14:30:00,6409.426666666666,6258.654269111398,6718.234234802273,7211.298829557055,HIGH,34.87166666666667,6258.654269111398,7211.298829557055,
2025-06-20 14:45:00,6513.596666666667,6300.189886591861,6762.383679831814,7257.884598014739,HIGH,34.977500000000006,6300.189886591862,7257.884598014738,
2025-06-20 15:00:00,6585.876666666667,6346.216108735959,6812.21251982752,7310.561292227557,HIGH,35.083333333333336,6346.21610873596,7310.561292227557,
2025-06-20 15:15:00,6647.829999999999,6365.28382893821,6832.612151383831,7331.384959500908,HIGH,35.13666666666667,6365.28382893821,7331.384959500907,
2025-06-20 15:30:00,6643.746666666666,6371.2258757126565,6839.71217138976,7337.774715502657,HIGH,35.190000000000005,6371.2258757126565,7337.774715502657,
2025-06-20 15:45:00,6630.893333333333,6330.984586196821,6799.00021587949,7292.2453741825175,HIGH,35.24333333333333,6330.984586196821,7292.2453741825175,
2025-06-20 16:00:00,6580.400000000001,6261.6389047323955,6729.06685200131,7214.998476868387,HIGH,35.29666666666667,6261.6389047323955,7214.998476868386,
2025-06-20 16:15:00,6531.259999999999,6231.430580624354,6698.033172722857,7180.10640048315,HIGH,34.986666666666665,6231.430580624354,7180.10640048315,
2025-06-20 16:30:00,6468.546666666666,6192.4614395953495,6658.288635205243,7135.7770160551045,HIGH,34.67666666666667,6192.4614395953495,7135.7770160551045,
2025-06-20 16:45:00,6427.53,6133.285322889694,6598.105500287496,7069.243249192382,HIGH,34.36666666666667,6133.285322889694,7069.243249192382,
2025-06-20 17:00:00,6370.900000000001,6077.91026727601,6546.620718171002,7013.217872145917,HIGH,34.05666666666667,6077.91026727601,7013.217872145917,
2025-06-20 17:15:00,6338.416666666667,5995.377113559871,6462.689697433692,6920.876315159505,HIGH,33.68166666666667,5995.377113559871,6920.876315159505,
2025-06-20 17:30:00,6230.923333333333,5913.651935312094,6379.804207910526,6829.73846893825,HIGH,33.306666666666665,5913.651935312094,6829.73846893825,
2025-06-20 17:45:00,6151.503333333334,5813.313688548917,6278.067402206749,6718.140081897579,HIGH,32.931666666666665,5813.3136885489175,6718.140081897579,
2025-06-20 18:00:00,6073.756666666667,5692.839989363378,6155.907095598834,6584.3721716825,HIGH,32.556666666666665,5692.839989363378,6584.372171682499,
2025-06-20 18:15:00,5972.673333333333,5591.215413858851,6050.70773449499,6469.059771910011,HIGH,32.41833333333333,5591.215413858852,6469.059771910011,
2025-06-20 18:30:00,5932.033333333333,5507.54510833096,5964.053643924528,6374.0201735789215,HIGH,32.28,5507.54510833096,6374.0201735789215,
2025-06-20 18:45:00,5798.786666666667,5483.814424911035,5938.91575368265,6346.050902837489,HIGH,32.141666666666666,5483.814424911035,6346.050902837489,
2025-06-20 19:00:00,5654.900000000001,5457.265911651011,5911.023442415355,6315.163067701014,HIGH,32.00333333333333,5457.265911651011,6315.163067701014,
2025-06-20 19:15:00,5587.0,5455.747682636594,5912.1063793770345,6316.026791652919,HIGH,31.825,5455.747682636595,6316.026791652919,
2025-06-20 19:30:00,5591.663333333333,5433.620588730512,5892.185132117572,6294.1005722643185,HIGH,31.646666666666665,5433.620588730513,6294.1005722643185,
2025-06-20 19:45:00,5663.22,5494.895647886706,5957.733521869547,6365.335205017152,HIGH,31.468333333333334,5494.895647886706,6365.335205017152,
2025-06-20 20:00:00,5675.079999999999,5477.822382840899,5943.125123351004,6349.363879635736,HIGH,31.29,5477.822382840899,6349.363879635735,
2025-06-20 20:15:00,5790.923333333333,5526.554616431708,5995.214634028033,6406.085892752109,HIGH,31.126666666666665,5526.554616431708,6406.085892752109,
2025-06-20 20:30:00,5999.81,5549.668628799174,6021.09798637406,6434.353935245215,HIGH,30.96333333333333,5549.668628799175,6434.353935245215,
2025-06-20 20:45:00,6002.1033333333335,5607.850135094222,6082.8895193867675,6501.809864129867,HIGH,30.8,5607.850135094222,6501.809864129866,
2025-06-20 21:00:00,6025.81,5633.001719001203,6110.848942366488,6532.505448758474,HIGH,30.636666666666667,5633.001719001203,6532.505448758474,
2025-06-20 21:15:00,6107.876666666667,5740.355850853255,6223.657075854925,6655.708306285013,HIGH,30.458333333333332,5740.355850853255,6655.708306285013,
2025-06-20 21:30:00,6218.946666666667,5872.580156307191,6361.876878938709,6806.664184702603,HIGH,30.28,5872.580156307191,6806.664184702603,
2025-06-20 21:45:00,6312.44,5977.920654015494,6472.501711826855,6927.646759102259,HIGH,30.101666666666663,5977.920654015494,6927.646759102259,
2025-06-20 22:00:00,6389.150000000001,6062.131270759996,6561.404707046943,7025.049460650181,HIGH,29.923333333333332,6062.131270759996,7025.04946065018,
2025-06-20 22:15:00,6488.626666666667,6152.36720865369,6656.011698997309,7128.72351688678,HIGH,29.764166666666668,6152.36720865369,7128.72351688678,
2025-06-20 22:30:00,6554.426666666666,6237.8528472390035,6746.392856071219,7227.757535878685,HIGH,29.605,6237.8528472390035,7227.757535878685,
2025-06-20 22:45:00,6630.213333333333,6298.865610362134,6813.5681200402205,7301.30504599507,HIGH,29.445833333333333,6298.865610362134,7301.305045995069,
2025-06-20 23:00:00,6649.786666666667,6348.586599653844,6868.604839989896,7361.755793195894,HIGH,29.286666666666665,6348.586599653844,7361.755793195894,
2025-06-20 23:15:00,6667.463333333333,6361.858578666806,6884.819191698137,7380.23960850878,HIGH,29.190833333333334,6361.858578666806,7380.23960850878,
2025-06-20 23:30:00,6618.509999999999,6311.038016066084,6834.590201580479,7326.51103392404,HIGH,29.095000000000002,6311.038016066084,7326.511033924039,
2025-06-20 23:45:00,6558.193333333333,6257.039141821646,6780.907541263246,7269.071470503086,HIGH,28.999166666666667,6257.039141821646,7269.071470503085,
2025-06-21 00:00:00,6497.876666666667,6122.90882168627,6599.454712904493,7149.277338082384,HIGH,28.903333333333332,6122.90882168627,7149.277338082384,
2025-06-21 00:15:00,6393.366666666666,6024.913345783363,6500.648227685649,7042.796848642023,HIGH,28.814999999999998,6024.913345783363,7042.796848642023,
2025-06-21 00:30:00,6285.856666666667,5920.019000935573,6394.54248895684,6928.403194193603,HIGH,28.726666666666667,5920.019000935573,6928.403194193603,
2025-06-21 00:45:00,6179.986666666667,5813.535076079248,6286.563270207444,6811.999931270556,HIGH,28.638333333333335,5813.535076079249,6811.999931270555,
2025-06-21 01:00:00,6096.693333333334,5707.564030165959,6178.854085357185,6695.916103734818,HIGH,28.55,5707.564030165959,6695.916103734818,
2025-06-21 01:15:00,6009.669999999999,5602.484424836603,6072.153899396373,6580.96387253754,HIGH,28.470833333333335,5602.484424836603,6580.96387253754,
2025-06-21 01:30:00,5898.93,5494.285334034905,5961.989884630817,6462.254109435994,HIGH,28.39166666666667,5494.285334034906,6462.254109435994,
2025-06-21 01:45:00,5822.656666666667,5396.0339181176,5861.7351394270745,6354.344622115345,HIGH,28.312500000000004,5396.0339181176,6354.344622115345,
2025-06-21 02:00:00,5728.21,5292.817152355856,5756.116429621089,6240.59731526711,HIGH,28.233333333333334,5292.817152355856,6240.59731526711,
2025-06-21 02:15:00,5661.860000000001,5209.046446644664,5667.967817400032,6145.796255405491,HIGH,28.16166666666667,5209.046446644664,6145.796255405491,
2025-06-21 02:30:00,5576.093333333333,5116.643478425981,5570.69541860516,6041.051829070071,HIGH,28.09,5116.643478425982,6041.05182907007,
2025-06-21 02:45:00,5514.393333333333,5041.757969004389,5491.071729333957,5955.513778783921,HIGH,28.018333333333334,5041.757969004389,5955.513778783921,
2025-06-21 03:00:00,5436.836666666666,4974.839587060481,5419.318973257518,5878.528646183049,HIGH,27.946666666666665,4974.839587060481,5878.528646183048,
2025-06-21 03:15:00,5370.486666666667,4910.850089315394,5349.920929975507,5804.071107953625,HIGH,27.8775,4910.850089315394,5804.071107953625,
2025-06-21 03:30:00,5314.62,4847.950934002765,5281.357354623229,5730.4931214286025,HIGH,27.808333333333334,4847.950934002765,5730.4931214286025,
2025-06-21 03:45:00,5263.31,4783.426899321134,5210.852249438933,5654.766473759899,HIGH,27.739166666666666,4783.426899321134,5654.766473759898,
2025-06-21 04:00:00,5195.556666666666,4715.729879934691,5136.825758870406,5575.165698325442,HIGH,27.67,4715.729879934691,5575.165698325441,
2025-06-21 04:15:00,5138.9766666666665,4647.778237580121,5065.506527311776,5498.583974644411,HIGH,27.546666666666667,4647.778237580121,5498.583974644411,
2025-06-21 04:30:00,5101.31,4584.635243040959,4998.851725591633,5427.032997348886,HIGH,27.423333333333332,4584.635243040959,5427.032997348886,
2025-06-21 04:45:00,5041.513333333333,4519.590798821374,4929.999809623223,5353.036106187483,HIGH,27.3,4519.590798821374,5353.036106187483,
2025-06-21 05:00:00,5001.253333333333,4461.364214442902,4867.8877058234875,5286.321407744842,HIGH,27.176666666666666,4461.364214442903,5286.321407744842,
2025-06-21 05:15:00,4928.826666666667,4406.197177170009,4814.787465730908,5229.5764623177565,HIGH,27.5325,4406.197177170009,5229.5764623177565,
2025-06-21 05:30:00,4835.463333333333,4337.833764191615,4747.957830647198,5157.815074933531,HIGH,27.888333333333335,4337.833764191615,5157.815074933531,
2025-06-21 05:45:00,4613.56,4265.166380621564,4676.515900895102,5080.96234960773,HIGH,28.24416666666667,4265.166380621564,5080.962349607729,
2025-06-21 06:00:00,4597.919999999999,4241.6234176362805,4655.1778275546385,5058.601062884927,HIGH,28.6,4241.6234176362805,5058.601062884927,
2025-06-21 06:15:00,4727.453333333334,4252.291721057126,4665.454752663121,5070.479003891807,HIGH,28.91166666666667,4252.291721057126,5070.479003891807,
2025-06-21 06:30:00,4746.846666666667,4245.986099541383,4658.190133522841,5063.177201661279,HIGH,29.223333333333336,4245.986099541383,5063.177201661279,
2025-06-21 06:45:00,4734.516666666666,4205.296367353273,4615.57432483791,5017.298775884933,HIGH,29.535,4205.296367353273,5017.298775884933,
2025-06-21 07:00:00,4736.3533333333335,4230.863004619697,4640.664486957064,5045.071170334324,HIGH,29.846666666666668,4230.863004619697,5045.071170334324,
2025-06-21 07:15:00,4719.096666666667,4248.068475569986,4657.799159373375,5064.12310745737,HIGH,30.23,4248.068475569987,5064.12310745737,
2025-06-21 07:30:00,4700.676666666666,4232.81686017077,4641.606441000724,5046.797887576205,HIGH,30.613333333333333,4232.81686017077,5046.797887576205,
2025-06-21 07:45:00,4701.613333333334,4256.062977822497,4664.751285924489,5072.226891510534,HIGH,30.99666666666667,4256.062977822497,5072.226891510534,
2025-06-21 08:00:00,4707.9366666666665,4277.276211549432,4685.754617918146,5095.238980610097,HIGH,31.38,4277.276211549433,5095.238980610097,
2025-06-21 08:15:00,4748.293333333334,4310.426929942198,4718.219711071733,5130.622514449495,HIGH,31.82,4310.426929942198,5130.622514449494,
2025-06-21 08:30:00,4776.823333333334,4370.732859862896,4778.46461010377,5196.173721530382,HIGH,32.26,4370.732859862896,5196.173721530382,
2025-06-21 08:45:00,4800.653333333333,4467.6868551120515,4876.227304937598,5302.497951080012,HIGH,32.7,4467.6868551120515,5302.497951080012,
2025-06-21 09:00:00,4857.206666666666,4561.681116809433,4970.974100006251,5405.455031934755,HIGH,33.14,4561.681116809434,5405.455031934755,
2025-06-21 09:15:00,5021.330000000001,4746.735838592305,5157.548775895575,5608.280137349518,HIGH,33.513333333333335,4746.735838592305,5608.280137349518,
2025-06-21 09:30:00,5160.3133333333335,4951.149865200186,5363.996134370243,5832.666894032506,HIGH,33.88666666666666,4951.1498652001865,5832.666894032506,
2025-06-21 09:45:00,5278.856666666667,5103.4612498676115,5517.168185291299,5998.959199701386,HIGH,34.26,5103.4612498676115,5998.959199701385,
2025-06-21 10:00:00,5418.676666666667,5237.167032698148,5651.3788991920555,6144.527389635621,HIGH,34.63333333333333,5237.167032698148,6144.527389635621,
2025-06-21 10:15:00,5602.02,5339.702347615667,5755.93761285093,6257.808741858407,HIGH,34.86,5339.702347615667,6257.808741858407,
2025-06-21 10:30:00,5686.07,5436.317409924147,5854.557729317081,6364.553523774424,HIGH,35.086666666666666,5436.317409924147,6364.553523774423,
2025-06-21 10:45:00,5770.283333333333,5514.193278301766,5934.1312454299405,6450.490457869114,HIGH,35.31333333333333,5514.193278301766,6450.490457869114,
2025-06-21 11:00:00,5858.573333333334,5584.843616422356,6006.462498573487,6528.478095459317,HIGH,35.540000000000006,5584.843616422356,6528.478095459316,
2025-06-21 11:15:00,5929.746666666666,5626.877536494271,6047.868978914044,6572.6661693645365,HIGH,35.80916666666667,5626.877536494271,6572.666169364536,
2025-06-21 11:30:00,5986.276666666668,5619.428590502259,6038.798102824971,6561.829953001851,HIGH,36.07833333333333,5619.428590502259,6561.829953001851,
2025-06-21 11:45:00,6051.37,5640.911821953972,6059.548992838515,6583.419589270592,HIGH,36.3475,5640.911821953972,6583.419589270591,
2025-06-21 12:00:00,6114.426666666666,5791.793443061901,6212.9970063825795,6749.470961530518,HIGH,36.61666666666666,5791.793443061901,6749.470961530518,
2025-06-21 12:15:00,6170.79,5885.671292574333,6300.7596092495205,6843.681841973169,HIGH,36.76833333333333,5885.671292574333,6843.681841973168,
2025-06-21 12:30:00,6239.196666666667,5985.85280517165,6395.212064097335,6945.1422489886745,HIGH,36.92,5985.852805171651,6945.1422489886745,
2025-06-21 12:45:00,6292.746666666666,5843.205481204599,6241.2901993262,6776.092340851281,HIGH,37.07166666666667,5843.205481204599,6776.092340851281,
2025-06-21 13:00:00,6236.363333333334,5908.8542103286145,6300.887328992219,6839.539308832736,HIGH,37.223333333333336,5908.8542103286145,6839.5393088327355,
2025-06-21 13:15:00,6240.139999999999,5899.874445395208,6291.167198000908,6827.722562284039,HIGH,37.14083333333333,5899.874445395208,6827.722562284038,
2025-06-21 13:30:00,6271.746666666667,5937.210371916055,6329.137331986044,6867.825948969934,HIGH,37.05833333333334,5937.210371916056,6867.825948969934,
2025-06-21 13:45:00,6411.1466666666665,6022.716460930644,6416.702145119991,6961.928876622627,HIGH,36.97583333333334,6022.716460930644,6961.928876622626,
2025-06-21 14:00:00,6508.490000000001,6084.453350804597,6480.211054427386,7029.831378875696,HIGH,36.89333333333334,6084.453350804597,7029.831378875695,
2025-06-21 14:15:00,6632.073333333334,6146.831788040262,6545.3790789964205,7099.568232682823,HIGH,36.82166666666667,6146.831788040263,7099.568232682823,
2025-06-21 14:30:00,6752.823333333334,6188.462061810831,6589.589740546684,7146.490072664674,HIGH,36.75,6188.462061810831,7146.490072664674,
2025-06-21 14:45:00,6812.056666666666,6270.86354534459,6675.830546792425,7239.195825492526,HIGH,36.678333333333335,6270.863545344591,7239.195825492525,
2025-06-21 15:00:00,6824.323333333334,6324.402795444814,6733.4157629637775,7300.84461903759,HIGH,36.60666666666667,6324.402795444814,7300.84461903759,
2025-06-21 15:15:00,6827.47,6368.582565613591,6779.546703243671,7349.966932183596,HIGH,36.5725,6368.582565613592,7349.966932183596,
2025-06-21 15:30:00,6790.496666666666,6367.0351385268295,6779.141731083513,7348.440807802594,HIGH,36.538333333333334,6367.0351385268295,7348.440807802594,
2025-06-21 15:45:00,6744.546666666666,6338.662507444866,6751.549670456968,7317.342271111314,HIGH,36.50416666666666,6338.662507444866,7317.342271111314,
2025-06-21 16:00:00,6689.716666666667,6286.990019567207,6701.592371391018,7262.188232706177,HIGH,36.47,6286.990019567207,7262.188232706177,
2025-06-21 16:15:00,6605.240000000001,6239.845884384589,6656.5378112771305,7212.417451520709,HIGH,36.44833333333333,6239.84588438459,7212.417451520709,
2025-06-21 16:30:00,6449.34,6186.16103977159,6605.0454500131145,7155.684722096581,HIGH,36.42666666666666,6186.16103977159,7155.684722096581,
2025-06-21 16:45:00,6303.706666666666,6143.475084674521,6565.064616915557,7111.541305893998,HIGH,36.405,6143.475084674522,7111.541305893998,
2025-06-21 17:00:00,6201.19,6083.510856021668,6507.634076903587,7048.452618606443,HIGH,36.38333333333333,6083.510856021668,7048.452618606443,
2025-06-21 17:15:00,6135.13,6029.738022646669,6453.398737199863,6988.567342197618,HIGH,36.023333333333326,6029.73802264667,6988.567342197618,
2025-06-21 17:30:00,6077.506666666667,5922.084850596332,6343.607499736171,6868.116349065737,HIGH,35.663333333333334,5922.084850596332,6868.116349065736,
2025-06-21 17:45:00,6037.696666666667,5833.458157063067,6253.502196911082,6769.1718920086005,HIGH,35.303333333333335,5833.458157063067,6769.1718920086005,
2025-06-21 18:00:00,5965.616666666666,5737.621854584989,6156.207518228963,6662.469877645726,HIGH,34.94333333333333,5737.621854584989,6662.469877645726,
2025-06-21 18:15:00,5889.856666666667,5634.2421094043,6050.289239862689,6546.412916463639,HIGH,34.7175,5634.2421094043,6546.412916463639,
2025-06-21 18:30:00,5847.073333333334,5585.1745206395435,6000.141254630598,6491.166816721145,HIGH,34.49166666666667,5585.174520639544,6491.166816721145,
2025-06-21 18:45:00,5846.046666666666,5477.69477799778,5890.3350020296575,6371.032015437674,HIGH,34.26583333333333,5477.694777997781,6371.032015437673,
2025-06-21 19:00:00,5826.22,5374.800545168799,5785.354237822952,6256.2331732319835,HIGH,34.04,5374.8005451687995,6256.2331732319835,
2025-06-21 19:15:00,5873.06,5332.502095775864,5743.965603352157,6210.819784251017,HIGH,33.83833333333333,5332.502095775864,6210.819784251017,
2025-06-21 19:30:00,5929.456666666666,5339.584078032018,5753.231327020583,6220.652624552982,HIGH,33.63666666666667,5339.584078032018,6220.652624552982,
2025-06-21 19:45:00,6025.896666666667,5402.005868632194,5819.235055620775,6292.357561645385,HIGH,33.435,5402.005868632194,6292.3575616453845,
2025-06-21 20:00:00,6092.453333333334,5419.86889617271,5839.677438655699,6314.530987361814,HIGH,33.233333333333334,5419.86889617271,6314.530987361814,
2025-06-21 20:15:00,6164.413333333333,5514.552427202685,5939.892299174148,6423.699859572415,HIGH,33.072500000000005,5514.552427202685,6423.699859572415,
2025-06-21 20:30:00,6216.406666666667,5670.4224601194155,6102.776018478573,6601.199679596599,HIGH,32.91166666666667,5670.4224601194155,6601.199679596598,
2025-06-21 20:45:00,6270.986666666667,5693.130648956065,6129.32630809346,6630.316224278355,HIGH,32.75083333333333,5693.130648956065,6630.316224278354,
2025-06-21 21:00:00,6298.490000000001,5722.950716781326,6163.143671644114,6667.4294475128645,HIGH,32.59,5722.950716781326,6667.4294475128645,
2025-06-21 21:15:00,6384.893333333333,5809.190248996919,6254.333621963781,6767.09009753706,HIGH,32.43666666666667,5809.190248996919,6767.09009753706,
2025-06-21 21:30:00,6491.956666666666,5918.077956108489,6368.660248468923,6892.026299994222,HIGH,32.28333333333333,5918.07795610849,6892.026299994222,
2025-06-21 21:45:00,6603.3,6016.262252750345,6471.958204783011,7005.029903760504,HIGH,32.13,6016.262252750346,7005.029903760504,
2025-06-21 22:00:00,6736.9800000000005,6091.377421907685,6551.5488258484065,7092.291427255777,HIGH,31.976666666666667,6091.377421907685,7092.291427255777,
2025-06-21 22:15:00,6800.323333333334,6177.818353051967,6643.348413316921,7192.946558918134,HIGH,31.765,6177.818353051967,7192.946558918134,
2025-06-21 22:30:00,6836.72,6238.161974980683,6708.305416802147,7264.43954544051,HIGH,31.553333333333338,6238.161974980683,7264.439545440509,
2025-06-21 22:45:00,6932.593333333333,6298.427924040072,6773.043371272331,7335.760082246909,HIGH,31.34166666666667,6298.427924040072,7335.760082246909,
2025-06-21 23:00:00,6937.37,6325.7895016714265,6803.936588242518,7370.286160583293,HIGH,31.130000000000003,6325.7895016714265,7370.286160583292,
2025-06-21 23:15:00,6943.4766666666665,6329.991666737887,6807.42789344055,7375.464087686553,HIGH,30.955833333333334,6329.9916667378875,7375.464087686552,
2025-06-21 23:30:00,6931.463333333333,6278.236502034308,6753.36782799376,7318.033422548128,HIGH,30.781666666666666,6278.236502034309,7318.033422548128,
2025-06-21 23:45:00,6865.336666666667,6216.201944241306,6688.583649997895,7248.974254826404,HIGH,30.6075,6216.201944241306,7248.974254826404,
2025-06-22 00:00:00,6698.683333333333,6072.471662151882,6541.320104634664,7089.945762372294,HIGH,30.433333333333334,6072.471662151882,7089.945762372294,
2025-06-22 00:15:00,6636.376666666667,5978.833518453595,6447.334245141164,6988.727715588395,HIGH,30.269166666666667,5978.833518453595,6988.727715588395,
2025-06-22 00:30:00,6590.03,5875.467002513141,6343.152145142421,6876.441684150309,HIGH,30.105,5875.467002513141,6876.441684150309,
2025-06-22 00:45:00,6516.636666666666,5773.585319322658,6240.244302674079,6765.5739313088525,HIGH,29.940833333333334,5773.5853193226585,6765.5739313088525,
2025-06-22 01:00:00,6427.086666666667,5685.5224227494855,6151.229747885759,6669.861341023026,HIGH,29.776666666666667,5685.522422749486,6669.861341023026,
2025-06-22 01:15:00,6346.093333333333,5595.069690288847,6059.505285940866,6571.217677457367,HIGH,29.672500000000003,5595.069690288847,6571.217677457366,
2025-06-22 01:30:00,6230.286666666667,5492.943392271451,5955.55890016271,6459.2789140578425,HIGH,29.568333333333335,5492.943392271451,6459.278914057842,
2025-06-22 01:45:00,6142.336666666667,5415.931679197112,5877.050425047682,6375.051120931094,HIGH,29.464166666666667,5415.931679197112,6375.0511209310935,
2025-06-22 02:00:00,6048.816666666667,5323.270552827964,5782.23910679927,6273.073066504359,HIGH,29.360000000000003,5323.270552827964,6273.073066504359,
2025-06-22 02:15:00,5973.709999999999,5248.728990819481,5705.336608899605,6190.582927759392,HIGH,29.262500000000003,5248.728990819481,6190.582927759391,
2025-06-22 02:30:00,5888.533333333333,5161.145947211952,5614.795945390121,6093.233262510887,HIGH,29.165,5161.145947211953,6093.233262510886,
2025-06-22 02:45:00,5816.003333333334,5081.338184122547,5531.929462020672,6004.227708029944,HIGH,29.0675,5081.338184122547,6004.227708029943,
2025-06-22 03:00:00,5743.5233333333335,4998.729637830439,5445.909186327081,5911.7691420682495,HIGH,28.97,4998.729637830439,5911.769142068249,
2025-06-22 03:15:00,5680.52,4914.458809492209,5358.2616999547445,5817.527414497926,HIGH,28.903333333333336,4914.458809492209,5817.527414497926,
2025-06-22 03:30:00,5598.973333333332,4837.507090493166,5277.8260046072355,5731.110145261859,HIGH,28.83666666666667,4837.507090493166,5731.110145261858,
2025-06-22 03:45:00,5524.32,4725.219922502315,5160.9342121909685,5604.957841531606,HIGH,28.77,4725.219922502315,5604.957841531606,
2025-06-22 04:00:00,5434.016666666666,4637.383288304097,5068.803374237093,5505.730886019451,HIGH,28.703333333333333,4637.383288304097,5505.730886019451,
2025-06-22 04:15:00,5367.366666666667,4547.177278527966,4974.33963716571,5403.93200948104,HIGH,28.6375,4547.177278527966,5403.93200948104,
2025-06-22 04:30:00,5305.759999999999,4495.044496951945,4918.598271081129,5344.252986740941,HIGH,28.571666666666665,4495.044496951946,5344.252986740941,
2025-06-22 04:45:00,5267.696666666667,4437.198134534026,4856.756740198847,5277.877626997666,HIGH,28.50583333333333,4437.198134534027,5277.877626997666,
2025-06-22 05:00:00,5206.886666666666,4396.896696999678,4812.637927197111,5230.744847357652,HIGH,28.44,4396.896696999678,5230.744847357652,
2025-06-22 05:15:00,5121.69,4340.2717288227195,4754.0919026528045,5167.928862280756,HIGH,28.701666666666668,4340.2717288227195,5167.928862280756,
2025-06-22 05:30:00,5054.176666666666,4282.665439169536,4694.322866581487,5103.7158903284735,HIGH,28.96333333333333,4282.665439169536,5103.7158903284735,
2025-06-22 05:45:00,4985.7266666666665,4139.039042382305,4546.276468161921,4943.300298388379,HIGH,29.224999999999998,4139.039042382305,4943.300298388379,
2025-06-22 06:00:00,4948.57,4134.522461853342,4540.465474924863,4937.707427367812,HIGH,29.486666666666665,4134.522461853342,4937.707427367812,
2025-06-22 06:15:00,4921.759999999999,4208.595499446037,4616.378080267773,5021.088202255762,HIGH,29.441666666666666,4208.595499446037,5021.088202255762,
2025-06-22 06:30:00,4873.826666666667,4203.8738293565475,4611.453931978773,5016.360733228457,HIGH,29.396666666666665,4203.8738293565475,5016.360733228457,
2025-06-22 06:45:00,4844.316666666667,4171.206439534607,4577.770540809879,4980.235272412433,HIGH,29.351666666666667,4171.206439534607,4980.235272412433,
2025-06-22 07:00:00,4823.5233333333335,4157.661089762781,4563.534636545503,4965.20712939122,HIGH,29.306666666666665,4157.661089762781,4965.20712939122,
2025-06-22 07:15:00,4800.083333333333,4135.311663491951,4541.967882218632,4942.177101476047,HIGH,29.40833333333333,4135.311663491951,4942.177101476046,
2025-06-22 07:30:00,4778.1866666666665,4109.334064248554,4516.590220515685,4914.913375228504,HIGH,29.51,4109.334064248555,4914.913375228504,
2025-06-22 07:45:00,4750.3,4100.184230380648,4508.363325364956,4906.242444951825,HIGH,29.611666666666668,4100.184230380648,4906.242444951825,
2025-06-22 08:00:00,4733.32,4096.513469123712,4505.686034101011,4903.530228199825,HIGH,29.713333333333335,4096.513469123713,4903.530228199825,
2025-06-22 08:15:00,4738.47,4125.324477636508,4536.223512781348,4936.904048616168,HIGH,29.970833333333335,4125.324477636508,4936.904048616168,
2025-06-22 08:30:00,4742.54,4144.255594283844,4556.622406150269,4959.152403688867,HIGH,30.22833333333333,4144.255594283844,4959.152403688867,
2025-06-22 08:45:00,4741.133333333333,4170.474752430473,4584.478834463256,4989.43814876932,HIGH,30.485833333333332,4170.474752430473,4989.43814876932,
2025-06-22 09:00:00,4769.093333333333,4218.651231992875,4634.83069013018,5044.138587505353,HIGH,30.743333333333332,4218.651231992875,5044.138587505353,
2025-06-22 09:15:00,4901.37,4351.6340805408245,4771.325917505743,5192.542178585584,HIGH,30.889166666666664,4351.6340805408245,5192.542178585583,
2025-06-22 09:30:00,5021.849999999999,4468.764412079697,4891.64220312986,5323.247191972738,HIGH,31.035,4468.764412079697,5323.247191972738,
2025-06-22 09:45:00,5108.7,4566.856901747459,4991.623380748443,5431.533957528987,HIGH,31.180833333333336,4566.856901747459,5431.533957528987,
2025-06-22 10:00:00,5198.59,4681.43291621717,5105.525235801851,5554.252852549451,HIGH,31.326666666666668,4681.43291621717,5554.252852549451,
2025-06-22 10:15:00,5286.240000000001,4825.2691306307315,5249.325887653072,5709.616408695375,HIGH,31.460833333333333,4825.2691306307315,5709.616408695374,
2025-06-22 10:30:00,5365.306666666666,4905.059328413856,5327.675877907113,5793.634739793988,HIGH,31.595,4905.059328413856,5793.634739793988,
2025-06-22 10:45:00,5443.153333333333,4984.653687874017,5405.964882737683,5877.5205630269065,HIGH,31.729166666666668,4984.653687874017,5877.520563026906,
2025-06-22 11:00:00,5514.306666666666,5066.1749665669495,5486.382360152543,5963.66182338768,HIGH,31.863333333333333,5066.1749665669495,5963.66182338768,
2025-06-22 11:15:00,5582.083333333333,5129.313115979768,5547.984356310422,6029.411785043884,HIGH,31.97833333333333,5129.313115979768,6029.411785043884,
2025-06-22 11:30:00,5636.69,5170.929581740836,5587.7370530896815,6071.31341854807,HIGH,32.093333333333334,5170.929581740836,6071.313418548069,
2025-06-22 11:45:00,5709.099999999999,5223.292644508299,5638.692209155733,6125.364474366389,HIGH,32.208333333333336,5223.292644508299,6125.364474366389,
2025-06-22 12:00:00,5785.786666666667,5299.557210118708,5714.3314995348255,6206.251090782035,HIGH,32.32333333333333,5299.557210118709,6206.251090782035,
2025-06-22 12:15:00,5818.043333333334,5365.387214056124,5779.402113734231,6275.692628204483,HIGH,32.472500000000004,5365.387214056124,6275.692628204483,
2025-06-22 12:30:00,5839.420000000001,5431.8531841513795,5845.359708326911,6346.06436342187,HIGH,32.62166666666667,5431.8531841513795,6346.0643634218695,
2025-06-22 12:45:00,5879.733333333334,5453.440038969824,5865.613808543861,6366.63436872214,HIGH,32.77083333333333,5453.440038969824,6366.63436872214,
2025-06-22 13:00:00,5804.166666666667,5419.819573747826,5829.598970486732,6325.902116146885,HIGH,32.92,5419.819573747826,6325.902116146885,
2025-06-22 13:15:00,5823.1033333333335,5417.165343647374,5825.442041912071,6319.948015266982,HIGH,32.8875,5417.165343647374,6319.948015266982,
2025-06-22 13:30:00,5917.93,5451.9973807466895,5859.935372152495,6356.069478389753,HIGH,32.855,5451.9973807466895,6356.069478389753,
2025-06-22 13:45:00,6021.313333333334,5559.821603713165,5969.437410561703,6473.86636717268,HIGH,32.8225,5559.821603713166,6473.86636717268,
2025-06-22 14:00:00,6111.833333333333,5643.607156622622,6054.6076473423955,6565.162377772668,HIGH,32.79,5643.607156622623,6565.162377772667,
2025-06-22 14:15:00,6221.07,5752.6967884879,6165.859046107406,6684.967691578591,HIGH,32.821666666666665,5752.6967884879,6684.967691578591,
2025-06-22 14:30:00,6293.923333333333,5861.828361968355,6281.670569279679,6809.148272221444,HIGH,32.85333333333334,5861.828361968356,6809.148272221444,
2025-06-22 14:45:00,6383.243333333333,5931.269525382125,6355.8364332371675,6888.17290821087,HIGH,32.885,5931.269525382125,6888.17290821087,
2025-06-22 15:00:00,6424.003333333334,5958.076849644804,6384.309579442359,6917.785872055502,HIGH,32.91666666666667,5958.076849644804,6917.785872055502,
2025-06-22 15:15:00,6436.8,5959.560796438631,6386.6329629066795,6919.062013636057,HIGH,32.685,5959.560796438631,6919.062013636056,
2025-06-22 15:30:00,6420.473333333334,5931.9147671292085,6359.2575098502675,6888.0473523873625,HIGH,32.45333333333333,5931.914767129209,6888.0473523873625,
2025-06-22 15:45:00,6399.29,5886.373559898027,6313.837975662743,6837.41701636744,HIGH,32.221666666666664,5886.373559898027,6837.41701636744,
2025-06-22 16:00:00,6324.873333333333,5823.910100885136,6251.365318667719,6768.255162952114,HIGH,31.99,5823.910100885136,6768.255162952113,
2025-06-22 16:15:00,6252.41,5756.855064702102,6183.020475971969,6692.691551216968,HIGH,31.9925,5756.855064702102,6692.691551216967,
2025-06-22 16:30:00,6178.046666666666,5639.313750048316,6063.24416057524,6561.167870370883,HIGH,31.995,5639.313750048316,6561.167870370883,
2025-06-22 16:45:00,6039.256666666667,5523.51828928535,5945.505652675154,6431.9166182937115,HIGH,31.9975,5523.51828928535,6431.9166182937115,
2025-06-22 17:00:00,6030.286666666667,5442.784419785586,5863.905609276027,6342.077628754207,HIGH,32.0,5442.784419785586,6342.077628754207,
2025-06-22 17:15:00,5971.383333333334,5388.865910260072,5802.803013013707,6274.366194251662,HIGH,31.726666666666667,5388.865910260072,6274.366194251661,
2025-06-22 17:30:00,5869.389999999999,5332.168896014247,5739.073930168137,6203.859642108405,HIGH,31.453333333333333,5332.168896014248,6203.859642108404,
2025-06-22 17:45:00,5757.2733333333335,5289.993401378533,5690.41837971366,6149.836718705476,HIGH,31.179999999999996,5289.993401378534,6149.836718705476,
2025-06-22 18:00:00,5691.9766666666665,5230.816936276433,5624.548567754806,6077.1391347298695,HIGH,30.906666666666666,5230.816936276433,6077.139134729869,
2025-06-22 18:15:00,5633.056666666666,5163.273714487776,5557.11836982192,6003.059603361007,HIGH,30.88083333333333,5163.273714487776,6003.059603361007,
2025-06-22 18:30:00,5542.849999999999,5127.63778584377,5522.5192454117105,5964.81011687468,HIGH,30.855000000000004,5127.63778584377,5964.81011687468,
2025-06-22 18:45:00,5534.393333333333,5116.384009939175,5513.0308057597085,5953.985341364595,HIGH,30.82916666666667,5116.384009939175,5953.985341364595,
2025-06-22 19:00:00,5580.606666666667,5088.449495371364,5486.594405666434,5924.78523307555,HIGH,30.803333333333335,5088.449495371364,5924.7852330755495,
2025-06-22 19:15:00,5619.966666666667,5121.915815750474,5522.777531914395,5963.84751316012,HIGH,30.700833333333335,5121.915815750474,5963.84751316012,
2025-06-22 19:30:00,5711.36,5178.009897976793,5582.224294905562,6028.327519285247,HIGH,30.598333333333336,5178.009897976793,6028.327519285247,
2025-06-22 19:45:00,5794.4766666666665,5272.123429341245,5680.675612784041,6135.367890154703,HIGH,30.495833333333337,5272.123429341245,6135.367890154703,
2025-06-22 20:00:00,5880.686666666667,5336.793517812281,5749.041405886399,6209.729922805378,HIGH,30.393333333333334,5336.793517812281,6209.729922805378,
2025-06-22 20:15:00,5977.87,5420.397111726017,5837.193330456023,6305.736694608926,HIGH,30.333333333333336,5420.397111726017,6305.736694608925,
2025-06-22 20:30:00,6029.823333333334,5500.129978413906,5921.405268764883,6397.537363386038,HIGH,30.273333333333337,5500.129978413906,6397.537363386038,
2025-06-22 20:45:00,6062.123333333333,5557.413880953996,5982.637161238346,6464.396623463901,HIGH,30.21333333333333,5557.413880953996,6464.3966234639,
2025-06-22 21:00:00,6091.553333333333,5597.534914797181,6026.282426849243,6512.186874990858,HIGH,30.153333333333332,5597.534914797182,6512.186874990858,
2025-06-22 21:15:00,6221.386666666666,5694.182042813588,6128.487565372058,6623.855847938149,HIGH,30.048333333333336,5694.182042813588,6623.855847938149,
2025-06-22 21:30:00,6319.150000000001,5801.729122060391,6241.800961096183,6747.701421688679,HIGH,29.94333333333333,5801.729122060391,6747.701421688678,
2025-06-22 21:45:00,6435.603333333333,5915.037862871461,6360.943450889344,6877.972506730944,HIGH,29.83833333333333,5915.037862871462,6877.972506730944,
2025-06-22 22:00:00,6533.580000000001,6031.981994448228,6483.720026862899,7012.2763270668365,HIGH,29.733333333333334,6031.981994448229,7012.276327066836,
2025-06-22 22:15:00,6628.136666666666,6107.293624186646,6563.4061367538825,7099.714318474375,HIGH,29.74416666666667,6107.293624186646,7099.714318474375,
2025-06-22 22:30:00,6687.97,6162.234908651224,6622.571763595488,7164.8101031207925,HIGH,29.755000000000003,6162.234908651224,7164.8101031207925,
2025-06-22 22:45:00,6761.6466666666665,6276.982451998675,6747.1246709259385,7300.5716244838695,HIGH,29.765833333333333,6276.982451998675,7300.5716244838695,
2025-06-22 23:00:00,6806.386666666666,6308.628864797668,6781.922967245295,7339.291296877092,HIGH,29.776666666666667,6308.628864797668,7339.291296877091,
2025-06-22 23:15:00,6810.666666666667,6321.59884223562,6797.494324149361,7357.122083184209,HIGH,29.650833333333335,6321.59884223562,7357.122083184209,
2025-06-22 23:30:00,6823.173333333333,6309.281926087988,6786.687293056262,7346.324032976087,HIGH,29.525,6309.281926087989,7346.3240329760865,
2025-06-22 23:45:00,6759.626666666667,6236.613267906824,6713.889574162755,7268.068165432398,HIGH,29.399166666666662,6236.613267906824,7268.068165432398,
2025-06-23 00:00:00,6679.803333333333,6351.952997716452,6878.886671665475,7372.074676757104,HIGH,29.273333333333333,6351.952997716452,7372.074676757103,
2025-06-23 00:15:00,6594.599999999999,6292.774927075527,6819.823387432591,7308.874544278955,HIGH,29.18333333333333,6292.774927075527,7308.874544278955,
2025-06-23 00:30:00,6497.966666666667,6249.53681903835,6776.844387728819,7263.225926241395,HIGH,29.09333333333333,6249.53681903835,7263.225926241395,
2025-06-23 00:45:00,6408.55,6172.452563058969,6698.9660204199345,7179.602498935315,HIGH,29.003333333333334,6172.45256305897,7179.6024989353145,
2025-06-23 01:00:00,6303.81,6085.2162259652905,6610.43836748831,7084.407365010689,HIGH,28.913333333333334,6085.216225965291,7084.407365010688,
2025-06-23 01:15:00,6226.639999999999,6001.67653084521,6525.0730767742325,6992.6632808964405,HIGH,28.80666666666667,6001.67653084521,6992.6632808964405,
2025-06-23 01:30:00,6128.656666666667,5898.1533493862535,6418.977749703857,6878.3587600369465,HIGH,28.699999999999996,5898.1533493862535,6878.358760036946,
2025-06-23 01:45:00,6050.546666666666,5815.708662450651,6334.1879820571285,6787.265077797493,HIGH,28.59333333333333,5815.708662450652,6787.265077797492,
2025-06-23 02:00:00,5974.2,5724.986365851258,6240.64299254019,6686.640495919464,HIGH,28.486666666666665,5724.986365851258,6686.640495919463,
2025-06-23 02:15:00,5891.4800000000005,5649.327264583714,6163.3150442113,6603.712601331547,HIGH,28.364166666666666,5649.327264583715,6603.712601331547,
2025-06-23 02:30:00,5803.41,5562.371173962348,6074.135028685206,6507.870241909759,HIGH,28.241666666666667,5562.371173962348,6507.870241909759,
2025-06-23 02:45:00,5724.81,5489.837606807956,5999.434973096528,6427.783489353719,HIGH,28.11916666666667,5489.837606807956,6427.783489353718,
2025-06-23 03:00:00,5639.753333333334,5414.709447378469,5921.792233768172,6344.4736226243085,HIGH,27.996666666666666,5414.709447378469,6344.4736226243085,
2025-06-23 03:15:00,5572.556666666666,5346.831996482765,5850.929107147339,6268.510067506272,HIGH,27.93,5346.831996482766,6268.510067506272,
2025-06-23 03:30:00,5500.366666666666,5272.084388134507,5772.750090524187,6184.550322030651,HIGH,27.863333333333337,5272.084388134507,6184.550322030651,
2025-06-23 03:45:00,5435.386666666666,5202.5734577556395,5699.654749657487,6106.092366257251,HIGH,27.796666666666667,5202.57345775564,6106.09236625725,
2025-06-23 04:00:00,5365.076666666667,5118.916173845808,5611.802939561889,6011.525273276624,HIGH,27.73,5118.916173845809,6011.525273276624,
2025-06-23 04:15:00,5314.9766666666665,5054.014004045572,5542.887168367134,5937.535358809249,HIGH,27.655833333333334,5054.014004045573,5937.535358809249,
2025-06-23 04:30:00,5260.776666666667,4993.414972474244,5478.118261012804,5868.012561211088,HIGH,27.581666666666667,4993.414972474244,5868.012561211088,
2025-06-23 04:45:00,5203.7,4951.215243741046,5431.937165194552,5818.678639725271,HIGH,27.5075,4951.215243741046,5818.67863972527,
2025-06-23 05:00:00,5166.96,4891.923068752816,5368.01531427363,5749.9675663695525,HIGH,27.433333333333334,4891.923068752816,5749.967566369552,
2025-06-23 05:15:00,5082.166666666667,4812.705871631211,5289.572575484269,5665.599072997841,HIGH,27.7525,4812.705871631211,5665.599072997841,
2025-06-23 05:30:00,5017.41,4742.180691432354,5219.81087283932,5590.619103428189,HIGH,28.071666666666665,4742.180691432354,5590.619103428189,
2025-06-23 05:45:00,4944.446666666667,4655.909237867444,5133.721673651057,5497.7899378065795,HIGH,28.390833333333333,4655.909237867444,5497.7899378065795,
2025-06-23 06:00:00,4927.39,4595.920934071219,5074.350295391332,5433.984811622088,HIGH,28.71,4595.920934071219,5433.984811622087,
2025-06-23 06:15:00,4928.786666666667,4598.6290094469705,5076.477140891066,5436.987313661138,HIGH,28.950833333333332,4598.629009446971,5436.987313661137,
2025-06-23 06:30:00,4950.62,4571.165205582202,5047.549716421072,5406.094710382547,HIGH,29.191666666666666,4571.165205582203,5406.094710382547,
2025-06-23 06:45:00,4886.966666666667,4545.659387005391,5020.479957925083,5377.145937599365,HIGH,29.4325,4545.659387005391,5377.145937599365,
2025-06-23 07:00:00,4906.89,4529.08149615667,5002.4204442729115,5357.928323094863,HIGH,29.673333333333332,4529.08149615667,5357.928323094863,
2025-06-23 07:15:00,4926.193333333334,4513.140253010438,4986.33659510059,5340.830840732975,HIGH,29.958333333333336,4513.140253010438,5340.830840732975,
2025-06-23 07:30:00,4958.883333333334,4492.019636050055,4964.8536415462195,5317.770113056103,HIGH,30.243333333333332,4492.019636050055,5317.770113056102,
2025-06-23 07:45:00,4988.5633333333335,4474.416591419553,4946.893813185677,5298.461676108643,HIGH,30.528333333333332,4474.416591419554,5298.461676108643,
2025-06-23 08:00:00,5061.026666666666,4466.292268732529,4938.578629743703,5289.571453512008,HIGH,30.813333333333336,4466.29226873253,5289.571453512007,
2025-06-23 08:15:00,5102.233333333334,4486.40494467198,4958.413465085768,5311.226192863947,HIGH,31.12166666666667,4486.40494467198,5311.226192863947,
2025-06-23 08:30:00,5159.996666666667,4505.699664719664,4977.38777840513,5331.859280382265,HIGH,31.43,4505.699664719664,5331.859280382265,
2025-06-23 08:45:00,5207.486666666667,4523.979059228364,4995.318224196263,5351.271728244084,HIGH,31.738333333333333,4523.979059228364,5351.2717282440835,
2025-06-23 09:00:00,5380.586666666667,4567.68132438991,5039.292299982032,5398.962863427167,HIGH,32.04666666666667,4567.6813243899105,5398.962863427167,
2025-06-23 09:15:00,5573.706666666666,4716.5740367587805,5191.358099521358,5564.297252144805,HIGH,32.49666666666667,4716.5740367587805,5564.297252144804,
2025-06-23 09:30:00,5755.66,4859.1904775401335,5337.049596334215,5722.610317803095,HIGH,32.946666666666665,4859.190477540134,5722.610317803095,
2025-06-23 09:45:00,5914.05,4961.3561431847465,5441.39554960309,5835.820448782215,HIGH,33.39666666666667,4961.356143184747,5835.820448782215,
2025-06-23 10:00:00,6046.75,5066.8227738951555,5549.209204718375,5952.731693610322,HIGH,33.846666666666664,5066.8227738951555,5952.731693610321,
2025-06-23 10:15:00,6180.056666666666,5154.626617316142,5636.52887457856,6047.163042947039,HIGH,33.75583333333333,5154.626617316143,6047.163042947039,
2025-06-23 10:30:00,6267.573333333334,5224.565568969847,5705.680428256615,6121.739872385443,HIGH,33.665,5224.565568969847,6121.739872385442,
2025-06-23 10:45:00,6387.343333333333,5288.4309601914465,5768.75309063762,6189.6306927828045,HIGH,33.57416666666667,5288.4309601914465,6189.6306927828045,
2025-06-23 11:00:00,6433.23,5346.6904633126005,5826.241760696719,6251.37807387337,HIGH,33.483333333333334,5346.6904633126005,6251.37807387337,
2025-06-23 11:15:00,6489.156666666667,5422.095257604139,5898.580671416076,6329.1365540220595,HIGH,33.718333333333334,5422.095257604139,6329.1365540220595,
2025-06-23 11:30:00,6544.583333333333,5493.562113370023,5967.073400479801,6402.6521062420015,HIGH,33.95333333333333,5493.562113370024,6402.6521062420015,
2025-06-23 11:45:00,6612.766666666666,5573.411586076564,6044.348227802953,6485.681306941987,HIGH,34.18833333333333,5573.411586076564,6485.681306941987,
2025-06-23 12:00:00,6688.316666666667,5653.197007434661,6121.770056404622,6568.825123518749,HIGH,34.42333333333333,5653.197007434661,6568.825123518749,
2025-06-23 12:15:00,6721.759999999999,5696.74028383221,6157.638234719531,6606.510181248909,HIGH,34.55333333333333,5696.7402838322105,6606.510181248908,
2025-06-23 12:30:00,6842.076666666667,5746.251832482064,6199.85287510612,6651.070813845005,HIGH,34.68333333333334,5746.251832482064,6651.070813845005,
2025-06-23 12:45:00,6799.016666666666,5805.206532189098,6251.981874354562,6706.397574217301,HIGH,34.81333333333334,5805.206532189098,6706.397574217301,
2025-06-23 13:00:00,6718.03,5752.259573349629,6189.795435960785,6637.209422706978,HIGH,34.943333333333335,5752.259573349629,6637.209422706977,
2025-06-23 13:15:00,6739.356666666667,5755.715842185871,6194.604793736172,6641.279192961945,HIGH,34.99,5755.715842185871,6641.279192961945,
2025-06-23 13:30:00,6839.38,5827.96145690216,6270.114067924138,6722.326613285231,HIGH,35.03666666666666,5827.96145690216,6722.326613285231,
2025-06-23 13:45:00,6997.34,5924.082365979175,6370.343720142096,6830.285453716897,HIGH,35.083333333333336,5924.082365979175,6830.285453716897,
2025-06-23 14:00:00,7114.543333333334,5998.872170611674,6449.013711826342,6914.762278391303,HIGH,35.129999999999995,5998.872170611674,6914.762278391303,
2025-06-23 14:15:00,7230.043333333334,6104.69666865602,6560.820212911424,7035.365125516254,HIGH,35.24583333333333,6104.69666865602,7035.365125516254,
2025-06-23 14:30:00,7346.386666666666,6184.683153715283,6646.458108466913,7127.477914267684,HIGH,35.361666666666665,6184.683153715284,7127.477914267684,
2025-06-23 14:45:00,7387.793333333334,6258.811828348244,6726.3850256659325,7213.384519541597,HIGH,35.4775,6258.811828348244,7213.384519541597,
2025-06-23 15:00:00,7475.22,6297.108229287183,6769.911279279793,7259.669322775192,HIGH,35.593333333333334,6297.108229287183,7259.669322775192,
2025-06-23 15:15:00,7464.009999999999,6307.280350821998,6781.33343245058,7270.888861325286,HIGH,35.57666666666667,6307.280350821998,7270.888861325286,
2025-06-23 15:30:00,7412.926666666666,6296.835659902755,6771.928941053933,7259.457362234631,HIGH,35.559999999999995,6296.835659902756,7259.45736223463,
2025-06-23 15:45:00,7388.613333333334,6270.823442522771,6746.863534511023,7231.00545679516,HIGH,35.54333333333333,6270.823442522771,7231.00545679516,
2025-06-23 16:00:00,7317.956666666666,6212.023608660053,6689.71884662441,7167.919454208795,HIGH,35.526666666666664,6212.0236086600535,7167.919454208795,
2025-06-23 16:15:00,7244.4766666666665,6156.004590281971,6633.890826292889,7106.247576607326,HIGH,35.6375,6156.004590281971,7106.247576607326,
2025-06-23 16:30:00,7162.816666666667,6091.125882127301,6569.250716747426,7035.028150403267,HIGH,35.748333333333335,6091.125882127301,7035.028150403266,
2025-06-23 16:45:00,7093.203333333334,5982.321732178315,6459.88785789546,6915.158893563125,HIGH,35.85916666666666,5982.321732178315,6915.158893563125,
2025-06-23 17:00:00,7012.366666666666,5961.86006573821,6443.650296628664,6897.282398562476,HIGH,35.97,5961.86006573821,6897.282398562476,
2025-06-23 17:15:00,6884.663333333333,5892.417036847987,6370.246631764839,6816.3028958867435,HIGH,35.58416666666666,5892.417036847987,6816.3028958867435,
2025-06-23 17:30:00,6688.13,5796.566561175206,6270.023987616936,6706.182644269304,HIGH,35.19833333333334,5796.5665611752065,6706.182644269303,
2025-06-23 17:45:00,6540.803333333333,5687.574092424294,6156.551587960633,6581.70195296734,HIGH,34.8125,5687.574092424294,6581.70195296734,
2025-06-23 18:00:00,6398.509999999999,5608.025433291546,6073.417415617562,6490.331274682397,HIGH,34.42666666666666,5608.025433291546,6490.331274682396,
2025-06-23 18:15:00,6287.48,5549.415029375621,6012.617485848316,6423.38264791748,HIGH,34.26166666666666,5549.415029375621,6423.3826479174795,
2025-06-23 18:30:00,6229.099999999999,5469.612714385432,5930.283008529854,6333.059889519596,HIGH,34.09666666666667,5469.612714385432,6333.059889519596,
2025-06-23 18:45:00,6161.536666666667,5462.195237666946,5922.206766304302,6323.6835381247965,HIGH,33.931666666666665,5462.195237666946,6323.6835381247965,
2025-06-23 19:00:00,6063.613333333334,5485.273283894261,5945.483979825378,6348.5321096559355,HIGH,33.766666666666666,5485.273283894261,6348.5321096559355,
2025-06-23 19:15:00,5963.066666666667,5518.942130474997,5981.874462528048,6387.820200977537,HIGH,33.61083333333333,5518.942130474997,6387.820200977537,
2025-06-23 19:30:00,5920.080000000001,5589.383829302104,6056.011033000837,6468.297411548662,HIGH,33.455,5589.383829302104,6468.297411548662,
2025-06-23 19:45:00,5902.453333333334,5666.5578454551305,6137.118827964564,6556.450681125045,HIGH,33.29916666666667,5666.557845455131,6556.450681125045,
2025-06-23 20:00:00,5918.486666666667,5731.659696507578,6205.926681192669,6631.2941173759955,HIGH,33.14333333333333,5731.659696507579,6631.294117375995,
2025-06-23 20:15:00,5961.266666666666,5809.293539491882,6287.966476179615,6720.644778358698,HIGH,32.95666666666667,5809.293539491882,6720.644778358698,
2025-06-23 20:30:00,5990.943333333334,5858.5837830325845,6341.009734302025,6778.50274571659,HIGH,32.77,5858.5837830325845,6778.50274571659,
2025-06-23 20:45:00,6035.556666666666,5892.124363122776,6377.932025712973,6818.8888434549035,HIGH,32.583333333333336,5892.124363122776,6818.8888434549035,
2025-06-23 21:00:00,6035.386666666666,5920.509654492451,6409.5616512084025,6853.594059543709,HIGH,32.39666666666667,5920.509654492451,6853.594059543708,
2025-06-23 21:15:00,6176.106666666667,6037.352592982298,6532.084899521688,6987.376679825062,HIGH,32.19166666666667,6037.352592982298,6987.376679825061,
2025-06-23 21:30:00,6308.736666666667,6138.812273716233,6638.806341103649,7104.030833779006,HIGH,31.986666666666665,6138.812273716233,7104.030833779005,
2025-06-23 21:45:00,6420.706666666668,6252.365184012385,6757.839452748598,7234.17002609076,HIGH,31.781666666666666,6252.365184012385,7234.17002609076,
2025-06-23 22:00:00,6546.080000000001,6347.227371401859,6857.6480587405085,7343.4489408119025,HIGH,31.576666666666664,6347.227371401859,7343.4489408119025,
2025-06-23 22:15:00,6648.94,6432.63900232918,6948.034426086412,7442.552295469852,HIGH,31.287499999999998,6432.63900232918,7442.552295469852,
2025-06-23 22:30:00,6777.136666666666,6490.742354705223,7010.338358475677,7511.14330693192,HIGH,30.99833333333333,6490.742354705223,7511.14330693192,
2025-06-23 22:45:00,6851.506666666667,6558.804299615546,7082.698872340704,7590.752033149437,HIGH,30.709166666666665,6558.804299615546,7590.752033149437,
2025-06-23 23:00:00,6902.16,6589.906169890114,7117.062216912936,7629.044301516035,HIGH,30.419999999999998,6589.906169890114,7629.044301516035,
2025-06-23 23:15:00,6899.2266666666665,6592.324140567425,7121.65038374453,7635.066949827206,HIGH,30.245833333333334,6592.324140567425,7635.066949827206,
2025-06-23 23:30:00,6907.036666666667,6586.966580591773,7115.409344766354,7629.730293980534,HIGH,30.071666666666665,6586.966580591773,7629.730293980534,
2025-06-23 23:45:00,6808.686666666666,6523.503308558096,7050.665146412451,7560.56578626886,HIGH,29.897499999999997,6523.503308558096,7560.56578626886,
2025-06-24 00:00:00,6730.953333333334,6354.633223093156,6879.877756592504,7375.670168096516,HIGH,29.723333333333333,6354.633223093157,7375.670168096515,
2025-06-24 00:15:00,6622.163333333333,6272.766347339933,6797.584538889737,7287.172631588427,HIGH,29.557499999999997,6272.766347339933,7287.172631588427,
2025-06-24 00:30:00,6543.663333333334,6180.791067872314,6704.705985452929,7187.183385613429,HIGH,29.391666666666666,6180.791067872314,7187.183385613429,
2025-06-24 00:45:00,6466.97,6091.596541899671,6614.428518021608,7090.057334814621,HIGH,29.22583333333333,6091.596541899671,7090.057334814621,
2025-06-24 01:00:00,6370.06,5990.028507414152,6511.227356490692,6978.882745931402,HIGH,29.06,5990.028507414152,6978.882745931402,
2025-06-24 01:15:00,6265.073333333334,5909.578964147404,6429.385288879429,6890.988232655701,HIGH,28.9525,5909.578964147404,6890.988232655701,
2025-06-24 01:30:00,6167.423333333333,5814.6130622260425,6332.4107036771,6786.6289821318205,HIGH,28.845,5814.6130622260425,6786.6289821318205,
2025-06-24 01:45:00,6075.593333333333,5734.0350973252735,6249.891550494338,6698.020779573726,HIGH,28.7375,5734.0350973252735,6698.020779573725,
2025-06-24 02:00:00,6012.373333333333,5654.173418035503,6167.825575259443,6609.90962734812,HIGH,28.630000000000003,5654.173418035503,6609.90962734812,
2025-06-24 02:15:00,5920.94,5569.272301648398,6080.675818526176,6516.273000770926,HIGH,28.508333333333333,5569.272301648398,6516.273000770926,
2025-06-24 02:30:00,5848.276666666668,5481.912996203545,5990.723600417395,6419.576932624554,HIGH,28.386666666666667,5481.912996203545,6419.576932624554,
2025-06-24 02:45:00,5780.026666666668,5399.757513476014,5905.812775338989,6328.357869348768,HIGH,28.265,5399.757513476014,6328.357869348768,
2025-06-24 03:00:00,5706.493333333333,5315.809207841124,5818.780158100631,6234.809643058964,HIGH,28.143333333333334,5315.809207841124,6234.809643058964,
2025-06-24 03:15:00,5639.153333333333,5247.325135613563,5746.936571140327,6157.765586461102,HIGH,28.075833333333335,5247.325135613563,6157.765586461102,
2025-06-24 03:30:00,5564.526666666668,5174.471371487427,5670.33719587434,6075.51329096757,HIGH,28.00833333333333,5174.471371487427,6075.51329096757,
2025-06-24 03:45:00,5499.82,5108.46839507041,5600.474102647129,6000.562473878794,HIGH,27.94083333333333,5108.468395070411,6000.562473878794,
2025-06-24 04:00:00,5414.713333333333,5035.325307100978,5523.027881150583,5917.314289889144,HIGH,27.87333333333333,5035.3253071009785,5917.314289889143,
2025-06-24 04:15:00,5348.39,4975.568482621894,5460.458285081568,5850.273701594074,HIGH,27.751666666666665,4975.568482621894,5850.273701594074,
2025-06-24 04:30:00,5289.916666666667,4914.899273633714,5396.695639815916,5781.8850633810025,HIGH,27.63,4914.899273633714,5781.8850633810025,
2025-06-24 04:45:00,5234.083333333333,4851.306694158492,5329.689586668121,5709.911097242841,HIGH,27.508333333333333,4851.306694158492,5709.911097242841,
2025-06-24 05:00:00,5187.786666666667,4798.395537517536,5273.379054720102,5649.52709206197,HIGH,27.386666666666667,4798.395537517536,5649.52709206197,
2025-06-24 05:15:00,5127.246666666667,4720.655423713715,5196.448627708809,5566.805506638515,HIGH,27.75,4720.655423713715,5566.805506638515,
2025-06-24 05:30:00,5068.240000000001,4657.478159043535,5134.210088493077,5500.018264142272,HIGH,28.113333333333333,4657.478159043535,5500.018264142271,
2025-06-24 05:45:00,5019.703333333334,4586.68100606878,5063.964252206612,5424.442525141078,HIGH,28.476666666666667,4586.68100606878,5424.442525141077,
2025-06-24 06:00:00,4991.446666666667,4566.141395053944,5044.982418669489,5404.621624428332,HIGH,28.84,4566.1413950539445,5404.621624428331,
2025-06-24 06:15:00,4965.606666666667,4567.064012285035,5044.562480661141,5404.82511872334,HIGH,29.081666666666667,4567.064012285035,5404.82511872334,
2025-06-24 06:30:00,4949.186666666667,4575.112241038124,5051.275309184928,5412.719201105561,HIGH,29.323333333333334,4575.112241038125,5412.719201105561,
2025-06-24 06:45:00,4932.193333333334,4517.082043485307,4990.18672260584,5346.698355255326,HIGH,29.565,4517.082043485308,5346.698355255326,
2025-06-24 07:00:00,4922.143333333333,4535.382978976411,5007.119153689759,5365.561418538129,HIGH,29.806666666666665,4535.382978976411,5365.561418538128,
2025-06-24 07:15:00,4947.966666666667,4551.322150363408,5022.597954199002,5382.797330795794,HIGH,30.114166666666666,4551.322150363408,5382.797330795793,
2025-06-24 07:30:00,4951.670000000001,4574.803587521173,5045.702701214634,5408.2542817900185,HIGH,30.421666666666667,4574.803587521173,5408.2542817900185,
2025-06-24 07:45:00,4988.19,4601.485208959049,5072.00561566436,5437.109644422643,HIGH,30.729166666666664,4601.4852089590495,5437.109644422643,
2025-06-24 08:00:00,5000.216666666666,4656.810466795215,5127.575172997634,5497.751582664565,HIGH,31.036666666666665,4656.810466795215,5497.751582664565,
2025-06-24 08:15:00,5073.533333333333,4701.084621540057,5173.2258520313635,5547.558122689213,HIGH,31.3975,4701.084621540058,5547.558122689213,
2025-06-24 08:30:00,5127.363333333334,4749.40222549694,5222.993358734129,5601.763346083242,HIGH,31.758333333333333,4749.402225496941,5601.763346083242,
2025-06-24 08:45:00,5187.856666666667,4791.302568375634,5266.18622612217,5648.724917802173,HIGH,32.119166666666665,4791.302568375634,5648.724917802172,
2025-06-24 09:00:00,5281.756666666667,4912.156042966173,5390.229682129217,5783.649970075651,HIGH,32.480000000000004,4912.156042966173,5783.649970075651,
2025-06-24 09:15:00,5506.053333333333,5088.724392069509,5571.709296010975,5981.05435050853,HIGH,32.80416666666667,5088.724392069509,5981.05435050853,
2025-06-24 09:30:00,5666.78,5263.722436584987,5751.632811552633,6176.684433803116,HIGH,33.12833333333333,5263.722436584987,6176.684433803115,
2025-06-24 09:45:00,5805.670000000001,5405.963371799102,5898.087943436463,6335.7898117323075,HIGH,33.4525,5405.963371799102,6335.7898117323075,
2025-06-24 10:00:00,5940.653333333333,5530.747031552979,6026.757452278729,6475.451426777726,HIGH,33.776666666666664,5530.747031552979,6475.451426777726,
2025-06-24 10:15:00,6050.099999999999,5648.776614193792,6146.461230030297,6605.200198229805,HIGH,34.05583333333333,5648.776614193792,6605.200198229805,
2025-06-24 10:30:00,6126.193333333334,5740.2734184258115,6239.122275725952,6705.42999062097,HIGH,34.335,5740.2734184258115,6705.42999062097,
2025-06-24 10:45:00,6229.349999999999,5853.733902908493,6351.975168713833,6827.060793450869,HIGH,34.61416666666666,5853.733902908493,6827.060793450869,
2025-06-24 11:00:00,6293.610000000001,5910.845505450916,6407.290854341497,6885.971091302109,HIGH,34.89333333333333,5910.845505450916,6885.971091302109,
2025-06-24 11:15:00,6368.733333333334,5972.407537522351,6467.279142734695,6949.963724752344,HIGH,35.156666666666666,5972.407537522351,6949.963724752344,
2025-06-24 11:30:00,6448.47,6031.101727987659,6524.516868220092,7010.906559395903,HIGH,35.42,6031.101727987659,7010.906559395902,
2025-06-24 11:45:00,6497.356666666667,6103.606212912084,6596.093819677274,7087.414756148722,HIGH,35.68333333333334,6103.606212912085,7087.414756148722,
2025-06-24 12:00:00,6549.93,6182.855065566384,6674.788572393034,7171.628771901483,HIGH,35.946666666666665,6182.855065566384,7171.628771901483,
2025-06-24 12:15:00,6571.963333333333,6227.680935908875,6718.409076320958,7217.65868537852,HIGH,36.17666666666666,6227.680935908875,7217.65868537852,
2025-06-24 12:30:00,6645.27,6322.241820126741,6814.12371342286,7320.250910833148,HIGH,36.406666666666666,6322.241820126741,7320.250910833148,
2025-06-24 12:45:00,6708.87,6304.421534854368,6794.085784879033,7296.890437696196,HIGH,36.63666666666667,6304.421534854368,7296.890437696196,
2025-06-24 13:00:00,6626.04,6247.939026633366,6734.718615977932,7230.675042441362,HIGH,36.86666666666667,6247.939026633366,7230.675042441361,
2025-06-24 13:15:00,6608.453333333334,6266.429726123617,6751.686636100034,7247.870580314907,HIGH,36.835,6266.429726123618,7247.870580314907,
2025-06-24 13:30:00,6696.353333333333,6358.506414962995,6844.265616125722,7347.391895988677,HIGH,36.80333333333333,6358.506414962996,7347.391895988677,
2025-06-24 13:45:00,6816.113333333334,6506.25713682109,7001.818958347785,7516.573023752277,HIGH,36.77166666666666,6506.257136821091,7516.573023752277,
2025-06-24 14:00:00,6879.436666666667,6607.28133817067,7109.924800436056,7632.169025178341,HIGH,36.74,6607.28133817067,7632.169025178341,
2025-06-24 14:15:00,6973.376666666666,6728.899064047308,7240.033150840853,7771.765277175751,HIGH,36.81333333333333,6728.899064047308,7771.765277175751,
2025-06-24 14:30:00,7008.21,6825.464918422629,7344.819593118798,7883.787613761724,HIGH,36.88666666666666,6825.464918422629,7883.787613761723,
2025-06-24 14:45:00,7012.526666666668,6837.876297405515,7360.0161916570505,7898.784874381239,HIGH,36.959999999999994,6837.876297405516,7898.784874381239,
2025-06-24 15:00:00,7029.303333333333,6884.782024359118,7413.097381611744,7954.7344518943,HIGH,37.03333333333333,6884.782024359118,7954.734451894299,
2025-06-24 15:15:00,6968.453333333334,6855.242031284948,7382.782172379596,7920.463651452948,HIGH,37.016666666666666,6855.242031284948,7920.4636514529475,
2025-06-24 15:30:00,6946.54,6800.399501284388,7326.8428395055635,7858.317357320257,HIGH,37.0,6800.399501284389,7858.317357320257,
2025-06-24 15:45:00,6865.416666666667,6764.202978906954,7290.272118893348,7817.29782195952,HIGH,36.98333333333333,6764.202978906954,7817.297821959519,
2025-06-24 16:00:00,6772.346666666667,6703.509717699657,7228.893136790651,7749.301421013896,HIGH,36.96666666666666,6703.509717699657,7749.301421013895,
2025-06-24 16:15:00,6683.0233333333335,6638.937872889198,7162.012596382615,7675.294095188848,HIGH,36.8575,6638.937872889199,7675.294095188848,
2025-06-24 16:30:00,6618.263333333333,6574.861658055164,7095.898411036407,7602.170149249947,HIGH,36.748333333333335,6574.861658055164,7602.170149249946,
2025-06-24 16:45:00,6662.59,6514.001344220986,7033.327140942472,7532.95769484577,HIGH,36.63916666666667,6514.001344220986,7532.95769484577,
2025-06-24 17:00:00,6645.483333333334,6459.884584397607,6977.900912464726,7471.583657368472,HIGH,36.53,6459.884584397607,7471.583657368472,
2025-06-24 17:15:00,6578.099999999999,6373.484375624253,6882.463814680317,7366.4436014391495,HIGH,36.214166666666664,6373.484375624253,7366.443601439149,
2025-06-24 17:30:00,6465.003333333334,6230.272125768916,6729.077993261762,7198.262496285577,HIGH,35.89833333333333,6230.272125768917,7198.262496285577,
2025-06-24 17:45:00,6360.386666666666,6107.729525007086,6597.060466702246,7053.420017956191,HIGH,35.582499999999996,6107.729525007086,7053.42001795619,
2025-06-24 18:00:00,6276.343333333333,5999.847802527546,6480.245662976003,6925.204984042285,HIGH,35.266666666666666,5999.847802527546,6925.204984042285,
2025-06-24 18:15:00,6179.9766666666665,5903.128084007288,6381.86499516909,6817.382042655543,HIGH,35.06999999999999,5903.128084007288,6817.382042655542,
2025-06-24 18:30:00,6139.513333333333,5837.845950694229,6315.834490405731,6744.865434505395,HIGH,34.873333333333335,5837.84595069423,6744.865434505395,
2025-06-24 18:45:00,6104.29,5773.962835167398,6251.383387318492,6674.14796348978,HIGH,34.67666666666667,5773.962835167398,6674.14796348978,
2025-06-24 19:00:00,6061.426666666666,5691.4181790520925,6167.956279707754,6582.846619123828,HIGH,34.48,5691.418179052093,6582.846619123828,
2025-06-24 19:15:00,6100.183333333333,5618.8914283630675,6096.337140639795,6504.537761995305,HIGH,34.30333333333333,5618.8914283630675,6504.537761995305,
2025-06-24 19:30:00,6157.816666666667,5592.437626150351,6071.985993012761,6477.787379870462,HIGH,34.126666666666665,5592.437626150351,6477.787379870462,
2025-06-24 19:45:00,6229.183333333333,5592.658957807712,6075.024522908012,6480.9487577988375,HIGH,33.95,5592.658957807713,6480.9487577988375,
2025-06-24 20:00:00,6261.5,5607.577812955346,6093.171257151014,6500.647781133549,HIGH,33.77333333333333,5607.577812955347,6500.647781133549,
2025-06-24 20:15:00,6286.223333333332,5651.590908566297,6140.788449412731,6552.512218144444,HIGH,33.61333333333334,5651.590908566297,6552.512218144443,
2025-06-24 20:30:00,6316.536666666667,5675.279943707139,6167.619909913633,6581.825530579323,HIGH,33.45333333333333,5675.279943707139,6581.825530579323,
2025-06-24 20:45:00,6363.616666666666,5720.596587047681,6216.599123868048,6635.341620331399,HIGH,33.29333333333333,5720.596587047682,6635.341620331399,
2025-06-24 21:00:00,6400.196666666667,5721.9259248608905,6220.527510890576,6639.880179994465,HIGH,33.13333333333333,5721.925924860891,6639.880179994465,
2025-06-24 21:15:00,6505.963333333333,5851.974596594919,6355.4933361549,6787.174430357255,HIGH,32.93166666666667,5851.974596594919,6787.174430357255,
2025-06-24 21:30:00,6616.923333333333,5972.045344712213,6480.1916061310285,6923.367015758281,HIGH,32.73,5972.045344712213,6923.367015758281,
2025-06-24 21:45:00,6721.806666666667,6079.725222332609,6592.133499940821,7045.745530179306,HIGH,32.528333333333336,6079.725222332609,7045.745530179305,
2025-06-24 22:00:00,6811.083333333333,6191.641857763011,6708.325189588751,7172.827287883025,HIGH,32.32666666666667,6191.641857763011,7172.827287883025,
2025-06-24 22:15:00,6906.263333333333,6285.631880336447,6806.775801197318,7280.68704699979,HIGH,32.12416666666667,6285.6318803364475,7280.68704699979,
2025-06-24 22:30:00,6974.03,6392.577401943567,6918.368047160763,7402.927485902585,HIGH,31.92166666666667,6392.577401943568,7402.9274859025845,
2025-06-24 22:45:00,7065.259999999999,6459.826102813634,6989.177178943745,7480.821196806734,HIGH,31.71916666666667,6459.826102813634,7480.821196806734,
2025-06-24 23:00:00,7068.426666666666,6507.802347978355,7040.098610353093,7537.119666565541,HIGH,31.51666666666667,6507.802347978356,7537.119666565541,
2025-06-24 23:15:00,7073.38,6507.740086350709,7041.664813168626,7539.728856606843,HIGH,31.345000000000002,6507.74008635071,7539.728856606843,
2025-06-24 23:30:00,7046.75,6508.630379795251,7044.020612744163,7543.252352772754,HIGH,31.173333333333336,6508.630379795251,7543.252352772754,
2025-06-24 23:45:00,7021.36,6430.153574567241,6964.916851326357,7458.116423264104,HIGH,31.00166666666667,6430.153574567242,7458.116423264104,
2025-06-25 00:00:00,6865.996666666666,6281.882563288382,6814.1417106967065,7294.975810353715,HIGH,30.830000000000002,6281.882563288382,7294.975810353715,
2025-06-25 00:15:00,6762.033333333333,6182.999380300564,6714.426346565061,7187.5055515237345,HIGH,30.689166666666665,6182.999380300565,7187.5055515237345,
2025-06-25 00:30:00,6678.483333333334,6102.4508705514745,6633.2470914836895,7100.256844721955,HIGH,30.548333333333332,6102.4508705514745,7100.256844721955,
2025-06-25 00:45:00,6600.423333333333,6021.769784378899,6551.686109525121,7012.623049034905,HIGH,30.407500000000002,6021.769784378899,7012.623049034904,
2025-06-25 01:00:00,6485.32,5927.310108536163,6455.762841102044,6909.374087776683,HIGH,30.266666666666666,5927.310108536163,6909.374087776683,
2025-06-25 01:15:00,6386.833333333333,5832.345701955441,6359.059730459241,6805.295894493348,HIGH,30.135,5832.345701955441,6805.295894493348,
2025-06-25 01:30:00,6284.150000000001,5738.465945785437,6263.197195601466,6702.147667104952,HIGH,30.003333333333334,5738.465945785437,6702.147667104952,
2025-06-25 01:45:00,6192.413333333333,5651.390090134431,6174.025176872217,6606.29449211056,HIGH,29.871666666666666,5651.390090134432,6606.29449211056,
2025-06-25 02:00:00,6121.4766666666665,5581.9017346195515,6102.579929346851,6529.749315323853,HIGH,29.740000000000002,5581.901734619552,6529.749315323853,
2025-06-25 02:15:00,6048.453333333334,5496.789047420673,6014.854184755292,6435.472657911688,HIGH,29.645000000000003,5496.789047420673,6435.472657911688,
2025-06-25 02:30:00,5986.293333333334,5422.988178726767,5938.424401247162,6353.489744921644,HIGH,29.55,5422.988178726767,6353.489744921644,
2025-06-25 02:45:00,5907.656666666667,5352.749618292514,5865.355346166192,6275.153592580375,HIGH,29.455,5352.749618292514,6275.153592580375,
2025-06-25 03:00:00,5831.276666666668,5278.799723976134,5788.20023143368,6192.349189378708,HIGH,29.36,5278.799723976134,6192.349189378707,
2025-06-25 03:15:00,5773.62,5210.37898621005,5716.421489462751,6115.375748992367,HIGH,29.26833333333333,5210.37898621005,6115.375748992367,
2025-06-25 03:30:00,5683.743333333333,5137.8848098726185,5640.1902781598665,6033.524384157373,HIGH,29.17666666666667,5137.8848098726185,6033.524384157373,
2025-06-25 03:45:00,5642.7733333333335,5072.654462644103,5571.1182413394135,5959.435027716263,HIGH,29.085000000000004,5072.654462644104,5959.435027716263,
2025-06-25 04:00:00,5567.066666666667,4993.763833408382,5487.787399627283,5869.77849067001,HIGH,28.993333333333336,4993.763833408382,5869.77849067001,
2025-06-25 04:15:00,5511.93,4913.396644020567,5403.037767885364,5778.545497649066,HIGH,28.578333333333333,4913.396644020567,5778.545497649066,
2025-06-25 04:30:00,5465.076666666667,4841.965910698806,5327.178822524062,5696.94564556715,HIGH,28.163333333333334,4841.965910698806,5696.94564556715,
2025-06-25 04:45:00,5426.33,4770.595091164362,5251.130904931683,5615.086746836355,HIGH,27.748333333333335,4770.595091164362,5615.086746836355,
2025-06-25 05:00:00,5384.84,4706.659702466046,5182.455099580906,5541.198615780153,HIGH,27.333333333333332,4706.659702466047,5541.198615780153,
2025-06-25 05:15:00,5323.336666666667,4657.037758933372,5131.079121928426,5486.190813768926,HIGH,27.770833333333332,4657.037758933372,5486.190813768926,
2025-06-25 05:30:00,5257.683333333333,4611.914974815183,5084.091323194797,5435.896612843399,HIGH,28.208333333333332,4611.914974815183,5435.896612843399,
2025-06-25 05:45:00,5178.453333333334,4571.081984661065,5041.2899557678775,5390.092889018052,HIGH,28.645833333333332,4571.081984661065,5390.092889018052,
2025-06-25 06:00:00,5158.68,4556.766358233,5025.446209233419,5373.57434685744,HIGH,29.083333333333332,4556.766358233,5373.57434685744,
2025-06-25 06:15:00,5166.44,4540.516962071032,5007.44470504341,5354.631510675297,HIGH,29.274166666666666,4540.516962071033,5354.631510675296,
2025-06-25 06:30:00,5177.383333333333,4532.751684010922,4997.966874368617,5344.893960673011,HIGH,29.465000000000003,4532.751684010922,5344.89396067301,
2025-06-25 06:45:00,5146.693333333334,4505.578959593406,4968.471712142813,5313.278362758184,HIGH,29.655833333333334,4505.578959593406,5313.278362758184,
2025-06-25 07:00:00,5130.56,4501.908840753135,4962.909078905147,5307.644294718575,HIGH,29.846666666666668,4501.908840753135,5307.644294718575,
2025-06-25 07:15:00,5141.643333333333,4514.960387950551,4977.946982898007,5324.489529823014,HIGH,30.035833333333333,4514.960387950551,5324.489529823014,
2025-06-25 07:30:00,5162.956666666666,4516.033949976536,4980.625024164096,5327.791251832988,HIGH,30.225,4516.033949976537,5327.791251832988,
2025-06-25 07:45:00,5183.756666666667,4538.363542656673,5004.987711457376,5354.623165827038,HIGH,30.414166666666667,4538.363542656673,5354.623165827038,
2025-06-25 08:00:00,5217.666666666667,4554.945641207922,5023.405682104853,5374.896475078825,HIGH,30.603333333333335,4554.945641207922,5374.896475078825,
2025-06-25 08:15:00,5244.916666666667,4624.601939278514,5095.76261113921,5453.811688598477,HIGH,31.021666666666665,4624.601939278515,5453.811688598477,
2025-06-25 08:30:00,5286.683333333333,4679.751528317387,5153.243788033947,5516.442660776885,HIGH,31.439999999999998,4679.751528317388,5516.442660776885,
2025-06-25 08:45:00,5380.083333333333,4737.189632893598,5213.063735138234,5581.536686739004,HIGH,31.858333333333334,4737.189632893598,5581.536686739004,
2025-06-25 09:00:00,5492.19,4844.0556715377625,5323.504896791006,5701.674396458767,HIGH,32.276666666666664,4844.055671537763,5701.674396458767,
2025-06-25 09:15:00,5638.05,5056.363696768185,5539.779723239015,5936.906873601339,HIGH,32.528333333333336,5056.363696768185,5936.906873601338,
2025-06-25 09:30:00,5794.106666666667,5218.410165068698,5704.645911873256,6116.075624209749,HIGH,32.78,5218.410165068698,6116.075624209749,
2025-06-25 09:45:00,5914.706666666666,5361.312846785082,5849.9817175271055,6273.898156079246,HIGH,33.031666666666666,5361.312846785082,6273.898156079246,
2025-06-25 10:00:00,6068.6466666666665,5497.702829150465,5988.737504560392,6424.479831405848,HIGH,33.28333333333333,5497.702829150465,6424.479831405848,
2025-06-25 10:15:00,6136.843333333333,5594.620447808459,6087.185168736552,6531.093469140364,HIGH,33.2575,5594.620447808459,6531.093469140363,
2025-06-25 10:30:00,6279.686666666667,5661.414156596782,6154.913320854287,6604.184113365392,HIGH,33.23166666666667,5661.414156596782,6604.184113365392,
2025-06-25 10:45:00,6360.413333333333,5747.723804399884,6242.76239108479,6699.120348306516,HIGH,33.20583333333333,5747.723804399884,6699.120348306516,
2025-06-25 11:00:00,6389.7733333333335,5794.9815803476795,6290.783798001691,6750.621776676774,HIGH,33.18,5794.9815803476795,6750.621776676774,
2025-06-25 11:15:00,6466.459999999999,5844.377076460368,6343.321138880396,6807.059159779484,HIGH,33.30166666666667,5844.377076460368,6807.059159779484,
2025-06-25 11:30:00,6499.18,5905.407884713083,6407.956971041644,6876.617368231743,HIGH,33.42333333333333,5905.407884713084,6876.617368231742,
2025-06-25 11:45:00,6523.473333333332,5943.2732275550525,6449.074396852304,6920.513966631778,HIGH,33.545,5943.2732275550525,6920.513966631777,
2025-06-25 12:00:00,6541.983333333334,5995.575954911646,6505.1861192772,6980.693889671639,HIGH,33.666666666666664,5995.5759549116465,6980.693889671639,
2025-06-25 12:15:00,6579.823333333334,6018.361371503652,6528.426268408989,7004.933737616265,HIGH,33.78333333333333,6018.361371503653,7004.933737616265,
2025-06-25 12:30:00,6635.803333333333,6093.5441863018095,6605.5493409481005,7087.816380084192,HIGH,33.900000000000006,6093.5441863018095,7087.816380084192,
2025-06-25 12:45:00,6661.41,6135.334534051307,6648.729524079933,7133.704594726898,HIGH,34.01666666666667,6135.334534051307,7133.704594726898,
2025-06-25 13:00:00,6445.243333333333,6053.9152257595815,6566.016576157319,7042.4697861308505,HIGH,34.13333333333333,6053.9152257595815,7042.4697861308505,
2025-06-25 13:15:00,6404.513333333333,6047.16197810268,6558.935435993801,7033.539681226498,HIGH,34.15166666666667,6047.16197810268,7033.539681226498,
2025-06-25 13:30:00,6604.493333333333,6112.656242124092,6624.87725998799,7103.8561149462585,HIGH,34.17,6112.656242124092,7103.8561149462585,
2025-06-25 13:45:00,6724.48,6238.50943360584,6752.893230333103,7241.762232897734,HIGH,34.18833333333333,6238.50943360584,7241.762232897734,
2025-06-25 14:00:00,6816.513333333333,6322.139967589277,6837.9597232228925,7332.892818496475,HIGH,34.20666666666666,6322.139967589277,7332.892818496475,
2025-06-25 14:15:00,6898.2266666666665,6433.577210759004,6951.614723858764,7455.31565541038,HIGH,34.401666666666664,6433.577210759005,7455.31565541038,
2025-06-25 14:30:00,6995.563333333334,6489.386801110096,7008.600995754492,7516.033791264828,HIGH,34.59666666666667,6489.386801110096,7516.033791264828,
2025-06-25 14:45:00,6992.883333333334,6517.7036442902045,7037.725358968574,7546.423374337448,HIGH,34.791666666666664,6517.7036442902045,7546.423374337447,
2025-06-25 15:00:00,7049.366666666666,6556.943318798179,7077.763562019274,7588.795231326297,HIGH,34.98666666666667,6556.943318798179,7588.795231326297,
2025-06-25 15:15:00,7044.7699999999995,6520.837121143323,7038.552569059433,7545.207732145922,HIGH,35.044999999999995,6520.837121143323,7545.207732145922,
2025-06-25 15:30:00,7011.563333333334,6506.464853673566,7023.202805096638,7527.446676812038,HIGH,35.10333333333333,6506.464853673566,7527.446676812038,
2025-06-25 15:45:00,6965.906666666667,6441.441150791773,6953.974094397001,7451.370578728214,HIGH,35.16166666666667,6441.441150791773,7451.370578728214,
2025-06-25 16:00:00,6884.876666666667,6368.252361868764,6876.518324506,7366.394337138236,HIGH,35.22,6368.252361868764,7366.394337138235,
2025-06-25 16:15:00,6818.506666666667,6279.90540138095,6782.325626288303,7263.254741271434,HIGH,35.05416666666667,6279.90540138095,7263.254741271433,
2025-06-25 16:30:00,6791.1033333333335,6219.290720835587,6717.3827151615205,7191.932558167652,HIGH,34.888333333333335,6219.290720835587,7191.932558167652,
2025-06-25 16:45:00,6739.0199999999995,6224.400793208235,6720.26563448866,7194.48593563819,HIGH,34.7225,6224.400793208235,7194.485935638189,
2025-06-25 17:00:00,6727.506666666667,6192.887361859355,6689.059937461869,7159.52640335837,HIGH,34.556666666666665,6192.887361859356,7159.52640335837,
2025-06-25 17:15:00,6631.073333333334,6139.580666687379,6621.036954668856,7084.010288164704,HIGH,34.107499999999995,6139.58066668738,7084.010288164704,
2025-06-25 17:30:00,6572.993333333333,6035.809945458156,6501.56466352428,6952.530988802884,HIGH,33.65833333333333,6035.809945458156,6952.530988802884,
2025-06-25 17:45:00,6468.240000000001,5950.861120256017,6401.568845232726,6842.33012157287,HIGH,33.20916666666667,5950.861120256017,6842.33012157287,
2025-06-25 18:00:00,6368.75,5878.587105729476,6314.742314424197,6746.542287094582,HIGH,32.76,5878.587105729476,6746.542287094581,
2025-06-25 18:15:00,6299.873333333334,5777.036712851319,6213.57198707627,6635.758085068886,HIGH,32.615833333333335,5777.036712851319,6635.758085068886,
2025-06-25 18:30:00,6263.433333333334,5724.452359761326,6162.698331269383,6579.823969040693,HIGH,32.471666666666664,5724.452359761326,6579.823969040692,
2025-06-25 18:45:00,6248.650000000001,5678.478958118388,6118.740315498954,6531.500155210269,HIGH,32.3275,5678.478958118388,6531.500155210269,
2025-06-25 19:00:00,6225.036666666667,5635.23989923647,6077.7124707077965,6486.448299263931,HIGH,32.18333333333333,5635.23989923647,6486.4482992639305,
2025-06-25 19:15:00,6221.813333333333,5647.991723888844,6094.483915577932,6504.435152395065,HIGH,32.03333333333333,5647.991723888844,6504.435152395065,
2025-06-25 19:30:00,6223.716666666667,5692.109690500887,6143.465787806395,6557.582789042813,HIGH,31.883333333333336,5692.109690500887,6557.582789042813,
2025-06-25 19:45:00,6322.400000000001,5746.067268452034,6202.600287549901,6621.871033476692,HIGH,31.733333333333334,5746.067268452034,6621.871033476692,
2025-06-25 20:00:00,6325.996666666667,5766.559018777629,6227.530943846237,6648.996089509993,HIGH,31.583333333333332,5766.559018777629,6648.996089509993,
2025-06-25 20:15:00,6381.596666666667,5802.9793914285365,6268.452439824317,6693.60725108965,HIGH,31.488333333333333,5802.9793914285365,6693.60725108965,
2025-06-25 20:30:00,6373.293333333334,5834.234686237662,6304.108728643218,6732.56914371476,HIGH,31.393333333333334,5834.234686237663,6732.56914371476,
2025-06-25 20:45:00,6423.686666666667,5883.315470141406,6358.019971210292,6791.494553691846,HIGH,31.298333333333332,5883.315470141406,6791.494553691845,
2025-06-25 21:00:00,6425.216666666667,5916.284906309268,6395.421186667227,6832.523372548793,HIGH,31.203333333333333,5916.284906309268,6832.523372548793,
2025-06-25 21:15:00,6512.923333333333,6023.564004450373,6509.230610127557,6956.8549748238565,HIGH,31.0525,6023.564004450374,6956.8549748238565,
2025-06-25 21:30:00,6581.150000000001,6124.799007386478,6616.800128580709,7074.471024416913,HIGH,30.901666666666667,6124.799007386478,7074.471024416913,
2025-06-25 21:45:00,6674.04,6225.970750540104,6724.234895290723,7192.017955548313,HIGH,30.750833333333333,6225.970750540104,7192.017955548312,
2025-06-25 22:00:00,6757.923333333333,6310.490927529878,6814.532947010807,7290.978213703724,HIGH,30.6,6310.490927529878,7290.978213703724,
2025-06-25 22:15:00,6822.55,6390.28961994701,6899.172507175068,7383.823293737484,HIGH,30.3775,6390.28961994701,7383.823293737483,
2025-06-25 22:30:00,6912.543333333334,6452.1736876155155,6965.347324975785,7456.6297004926155,HIGH,30.155,6452.1736876155155,7456.6297004926155,
2025-06-25 22:45:00,6955.443333333334,6525.687581139469,7045.072290762769,7544.006304203225,HIGH,29.932499999999997,6525.687581139469,7544.006304203224,
2025-06-25 23:00:00,6977.966666666667,6531.103665474635,7053.294223672823,7553.808373476356,HIGH,29.71,6531.103665474635,7553.808373476355,
2025-06-25 23:15:00,6991.12,6532.697810362853,7057.520631307776,7559.305370231171,HIGH,29.6125,6532.6978103628535,7559.305370231171,
2025-06-25 23:30:00,6987.22,6509.765920045112,7036.204829823557,7537.0760460317215,HIGH,29.515,6509.765920045112,7537.0760460317215,
2025-06-25 23:45:00,6879.826666666667,6473.388931843237,7000.923708886574,7499.688544026548,HIGH,29.4175,6473.388931843237,7499.688544026548,
2025-06-26 00:00:00,6772.433333333333,6268.354366355322,6792.749944548869,7274.066373676837,HIGH,29.32,6268.354366355323,7274.066373676837,
2025-06-26 00:15:00,6670.87,6172.2968409366285,6695.927629963665,7169.746646610102,HIGH,29.233333333333334,6172.296840936629,7169.746646610102,
2025-06-26 00:30:00,6574.900000000001,6089.1785178105,6612.117271415929,7079.632667399364,HIGH,29.146666666666665,6089.1785178105,7079.6326673993635,
2025-06-26 00:45:00,6495.37,6012.6851070344255,6534.843840977711,6996.668016514219,HIGH,29.060000000000002,6012.6851070344255,6996.668016514219,
2025-06-26 01:00:00,6383.87,5907.124831627749,6427.555223517087,6881.042186983133,HIGH,28.973333333333333,5907.124831627749,6881.042186983133,
2025-06-26 01:15:00,6290.826666666667,5815.092961829601,6332.41710638773,6778.617152486222,HIGH,28.863333333333337,5815.092961829601,6778.617152486222,
2025-06-26 01:30:00,6184.84,5718.079521189966,6231.908664319239,6670.358411262772,HIGH,28.75333333333333,5718.079521189966,6670.358411262772,
2025-06-26 01:45:00,6113.763333333333,5629.124995835127,6139.3756852669085,6570.794029952465,HIGH,28.643333333333334,5629.124995835127,6570.794029952465,
2025-06-26 02:00:00,6024.623333333334,5560.084548361459,6066.951544079196,6493.131718107989,HIGH,28.533333333333335,5560.084548361459,6493.131718107989,
2025-06-26 02:15:00,5948.009999999999,5498.14467075738,5996.841972605727,6417.821819894379,HIGH,28.404166666666665,5498.14467075738,6417.821819894378,
2025-06-26 02:30:00,5879.22,5446.3328018744905,5936.816318550004,6353.485750212796,HIGH,28.275000000000002,5446.3328018744905,6353.485750212796,
2025-06-26 02:45:00,5802.09,5381.511841789979,5863.184765323252,6274.319778991806,HIGH,28.145833333333336,5381.511841789979,6274.319778991806,
2025-06-26 03:00:00,5722.396666666667,5320.148622007349,5792.807209160631,6198.678880721691,HIGH,28.01666666666667,5320.148622007349,6198.678880721691,
2025-06-26 03:15:00,5654.579999999999,5262.19994818414,5731.390918942429,6132.977373288644,HIGH,27.971666666666668,5262.199948184141,6132.977373288644,
2025-06-26 03:30:00,5580.59,5182.181388397956,5647.09649644825,6042.332389320073,HIGH,27.926666666666666,5182.181388397956,6042.332389320073,
2025-06-26 03:45:00,5514.846666666667,5134.745367085006,5595.883809416044,5987.6790898846,HIGH,27.881666666666668,5134.745367085007,5987.6790898846,
2025-06-26 04:00:00,5452.17,5060.806108597819,5517.263057643073,5903.139062199635,HIGH,27.836666666666666,5060.806108597819,5903.139062199635,
2025-06-26 04:15:00,5385.803333333333,4998.156357774438,5451.731538891101,5832.872939276439,HIGH,27.729999999999997,4998.156357774438,5832.872939276438,
2025-06-26 04:30:00,5339.016666666666,4943.917875963336,5394.552993746505,5771.654387932185,HIGH,27.62333333333333,4943.917875963336,5771.654387932185,
2025-06-26 04:45:00,5301.8533333333335,4894.186212595758,5341.738439772797,5715.134968354087,HIGH,27.516666666666666,4894.186212595758,5715.134968354087,
2025-06-26 05:00:00,5246.536666666667,4841.539396057876,5285.698552443456,5655.045695238466,HIGH,27.41,4841.539396057876,5655.045695238465,
2025-06-26 05:15:00,5190.753333333333,4788.852561296364,5231.543956937627,5597.024757506286,HIGH,27.781666666666666,4788.852561296364,5597.024757506286,
2025-06-26 05:30:00,5115.083333333333,4731.503383906813,5172.397536340801,5533.502593876026,HIGH,28.153333333333336,4731.503383906813,5533.502593876026,
2025-06-26 05:45:00,5049.406666666667,4667.567697286387,5106.301843854047,5462.344123457906,HIGH,28.525,4667.567697286387,5462.344123457905,
2025-06-26 06:00:00,5034.486666666667,4651.61352702321,5089.139845267665,5444.402784341542,HIGH,28.896666666666665,4651.613527023211,5444.4027843415415,
2025-06-26 06:15:00,5014.283333333334,4659.642453958527,5095.995702561384,5452.529621750475,HIGH,29.1625,4659.642453958527,5452.529621750474,
2025-06-26 06:30:00,4981.173333333333,4668.762983040748,5103.80640579396,5461.619289996878,HIGH,29.42833333333333,4668.762983040748,5461.619289996878,
2025-06-26 06:45:00,4980.77,4646.277628141159,5079.110406922562,5435.229982313985,HIGH,29.694166666666664,4646.277628141159,5435.229982313985,
2025-06-26 07:00:00,4976.463333333333,4634.78028746193,5065.533872482384,5420.868773628932,HIGH,29.96,4634.780287461931,5420.868773628931,
2025-06-26 07:15:00,5019.05,4655.327489818945,5085.730605572513,5443.242515783501,HIGH,30.357499999999998,4655.327489818945,5443.242515783501,
2025-06-26 07:30:00,4984.92,4677.114207306789,5107.100213827531,5466.809900183308,HIGH,30.755,4677.1142073067895,5466.809900183307,
2025-06-26 07:45:00,5005.446666666667,4701.582144231998,5131.136647354263,5493.197064458435,HIGH,31.1525,4701.582144231998,5493.197064458435,
2025-06-26 08:00:00,5016.696666666667,4725.213705632658,5154.256613095231,5518.5013884027785,HIGH,31.55,4725.213705632659,5518.5013884027785,
2025-06-26 08:15:00,5045.66,4765.054556217126,5190.69642956344,5558.111157868045,HIGH,31.885,4765.054556217127,5558.111157868044,
2025-06-26 08:30:00,5117.826666666667,4819.878343233318,5242.453467862038,5614.316843069357,HIGH,32.22,4819.878343233318,5614.316843069357,
2025-06-26 08:45:00,5175.759999999999,4918.761613085139,5339.316481893322,5719.559080801284,HIGH,32.555,4918.761613085139,5719.559080801284,
2025-06-26 09:00:00,5289.29,5036.836519131062,5455.843276420981,5846.132347970868,HIGH,32.89,5036.836519131063,5846.132347970868,
2025-06-26 09:15:00,5510.563333333334,5206.606626123505,5624.612572741486,6029.490710687882,HIGH,33.185833333333335,5206.606626123505,6029.490710687882,
2025-06-26 09:30:00,5720.16,5379.9302761438585,5797.071822183616,6216.787727772089,HIGH,33.48166666666667,5379.9302761438585,6216.787727772089,
2025-06-26 09:45:00,5869.31,5516.7980957324025,5932.2757522805305,6363.436065470769,HIGH,33.7775,5516.7980957324025,6363.436065470768,
2025-06-26 10:00:00,6029.933333333333,5676.35733766428,6090.800304211415,6535.405352423927,HIGH,34.07333333333333,5676.35733766428,6535.405352423927,
2025-06-26 10:15:00,6163.5,5763.382144028959,6174.806759413904,6626.139150797887,HIGH,34.25666666666666,5763.382144028959,6626.139150797887,
2025-06-26 10:30:00,6280.38,5894.696860474789,6304.282293281087,6766.319352216739,HIGH,34.440000000000005,5894.696860474789,6766.3193522167385,
2025-06-26 10:45:00,6366.423333333333,5986.034169597302,6392.966481680192,6862.011672317397,HIGH,34.62333333333334,5986.034169597303,6862.011672317397,
2025-06-26 11:00:00,6474.076666666667,6031.213122857091,6434.547033003305,6906.345648389921,HIGH,34.80666666666667,6031.213122857091,6906.345648389921,
2025-06-26 11:15:00,6517.849999999999,6105.085018743486,6508.191454301252,6985.628069095655,HIGH,34.969166666666666,6105.085018743486,6985.628069095654,
2025-06-26 11:30:00,6604.63,6150.291283197259,6552.672245173148,7033.096853097992,HIGH,35.13166666666666,6150.291283197259,7033.096853097992,
2025-06-26 11:45:00,6671.653333333333,6180.780060673216,6582.284092545441,7064.323294506059,HIGH,35.29416666666667,6180.780060673216,7064.323294506059,
2025-06-26 12:00:00,6738.740000000001,6210.53826742088,6611.360525318743,7094.921200709901,HIGH,35.45666666666666,6210.538267420881,7094.921200709901,
2025-06-26 12:15:00,6793.436666666667,6237.472849850944,6641.00502443491,7126.212066953891,HIGH,35.50083333333333,6237.472849850944,7126.212066953891,
2025-06-26 12:30:00,6862.496666666666,6283.587836466412,6690.523227109567,7179.109677817103,HIGH,35.544999999999995,6283.587836466412,7179.109677817103,
2025-06-26 12:45:00,6911.490000000001,6302.459585587136,6712.394429152114,7201.86908548783,HIGH,35.589166666666664,6302.459585587136,7201.869085487829,
2025-06-26 13:00:00,6832.233333333334,6123.840664806627,6532.319882935253,7004.684148564636,HIGH,35.63333333333333,6123.840664806627,7004.684148564636,
2025-06-26 13:15:00,6835.586666666667,6077.424437677709,6488.582882490321,6955.976380449189,HIGH,35.6075,6077.424437677709,6955.976380449188,
2025-06-26 13:30:00,6923.056666666666,6224.255598515013,6642.972166798836,7123.013613077696,HIGH,35.58166666666666,6224.255598515013,7123.013613077696,
2025-06-26 13:45:00,7033.579999999999,6323.500174329877,6748.915582810689,7237.284203151203,HIGH,35.55583333333333,6323.500174329877,7237.284203151203,
2025-06-26 14:00:00,7118.723333333332,6396.787369975524,6828.562725815576,7322.914605162543,HIGH,35.53,6396.787369975524,7322.914605162543,
2025-06-26 14:15:00,7222.933333333333,6475.481409198192,6910.435479734757,7410.842913892662,HIGH,35.49666666666667,6475.481409198192,7410.842913892662,
2025-06-26 14:30:00,7306.713333333333,6549.465216747468,6987.771307351507,7493.838068962961,HIGH,35.46333333333334,6549.465216747468,7493.838068962961,
2025-06-26 14:45:00,7377.04,6546.740256279622,6986.855402571808,7491.630139167061,HIGH,35.43,6546.740256279622,7491.630139167061,
2025-06-26 15:00:00,7421.0,6589.360553249585,7032.956849569175,7540.707877105943,HIGH,35.39666666666667,6589.360553249585,7540.707877105943,
2025-06-26 15:15:00,7397.490000000001,6576.6734061723,7021.2789390535445,7526.836667628222,HIGH,35.32833333333333,6576.6734061723,7526.836667628222,
2025-06-26 15:30:00,7383.03,6546.4743845360945,6991.953374683085,7493.776342282728,HIGH,35.26,6546.4743845360945,7493.776342282728,
2025-06-26 15:45:00,7313.3,6494.236247768538,6940.340959004515,7436.479964259508,HIGH,35.19166666666667,6494.236247768539,7436.479964259508,
2025-06-26 16:00:00,7278.88,6408.459010869575,6855.575456596357,7343.314886952871,HIGH,35.123333333333335,6408.459010869575,7343.314886952871,
2025-06-26 16:15:00,7238.363333333334,6335.950738180135,6783.583655138357,7264.06620698809,HIGH,34.95666666666667,6335.950738180135,7264.066206988089,
2025-06-26 16:30:00,7180.013333333333,6296.794198366301,6745.997930210548,7222.334572974109,HIGH,34.79,6296.794198366301,7222.334572974109,
2025-06-26 16:45:00,7119.066666666667,6250.765198637355,6701.62615205408,7173.2661809372985,HIGH,34.62333333333333,6250.765198637355,7173.2661809372985,
2025-06-26 17:00:00,7072.693333333333,6233.2920315676565,6699.212269806691,7172.62175250484,HIGH,34.45666666666666,6233.292031567657,7172.621752504839,
2025-06-26 17:15:00,6956.363333333334,6144.862850044105,6621.505064407371,7089.942062297996,HIGH,34.07416666666667,6144.8628500441055,7089.942062297995,
2025-06-26 17:30:00,6868.05,6076.689229402956,6564.7548008532085,7030.149614588841,HIGH,33.69166666666666,6076.689229402956,7030.149614588841,
2025-06-26 17:45:00,6768.75,5966.177825926392,6452.686718373642,6907.575483529001,HIGH,33.30916666666666,5966.177825926392,6907.575483529,
2025-06-26 18:00:00,6645.6466666666665,5859.535141140766,6343.249811758525,6787.612239869595,HIGH,32.92666666666667,5859.535141140767,6787.612239869595,
2025-06-26 18:15:00,6489.420000000001,5783.094194460846,6264.91282265954,6701.591310394869,HIGH,32.6825,5783.094194460847,6701.591310394868,
2025-06-26 18:30:00,6423.18,5736.616643839904,6217.416648021594,6649.233033129262,HIGH,32.43833333333333,5736.616643839904,6649.233033129262,
2025-06-26 18:45:00,6374.509999999999,5716.195681405768,6196.7455289009185,6626.166417074835,HIGH,32.19416666666667,5716.1956814057685,6626.166417074835,
2025-06-26 19:00:00,6321.576666666667,5686.243502945947,6166.446488203478,6592.695992607214,HIGH,31.95,5686.243502945947,6592.695992607214,
2025-06-26 19:15:00,6347.316666666667,5692.091092361656,6173.992805242284,6600.559999576648,HIGH,31.828333333333333,5692.091092361656,6600.559999576648,
2025-06-26 19:30:00,6376.453333333334,5700.80858657711,6184.573676776537,6611.812256374839,HIGH,31.706666666666667,5700.80858657711,6611.812256374839,
2025-06-26 19:45:00,6454.986666666667,5793.846971789801,6281.564835171341,6717.249733262594,HIGH,31.584999999999997,5793.846971789801,6717.2497332625935,
2025-06-26 20:00:00,6474.223333333332,5802.690235163943,6292.412961443793,6728.962230791269,HIGH,31.46333333333333,5802.690235163943,6728.962230791269,
2025-06-26 20:15:00,6505.303333333333,5853.939933623633,6347.43934964563,6788.895284248147,HIGH,31.343333333333334,5853.939933623633,6788.895284248147,
2025-06-26 20:30:00,6570.433333333333,5858.333324040506,6354.514963993428,6796.694474710342,HIGH,31.223333333333336,5858.333324040506,6796.694474710342,
2025-06-26 20:45:00,6616.306666666666,5911.617846729919,6411.652091344084,6859.094534427011,HIGH,31.10333333333333,5911.617846729919,6859.094534427011,
2025-06-26 21:00:00,6637.493333333333,5925.534196151427,6428.467690399076,6877.667271589012,HIGH,30.983333333333334,5925.534196151427,6877.667271589012,
2025-06-26 21:15:00,6759.78,6016.425294277619,6524.779517628567,6982.918426893618,HIGH,30.860833333333332,6016.42529427762,6982.918426893618,
2025-06-26 21:30:00,6877.526666666668,6100.829959085133,6614.3985519662565,7080.960834483505,HIGH,30.738333333333333,6100.829959085133,7080.960834483504,
2025-06-26 21:45:00,6991.0,6194.371110703755,6713.301995254864,7189.191592235541,HIGH,30.615833333333335,6194.371110703755,7189.191592235541,
2025-06-26 22:00:00,7112.456666666668,6277.136172159206,6801.084329748936,7285.386673836752,HIGH,30.493333333333332,6277.136172159206,7285.386673836752,
2025-06-26 22:15:00,7229.0233333333335,6351.695048275936,6881.077846070576,7373.197770622814,HIGH,30.424166666666665,6351.695048275936,7373.197770622814,
2025-06-26 22:30:00,7330.536666666667,6434.07794331313,6968.959130752734,7469.668085661198,HIGH,30.354999999999997,6434.07794331313,7469.668085661198,
2025-06-26 22:45:00,7396.240000000001,6482.823467953094,7022.2612695798425,7528.547795938243,HIGH,30.285833333333333,6482.823467953095,7528.547795938243,
2025-06-26 23:00:00,7419.426666666666,6505.753581146569,7048.976702695181,7558.537046387669,HIGH,30.216666666666665,6505.753581146569,7558.537046387669,
2025-06-26 23:15:00,7399.823333333334,6510.3786189791945,7055.229701133332,7566.45680225582,HIGH,30.07,6510.378618979195,7566.45680225582,
2025-06-26 23:30:00,7380.41,6491.562249678997,7038.486946986778,7549.220307779575,HIGH,29.923333333333332,6491.562249678997,7549.220307779575,
2025-06-26 23:45:00,7324.47,6401.464287004205,6948.562976572939,7452.339507345136,HIGH,29.776666666666664,6401.464287004206,7452.339507345136,
2025-06-27 00:00:00,7191.88,6218.23707492748,6763.076042446461,7251.436081321751,HIGH,29.63,6218.23707492748,7251.43608132175,
2025-06-27 00:15:00,7066.823333333334,6115.953699709928,6660.598133605783,7140.982970326052,HIGH,29.494166666666665,6115.953699709928,7140.982970326052,
2025-06-27 00:30:00,6990.553333333333,6017.533391795758,6561.839579851627,7034.615962158099,HIGH,29.358333333333334,6017.533391795758,7034.615962158099,
2025-06-27 00:45:00,6915.009999999999,5929.827632375251,6473.805128236729,6939.9581160023645,HIGH,29.2225,5929.827632375251,6939.9581160023645,
2025-06-27 01:00:00,6782.88,5816.001362257102,6358.772114119873,6815.924196145105,HIGH,29.086666666666666,5816.001362257102,6815.924196145105,
2025-06-27 01:15:00,6687.360000000001,5728.4251580328355,6265.3209616234535,6715.234027431416,HIGH,28.9175,5728.425158032836,6715.234027431416,
2025-06-27 01:30:00,6583.573333333334,5631.5032760794875,6162.031293282627,6603.844290848704,HIGH,28.74833333333333,5631.5032760794875,6603.844290848703,
2025-06-27 01:45:00,6484.993333333333,5560.111362089382,6084.604825516657,6520.628665371298,HIGH,28.579166666666666,5560.111362089382,6520.628665371298,
2025-06-27 02:00:00,6400.23,5476.970062090982,5994.868557615735,6424.011203533273,HIGH,28.41,5476.970062090982,6424.011203533272,
2025-06-27 02:15:00,6308.22,5399.138413020345,5913.87876186723,6337.044436497368,HIGH,28.305833333333332,5399.138413020346,6337.044436497368,
2025-06-27 02:30:00,6213.93,5327.3089785411685,5838.748689152073,6256.451349130318,HIGH,28.201666666666668,5327.308978541169,6256.451349130318,
2025-06-27 02:45:00,6098.71,5250.520660941099,5758.254922935529,6170.0041244977065,HIGH,28.0975,5250.520660941099,6170.0041244977065,
2025-06-27 03:00:00,6024.223333333332,5172.6203003845685,5676.336381122433,6081.98678808309,HIGH,27.993333333333336,5172.620300384569,6081.98678808309,
2025-06-27 03:15:00,5968.876666666667,5100.4991527001575,5602.925200874663,6003.3123013373515,HIGH,27.927500000000002,5100.4991527001575,6003.312301337351,
2025-06-27 03:30:00,5891.763333333333,5019.523557723776,5520.166515441383,5914.429194732705,HIGH,27.861666666666668,5019.523557723777,5914.429194732705,
2025-06-27 03:45:00,5821.87,4950.648769717879,5449.519344349923,5838.701196010537,HIGH,27.795833333333334,4950.64876971788,5838.701196010537,
2025-06-27 04:00:00,5746.670000000001,4877.028484659474,5373.740771082395,5757.345760787106,HIGH,27.73,4877.028484659475,5757.345760787106,
2025-06-27 04:15:00,5682.206666666666,4808.342770023432,5301.669959606874,5679.945566366887,HIGH,27.824166666666667,4808.342770023432,5679.945566366887,
2025-06-27 04:30:00,5615.650000000001,4768.013116829641,5258.372597780798,5633.830847632815,HIGH,27.918333333333337,4768.013116829641,5633.830847632815,
2025-06-27 04:45:00,5567.62,4733.27777912813,5220.552660996027,5593.627790460432,HIGH,28.0125,4733.2777791281305,5593.627790460432,
2025-06-27 05:00:00,5520.56,4686.448734199692,5170.10992814087,5539.621040232235,HIGH,28.106666666666666,4686.448734199692,5539.621040232235,
2025-06-27 05:15:00,5426.84,4629.524607863128,5116.288805620929,5482.129393330394,HIGH,28.56,4629.524607863128,5482.129393330394,
2025-06-27 05:30:00,5339.923333333333,4564.435927708826,5053.8901190285205,5415.231649779216,HIGH,29.013333333333332,4564.435927708826,5415.231649779215,
2025-06-27 05:45:00,5236.016666666666,4510.634871236533,5002.842591809225,5360.626774191517,HIGH,29.46666666666667,4510.634871236533,5360.626774191517,
2025-06-27 06:00:00,5207.57,4492.721195788104,4988.346177839633,5345.754396122211,HIGH,29.919999999999998,4492.721195788104,5345.754396122211,
2025-06-27 06:15:00,5218.243333333333,4489.510184970551,4984.053395768226,5341.753142048599,HIGH,30.28166666666667,4489.510184970552,5341.753142048598,
2025-06-27 06:30:00,5197.116666666666,4489.867453514932,4983.251205641108,5341.476146919856,HIGH,30.643333333333334,4489.867453514932,5341.476146919856,
2025-06-27 06:45:00,5158.9766666666665,4488.621347294201,4980.660382941834,5339.172162152421,HIGH,31.005,4488.621347294201,5339.172162152421,
2025-06-27 07:00:00,5186.62,4499.017675413497,4989.859052723559,5349.625937115978,HIGH,31.366666666666667,4499.017675413497,5349.625937115978,
2025-06-27 07:15:00,5185.653333333333,4534.417288872466,5026.340540391264,5389.772121238803,HIGH,31.685000000000002,4534.417288872466,5389.772121238803,
2025-06-27 07:30:00,5207.073333333333,4513.66644672184,5005.23618078166,5367.12368247341,HIGH,32.00333333333334,4513.66644672184,5367.12368247341,
2025-06-27 07:45:00,5219.093333333333,4537.553879666099,5029.756378536419,5394.0760058176,HIGH,32.321666666666665,4537.553879666099,5394.0760058176,
2025-06-27 08:00:00,5240.783333333334,4557.2084958178275,5049.882662059948,5416.158548681673,HIGH,32.64,4557.2084958178275,5416.158548681673,
2025-06-27 08:15:00,5276.943333333334,4581.5645145386625,5074.7807861339315,5443.352770668527,HIGH,32.799166666666665,4581.5645145386625,5443.352770668527,
2025-06-27 08:30:00,5337.176666666666,4640.511767468651,5135.072088025095,5509.00563006231,HIGH,32.95833333333333,4640.511767468651,5509.005630062309,
2025-06-27 08:45:00,5423.31,4703.541850562841,5199.53926918465,5579.1221555174425,HIGH,33.1175,4703.541850562841,5579.1221555174425,
2025-06-27 09:00:00,5534.516666666666,4808.670184054351,5307.123168151616,5696.109965685406,HIGH,33.276666666666664,4808.670184054351,5696.109965685406,
2025-06-27 09:15:00,5764.496666666666,5009.585268646795,5512.452074307523,5919.447892369106,HIGH,33.47333333333333,5009.585268646795,5919.447892369105,
2025-06-27 09:30:00,5958.5,5208.815768796781,5716.107876692406,6140.8841029675905,HIGH,33.67,5208.815768796781,6140.8841029675905,
2025-06-27 09:45:00,6115.04,5349.789084122859,5858.665048493933,6295.3801227313525,HIGH,33.86666666666667,5349.789084122859,6295.3801227313525,
2025-06-27 10:00:00,6210.69,5497.3107890355495,6006.188404745961,6454.817737687854,HIGH,34.06333333333333,5497.3107890355495,6454.817737687854,
2025-06-27 10:15:00,6324.406666666667,5612.446063473178,6120.493654275058,6578.165688225874,HIGH,34.369166666666665,5612.446063473178,6578.165688225873,
2025-06-27 10:30:00,6395.19,5742.21698635535,6249.906466227367,6717.896342150833,HIGH,34.675000000000004,5742.21698635535,6717.896342150832,
2025-06-27 10:45:00,6487.306666666666,5832.7251133385935,6339.25958762966,6813.935887167503,HIGH,34.98083333333334,5832.725113338594,6813.935887167503,
2025-06-27 11:00:00,6565.546666666666,5926.139654932154,6431.744037973896,6913.322980165315,HIGH,35.28666666666667,5926.139654932154,6913.322980165314,
2025-06-27 11:15:00,6605.803333333333,5978.899887181187,6482.610659003092,6967.487011061388,HIGH,35.520833333333336,5978.899887181187,6967.487011061388,
2025-06-27 11:30:00,6724.053333333333,6047.498381773433,6549.878961946245,7039.458043105227,HIGH,35.755,6047.498381773433,7039.458043105227,
2025-06-27 11:45:00,6791.343333333333,6104.759974369658,6605.739533376397,7098.955993373897,HIGH,35.98916666666667,6104.759974369659,7098.955993373897,
2025-06-27 12:00:00,6871.290000000001,6186.978586689155,6687.364930094058,7186.466377012605,HIGH,36.223333333333336,6186.978586689155,7186.466377012605,
2025-06-27 12:15:00,6922.183333333333,6242.994780279791,6742.387674416076,7244.965781335187,HIGH,36.26666666666667,6242.994780279791,7244.965781335186,
2025-06-27 12:30:00,7008.759999999999,6308.531329340309,6807.393681267771,7314.301237237144,HIGH,36.31000000000001,6308.531329340309,7314.301237237143,
2025-06-27 12:45:00,7032.68,6315.0864907380455,6812.257581940301,7318.1113109396165,HIGH,36.35333333333333,6315.0864907380455,7318.1113109396165,
2025-06-27 13:00:00,6918.906666666667,6237.8451376675275,6731.581497175686,7228.742948239256,HIGH,36.39666666666667,6237.8451376675275,7228.742948239256,
2025-06-27 13:15:00,6908.47,6232.317679173389,6724.372869187247,7219.570441596528,HIGH,36.31666666666666,6232.317679173389,7219.570441596528,
2025-06-27 13:30:00,6996.963333333333,6319.430063893312,6812.283489680685,7313.968244458671,HIGH,36.23666666666667,6319.430063893312,7313.968244458671,
2025-06-27 13:45:00,7103.693333333334,6420.1651529008195,6914.417373697014,7423.846106802226,HIGH,36.156666666666666,6420.1651529008195,7423.846106802225,
2025-06-27 14:00:00,7219.183333333334,6504.20262279925,7003.1737984704905,7518.666266606138,HIGH,36.07666666666666,6504.20262279925,7518.666266606138,
2025-06-27 14:15:00,7354.98,6605.922850442328,7112.046018741192,7635.150268423325,HIGH,36.11916666666666,6605.922850442329,7635.150268423325,
2025-06-27 14:30:00,7453.013333333333,6689.512695408447,7201.6283176792385,7730.778290444326,HIGH,36.16166666666666,6689.512695408447,7730.778290444326,
2025-06-27 14:45:00,7505.72,6757.227511847187,7274.576589348536,7808.399217254987,HIGH,36.20416666666667,6757.227511847187,7808.399217254986,
2025-06-27 15:00:00,7576.123333333333,6807.437629596236,7328.581814719281,7865.594490535352,HIGH,36.24666666666667,6807.437629596236,7865.594490535352,
2025-06-27 15:15:00,7539.82,6800.593688261843,7320.425845178654,7855.416768610808,HIGH,36.22666666666667,6800.593688261843,7855.416768610807,
2025-06-27 15:30:00,7556.743333333333,6783.863543995811,7302.429765798324,7834.552348429299,HIGH,36.20666666666666,6783.863543995811,7834.552348429299,
2025-06-27 15:45:00,7532.936666666666,6732.898973330567,7249.6606654771185,7775.854433356294,HIGH,36.18666666666667,6732.898973330567,7775.854433356293,
2025-06-27 16:00:00,7505.47,6694.195151576311,7209.71745806509,7731.163257339701,HIGH,36.166666666666664,6694.195151576312,7731.163257339701,
2025-06-27 16:15:00,7422.163333333333,6648.442471243392,7162.464290581723,7678.5429260023175,HIGH,36.05083333333334,6648.442471243392,7678.542926002317,
2025-06-27 16:30:00,7349.026666666668,6594.585855079714,7107.172812573696,7617.21769127086,HIGH,35.935,6594.585855079714,7617.21769127086,
2025-06-27 16:45:00,7289.360000000001,6537.281143199589,7048.601316675496,7552.373771978379,HIGH,35.81916666666666,6537.281143199589,7552.373771978379,
2025-06-27 17:00:00,7204.2733333333335,6490.312491100558,7000.853049482714,7499.373816379178,HIGH,35.70333333333333,6490.312491100559,7499.373816379178,
2025-06-27 17:15:00,6901.099999999999,6375.556493243534,6883.211927107969,7370.296389511176,HIGH,35.27166666666667,6375.556493243534,7370.296389511176,
2025-06-27 17:30:00,7009.2699999999995,6275.599101573853,6780.940643428307,7258.02184825161,HIGH,34.839999999999996,6275.599101573854,7258.021848251609,
2025-06-27 17:45:00,6887.213333333333,6165.614840828846,6668.609023999346,7134.860146315042,HIGH,34.40833333333333,6165.614840828846,7134.860146315042,
2025-06-27 18:00:00,6760.233333333334,6038.6460333006025,6539.079958454258,6993.042095768291,HIGH,33.97666666666667,6038.6460333006025,6993.042095768291,
2025-06-27 18:15:00,6631.303333333333,5909.119220663092,6405.312891424429,6846.6194562719065,HIGH,33.78333333333333,5909.119220663093,6846.619456271906,
2025-06-27 18:30:00,6558.126666666667,5852.0279306875045,6345.871726343831,6781.214741391787,HIGH,33.59,5852.0279306875045,6781.214741391787,
2025-06-27 18:45:00,6452.716666666667,5801.609545538295,6293.4096322680825,6723.489405051716,HIGH,33.39666666666667,5801.609545538295,6723.489405051716,
2025-06-27 19:00:00,6426.143333333333,5744.640916117317,6234.3716845925455,6658.683963176916,HIGH,33.20333333333333,5744.640916117317,6658.683963176916,
2025-06-27 19:15:00,6419.2733333333335,5752.782890977016,6244.626479283486,6669.51028296179,HIGH,33.034166666666664,5752.782890977016,6669.51028296179,
2025-06-27 19:30:00,6448.509999999999,5772.967921070609,6267.307758685671,6693.952667200808,HIGH,32.865,5772.967921070609,6693.952667200808,
2025-06-27 19:45:00,6520.866666666666,5848.541839638242,6346.77729371151,6780.32187124775,HIGH,32.69583333333334,5848.541839638243,6780.32187124775,
2025-06-27 20:00:00,6524.110000000001,5863.467514504766,6364.212268165123,6799.220228180054,HIGH,32.526666666666664,5863.467514504767,6799.220228180054,
2025-06-27 20:15:00,6586.336666666667,5905.702397923716,6410.7275800048665,6849.910276897171,HIGH,32.38583333333333,5905.702397923716,6849.91027689717,
2025-06-27 20:30:00,6641.69,5976.274400837368,6486.278909953554,6932.305100546893,HIGH,32.245,5976.274400837368,6932.305100546893,
2025-06-27 20:45:00,6732.796666666666,6016.350602075915,6530.611439338375,6980.786509299418,HIGH,32.104166666666664,6016.350602075915,6980.786509299418,
2025-06-27 21:00:00,6751.546666666666,6034.366963813341,6552.34357822597,7004.738919504035,HIGH,31.963333333333335,6034.366963813341,7004.738919504034,
2025-06-27 21:15:00,6887.443333333334,6137.627064822657,6660.960038171897,7123.377043373288,HIGH,31.6925,6137.627064822658,7123.377043373288,
2025-06-27 21:30:00,7018.993333333333,6242.091080325968,6770.757467954578,7243.380949336028,HIGH,31.421666666666667,6242.0910803259685,7243.380949336028,
2025-06-27 21:45:00,7158.473333333332,6342.470246399987,6876.302641371192,7358.831773153942,HIGH,31.150833333333335,6342.470246399987,7358.831773153942,
2025-06-27 22:00:00,7236.94,6442.58367141856,6981.487727091971,7473.965675799878,HIGH,30.880000000000003,6442.583671418561,7473.965675799878,
2025-06-27 22:15:00,7374.8966666666665,6551.236488956721,7095.310212634358,7598.578189815974,HIGH,30.863333333333333,6551.236488956721,7598.578189815974,
2025-06-27 22:30:00,7454.156666666667,6649.252241344254,7198.119085321691,7711.266312667079,HIGH,30.846666666666668,6649.252241344254,7711.266312667079,
2025-06-27 22:45:00,7546.203333333334,6718.333720012423,7271.164077761331,7791.607656346731,HIGH,30.830000000000002,6718.333720012423,7791.607656346731,
2025-06-27 23:00:00,7575.11,6747.98646847531,7303.684367864617,7827.880057985839,HIGH,30.813333333333336,6747.986468475311,7827.880057985839,
2025-06-27 23:15:00,7584.373333333333,6733.128614732031,7290.461474539971,7814.3966981008625,HIGH,30.594166666666666,6733.128614732031,7814.3966981008625,
2025-06-27 23:30:00,7555.223333333332,6707.52931050473,7266.0552702032965,7788.789144436267,HIGH,30.375000000000004,6707.52931050473,7788.789144436266,
2025-06-27 23:45:00,7506.385,6643.133237105492,7201.727437368441,7719.756985173579,HIGH,30.155833333333334,6643.133237105493,7719.756985173579,
2025-06-28 00:00:00,7434.57,6455.074614440447,6965.060115619334,7539.8342540457315,HIGH,29.936666666666667,6455.074614440447,7539.8342540457315,
2025-06-28 00:15:00,7315.856666666667,6332.874571861411,6841.112413350377,7405.962192326716,HIGH,29.675833333333333,6332.874571861411,7405.962192326716,
2025-06-28 00:30:00,7187.376666666667,6245.349736755181,6752.4310763634,7310.530936340033,HIGH,29.415,6245.349736755181,7310.530936340033,
2025-06-28 00:45:00,7119.936666666666,6160.779443333025,6666.528758422042,7218.156644659888,HIGH,29.15416666666667,6160.7794433330255,7218.156644659887,
2025-06-28 01:00:00,7048.183333333334,6035.312252305924,6538.499074012056,7079.9310075375215,HIGH,28.893333333333334,6035.312252305924,7079.9310075375215,
2025-06-28 01:15:00,6904.953333333334,5941.0951300631705,6442.201699371056,6976.281880976762,HIGH,28.775833333333335,5941.0951300631705,6976.281880976762,
2025-06-28 01:30:00,6805.1466666666665,5838.698094182818,6337.259376468987,6863.232981978247,HIGH,28.65833333333333,5838.698094182818,6863.232981978247,
2025-06-28 01:45:00,6722.2733333333335,5748.962897399314,6245.0052202002025,6764.010578446782,HIGH,28.54083333333333,5748.962897399314,6764.010578446781,
2025-06-28 02:00:00,6586.23,5662.670830207942,6155.996121132114,6668.325582533082,HIGH,28.423333333333332,5662.670830207943,6668.325582533082,
2025-06-28 02:15:00,6491.193333333334,5579.343802597075,6070.098624137732,6576.039887264329,HIGH,28.34333333333333,5579.343802597075,6576.039887264329,
2025-06-28 02:30:00,6413.3,5492.006051260873,5979.80910312409,6478.963716263865,HIGH,28.263333333333332,5492.006051260873,6478.963716263865,
2025-06-28 02:45:00,6320.18,5392.297504264699,5876.567201839741,6367.769325988778,HIGH,28.183333333333334,5392.297504264699,6367.769325988778,
2025-06-28 03:00:00,6252.803333333333,5317.777979510214,5798.828870974246,6284.329800255573,HIGH,28.10333333333333,5317.777979510214,6284.329800255573,
2025-06-28 03:15:00,6190.526666666668,5260.477001734982,5738.435095444258,6219.754591499866,HIGH,28.0375,5260.477001734982,6219.754591499866,
2025-06-28 03:30:00,6096.886666666666,5188.277314999104,5662.505397324541,6138.231574605465,HIGH,27.971666666666664,5188.277314999104,6138.231574605465,
2025-06-28 03:45:00,6019.43,5122.318792278191,5592.687818014781,6063.330322185491,HIGH,27.90583333333333,5122.318792278191,6063.33032218549,
2025-06-28 04:00:00,5946.386666666666,5050.0988577432545,5516.186767176616,5981.111429306523,HIGH,27.84,5050.0988577432545,5981.111429306522,
2025-06-28 04:15:00,5869.28,4982.263152850971,5444.626867111225,5904.2548376578925,HIGH,27.731666666666666,4982.263152850971,5904.2548376578925,
2025-06-28 04:30:00,5812.763333333333,4919.160613607479,5377.654114466846,5832.3448318205765,HIGH,27.62333333333333,4919.160613607479,5832.344831820576,
2025-06-28 04:45:00,5747.426666666666,4866.338319210476,5320.956475706535,5771.571172033291,HIGH,27.515,4866.338319210477,5771.571172033291,
2025-06-28 05:00:00,5689.246666666666,4814.134686308506,5264.651599791087,5711.167766480289,HIGH,27.406666666666666,4814.134686308506,5711.167766480289,
2025-06-28 05:15:00,5608.009999999999,4734.683047073788,5185.250085281858,5625.729606288961,HIGH,27.774166666666666,4734.683047073788,5625.72960628896,
2025-06-28 05:30:00,5526.0,4654.715770741027,5105.102350203521,5539.413684708428,HIGH,28.14166666666667,4654.715770741027,5539.413684708428,
2025-06-28 05:45:00,5434.9766666666665,4549.355960028561,4998.750794091833,5424.493246950756,HIGH,28.509166666666665,4549.355960028561,5424.493246950756,
2025-06-28 06:00:00,5398.026666666667,4527.658111521883,4977.864356921851,5402.572672557257,HIGH,28.876666666666665,4527.658111521883,5402.572672557257,
2025-06-28 06:15:00,5375.696666666667,4551.084061231245,5001.203198382814,5428.675044116311,HIGH,29.15583333333333,4551.084061231246,5428.675044116311,
2025-06-28 06:30:00,5356.863333333334,4536.840990771627,4985.8118220169235,5412.523200999698,HIGH,29.435000000000002,4536.840990771627,5412.523200999698,
2025-06-28 06:45:00,5312.486666666667,4510.540879266564,4957.928826693894,5382.688813084972,HIGH,29.714166666666667,4510.540879266564,5382.688813084972,
2025-06-28 07:00:00,5278.46,4529.740865144516,4976.500492689161,5403.362563436766,HIGH,29.993333333333332,4529.740865144516,5403.362563436765,
2025-06-28 07:15:00,5259.4766666666665,4537.701228313953,4983.091448121103,5410.894050132329,HIGH,30.280833333333334,4537.701228313953,5410.894050132329,
2025-06-28 07:30:00,5259.406666666667,4543.869649111724,4987.751520906485,5416.2391859505,HIGH,30.568333333333335,4543.869649111724,5416.2391859505,
2025-06-28 07:45:00,5253.996666666667,4557.0948621102625,4999.558349205979,5429.282746927879,HIGH,30.85583333333333,4557.0948621102625,5429.282746927879,
2025-06-28 08:00:00,5199.276666666668,4574.028159832005,5015.101555415607,5446.3104178354715,HIGH,31.14333333333333,4574.028159832005,5446.3104178354715,
2025-06-28 08:15:00,5241.3,4597.902676597351,5036.63172507019,5469.7346973472095,HIGH,31.378333333333334,4597.902676597351,5469.7346973472095,
2025-06-28 08:30:00,5226.496666666667,4653.391950939356,5090.5076068951175,5528.298923326218,HIGH,31.613333333333333,4653.391950939357,5528.298923326218,
2025-06-28 08:45:00,5250.02,4727.24637247162,5163.1823184994455,5607.251212552923,HIGH,31.848333333333333,4727.24637247162,5607.251212552922,
2025-06-28 09:00:00,5342.650000000001,4827.313067621145,5262.708890335903,5715.362352055021,HIGH,32.083333333333336,4827.313067621146,5715.362352055021,
2025-06-28 09:15:00,5454.453333333334,5046.040149655647,5482.680899558665,5954.51882309811,HIGH,32.34916666666667,5046.040149655647,5954.518823098109,
2025-06-28 09:30:00,5613.13,5236.979063695911,5674.253650581729,6162.668788426461,HIGH,32.615,5236.979063695911,6162.668788426461,
2025-06-28 09:45:00,5801.139999999999,5388.674599043981,5825.717050929487,6327.062033454531,HIGH,32.880833333333335,5388.674599043981,6327.062033454531,
2025-06-28 10:00:00,5949.953333333334,5508.836477452273,5944.9827248372,6456.316730976851,HIGH,33.14666666666667,5508.836477452273,6456.3167309768505,
2025-06-28 10:15:00,6064.7699999999995,5631.249451803066,6070.252551497764,6592.165270933545,HIGH,33.325833333333335,5631.249451803066,6592.165270933544,
2025-06-28 10:30:00,6179.966666666667,5707.267131275205,6148.1434083033955,6676.348663192304,HIGH,33.504999999999995,5707.267131275205,6676.348663192304,
2025-06-28 10:45:00,6289.670000000001,5795.230926511049,6238.4048195675205,6773.937497985275,HIGH,33.68416666666666,5795.230926511049,6773.937497985275,
2025-06-28 11:00:00,6349.206666666666,5876.5627779159595,6322.031711333998,6864.238869083963,HIGH,33.86333333333333,5876.5627779159595,6864.238869083963,
2025-06-28 11:15:00,6414.856666666667,5923.650434214294,6368.971830668535,6914.465857294123,HIGH,34.042500000000004,5923.650434214294,6914.4658572941225,
2025-06-28 11:30:00,6500.633333333334,6032.1057210480685,6478.928876254336,7033.2638607412,HIGH,34.221666666666664,6032.1057210480685,7033.2638607412,
2025-06-28 11:45:00,6588.823333333334,6099.884715186262,6547.43905469948,7106.876155333562,HIGH,34.40083333333333,6099.884715186262,7106.876155333562,
2025-06-28 12:00:00,6698.32,6176.691078732866,6625.40448570756,7190.739754048469,HIGH,34.580000000000005,6176.691078732866,7190.739754048469,
2025-06-28 12:15:00,6753.733333333334,6227.048089001001,6676.8738114568505,7245.7211832056,HIGH,34.64666666666667,6227.048089001001,7245.7211832056,
2025-06-28 12:30:00,6811.846666666667,6303.441453968575,6755.236305805895,7329.953556370348,HIGH,34.71333333333334,6303.441453968576,7329.9535563703475,
2025-06-28 12:45:00,6832.656666666667,6334.110625593336,6787.030072588087,7363.441960431443,HIGH,34.78,6334.110625593336,7363.441960431443,
2025-06-28 13:00:00,6769.84,6234.553227988325,6685.746441637742,7251.983672836906,HIGH,34.84666666666667,6234.553227988325,7251.9836728369055,
2025-06-28 13:15:00,6750.616666666666,6220.616224509921,6670.950841884429,7234.639739390314,HIGH,34.73916666666667,6220.616224509921,7234.639739390314,
2025-06-28 13:30:00,6846.903333333333,6293.366758412978,6745.18022219298,7314.2294554388745,HIGH,34.63166666666667,6293.366758412978,7314.2294554388745,
2025-06-28 13:45:00,6975.353333333333,6399.357866394452,6853.718622317285,7431.1726251757755,HIGH,34.524166666666666,6399.357866394452,7431.1726251757755,
2025-06-28 14:00:00,7021.656666666667,6494.1138533115845,6951.03413464993,7535.89052755551,HIGH,34.416666666666664,6494.1138533115845,7535.890527555509,
2025-06-28 14:15:00,7063.556666666666,6620.991241563552,7080.083184752011,7675.117156611632,HIGH,34.50666666666667,6620.991241563552,7675.117156611632,
2025-06-28 14:30:00,7089.57,6724.608805023403,7187.190299344235,7790.232197413272,HIGH,34.596666666666664,6724.608805023404,7790.232197413272,
2025-06-28 14:45:00,6948.683333333333,6789.427278024823,7255.885332899987,7863.384509579571,HIGH,34.68666666666667,6789.427278024823,7863.384509579571,
2025-06-28 15:00:00,6867.599999999999,6857.2880327104085,7330.380685312277,7943.074008007319,HIGH,34.77666666666667,6857.2880327104085,7943.074008007319,
2025-06-28 15:15:00,6804.66,6813.135407733757,7286.985697959098,7894.898244297935,HIGH,34.40833333333333,6813.135407733757,7894.898244297935,
2025-06-28 15:30:00,6600.166666666667,6802.237108848543,7277.920032082743,7884.13630535872,HIGH,34.04,6802.237108848544,7884.13630535872,
2025-06-28 15:45:00,6359.2699999999995,6751.556720975842,7228.401370837541,7829.355377791214,HIGH,33.67166666666667,6751.556720975842,7829.355377791214,
2025-06-28 16:00:00,6214.759999999999,6704.63781824197,7183.311029995573,7779.501458249892,HIGH,33.30333333333333,6704.637818241971,7779.501458249892,
2025-06-28 16:15:00,6073.110000000001,6646.376997782796,7126.155909328343,7716.527603452552,HIGH,33.5975,6646.376997782797,7716.527603452552,
2025-06-28 16:30:00,6025.013333333333,6586.206307873133,7065.4778800545355,7649.374752579562,HIGH,33.891666666666666,6586.2063078731335,7649.374752579562,
2025-06-28 16:45:00,5974.7266666666665,6535.865198077747,7015.114181497974,7593.5074665719,HIGH,34.18583333333333,6535.865198077747,7593.5074665719,
2025-06-28 17:00:00,5954.38,6471.4021387935,6950.532378472397,7522.214125443934,HIGH,34.48,6471.4021387935,7522.214125443934,
2025-06-28 17:15:00,5909.746666666666,6220.550843536324,6695.346939117853,7243.414798492503,HIGH,34.02916666666666,6220.550843536324,7243.414798492502,
2025-06-28 17:30:00,5837.22,6253.027162072883,6730.464767105513,7280.8209376536715,HIGH,33.578333333333326,6253.027162072884,7280.8209376536715,
2025-06-28 17:45:00,5792.5233333333335,6131.61259438148,6608.227083127012,7146.935428141774,HIGH,33.1275,6131.61259438148,7146.935428141774,
2025-06-28 18:00:00,5707.81,5997.8056743273355,6473.493671361793,6999.513742592217,HIGH,32.67666666666666,5997.8056743273355,6999.513742592217,
2025-06-28 18:15:00,5617.373333333334,5876.908040611265,6348.202218226605,6862.308269095234,HIGH,32.43416666666666,5876.908040611265,6862.308269095234,
2025-06-28 18:30:00,5623.323333333334,5812.869653122527,6281.288896168929,6788.753593285728,HIGH,32.19166666666666,5812.869653122527,6788.753593285728,
2025-06-28 18:45:00,5627.186666666667,5732.565578982145,6197.8689678717565,6697.302386944586,HIGH,31.949166666666667,5732.565578982146,6697.302386944585,
2025-06-28 19:00:00,5623.03,5707.708358283607,6171.348915440709,6667.89616216706,HIGH,31.706666666666663,5707.708358283607,6667.896162167059,
2025-06-28 19:15:00,5692.376666666667,5711.480103316641,6176.410508096433,6673.04152369348,HIGH,31.47083333333333,5711.480103316641,6673.04152369348,
2025-06-28 19:30:00,5741.716666666667,5743.285038886341,6210.270085743796,6709.631518047105,HIGH,31.235000000000003,5743.285038886341,6709.631518047105,
2025-06-28 19:45:00,5799.813333333333,5812.828017578009,6282.846100724409,6788.468117048299,HIGH,30.999166666666667,5812.828017578009,6788.468117048299,
2025-06-28 20:00:00,5810.6033333333335,5827.607813974412,6299.412975345421,6806.395553227519,HIGH,30.763333333333335,5827.607813974412,6806.395553227518,
2025-06-28 20:15:00,5855.599999999999,5886.079941808546,6361.474676896156,6873.977284987635,HIGH,30.602500000000003,5886.079941808547,6873.977284987635,
2025-06-28 20:30:00,5913.746666666667,5941.924440358887,6420.869138033585,6938.738934304302,HIGH,30.441666666666666,5941.924440358888,6938.738934304302,
2025-06-28 20:45:00,5965.383333333334,6021.0255975469045,6504.079255940984,7029.519708115138,HIGH,30.280833333333334,6021.0255975469045,7029.519708115137,
2025-06-28 21:00:00,5970.183333333333,6044.010060320888,6529.819871914715,7057.799011295168,HIGH,30.12,6044.010060320889,7057.7990112951675,
2025-06-28 21:15:00,6032.746666666666,6164.182399207591,6655.392555797169,7194.889687865559,HIGH,29.93,6164.182399207591,7194.889687865559,
2025-06-28 21:30:00,6112.2266666666665,6283.4796042559765,6780.017575848752,7331.028063871498,HIGH,29.74,6283.479604255977,7331.028063871498,
2025-06-28 21:45:00,6194.006666666667,6409.732144669497,6911.6938329091,7474.9228651715175,HIGH,29.55,6409.732144669497,7474.922865171517,
2025-06-28 22:00:00,6292.346666666667,6494.491681916747,7000.799469315191,7572.533463130944,HIGH,29.36,6494.491681916748,7572.533463130943,
2025-06-28 22:15:00,6368.860000000001,6607.425159710886,7119.364080007103,7702.3229326545315,HIGH,29.148333333333333,6607.425159710886,7702.3229326545315,
2025-06-28 22:30:00,6463.583333333333,6673.756978219824,7190.0927275755175,7780.08846129722,HIGH,28.936666666666667,6673.756978219824,7780.08846129722,
2025-06-28 22:45:00,6527.009999999999,6752.341802117918,7273.227091257125,7871.429912970938,HIGH,28.724999999999998,6752.341802117918,7871.429912970938,
2025-06-28 23:00:00,6568.75,6775.17401241202,7299.123544328726,7900.501734131055,HIGH,28.513333333333335,6775.174012412021,7900.501734131055,
2025-06-28 23:15:00,6562.393333333333,6776.139423774786,7303.947761516124,7906.664979702615,HIGH,28.401666666666667,6776.139423774787,7906.664979702614,
2025-06-28 23:30:00,6558.986666666667,6748.1704323300055,7278.552837202048,7880.03182929313,HIGH,28.29,6748.170432330006,7880.03182929313,
2025-06-28 23:45:00,6519.355,6695.018452919968,7227.174754491653,7825.153071115367,HIGH,28.17833333333333,6695.018452919968,7825.153071115367,
2025-06-29 00:00:00,6437.04,6527.598537082833,7058.5908630265485,7642.682623059409,HIGH,28.066666666666666,6527.598537082834,7642.682623059409,
2025-06-29 00:15:00,6368.916666666667,6440.364054507949,6963.255228329132,7539.713512976881,HIGH,27.97083333333333,6440.364054507949,7539.713512976881,
2025-06-29 00:30:00,6288.806666666666,6351.2782266537215,6865.788247305837,7434.459090251628,HIGH,27.875,6351.278226653722,7434.459090251628,
2025-06-29 00:45:00,6200.96,6300.794265221507,6807.5977993198885,7372.007434752846,HIGH,27.77916666666667,6300.794265221508,7372.007434752846,
2025-06-29 01:00:00,6110.2266666666665,6237.733069578789,6736.275072675634,7295.280092527022,HIGH,27.683333333333334,6237.73306957879,7295.280092527022,
2025-06-29 01:15:00,6032.376666666667,6116.5322819062785,6611.991100682055,7161.14077374435,HIGH,27.638333333333332,6116.5322819062785,7161.14077374435,
2025-06-29 01:30:00,5936.136666666666,6021.984496155803,6514.725861569161,7056.4394412375905,HIGH,27.593333333333334,6021.984496155803,7056.4394412375905,
2025-06-29 01:45:00,5846.653333333333,5942.884148839009,6433.000825014233,6968.670472115589,HIGH,27.548333333333332,5942.884148839009,6968.670472115589,
2025-06-29 02:00:00,5734.326666666667,5827.37711409628,6313.720609881389,6840.007442465026,HIGH,27.503333333333334,5827.377114096281,6840.007442465026,
2025-06-29 02:15:00,5685.243333333333,5739.000633821083,6222.293859618139,6741.687608947205,HIGH,27.470833333333335,5739.000633821083,6741.687608947205,
2025-06-29 02:30:00,5616.5199999999995,5660.821475582579,6141.021993211801,6654.418886433465,HIGH,27.438333333333333,5660.82147558258,6654.418886433464,
2025-06-29 02:45:00,5550.706666666666,5566.105896400668,6042.532771023011,6548.387385122868,HIGH,27.405833333333334,5566.105896400668,6548.387385122868,
2025-06-29 03:00:00,5477.143333333333,5496.823634978996,5969.797241223572,6470.383131249809,HIGH,27.373333333333335,5496.823634978997,6470.383131249809,
2025-06-29 03:15:00,5410.173333333333,5428.373519723631,5897.988421109782,6393.376935757501,HIGH,27.329166666666666,5428.373519723631,6393.3769357575,
2025-06-29 03:30:00,5350.463333333333,5333.350595734802,5798.691151170866,6286.406626632351,HIGH,27.285,5333.350595734802,6286.406626632351,
2025-06-29 03:45:00,5289.6466666666665,5233.613457437707,5694.289335773939,6173.843131464321,HIGH,27.240833333333335,5233.613457437707,6173.84313146432,
2025-06-29 04:00:00,5229.673333333333,5150.433526843284,5606.566892798464,6079.4041394170135,HIGH,27.19666666666667,5150.433526843285,6079.404139417013,
2025-06-29 04:15:00,5142.7699999999995,5059.350901250901,5511.20563260987,5976.627859953546,HIGH,27.089166666666667,5059.350901250901,5976.627859953546,
2025-06-29 04:30:00,5109.16,4993.604739527134,5441.526207047623,5901.770286553499,HIGH,26.98166666666667,4993.604739527134,5901.770286553499,
2025-06-29 04:45:00,5218.06,4931.11539361199,5374.930957438925,5830.218125790852,HIGH,26.874166666666667,4931.11539361199,5830.218125790851,
2025-06-29 05:00:00,5049.9366666666665,4872.347291686902,5311.905049811258,5762.49551482805,HIGH,26.76666666666667,4872.347291686903,5762.49551482805,
2025-06-29 05:15:00,4955.87,4791.816124928561,5234.273229664771,5679.086791464215,HIGH,27.1275,4791.816124928561,5679.086791464215,
2025-06-29 05:30:00,4898.796666666666,4720.473078887648,5165.830381540654,5605.619734215253,HIGH,27.488333333333337,4720.473078887648,5605.619734215253,
2025-06-29 05:45:00,4834.56,4637.291330403001,5085.0608034232955,5518.66031680359,HIGH,27.84916666666667,4637.291330403001,5518.660316803589,
2025-06-29 06:00:00,4800.306666666666,4602.5006343468185,5053.644222719241,5485.374652336253,HIGH,28.21,4602.5006343468185,5485.374652336253,
2025-06-29 06:15:00,4781.98,4575.196581596532,5027.55874792206,5457.743388976749,HIGH,28.31833333333333,4575.196581596532,5457.743388976748,
2025-06-29 06:30:00,4750.446666666667,4543.461839023008,4996.774120343542,5424.917750270936,HIGH,28.426666666666666,4543.461839023008,5424.917750270935,
2025-06-29 06:45:00,4738.666666666667,4488.837858015834,4942.40732834217,5366.331959660546,HIGH,28.535,4488.837858015835,5366.331959660545,
2025-06-29 07:00:00,4707.573333333333,4455.088944510995,4909.282860429752,5330.798065039584,HIGH,28.643333333333334,4455.088944510996,5330.798065039583,
2025-06-29 07:15:00,4684.62,4426.1576960061475,4880.977307305409,5300.429483353813,HIGH,28.785833333333333,4426.157696006148,5300.429483353812,
2025-06-29 07:30:00,4652.673333333333,4416.111263442664,4871.910770857418,5290.928577059783,HIGH,28.928333333333335,4416.111263442664,5290.928577059783,
2025-06-29 07:45:00,4629.063333333333,4398.083849716098,4854.59456542924,5272.35938535501,HIGH,29.070833333333333,4398.083849716098,5272.359385355009,
2025-06-29 08:00:00,4603.756666666667,4361.5838887205255,4818.305097498279,5233.043498834707,HIGH,29.213333333333335,4361.5838887205255,5233.043498834707,
2025-06-29 08:15:00,4601.56,4396.2259397716525,4853.73457593487,5271.706368660728,HIGH,29.473333333333333,4396.225939771653,5271.706368660728,
2025-06-29 08:30:00,4624.116666666666,4394.1145776777,4851.5110138766495,5269.280523771751,HIGH,29.73333333333333,4394.1145776777,5269.280523771751,
2025-06-29 08:45:00,4622.79,4420.753336625623,4878.718937238598,5298.821707089819,HIGH,29.993333333333332,4420.753336625624,5298.821707089819,
2025-06-29 09:00:00,4655.333333333333,4498.805686389717,4958.58108984182,5385.620527733195,HIGH,30.253333333333334,4498.805686389717,5385.620527733195,
2025-06-29 09:15:00,4752.323333333334,4621.863668176009,5084.1960000692025,5522.149890610229,HIGH,30.570833333333333,4621.86366817601,5522.149890610229,
2025-06-29 09:30:00,4879.400000000001,4774.112705557096,5239.749831061691,5691.203040941767,HIGH,30.888333333333335,4774.112705557096,5691.203040941767,
2025-06-29 09:45:00,4966.416666666667,4938.289456880535,5407.585835374885,5873.5538552221105,HIGH,31.205833333333338,4938.289456880535,5873.55385522211,
2025-06-29 10:00:00,5108.356666666667,5070.099196814237,5542.37088328138,6019.836954324964,HIGH,31.523333333333337,5070.099196814237,6019.836954324963,
2025-06-29 10:15:00,5185.0233333333335,5173.886968046492,5648.211924357731,6134.514761463155,HIGH,31.676666666666666,5173.886968046493,6134.514761463155,
2025-06-29 10:30:00,5261.706666666666,5272.800246508002,5749.185069468186,6243.821992229323,HIGH,31.83,5272.800246508002,6243.821992229323,
2025-06-29 10:45:00,5294.63,5368.939359810307,5846.848611502653,6349.328514056433,HIGH,31.983333333333334,5368.939359810307,6349.328514056433,
2025-06-29 11:00:00,5246.2,5428.39255454166,5904.671680807522,6410.864457681503,HIGH,32.13666666666666,5428.3925545416605,6410.864457681502,
2025-06-29 11:15:00,5236.82,5488.704412455805,5963.379978370182,6473.46318076016,HIGH,32.2675,5488.704412455806,6473.46318076016,
2025-06-29 11:30:00,5234.423333333333,5570.479927810982,6044.249518705881,6560.141068369063,HIGH,32.39833333333333,5570.479927810982,6560.141068369062,
2025-06-29 11:45:00,5286.663333333333,5649.572676767702,6122.571864395803,6643.995001323325,HIGH,32.52916666666667,5649.572676767702,6643.995001323324,
2025-06-29 12:00:00,5397.386666666666,5746.0928190353,6218.949827252873,6747.466037853655,HIGH,32.660000000000004,5746.0928190353,6747.466037853654,
2025-06-29 12:15:00,5432.283333333333,5796.216296786489,6267.994286609234,6799.402640305563,HIGH,32.75083333333333,5796.216296786489,6799.402640305563,
2025-06-29 12:30:00,5457.849999999999,5848.959549945764,6319.956849490833,6854.481334209809,HIGH,32.84166666666667,5848.959549945764,6854.481334209808,
2025-06-29 12:45:00,5469.193333333334,5873.089121160538,6342.869282168955,6877.893816426871,HIGH,32.9325,5873.089121160538,6877.893816426871,
2025-06-29 13:00:00,5379.98,5803.006419878339,6269.577555388959,6796.514573756916,HIGH,33.02333333333333,5803.006419878339,6796.514573756916,
2025-06-29 13:15:00,5371.403333333333,5782.895728161363,6247.657772792445,6771.111824141097,HIGH,32.9925,5782.895728161363,6771.111824141097,
2025-06-29 13:30:00,5413.9766666666665,5866.966597869138,6332.674227048746,6862.148087663081,HIGH,32.961666666666666,5866.966597869138,6862.148087663081,
2025-06-29 13:45:00,5503.43,5973.941873197952,6441.417014883689,6979.013256608585,HIGH,32.93083333333333,5973.941873197952,6979.013256608585,
2025-06-29 14:00:00,5538.903333333333,6027.612355412438,6495.863880539132,7036.746611731025,HIGH,32.9,6027.612355412438,7036.746611731024,
2025-06-29 14:15:00,5549.126666666667,6095.595461368168,6563.535905550995,7109.095303649712,HIGH,32.946666666666665,6095.595461368169,7109.095303649712,
2025-06-29 14:30:00,5582.423333333333,6144.556246498622,6612.017571557922,7160.553249607187,HIGH,32.99333333333334,6144.556246498622,7160.553249607187,
2025-06-29 14:45:00,5603.07,6075.5060486822385,6539.960231765178,7080.757258164051,HIGH,33.04,6075.506048682239,7080.75725816405,
2025-06-29 15:00:00,5597.466666666667,6041.805668722881,6504.382013937625,7040.705571478658,HIGH,33.086666666666666,6041.805668722882,7040.705571478658,
2025-06-29 15:15:00,5569.29,5996.041051541106,6457.095851979236,6987.940618886882,HIGH,33.00083333333333,5996.041051541106,6987.940618886882,
2025-06-29 15:30:00,5537.166666666667,5859.818398073869,6317.4761073388345,6834.653553096879,HIGH,32.915,5859.8183980738695,6834.653553096879,
2025-06-29 15:45:00,5496.349999999999,5689.6088361828215,6143.33676304055,6643.808968263263,HIGH,32.829166666666666,5689.6088361828215,6643.808968263263,
2025-06-29 16:00:00,5412.806666666666,5576.634499698102,6028.070430116193,6517.116447341491,HIGH,32.74333333333333,5576.634499698102,6517.11644734149,
2025-06-29 16:15:00,5336.8533333333335,5438.250363552739,5887.773400543917,6363.235223712649,HIGH,32.251666666666665,5438.250363552739,6363.235223712648,
2025-06-29 16:30:00,5281.099999999999,5364.56916897689,5813.981383014533,6281.826795763663,HIGH,31.76,5364.569168976891,6281.826795763662,
2025-06-29 16:45:00,5193.2733333333335,5280.715752280642,5730.024850670884,6189.402464182516,HIGH,31.268333333333334,5280.715752280642,6189.402464182516,
2025-06-29 17:00:00,5131.17,5233.455747857473,5683.775137793169,6138.098334133472,HIGH,30.776666666666667,5233.455747857473,6138.098334133472,
2025-06-29 17:15:00,5123.7266666666665,5178.0420990911325,5616.110548084923,6063.061968385238,HIGH,30.545833333333334,5178.0420990911325,6063.061968385238,
2025-06-29 17:30:00,5070.806666666666,5148.074773563161,5574.71746234136,6016.700404765639,HIGH,30.315,5148.074773563162,6016.700404765638,
2025-06-29 17:45:00,5041.706666666666,5108.235899643488,5523.4230659328605,5959.624858830277,HIGH,30.08416666666667,5108.235899643488,5959.624858830277,
2025-06-29 18:00:00,5058.9366666666665,5047.308324780705,5450.729185107316,5879.316943402649,HIGH,29.853333333333335,5047.308324780706,5879.316943402649,
2025-06-29 18:15:00,5045.656666666667,4960.90432280986,5364.347748168586,5784.612287365545,HIGH,29.742500000000003,4960.90432280986,5784.612287365545,
2025-06-29 18:30:00,5046.756666666667,4943.858112538292,5349.141078284739,5767.493969165584,HIGH,29.631666666666668,4943.858112538292,5767.493969165584,
2025-06-29 18:45:00,5035.803333333333,4933.619204754802,5341.05108245378,5758.204879263375,HIGH,29.520833333333336,4933.619204754802,5758.204879263375,
2025-06-29 19:00:00,5060.29,4931.707950173469,5341.617968584927,5758.424137103333,HIGH,29.41,4931.707950173469,5758.424137103333,
2025-06-29 19:15:00,5131.66,4981.669813090202,5396.127540635971,5817.495041366965,HIGH,29.256666666666668,4981.669813090202,5817.495041366965,
2025-06-29 19:30:00,5146.2,5031.025449279742,5450.112629864117,5876.0784028266935,HIGH,29.103333333333335,5031.025449279742,5876.0784028266935,
2025-06-29 19:45:00,5177.466666666666,5091.626957519804,5515.690146658734,5947.3703147302695,HIGH,28.95,5091.626957519805,5947.3703147302695,
2025-06-29 20:00:00,5170.38,5112.129046310796,5540.272016913688,5974.102762770603,HIGH,28.796666666666667,5112.129046310796,5974.102762770603,
2025-06-29 20:15:00,5194.47,5165.640197752192,5598.691907024315,6037.769680442721,HIGH,28.688333333333333,5165.640197752192,6037.769680442721,
2025-06-29 20:30:00,5213.13,5222.278813092464,5660.336908966925,6105.033288910498,HIGH,28.58,5222.278813092464,6105.033288910498,
2025-06-29 20:45:00,5236.8,5276.320393852042,5719.327263472609,6169.4898532058205,HIGH,28.471666666666664,5276.320393852042,6169.4898532058205,
2025-06-29 21:00:00,5261.706666666666,5288.86753097974,5735.819107737142,6187.74836100045,HIGH,28.363333333333333,5288.86753097974,6187.74836100045,
2025-06-29 21:15:00,5345.746666666667,5373.057884670875,5825.270377671763,6285.528367496821,HIGH,28.278333333333332,5373.057884670876,6285.528367496821,
2025-06-29 21:30:00,5414.393333333333,5462.149473218062,5919.688118953786,6388.796568287945,HIGH,28.193333333333328,5462.149473218062,6388.796568287945,
2025-06-29 21:45:00,5512.856666666667,5557.35379668016,6020.294400760407,6498.8817176611965,HIGH,28.10833333333333,5557.3537966801605,6498.8817176611965,
2025-06-29 22:00:00,5578.363333333334,5652.578630009882,6120.8336728832655,6608.969107899388,HIGH,28.023333333333333,5652.578630009882,6608.969107899388,
2025-06-29 22:15:00,5651.423333333333,5747.655438977183,6219.678248599546,6717.232334246192,HIGH,28.044166666666662,5747.655438977183,6717.232334246191,
2025-06-29 22:30:00,5723.9766666666665,5845.435770051473,6321.167971933604,6828.445563393763,HIGH,28.065,5845.435770051474,6828.445563393763,
2025-06-29 22:45:00,5788.253333333334,5923.479546740729,6402.3109001046,6917.567221654448,HIGH,28.085833333333333,5923.479546740729,6917.567221654447,
2025-06-29 23:00:00,5822.176666666666,5974.219427722467,6455.34313792984,6976.138800395905,HIGH,28.106666666666666,5974.219427722467,6976.138800395905,
2025-06-29 23:15:00,5838.34,5985.476339898673,6460.584749174124,6982.724779314318,HIGH,27.955,5985.476339898673,6982.724779314318,
2025-06-29 23:30:00,5803.03,5992.728865264821,6460.564785466119,6983.7733280565635,HIGH,27.803333333333335,5992.728865264822,6983.7733280565635,
2025-06-29 23:45:00,5774.28,5962.03203000953,6420.351793791917,6941.262755722384,HIGH,27.65166666666667,5962.03203000953,6941.262755722384,
2025-06-30 00:00:00,5690.006666666667,6135.098802793852,6631.739717018312,7096.378107921924,HIGH,27.5,6135.098802793852,7096.378107921923,
2025-06-30 00:15:00,5615.81,6052.747870205436,6541.144294327718,6999.688837543053,HIGH,27.374166666666667,6052.747870205436,6999.688837543053,
2025-06-30 00:30:00,5533.990000000001,5963.436961378718,6446.212979857249,6897.885687401263,HIGH,27.248333333333335,5963.436961378718,6897.885687401263,
2025-06-30 00:45:00,5457.433333333333,5879.859470448058,6358.743667477148,6803.979432222174,HIGH,27.1225,5879.859470448059,6803.979432222174,
2025-06-30 01:00:00,5389.126666666667,5793.562020251097,6269.739809592083,6708.2145913840295,HIGH,26.996666666666666,5793.562020251098,6708.2145913840295,
2025-06-30 01:15:00,5317.349999999999,5706.3817917567785,6182.803385201767,6614.8362216375435,HIGH,26.901666666666667,5706.3817917567785,6614.8362216375435,
2025-06-30 01:30:00,5246.8966666666665,5608.627277638556,6084.770534754673,6509.388419449801,HIGH,26.80666666666667,5608.627277638557,6509.388419449801,
2025-06-30 01:45:00,5182.826666666667,5519.4619472330605,5995.256062661988,6413.226212130029,HIGH,26.71166666666667,5519.4619472330605,6413.226212130029,
2025-06-30 02:00:00,5104.823333333333,5408.214003458388,5882.852115438935,6292.14089942786,HIGH,26.616666666666667,5408.214003458388,6292.14089942786,
2025-06-30 02:15:00,5049.21,5347.608448634022,5820.577369792522,6225.593166864472,HIGH,26.508333333333336,5347.608448634022,6225.593166864472,
2025-06-30 02:30:00,4984.906666666667,5274.241756310532,5744.951488847389,6144.498483886413,HIGH,26.400000000000002,5274.241756310532,6144.498483886413,
2025-06-30 02:45:00,4916.11,5203.127069625842,5671.344782970516,6065.589609574989,HIGH,26.291666666666668,5203.127069625842,6065.589609574988,
2025-06-30 03:00:00,4849.786666666667,5128.693992158478,5594.054332240635,5982.650605331017,HIGH,26.183333333333334,5128.693992158478,5982.650605331017,
2025-06-30 03:15:00,4792.576666666667,5062.006008180871,5524.76841242188,5908.417408757081,HIGH,26.123333333333335,5062.006008180871,5908.417408757081,
2025-06-30 03:30:00,4742.033333333334,4996.6253334939565,5456.539102054067,5835.305676066118,HIGH,26.063333333333336,4996.625333493957,5835.305676066118,
2025-06-30 03:45:00,4681.823333333334,4932.9220685752325,5389.749310639113,5763.727245301531,HIGH,26.003333333333337,4932.9220685752325,5763.727245301531,
2025-06-30 04:00:00,4618.556666666666,4869.670094125509,5323.14884803345,5692.315655563239,HIGH,25.943333333333335,4869.670094125509,5692.315655563239,
2025-06-30 04:15:00,4584.096666666667,4813.593259530489,5263.268896426897,5628.165751148443,HIGH,26.148333333333337,4813.593259530489,5628.165751148443,
2025-06-30 04:30:00,4554.536666666667,4790.93973633102,5237.350498413909,5600.951169062439,HIGH,26.353333333333335,4790.93973633102,5600.951169062439,
2025-06-30 04:45:00,4521.5233333333335,4859.582785760007,5304.655782754521,5675.203947232749,HIGH,26.558333333333334,4859.582785760007,5675.203947232749,
2025-06-30 05:00:00,4488.593333333333,4751.920496132701,5191.210189202158,5552.561504334082,HIGH,26.763333333333335,4751.920496132701,5552.561504334082,
2025-06-30 05:15:00,4449.866666666666,4675.660015736231,5120.10713783026,5476.339291366864,HIGH,27.13416666666667,4675.660015736231,5476.339291366864,
2025-06-30 05:30:00,4405.583333333333,4619.366934301909,5069.2294226805625,5422.07734820732,HIGH,27.505000000000003,4619.36693430191,5422.077348207319,
2025-06-30 05:45:00,4357.836666666667,4557.540924538644,5012.4811444638935,5361.353812469078,HIGH,27.875833333333336,4557.540924538644,5361.353812469078,
2025-06-30 06:00:00,4352.623333333334,4522.744826105922,4983.215259012578,5330.486935111564,HIGH,28.24666666666667,4522.744826105922,5330.486935111564,
2025-06-30 06:15:00,4356.650000000001,4508.08971055181,4966.846059047913,5313.321678686239,HIGH,28.275833333333335,4508.08971055181,5313.321678686239,
2025-06-30 06:30:00,4351.873333333333,4488.7539181963975,4945.521757130502,5290.683318195532,HIGH,28.305,4488.7539181963975,5290.683318195532,
2025-06-30 06:45:00,4361.406666666667,4462.0989742528,4916.556724451036,5259.645031504575,HIGH,28.33416666666667,4462.0989742528,5259.645031504575,
2025-06-30 07:00:00,4384.863333333334,4437.787833655672,4889.860780764054,5230.996782489388,HIGH,28.363333333333333,4437.787833655672,5230.996782489388,
2025-06-30 07:15:00,4409.993333333333,4421.468177746873,4871.5926382821435,5211.456704620985,HIGH,28.4225,4421.468177746873,5211.456704620985,
2025-06-30 07:30:00,4400.586666666667,4402.241825254986,4850.252272036833,5188.487355080512,HIGH,28.481666666666666,4402.241825254986,5188.487355080512,
2025-06-30 07:45:00,4402.803333333333,4388.227734782763,4834.170139050801,5171.15982943683,HIGH,28.54083333333333,4388.227734782764,5171.15982943683,
2025-06-30 08:00:00,4399.486666666667,4375.7866690969195,4819.638402825115,5155.4358796413435,HIGH,28.599999999999998,4375.7866690969195,5155.4358796413435,
2025-06-30 08:15:00,4480.583333333333,4379.399281533832,4821.501534653439,5157.481089162878,HIGH,28.595,4379.399281533833,5157.481089162878,
2025-06-30 08:30:00,4505.46,4394.648403511969,4835.255649087858,5172.3910389492685,HIGH,28.589999999999996,4394.648403511969,5172.3910389492685,
2025-06-30 08:45:00,4569.889999999999,4397.64017209027,4836.455745592489,5173.545792080487,HIGH,28.585,4397.64017209027,5173.545792080487,
2025-06-30 09:00:00,4656.2699999999995,4447.877808876953,4886.0429484810775,5227.311284554856,HIGH,28.58,4447.877808876953,5227.311284554856,
2025-06-30 09:15:00,4852.17,4544.124482420898,4982.76961602689,5332.330223505374,HIGH,28.470833333333335,4544.124482420898,5332.330223505374,
2025-06-30 09:30:00,4966.753333333333,4667.748759681003,5107.578501603443,5467.851000114646,HIGH,28.361666666666668,4667.748759681003,5467.851000114646,
2025-06-30 09:45:00,5132.683333333333,4759.645028977509,5199.97264894297,5567.9944915157475,HIGH,28.252499999999998,4759.645028977509,5567.9944915157475,
2025-06-30 10:00:00,5199.446666666667,4881.339025518999,5322.963208501416,5701.382269930511,HIGH,28.143333333333334,4881.339025518999,5701.382269930511,
2025-06-30 10:15:00,5302.706666666667,4994.750529324009,5437.938766164558,5825.982008387104,HIGH,28.923333333333336,4994.750529324009,5825.982008387103,
2025-06-30 10:30:00,5339.0,5101.825014838516,5546.549021085475,5943.5804940744665,HIGH,29.703333333333333,5101.825014838516,5943.5804940744665,
2025-06-30 10:45:00,5400.083333333333,5182.6956056241725,5628.4699416240655,6032.048192450533,HIGH,30.483333333333334,5182.6956056241725,6032.048192450533,
2025-06-30 11:00:00,5440.63,5193.072147152069,5638.3711250226825,6042.023906877106,HIGH,31.263333333333332,5193.072147152069,6042.023906877106,
2025-06-30 11:15:00,5502.55,5199.229523728326,5645.201632218872,6048.635415760821,HIGH,31.40583333333333,5199.229523728326,6048.635415760821,
2025-06-30 11:30:00,5553.5199999999995,5214.105161568352,5661.144008112222,6065.115317165324,HIGH,31.548333333333336,5214.105161568352,6065.115317165324,
2025-06-30 11:45:00,5562.883333333334,5267.8161411074625,5717.047504986276,6125.062831492406,HIGH,31.690833333333334,5267.8161411074625,6125.062831492406,
2025-06-30 12:00:00,5587.8,5362.729413974383,5815.348550782498,6231.135819868261,HIGH,31.833333333333332,5362.729413974383,6231.13581986826,
2025-06-30 12:15:00,5618.349999999999,5391.889706070297,5841.521905505487,6258.442130554182,HIGH,31.758333333333333,5391.8897060702975,6258.442130554182,
2025-06-30 12:30:00,5628.639999999999,5430.7956753760445,5877.909218425132,6296.835720465186,HIGH,31.683333333333334,5430.7956753760445,6296.835720465186,
2025-06-30 12:45:00,5676.063333333333,5434.037264031122,5878.027543160468,6295.701760333791,HIGH,31.60833333333333,5434.037264031122,6295.701760333791,
2025-06-30 13:00:00,5545.026666666668,5348.227694831278,5787.2259157448525,6195.530578547197,HIGH,31.53333333333333,5348.227694831279,6195.530578547197,
2025-06-30 13:15:00,5519.876666666667,5344.624245894641,5775.463533304957,6181.221441772815,HIGH,31.323333333333334,5344.624245894641,6181.221441772814,
2025-06-30 13:30:00,5557.723333333332,5402.38534668023,5826.799189615072,6235.61150817126,HIGH,31.113333333333333,5402.38534668023,6235.61150817126,
2025-06-30 13:45:00,5664.62,5506.093798359736,5925.453699382672,6341.522740723685,HIGH,30.903333333333332,5506.093798359736,6341.522740723685,
2025-06-30 14:00:00,5731.34,5556.459356707355,5970.9908734240635,6389.846551516302,HIGH,30.693333333333335,5556.459356707355,6389.846551516302,
2025-06-30 14:15:00,5794.349999999999,5586.470120759574,6003.15873742046,6423.8687926496805,HIGH,30.70916666666667,5586.470120759574,6423.8687926496805,
2025-06-30 14:30:00,5823.056666666666,5620.510522955834,6032.75383813337,6456.084299176517,HIGH,30.725,5620.510522955834,6456.084299176517,
2025-06-30 14:45:00,5816.03,5619.536907394296,6029.750998505367,6452.394564153737,HIGH,30.740833333333335,5619.536907394297,6452.394564153737,
2025-06-30 15:00:00,5849.516666666666,5614.756614178963,6023.731920103166,6445.246284449892,HIGH,30.756666666666668,5614.756614178963,6445.246284449891,
2025-06-30 15:15:00,5838.7300000000005,5577.770955046013,5975.850603690751,6393.4493626196445,HIGH,30.78666666666667,5577.770955046013,6393.4493626196445,
2025-06-30 15:30:00,5794.84,5531.3358757348515,5927.156280165378,6339.583202011639,HIGH,30.816666666666663,5531.335875734852,6339.583202011639,
2025-06-30 15:45:00,5731.613333333334,5476.448792104802,5871.643682484235,6278.106080759897,HIGH,30.846666666666664,5476.448792104802,6278.106080759897,
2025-06-30 16:00:00,5738.483333333334,5399.218012223283,5792.918418309429,6191.259241776589,HIGH,30.876666666666665,5399.218012223283,6191.259241776589,
2025-06-30 16:15:00,5730.283333333333,5313.897034553236,5707.254503214304,6096.938722827905,HIGH,30.711666666666666,5313.897034553236,6096.938722827905,
2025-06-30 16:30:00,5681.036666666667,5253.625245666154,5647.496104749972,6030.878137727889,HIGH,30.546666666666667,5253.625245666154,6030.878137727889,
2025-06-30 16:45:00,5643.420000000001,5172.393554151584,5566.528224615089,5941.773677007633,HIGH,30.381666666666664,5172.393554151584,5941.773677007632,
2025-06-30 17:00:00,5637.783333333333,5114.897724080346,5521.365717422679,5894.132169577726,HIGH,30.216666666666665,5114.897724080346,5894.132169577726,
2025-06-30 17:15:00,5650.563333333334,5080.924645873197,5495.426671686419,5866.65259150816,HIGH,29.919166666666666,5080.924645873197,5866.652591508159,
2025-06-30 17:30:00,5610.346666666667,5000.835964399256,5414.576080490138,5777.743530029217,HIGH,29.621666666666666,5000.835964399256,5777.743530029217,
2025-06-30 17:45:00,5579.143333333333,4944.875404529844,5358.634741287523,5716.0291986820075,HIGH,29.324166666666667,4944.875404529844,5716.0291986820075,
2025-06-30 18:00:00,5541.123333333333,4916.933412316686,5331.572395393099,5685.835774113196,HIGH,29.026666666666667,4916.933412316686,5685.835774113196,
2025-06-30 18:15:00,5475.913333333333,4885.749592817809,5300.650029905873,5651.487722670299,HIGH,28.965833333333332,4885.749592817809,5651.487722670299,
2025-06-30 18:30:00,5482.933333333333,4880.7926635975355,5296.742857377878,5646.636220553693,HIGH,28.904999999999998,4880.7926635975355,5646.636220553693,
2025-06-30 18:45:00,5500.259999999999,4870.7197383596385,5287.744689540805,5636.319791393675,HIGH,28.844166666666663,4870.7197383596385,5636.319791393675,
2025-06-30 19:00:00,5476.2699999999995,4878.382645272286,5297.035967829622,5646.001575037703,HIGH,28.78333333333333,4878.382645272286,5646.001575037703,
2025-06-30 19:15:00,5444.83,4930.014509743547,5352.177257760425,5705.722080558877,HIGH,28.734999999999996,4930.014509743547,5705.722080558877,
2025-06-30 19:30:00,5410.183333333333,4946.9980179967315,5371.9400300554635,5726.998989640528,HIGH,28.686666666666667,4946.998017996732,5726.998989640528,
2025-06-30 19:45:00,5418.306666666666,4979.612682785457,5407.785103505701,5765.873922756843,HIGH,28.638333333333335,4979.612682785457,5765.873922756843,
2025-06-30 20:00:00,5342.926666666666,4981.815849024191,5412.553508380661,5770.991161780563,HIGH,28.59,4981.815849024191,5770.991161780562,
2025-06-30 20:15:00,5372.466666666666,5013.284276022335,5448.045583645194,5809.67690279175,HIGH,28.539166666666667,5013.284276022335,5809.67690279175,
2025-06-30 20:30:00,5374.66,5042.666745499186,5481.425009138947,5846.146510723931,HIGH,28.488333333333333,5042.666745499186,5846.14651072393,
2025-06-30 20:45:00,5298.063333333333,5073.962894336496,5516.768081735131,5884.838398525538,HIGH,28.437499999999996,5073.962894336497,5884.838398525538,
2025-06-30 21:00:00,5359.413333333333,5096.511203132573,5543.140254689767,5913.843807123749,HIGH,28.386666666666667,5096.511203132573,5913.843807123749,
2025-06-30 21:15:00,5428.57,5184.210071555587,5636.9024596463,6016.343982854928,HIGH,28.325833333333332,5184.210071555587,6016.343982854928,
2025-06-30 21:30:00,5510.266666666666,5263.606178534883,5722.112224131739,6109.610254138691,HIGH,28.265,5263.606178534884,6109.610254138691,
2025-06-30 21:45:00,5587.45,5361.834692436281,5826.533565525723,6223.875564260176,HIGH,28.204166666666666,5361.834692436281,6223.875564260176,
2025-06-30 22:00:00,5671.606666666667,5437.294236469477,5907.554888051185,6312.733461734402,HIGH,28.143333333333334,5437.294236469477,6312.733461734402,
2025-06-30 22:15:00,5705.5,5508.980547714616,5983.888586625335,6396.533456179165,HIGH,27.89666666666667,5508.980547714616,6396.533456179165,
2025-06-30 22:30:00,5749.636666666666,5584.884655785413,6064.417823011709,6484.971828779013,HIGH,27.650000000000002,5584.884655785413,6484.971828779013,
2025-06-30 22:45:00,5815.463333333333,5642.6614736027805,6126.2479093413895,6553.112916472509,HIGH,27.403333333333332,5642.6614736027805,6553.112916472509,
2025-06-30 23:00:00,5838.086666666667,5671.908089027613,6158.396633157898,6589.038014756266,HIGH,27.156666666666666,5671.908089027613,6589.038014756266,
2025-06-30 23:15:00,5846.716666666667,5683.765849510033,6173.076385878479,6605.990080601929,HIGH,27.088333333333335,5683.765849510033,6605.990080601929,
2025-06-30 23:30:00,5820.293333333334,5657.198905300825,6146.433551037566,6578.250165493084,HIGH,27.02,5657.198905300825,6578.250165493084,
2025-06-30 23:45:00,5755.676666666666,5615.047844463769,6101.519428119944,6530.962030040397,HIGH,26.951666666666664,5615.04784446377,6530.962030040397,
